{"run_id": "19:30:16-09/28/2020", "exp_name": "DynaPPO_Agent_10_8", "model_name": "LandscapeAsModel=RosettaFolding", "landscape_name": "RosettaFolding", "rounds": 10, "sequences_batch_size": 100, "model_queries_per_batch": 2000}
sequence,model_score,true_score,round,model_cost,measurement_cost
MAQASVVANQLIPINTHLTLVMMRSEVVTYVHIPAEDIPRLVSMDVNRAVPLGTTLMPDMVKGYAA,,0.3977453,0,0,1
WEPELNFYPQHFHPRSWSNVEQWVDMRESMVQHGMEKDKSHYNCSGYPFVAHLQQDRHCFCKRAQQ,0.48488861322402954,0.4848895,1,2000,45
EKNMDGEKSYWLPKRIFYTKPNFQMWGQQPVFWQFYPPNPYVLKDHERPNKSEYMDFCKNQPDGNY,0.4809430241584778,0.48099297,1,2000,45
QVNASMSQHSNSLWWAKSCKAMYGDVQKRGRERPDQLHQNQGGCDVADSCRNAPSHQRMHNHSWED,0.4317420721054077,0.43174207,1,2000,45
DKKDQVFVKQDNKFQKQCPVHQLHTKRPKDSGPMNMVPDPPDPWRCHWWWYNNVCSDRTRRWKKWH,0.4234812557697296,0.42348126,1,2000,45
WSGSNRFYWVYHNFTKDWHKSCPNTMHSHYDSGGGQWPKRHYINHSSPLFSTRNKPTQQNDGKFNC,0.39725250005722046,0.39725265,1,2000,45
TQNSNMVDHKNDKHRGATPRQNIVAHESHSRNSRKYQRISNFPTGKPNHQKNNDWVKFHGVGQDWS,0.3654579818248749,0.36545798,1,2000,45
EHRAKGYCNFMVSRIQDKSNNMYMANHKEGQLRCMGKYNNPKQREDHKVNMENCNKGVGCQQQRKN,0.36532458662986755,0.36537105,1,2000,45
IFSTQEPRRHRPTQQGQWKYNNARKPSRGVYQQRYHEDFKEQCNQSIPRNPWAYEAPFNLLQEFSQ,0.31361475586891174,0.31361547,1,2000,45
NNHTKFDDGDSHEMSTMCTGFECPTHGQMQPGCMTKYFHSNDPVCFNVFFPKSQTYPNMECCCPWN,0.3096284866333008,0.3096285,1,2000,45
FCQRFKRRNSHSCMGDIYHQNQHIYPMGGKERWRFKPFPNPEKFHLKCCDEKRKNCRIDEAPKQRW,0.3021247386932373,0.30212355,1,2000,45
DICGKFKPAEYAQRKNSFWRWKSYQRAMNPSGHDEHHDPVLEHFRKKDRLRFRYFRQTQQVEDQCT,0.2967507839202881,0.29675078,1,2000,45
DNVCGSTFGSLLRDNMEFKPPQHCHIIEQKPERWLNTQQKVRGQPIDRHLRNVTPRYCRCFPQMQM,0.29630327224731445,0.29630327,1,2000,45
FRGHYCYWMGFREDEDPKHYPPDVVFKSHKVPGHVAYVMPQWRIRKKEYKQGYEPKRWKMQANDVN,0.2928210198879242,0.29282102,1,2000,45
KFLGSPSHLPRRFSRQKQNNMVLYMSQTWYQNYNWQKYPHQQHGWNREEFADMHVRPQSEVRSYIY,0.2877711355686188,0.28777114,1,2000,45
PRKPRECWWQRWIKTPSWRWGDPKEDMEWQMAFTGGFSNAWQKWEGVFPRQIFRKSKVKDKRMMFW,0.2876984775066376,0.28769848,1,2000,45
MAFCHFFWDPVHDMPTDHAHDETYQEQCWNTFICLKFKTYMDDMKHRVWEHYQMWHQGTFMNSQHC,0.2846373915672302,0.2846374,1,2000,45
SGDRQVHYQWRMAEHQGLLSVYWQEDQHNSTYTSTTQMHDGSWWTKCKQPERECLLQQDVVTCCNV,0.2835186719894409,0.28351867,1,2000,45
CHANKGFMEQNKWMEMDCCRQKQDGNKQDNLDCNVMFGWFWDVNQEGGEGKRWQKIPKQDSNNFDY,0.2798330783843994,0.27983308,1,2000,45
RERFPQFRSPQKPSKRKLKMKGDETKMNKYMCVVLHTPVWCETLKRFETMRKKMAYWHAQYVHYPQ,0.27631431818008423,0.27631432,1,2000,45
CMWQPSSPHKMKNEMKQPECRQVWKNCGQVDFANCGEMTHYKECNWSHFTVQNRQWMFQTCMRWIM,0.2746461033821106,0.2746461,1,2000,45
HENVGMLHPSMWWWNYDNPMWYWYFTETTTKLHWHREIYMLTRSWARKGPDRPMIQRTDTDRWHYF,0.2745479643344879,0.27454796,1,2000,45
DHHEMDSNKKETQPTSTYNEHDWPFFFTSVWCGTRCARPRAVKGYFRRDIPPQLMELWDFGPQCSY,0.26863524317741394,0.26863524,1,2000,45
GGPRGRCWLQHSPLGPMFPPCKFPTCGNNDDGYTNTFCEPHTLQHVLAMAGGYSPFQKYHYFYCRH,0.2656185030937195,0.2656185,1,2000,45
PQREWRRGQVVFCGLPYGADDTKFTDQQHNYQQGHNHENHQIRHNLRMWCRQPLKTCDPGVDSMSQ,0.2618359923362732,0.26183602,1,2000,45
NPAKVDFKRSVSVHQKYPQKLQPPKHQYILLWIQKQRSTFGQENNDYNEYSMNFFGSQGQNTQMYR,0.2525416910648346,0.2525417,1,2000,45
KFTQNCHGHRIHSEFLKQHRKKCPRPTRNMQTLLCRLANMMHDKVGRSFMPRLYWHQFPMATVEVY,0.2503776550292969,0.25037766,1,2000,45
HEVVWWRVDSWPGISDYWEDMSWKNDTTYLFAYPRNTFPMHEYWKGKARWPMQFRPDKGDQWPIWL,0.24984970688819885,0.24985033,1,2000,45
RGHIYLLNSHNRAPQAWRWPHRWDRYVKSWGPKCNTCYTPNQKQDNWTDQTFGMQTDKISGRNRTP,0.2467910647392273,0.2467917,1,2000,45
PHIGRQTFGKQGAAIRQLADPFHRSGETNEINMVPPEPPNFWRLVWVTGNQEADGPNWVPSWCNQF,0.2455994337797165,0.24560007,1,2000,45
WDTEWPIVPGYYLVEVYLQYWPVKRKGTIGQDAMREGDKRFNRNNWDKMEQPWMRWWTICGAKYDS,0.2429797351360321,0.24301656,1,2000,45
WLQEDPGHENDYMTRGDGCWEQRAHQPTPGQNSVFWVCNRCGWKQMHPYKLPGLHLERRQWNKQFY,0.23897555470466614,0.23897555,1,2000,45
SPCAYYEGSRGCFTSRDYQKLNFSCSGTMQFQRFGMPMQQALTHNFAVVSHTRPHPHFFTYKMYDH,0.23843519389629364,0.2384352,1,2000,45
HSISCMFIPCRFFWHDKACHPMYMTPHDNFLHNDQTAHSGINNRQGMGDSGTGNAYNVDMQHRGQA,0.23706656694412231,0.23706657,1,2000,45
YEKRYDTSYHRMVLEAPFNQQGSYSYLPEHAGSVILSNLEIQDNARYKWWWPRRLSHNQPRRNEFT,0.23006412386894226,0.23006412,1,2000,45
YPMHQFDCAHMIWEKCCGGGSRDHNTGEQSKNGGEREPALRNSFHGPPEVQSLGEQHPYQQPHFKR,0.22860468924045563,0.22860412,1,2000,45
PKQCHCVRQMKYIWNVDAEDMMCITQTPGAANNHHKQYFGNYVVSIPTRVDINPTNDSQKYHIITF,0.22421006858348846,0.22424433,1,2000,45
DQGHNMACGDNGNWQMHAILGRRGKNKSMYFIPWHGDYHMTHEVPTPKCHLAKDFWTNSHFPENEI,0.22115080058574677,0.22115022,1,2000,45
CQVELQSSPKQYLFPHTSARQGHVPHKKQQCVPFLYLTAQLPLWKDASYTPETELKWVEYANDPDM,0.22079476714134216,0.22079422,1,2000,45
RCKMTFHDTFKNTGNWGRVEWKSFTCMNRMQRWWDIHNQPNLHKGKTNKFHPGENFGQSCPNTNGQ,0.20912517607212067,0.20912461,1,2000,45
DFKMITHRREWVARIKVTQKQSEQFIDDQNGYDTRGDANHEDNSHNYQMPQRQTIALMYVGVVRDK,0.2052118331193924,0.20521128,1,2000,45
MDYHPFRGCENRHNRSRNRKLGAMRQRCGRNCGYSRIFIGKQGHKQCQLQQGGAYFGKPRFAHEQG,0.20453159511089325,0.20453103,1,2000,45
IQGAFFMPPNYQHHGLAIHQGYPVEKYPEQPAYMWNPRWPYRVSTLVGWMKRAWRYQSTVMYQSEL,0.20267170667648315,0.20267116,1,2000,45
INDKEIMTHADYYKIHNNKPKNHNNDKFIQDLNAQETPEWKAPVPGLHKMIFKHMDAEQQQQRQVP,0.20158149302005768,0.20158094,1,2000,45
EQTGDVVCQYDVITAKQTHMWAHWVKPQVVQQGHWQSIMENNNCSPIVDMNGHTPGFDSWQTGRQQ,0.2001924067735672,0.20019187,1,2000,45
YLIKPEQDQCKRSDKVSCREGPNQFDFQRDTNWKPQQTRPHQYHQYWKLWYNSEDHEQKDINKLMW,0.6956169009208679,0.6956169,2,4000,94
IFDHSRMWSRHYSRCNDGWEDEDDDDMMWDHPSFVHEDYANRVAHNGDGRDRPECWPQPGVFHPPE,0.6356103420257568,0.63561034,2,4000,94
MCKEPGFHHRADNDKWGQRHVDHELSTQPQCKIYESDPPQGELQYRNDMGMDENHRSQTYPKRPIE,0.5596227645874023,0.55962276,2,4000,94
KQFQGRGGHNNEFDQNIAVQDYGKNRNVPGARSIDADWRPRQSDDRDYRKGYDKGLSYTRSPHYGH,0.55654376745224,0.55654377,2,4000,94
LNMWWGAYGRWNERSDWEDHDGCCNQAHDNPNHPSTCNDWRQGHRDHCGRDLQDRFQIQGPCPNPG,0.5266332030296326,0.52668315,2,4000,94
EDPSFHHHNKQDQRALPWQNSNNQKQSPKSYRINVLHPWSNQWNLRSARLWQKYPSYKTGCVKVQL,0.5147305130958557,0.5147305,2,4000,94
NQREHTTCEQVCSTWSFVATRCPMYQQPGSWDFMDSRWQEEGKREFHHPFAWFLMHGHRWFMARVR,0.5141013264656067,0.5141013,2,4000,94
SYQKCYHGCEKQPNNFYHAHQACKESANPYMKCVTYMHFYPCWKRCRYEKYTRRTWKQPTNGDGQQ,0.46065375208854675,0.46065375,2,4000,94
PMYNEDQSGKNKRRHVRPCPKKRINGCRNNKHVQWMDGARRKGVQMRDMHWQIWKHNQENRMRQRT,0.40009331703186035,0.40009332,2,4000,94
RDRRYDDRGAFQWCQFRICRMMNPGPRDNDFFQMFDRKPVTWCHHYPYYEENKENEYLNHWNHSVP,0.3787022531032562,0.37874937,2,4000,94
CRTDDCGRHTPTLHTYRLNDRPQNGHYPTDHHCPHPPVWHNAPANPKADVHPCVKPKSKKQRVPFM,0.3682534098625183,0.3682534,2,4000,94
WAPNYKWDYSHQNYSYHFMVQDSAGHRLNETNTGRMNGSNNAHCQGHWVYETSPGTDDTNGPEKPK,0.36412617564201355,0.36412618,2,4000,94
SCDQYGVDRIRFNKQASGCISQTCKGAMQRSPYGFSQNKYSKDHEENYQCARMKWGKVSSDHRVAP,0.36307576298713684,0.36307576,2,4000,94
YLAKPQWDYDGNPIQESNYKQYDADCFRLDECERFAAYEDSQNCVRQKAMNRPHICWVHCDRQVRE,0.3578585088253021,0.3578585,2,4000,94
PAQQPEHWNVVPDDQQIQDCVMVVSNHQACGKRGPGEFQRMNNSQGDVYYNQQGRCGVENSQQQRE,0.3547394275665283,0.35473943,2,4000,94
NKTEPMHGVANETDFAHMKQKKSGRWEQPWQGQLIQFTKFEMGLMWPRRQALKQCFSYDYFHCRVK,0.3465299904346466,0.34653,2,4000,94
HNPHNDGQCGSCGVDEKEARYDRERKAVYQFPQPHGAHHWHGNFSDCMYGMLGKCRYPRCDHKHKG,0.33760005235671997,0.33760005,2,4000,94
CDIMQMGDMNPPAQNTPENEEDDHTQSPIKIGYPLDRCPSRVPQNRTKMPYRMGQNFNRDVCVPDR,0.33627480268478394,0.3362748,2,4000,94
KDIHVYWPWVPYFYFEEYPTIFPQKFDTEQPNGLVRVYDPPYNRTAMQHKRVPSIVPSRFFDFPWP,0.3330269455909729,0.3330707,2,4000,94
FETVSCCCGNKCDKEDVGHSQNNHRWDQQGGTDANEDVNWRKLNKVPPDDSEEAGKPAEINGGVFW,0.3313986659049988,0.3313979,2,4000,94
EPPSAPASDQCDFGHTNTQGQQCEYKRRVAYECQTKLHYDPPWHFWDRQMNRGHDIWPQGYIAQQW,0.30366504192352295,0.3036645,2,4000,94
NNEYCQPDQNEGDDGFLQCHCDVSGSPKQKMYHDTTHWHNPSVAPWTMYIKGHMGNDRVWGAHIMW,0.3030518591403961,0.3030513,2,4000,94
SSQKQPEVPNCSQGDMTEGMKAAEQFWNFPDPHIWGNRERRCMYDWNVFEQKHRDPRPVQDQMNGT,0.2991929054260254,0.29923418,2,4000,94
AEDSWDLPQDGEKPQQGGWHCQWITVEQHQKRTMQNHFMCPWPMAMFVQDKRWMRGMETLMDAGQP,0.29826104640960693,0.29826033,2,4000,94
LSGRKMKGQPECMFSHADKDRGGRPMHNGVRDVAWNNFGWNNQTVHQHATHPREFKHHNVWGKNVP,0.29785484075546265,0.29785416,2,4000,94
EFWCTNGWRYGPGGYMKNTQFITWWSKPQWAYVTGSDQMDSSEDHFPHWWKANNGWHRIKLVKHVR,0.2972434461116791,0.29728454,2,4000,94
HQRDATQTPAHMFFTNHRLEQSSVGDMLNNRQMPRAGHQQSDTSHPMHIPDRHTMYVSRDQDIDEQ,0.29280537366867065,0.29280537,2,4000,94
WEKDRKQSNVGFPGEQGQCPEMANDMHMSSSNPEDWMWRNPNCPYYSDVRRWHQREGPAIMWGPWM,0.29079413414001465,0.29079345,2,4000,94
CHARSYWWHEYNNRHRYMNCFPHLIELPYDQGPDSQYAHPGMDKPHKKFMSCTMKQHQMQRDKLSQ,0.2894115149974823,0.28941151,2,4000,94
AKIMWGGTQVHSKDHGKSGRQKAYDMNELKDWCWDQVFSMLSNMNDHWCGTTHGNHFGQHLKWMGQ,0.28836292028427124,0.28836292,2,4000,94
PYVCRDFTGPKTYMFGANQNRPVMMTVNDHNNDSLHYTQRRHYSRWDNKEDMHHFYNFNQPNQINP,0.2757108211517334,0.27571082,2,4000,94
EFDYAYIPYCHKRDRHPFPKQLKWVNDRWPDPKRFTHENESGEKPGIHGDHPPCFNGRPMVPINPN,0.272543728351593,0.27258343,2,4000,94
PMFGIDGPKCMIDDGLDWRGEHGRNQPVAPKQWISQHCNQYNGNRLGVNWKMMGQIALRPILPDMR,0.2703306972980499,0.2703307,2,4000,94
NYISWHIWFSDGAADAQPHTLSTAELANPSCFTQLVPTENYKQFRPPINYKRQPHCMLGNVDSSFA,0.2699926793575287,0.26999268,2,4000,94
RKGHKQPHPQPDTEDMDGSNSCTMDQHQGDMGMRRFKNQVGACFKQIIRQNWCNKTQCRLCMISCA,0.2695261240005493,0.26952612,2,4000,94
MPVMQEPASWSTDRHSSIINTCYGKPWPGGRRSTEDFFQKEMITHAEDKYQPLHRNRGKCKAYCMK,0.264859139919281,0.26485813,2,4000,94
WQRQDENQIVWQSTDDEWKQMMTAQHEFRPWKVARNHSWQSKGNHDDMGKNCWAMCFNVAHECTHE,0.2626529335975647,0.26269063,2,4000,94
NQSKSQVHHTLMKQQTVQGCIDHLQARMQEPQIRYPNSWHWDRHAKGQYMPFNRRPTDFPANFMNW,0.25525233149528503,0.2552514,2,4000,94
ENKREQPWKICDESPGDCATPAMQANDGQTCANYITFEENCMGRNQWWQPGWDGDLSQWNQFVNNQ,0.2528221011161804,0.25282103,2,4000,94
NTYPHQHTCQSIKEHQGFAERKGDAQENWDTSRNIDDTSNDKTQHRRLDHQAGRSCEMRWLCWYWM,0.2522159218788147,0.25221488,2,4000,94
NQRNKNKKPPLNTEVIYEPGGSQSHCKHSPYRNYNIWVDETNDPFNKETSPLGKNTVYWYVEDQRI,0.24701040983200073,0.2470094,2,4000,94
SPYEYHLDFEVHFQYQGAAENRNNYPEWAGDDFYWRDQDKPVQFTRYHLHKMDPGVQTSWIWNHNQ,0.24540849030017853,0.24540746,2,4000,94
NHPNAEMVFAEASNPSHADDRFAMDVHDNLEDLWGYCDHQSSDNQGRTSNNFLQIIWHDTRILNGE,0.24477198719978333,0.24480793,2,4000,94
QADDRNVQNEDALDQHNTHRGMQPPDWVHPQFHPQAPPPIQGPCNRFFIKPEIMNNQKMMLNRMAK,0.24448086321353912,0.24447984,2,4000,94
SNAQFTLGHQSRPRTKYEYLDCESQMDVKKFFNVICPCTCHTDTIYPGMHYMRLPDYYHHKHQDKP,0.24038274586200714,0.2403817,2,4000,94
QEICHVYKWGRLKCRSDKTGRKDHVCMMQHQKQNLPVNNEMQAQDGAGEYHCWNYQYKKSHQERKF,0.2394702136516571,0.23946917,2,4000,94
WWKNARQWRMNINPGFNQQQQFYHTNPSYFVWEESGQIAQQWNRQEVTHILWQMYHMHRPETVKHG,0.23670752346515656,0.23670651,2,4000,94
VHAATHPSRISNWDVKQNITAHWETYKQLQNARRATRQWEPQGGIYNHPYCVAKNYQKTPWQRAKM,0.2327151596546173,0.23271415,2,4000,94
HWLMLWMFDPWAPPYAMREDWPSPSRDPSEDDFAWEVSEPWRFDVDMEVPQNRWFFERWSPAPGKP,0.23036277294158936,0.2303624,2,4000,94
EKKQQPMWKVTINPNHCAHHQMGAQNDTKDKKVAHCKQSSTDENHPSNIFMHKDNGDGLHCRHYES,0.6843521595001221,0.68435216,3,6000,148
RPTEWKQGTVNGMYNIHFIFQGPEDRQPACHRSKPCNPQDPRERRQWRHPVPKTNFQRNCDRPDPR,0.6144893765449524,0.6144894,3,6000,148
CRQRCCVPVTAQVYEMRDHRDCCWQLNNHDECHPFYTNAPPEHYQCTRNTFTDNHHMYRTPWPQKT,0.609003484249115,0.6090036,3,6000,148
CPKKWRHDCKAFTSREKRHSPNPCNNNPPQMNANEWMNAPNTQRPITDNKETSFEHPSPRNFWTEC,0.607073187828064,0.607074,3,6000,148
ILKEWNYDQRGRDFGDDPTHSDEHDNHYIMLWIYMKWCKRYPSDNKTYDHQNHDGAVSKKHKCQRR,0.542292594909668,0.5422926,3,6000,148
PHEGYPYWQHFRTGYQGDRDRRVDYDDKRHQLWPHVSSMWSSSENTMSNYSTHGLYSGAATGRVEV,0.4890006184577942,0.4890507,3,6000,148
DNTDQFRHDHTNCRKGKADWGQWKAHDYGIDIWRPNSRPYYALQERWQYCHQFNSMRARVKPRAQG,0.4751063585281372,0.47510776,3,6000,148
ETAKQHRFMAFMNGYARPAPKYTPRDDDKFRHVADGIPKKQKKIDLRWFHAKCCNFPDRHNRAGWV,0.4580456614494324,0.45804587,3,6000,148
ERAKINQCEIGYHKQQQNMYNFSPVNHQKKKQWFKGEHMVKANMRLNQQWNFQCSVQAFQHSNDQA,0.44080984592437744,0.44080985,3,6000,148
EVKNECYMFTGDWGVGPLTSTSSDFPHEYPAPQPSKCNNNGVSPHVDQSRRQGAKQPIRVFEQANE,0.440403014421463,0.440403,3,6000,148
HSDYVAMKVHGWDNWDECPRFKDSERHTRNWEDPPQIMWKHKRPPHYEKQCDYYSYAAWPYSFRRY,0.4312748312950134,0.43127483,3,6000,148
KFEWKYLDDLPVPGKHHPRDAHHQHRYSREIHDSCQEDMIIDPQRQYFYADDPHTPCYSQMDDGSA,0.43024763464927673,0.43024763,3,6000,148
YEQWWRPPHPSGASENVHTDKTTKEFNGYMPKKPKEEWNNTWGYVCNVGHATQEDHPHHQHLIRTV,0.42581644654273987,0.42581645,3,6000,148
ECKFMSCTCSDKKNNAWYHNFDNGWQSGFADQLGPPPHCDDTKPPRWEAEGRPWQERLEWEDRDFL,0.4187628924846649,0.4187629,3,6000,148
MAPGDHDGDGQCDSKRTGHKWWQQQNWMQTNNRQEIQHLGAQRYGNSVYIWMHSDPDNSSFMIWGT,0.4045472741127014,0.40454742,3,6000,148
HQNDTHLNPPCWQQCDEFHRQQMYGNCTMMQRDFPKYTYPQDQGHSVENLSMYPQQVQTLMSSATE,0.4005586504936218,0.40056002,3,6000,148
FNDKWLGAAKQQSQKENLDTIRWTYWKYPNGACCTVLRDRFRDEDDDNTFQMREDFTVDMDPAVFR,0.39234495162963867,0.39234626,3,6000,148
WIEKRHKCRRHRYSRIQRSADDLRAYTDDNWQYRDTDHYQRDITELGRYQLFPPTGSCAYCPLGDY,0.3833184242248535,0.38331842,3,6000,148
FFPYQRMAIDMFPPHYQANVGFCVLEIEHEPYYWNSQRPGSTTYPGQRHDGWRMWSGHQNSQRKKK,0.37503501772880554,0.3750352,3,6000,148
VGEPRGKVTMTPAKDTMTHFGATATNNWWEKHQDEHDGHVDQMRRPNQSERPGHSIWTSPKKCRAK,0.3733203709125519,0.37332165,3,6000,148
SMQEVDTHTFERWEQHACLYRMSKEENYNWHGPYFPDKGGWPGHQDWCPSMDTQIYGPHKPSCQNH,0.36637091636657715,0.36637092,3,6000,148
SNQKYESPPVEMDNDDQGWQCLQHRGVERLLTHPRDDKRHQWLEDQGKDNAKKLGYGAYQMPLFDT,0.34714841842651367,0.34714842,3,6000,148
SVINQQDQAPGDEADFKYGNTKDKSGWSNRLPNQAECNIRQDYWETDSQYYLFKVAQVMPEQIPGE,0.3458428680896759,0.3457975,3,6000,148
IRPDQYCNDHDHDRGGRQYKSCIHVALDTMYGLFHDDTMDRRDTPQPPRPPTQNSVNVVWINLLSR,0.34424084424972534,0.34424084,3,6000,148
FKTQQPCYHQRNDGWYGQKYYTLVNMRYGSHGIKDDQNSAHSRQENQFQGASCMQHQLVFTDVWEA,0.33939042687416077,0.33939043,3,6000,148
FQYHGHMYQNHQGTGHSSPRLDHRGWVYDQNWGMVQQANHDEPGQQWDWAVGFYESQYCAHQVHGW,0.33571910858154297,0.33572036,3,6000,148
QWSGQPREHEWSNGPLQPCKYRSDDRQKECFDGKLYQPTPRSCINMVLKKDHHPKTEWHRPFTHKH,0.325591504573822,0.3255915,3,6000,148
DDALGKPVWAVCAFSHGQYSHHYQYDHFQHWWYPKHYYTRADNEEVVQFCEHTNCAPQYLWKIKKQ,0.32486286759376526,0.3248641,3,6000,148
SLRTEDVDGKRARSHCDSVMRTKDQGKFSQSHEMQKQTQWQQWHWADQGGQDRFQQPYMKVCTLLN,0.31704118847846985,0.31708264,3,6000,148
DNPWGNSCHQPIMKFRHHGAARSFRKDHIAHPDAGCEEVESDWYQGSKVLSRHCGRGKKIWFWSRW,0.3153398036956787,0.3153398,3,6000,148
YNSYFTTHNHGCYWNHHFKNMREVFSPQELMHSEDLGQHRSFNPPCIPDIDESGRNEYMFGKMPPR,0.31006428599357605,0.3100643,3,6000,148
NLKVNCPKPEIIPAKNAPWKDCNPKHTCVYGSLSGKMHWGYTTNDRIYLHDWEYGPMHGPMNQMDQ,0.3098228871822357,0.30982408,3,6000,148
WWPEQCWCVNMARDQGKTQDKEIPHRIGAWWAVKPARVLDWQDMHSWIECSMDVACHGIPHFNRRV,0.30717411637306213,0.30717424,3,6000,148
RCPEQFKDNKEDEPMNNEPYDNDHGWTKVDDAALHVMFRSTKCYSGQDMQRPPCFWFFPEWQIGGV,0.302194744348526,0.30219477,3,6000,148
ERFMKMFTFDTCEQVTQEWKCSKNRMGKNDWYCTKENYPGYPADPNTGQSQYNDFKNHIPGGYMHQ,0.2994653880596161,0.2994654,3,6000,148
WKGCQEQDPTSNHSSQVFDKGSIVGMSGEPFFMNSDWHRMRVPMQMDQRKQMKWAHYKQDTSGQPG,0.29487189650535583,0.29487202,3,6000,148
HDIMECHQQKGKWPQPNHTHVNNSETQGWQSNGRFGCPQWWVQSNVESFQRHKPTTSAGVHIWDAG,0.2906942367553711,0.29069424,3,6000,148
WMDQIGVHTHNWMYYDWVCQRHYWYYKGRHWPFPQGFLTIVPKWQINFRHPAIGGAWDEWFKKMKG,0.29040834307670593,0.29040834,3,6000,148
LLNDCCICEQDPGIWQHRVWRCNWHEKSFRDTGPFWGVQQAQQADYKHYGHTQIRGEDDSSQFNND,0.2887328267097473,0.28873283,3,6000,148
EFKRRDGTSGCSEMIVYDKKNGNDAMTMYQDHTCNFKSVAGQKARDWDYIQQWIPSHQWLPHIGEE,0.2865143120288849,0.28655517,3,6000,148
YLSIFAKPCDQDDFYVAFHPEDGDSQTNKMPILHDRMQPGHGQVDGEKRAEGKLQMRMPAVEEGKK,0.2857550382614136,0.28575617,3,6000,148
WFIYMGMPQIKQWENFWEPTNNYPDPKNHHYQSQNQEPAYAQRNKGHQWPQCMAWQEPSQGQVPYT,0.2835135757923126,0.2835542,3,6000,148
PFQMYLEQYGKKRTKQESENQYNAPDPVSSEIRSGKWFACPEKFAYVPENFVSKYIGREKWEWAFW,0.28273704648017883,0.28277758,3,6000,148
CSRREWWDRWGKHTTSPYWERANNGLSKGVQQSRSKNELTNWWKGREVRARGCEQTKVKSHPLQFE,0.280415803194046,0.2804561,3,6000,148
YDRAGQCCKPCCWQDGREQKQISDHQEAQYTNPAKWRKPTENLTNQARVKIHWMPDEYPWYALQEK,0.27893057465553284,0.27893057,3,6000,148
FKIDKEERKRVCKARHQHNTDYPQIKDHTCTSWRMQNSCKAPVMMWHERQMKVKMFEQPRVEWFPP,0.2768547534942627,0.27685475,3,6000,148
RRQIAFGMLYHPKKNNACNHMAGWHGYPDVIENDQKVYKPCKHYVIKGWPQIEIKCGQRSGEKIHR,0.27490177750587463,0.27490178,3,6000,148
RDHVCHENMWPGAKQLQVDPGPHHAEPTQAHDDCTLERYCDPQSPFYDPDHNVNICCVRHHPGYPF,0.27414512634277344,0.27414513,3,6000,148
SQYYGRTRWKMTCWYHDQLLEEYQMKVSKRATFNYPHLFEDWHGNQWLQIDMRFKGTMHHYESRHD,0.27326270937919617,0.2732638,3,6000,148
YVYNQMTRHVCVNNDYKHMQPTHPDSNVKEFQHLTSPEYPFWPPHYKCWHQVVCTWPTSCYWAPIT,0.2729926109313965,0.2729926,3,6000,148
MQAWRPHYDHDNQYMSHYDTTKKYPDNEMTMQGAVQQFEGGQCFHPADLDHTFEWFHPWCHQNVAS,0.26802563667297363,0.2680258,3,6000,148
HMQGHGLGSVSANQRAERKSAVSFQMSMTNHSIHSPWNYYNDYHKPHQWRKGVKVMGPSEKATVCN,0.26800036430358887,0.26800102,3,6000,148
SVPDNTKMRMGKDNMKYAFFCVTHGKQGQPWDKNAAGDYTWHKPPNKHHDYQHPQYNFDWRECYLK,0.26723331212997437,0.2672333,3,6000,148
QRWSLCAHRKDNGRQFSWHQPMGGHEDRPTYIHLQNQSYQDIMFFCGQIHKRRRVPYMYTVPGYYY,0.264224112033844,0.26426297,3,6000,148
DSQPAWHQCYHHHQSNDSNWGEWNHGTKEPTYYIDFFGEREESGNCCFHQGEQRDGGYDCESKMEG,0.7735058665275574,0.7734723,4,8000,207
QTWHGGCHQWLKPKKWGHVCGDWEQHNKHYQTYMYQWHDIYHYSKEQENWVSKPDCQWNHPTADYT,0.6841722726821899,0.68413085,4,8000,207
WKENHWERCNNTDKDCQDTNEFRQPCHKMQVPGGYPDSDTIHIYITNRSPHQPQPDGEEYPPQGDQ,0.6715036034584045,0.6715054,4,8000,207
PRYYRPPHSHWKEQQHQNQAQHPAHWWFQHRNLASNQMQGLQYYESQRSGDNEKNTPKGCYQLGGQ,0.6150580048561096,0.61501265,4,8000,207
RDHHWPAMRDWRHKGQDGQITNDQEYDPGHFPNQGDGNVIQHKIDTQGQHRSNGKYFMPDGAPAPV,0.555587649345398,0.5555403,4,8000,207
CAHNVQDPRPGGKCTNPCNRPHYKEQCDSFEYEHGPAKKPTDGKGHWPTMYEASFHQKRQYVPGKP,0.545120120048523,0.5450726,4,8000,207
QQEPSFHREHKKRSHVAQIMTCGCATQQQRNHPDGDQSWSMPMHCFQQAFMDKNNDHWPQMGTMHD,0.5431979298591614,0.54315037,4,8000,207
QQANGRKGPERLQWKNPMVENGKEAQQTLRQQQPQNVERHQGPTEGHLVMYYTSHTERKHKSIHEE,0.5220006704330444,0.5219529,4,8000,207
NTKKGTQWNVAAESCRYHDCNGLYWMSHQKDQKCEQQCGYKRQIRPQYSDDSDNRNDEPYVEPWKQ,0.49085718393325806,0.49081016,4,8000,207
CMEHNDQGGWYKVGQCEWKKNRSQNQNVMTPRPMKWRFNSDDSDKGHHRAVKICAGKNQPNMHMAD,0.48333579301834106,0.48328936,4,8000,207
QRFESPFEWVQKAMRYTVNFMHQWRHYQKPDNEHHQNNENFWRRDEKNRYHDRYFRGPRSFPGVYE,0.4714333713054657,0.47143337,4,8000,207
YIDMNTYHHQMFVQSRWGQRDYLCQWNKQENQEENNSHMGEQENVRQPRGMVDILHIRPWNVEKGR,0.45813441276550293,0.45813653,4,8000,207
PEPMSEGKSMCWAGFSEFEEKPYQRNRDRDETNKEEHLLFVCTYGQEQYCNIQPGMDVKAKTYYGD,0.4438314437866211,0.44378418,4,8000,207
YQGTITQPDYMQKPTSTNPAGNACPNHPPWRQHNPSMAGQNPPKHRKGSKGTVVTNHQSMDSDLHQ,0.44287553429603577,0.4428291,4,8000,207
MKKDYYCRRSPQETPNTDLKCQHNLQKTLPAAHLHNMPNQAKHNKKVKKNQPFIYKKPEPQLPTVY,0.42965275049209595,0.42960584,4,8000,207
HMIGNSETSPDICIKSWWTIRGDNRNKTDSDSVTHADNIETKHTKRTSRWNPKFMGKKKVSRSVHG,0.41699448227882385,0.4169488,4,8000,207
EDPDWKAEYEQHAQNRHYPYNILMEDMGRQGWRQQSGDALLYFYKYQEWQEWGQQNNNNDSVDHQS,0.4163166284561157,0.4162701,4,8000,207
EATPQNQAGCNCYERGIKYCNYMRRWWRNQTAGRFCWRQRTWYMKWGDIQFNRMGYNSQKHEPNSD,0.4092034697532654,0.40915853,4,8000,207
GCRKQTRKHHDIRANDGCAADNLWNAPSTEFRTWDSQNRRRYFPRWTWNRKTQSNNFFQRMQCSKQ,0.39386212825775146,0.3938641,4,8000,207
TYSAPTKNRLVYRQEPFPRNATDLCKHRRFRWRSLCPSHDYPEEDYTGLYSNVQWFNDKIHERNDG,0.39117884635925293,0.39113325,4,8000,207
PQEKEFHAGPAWPEFLNNQNARHAPGQNDRYHYYHHMMHREDVGGYREIMVEPGCNRVMWLMTWYL,0.38621968030929565,0.3861743,4,8000,207
QFADTKTVQHKFWSMDEKHKQGFPPDEQQPNLYETNPGKWDHSFFTPRRWFVRFDKLGPYRKDNDH,0.3791395425796509,0.3790952,4,8000,207
DHQSEFHAKQRKYMKLYLCMQEPNASKEAPNEFDNQWQKLALAMQPACSHDKEEKARPRGYLNILT,0.37078672647476196,0.37074208,4,8000,207
CNLGHNPDAKKATQGEDPDHFMVDMHQANHHFFNTGAMPQQAVYDSQVEWDGAHQFSYKYHYKMLN,0.3629873991012573,0.36294314,4,8000,207
DAFNGTEFDWDLHWSDNEWGKHVHDNKKGAAPYQHMHHTELEPYHGYDKIYWVARTMWPGIFSAHW,0.36209842562675476,0.36205417,4,8000,207
HKAKKENDIRNAAYRTFERFNFKQHNPEGPAMQGDTGIDGNPPMQFHIHKPANRGEGFRGWRKPNS,0.3568565249443054,0.35681257,4,8000,207
NFYHCRKQKKDISAWVMEHGCQWNDALWDNDDYFRWFWPDDKQPMGGKKPDRPHENSMRHGWFYNG,0.35431548953056335,0.35427168,4,8000,207
PNGWVVCYVDSNLMYPGWIPDCFQTHMSNSWQRHHGFFPPPRKKSKDFERDKPLSPMFMVNKNDQN,0.35262995958328247,0.3525875,4,8000,207
CTQANHQMNNPYFNGARRWRWWNQAHYGMQMIHIISYPLAYDDHRDVRYLRYDFCPPLDQEEHWAY,0.35171210765838623,0.35166857,4,8000,207
CHTQQTHNYGRQRSQTTKSTRYPPFWSLEKQIEWWNWQWNIRCTVRRNNPCTKPANEAQLYSRARS,0.35069018602371216,0.35064784,4,8000,207
WEQQWKSSITLMVDVGPSEGRWYVDRYTNYPWYRPGEVSAYERHEQERQRAMQLGHHPCCQIDREW,0.3483821749687195,0.34833947,4,8000,207
NDAMTDKHRNKCKPDEVMAYLVAMNDFHGNVSDPQMAQVHHGGVKHPASEPARPVDGSRSHQEHRE,0.34628409147262573,0.34624198,4,8000,207
YSMHYYGFYSWIHKCSPHHFNYGPLNKMPEDHKQFDHKGNEFRHPWYREFGHFQMEHVKTHWGHNK,0.34514278173446655,0.3450995,4,8000,207
PPRRCSLWPTEMYQGRNMRPERCTPHMPYDLPWPWNPWEKVKRHMMFWDKELKAKATHMMNMQLNI,0.3357786238193512,0.3357359,4,8000,207
ESKNYYPRGSEEIMQQDDLHSEQAGRQSRACYPCKCKNQMDMNVDYGMQWVKYRFPAVVMKFDQQH,0.3336338400840759,0.33359143,4,8000,207
NSENWDNYHSQYGPLDTYQRANFQSYIAWDTEEQNQYNHAWHQTLYNVWQSIGKVEKKCSARKNWK,0.3231179416179657,0.32307607,4,8000,207
QNDGRFVRDPCIWLTMTRPDMTGFDWWGWGEQWHAHNHHHNYPNQDDDNMAHNRHYQCPRGAHTRH,0.32068100571632385,0.32063928,4,8000,207
SEHGPWNSLPMDCHAQCKGNAPSERREQGKKRNEGQNNRCNFGCDEQPTNKDPEKKAIGKFWYYEG,0.31841981410980225,0.3184216,4,8000,207
EQDEEFFHWQRFIFGGGVWSVREEYDEQPRQGWHYDDNWQLCQPKAGKCECEYNVWSRQCKHTNLN,0.31828171014785767,0.3182817,4,8000,207
KKMRIVDSEAMFVNEWKCELMGQYNEYDEQNQKFAYEEHSCAGRWWPDKRRDWQTPPHQDNYGQRM,0.3176390528678894,0.31764027,4,8000,207
YVLRHQHNQQHVEWTLPHQGQQVRGPDSQPAQCQQGWKPTQTHQPNWNIQGYRRGILGCPNCPCEN,0.31734442710876465,0.31738782,4,8000,207
WGNSEHNLHLSTPRPEPGRQMGVFNNSQWQEDKFGDNIKWQAGSNFKSFGHNNQHGGMKFAQMERH,0.31726160645484924,0.3172616,4,8000,207
KGRWNFNHYFLTQGMLSRAKRPLPINMKYIEGYPPDQKSGIDRCTSPPDPWQPRWPEPIWWWSKQR,0.31491848826408386,0.3149185,4,8000,207
GFDWKKTSDNHFHHVWMWKWNPMNQPPPFRDFDYGGPEHQWCEADHPMQTNMFGGFTPYMCKNDHP,0.3134702146053314,0.3134702,4,8000,207
CEAQMWQRSCAINTRVDKHTNNHCLKKRTTVAPYWNNLPEIEQAVGGMDSQEDETNKNGKGTNHGR,0.31223681569099426,0.3122797,4,8000,207
NFDHVPREEQHSNEDVQDRKNDRAFVKPRMQKTMAYVINDNCEGCRDEMHHLNENAWTQPLKWWHQ,0.30560603737831116,0.30560604,4,8000,207
MGQEHGLTSEGKMDFESFYQMMSFQSHGQATPWQGYYLPEFWAWMCDANTQAKKDTEGDGFQKAKP,0.3051109313964844,0.3051533,4,8000,207
ERPVNWLHYQYYYICSKMHHDDWKNNYTYTQLSRQNQDNGAQVTCHKQQHHPMGYDHGVADHKAAD,0.30236902832984924,0.30236903,4,8000,207
RHEQRQDVDRWHDERADPDTMFHHMNQACFHHNTTAKRAKNLSFDMHDQRQDRHPAAKSHSYVVKI,0.30226990580558777,0.3022699,4,8000,207
HSCSPHWSMEFGRVPHYLHMQDMTMYTQRHNCHFQHHQQWLDPPTQRKRPKCKPWPADKDFRLQVQ,0.29908332228660583,0.29908332,4,8000,207
GYRWMQARDIELWKKHNTPKSGPSIERTKQNWRIEKRFRQEFKRGEFFLEMWERPNFPDRNAPRES,0.29881173372268677,0.29881173,4,8000,207
NMRHNNRSRRMHQDWEYMSMQHTHSFGYRRHCCNGKSFENFGHPFSIQHGMYAESQPVMLFQKLGL,0.2976054251194,0.29760662,4,8000,207
QKTDCNNMSQLQACFAHNGQRDQRPDANKMDRWFRTSEQWNTNTECYKMEVYHHVMMEVMFIHRKG,0.29173633456230164,0.29173633,4,8000,207
GLSQENNNRHKNTTDTRVIQRVQEDMCVQEWKHPYNCKRLRHGRHCKPVYLEGKKTFVMFLWPSNH,0.28651443123817444,0.28651443,4,8000,207
PNVQEGHPKWMWEACHYHLWKPFSYNCRHKGNSVRSHEPRHAAKTRHMKDNQDHPWWHGNHWFIRG,0.2853449285030365,0.28534493,4,8000,207
DQKWDQMNYASYPWPHPKKQAQFQWLKSKCCKWKQPNRNLVKREMMQGLPFLQWDWHMSQMPPFEA,0.28346002101898193,0.2835007,4,8000,207
QWFNYAKEGWHCCKHEPGHDNRDFQPCKQFDPCHFNIGPDNQWKLEDTRFNHKKRTMVMMPHPNKE,0.28310704231262207,0.28310704,4,8000,207
EPANGKDQPRQNHWLEHECNNERDDLYCQPKCRCPLREVPKSTMTGNTNHPKCNKKNGGSHYRPAI,0.28079578280448914,0.28079578,4,8000,207
GQKQNDKGIWGKNYWMQAKKPNRAYAIWHDSQNRDQSRHIRWARPIRRQDRNHWRLRSTPYCPDVY,0.2795478403568268,0.27954897,4,8000,207
PREYYNYTSNWARRSHYGSPTTDRPPPRQKQKQQHTMGPRRVMGHTLCYRQTRAPAMRRTRDNNNP,0.6931002140045166,0.69310033,5,10000,271
YRTMSITEQDIDDGGWGQISDKDCDTRRRTPNRINRPRRHWEQKEKDVIGTKAQNWDMKHQDPHRH,0.6404713988304138,0.6404254,5,10000,271
QIEEEYDESEQPQKKTFNQWLLANNTHRRKKRQHPSQSKDTTPWMHRALELRADQQRHKNRQVKMP,0.6265655159950256,0.6265188,5,10000,271
PFMQPQFQADPMDDEQNQFRGPWNEKQDSECRPPCQHDHKADRGRVYPFSPATNHVYPSFKQEWPR,0.6148927807807922,0.61484545,5,10000,271
KARYRWPPCNGPSSAMPHKEDVGHENMHIQDADIYHCSDQPGEQEAKIWPNKAPFGSGQYDGQEPE,0.5900878310203552,0.5900395,5,10000,271
SCNDWHLGVDYCHRKQSMERSPQHDGYNEPPNRKMRIFVDFQDWDRKNEGWDEYLAGDNDHTGLDF,0.5814104676246643,0.58136183,5,10000,271
KRHPETNRDTNKKLRCKWPWQGPGCRIHRYEKNHYYYSFTPDFYDSIPAFYRKFPNSREVRMQDQP,0.5746468305587769,0.57459885,5,10000,271
NLCYTNPQTNMVDHLAQQRYRRDHKQYPQRPRGTQDMHVGPGTCPWCPGMQYGDKQKCQHWAQAPP,0.5585281252861023,0.55847883,5,10000,271
KKYKWQHWQVDDSWAMERSRAVNQNPPETYESVMWRQNGEFNKNQETFNWMWYSARRVRGPPPQHT,0.5544996857643127,0.55445033,5,10000,271
CIQDRVCNPGIPKEEAQLYRFSPCAVGKEDSDHYYQRHRHQHHEPPNKPPFKHGPHINEWKYETKD,0.5379966497421265,0.537947,5,10000,271
VCSPPYETDPNCEMHPKCERRYNKTQQQRRGYNRFMQEFQYKEDIQLIHYMYGFVQIPPMNAFPPK,0.5375617146492004,0.53751206,5,10000,271
SQKHFRGDPQSSMNSNQAGDRSHVQNMHTGVKQGKKEESVTDIQDRLDPVKRTSDWNPMMMSYQDG,0.5364510416984558,0.5364014,5,10000,271
QPPSFGAHPPRKDGKDTAVDRYHHSYPVSNEAYLFQDQGCNVPMGRDAARDADDIVTVNGTSRHSG,0.5360614061355591,0.53601307,5,10000,271
NQPYTISHRQTFMEPVRRWYDHHNQTDSQDHPNYDAQLSEGRITSHHAQWQDIWSAKGRKSYNNIW,0.529363751411438,0.529314,5,10000,271
DCHFLYPLDAVYEEGQGYWPRYFRQYIPNEQTPWWKHNGDQQLGPCRMASVEQPSMRMRHDCWNSH,0.5121662616729736,0.5121172,5,10000,271
HQRNLQECHVTTWFNEHPHRQSGHQYNHEYQVWDFWDEMWHNRVDLDQSHREVPNYTYQYDHYRWD,0.5113229751586914,0.51127386,5,10000,271
AMDNIHPWTIDSYQEQQDDQMERGFDRRPTVTHDCAQQQPQYQHPVQRHLQTQQQMPRHNNQYQPF,0.4951384663581848,0.49508935,5,10000,271
LQPQSRSCEGYGDDWDEMADRKHPTARHQHSEQQTYCIQYYNNNKVHGFEGGWPCFTNLWTEMKGN,0.4778042137622833,0.47775435,5,10000,271
EQQHYDLMQMQADSGEDYHYACSKTQGPPHGQTFRPECQPNQTMRNLNVKYEFYDHRCESYPEQPM,0.47027266025543213,0.4702229,5,10000,271
HGKCNHHWGCPYEGREMITQGCNQHVDEREAHQGDPIYDFPWQACVAPSPHSMHRHYHKWKNPTCT,0.4601096212863922,0.46006,5,10000,271
EYIHHIVPGPGYKWQCPHKQEEDKPKHYHPLEMMKQWFPPGDQSQPTKFLFLDDNQGGDWCQVQTP,0.45437905192375183,0.45432955,5,10000,271
WYKPPPAGDDFMYQQHIPKKVMDWQDFGTPDLQMQFQDDFHNEQDAVQAPQQKKNPQERYQPDQRV,0.44601374864578247,0.4459644,5,10000,271
QEGQFPCPQPDTQYTFQDREHGTDHRWFVGLEHMGWYHQMPKQVNSHNSVNKGKFEYSNFRELRQI,0.44077154994010925,0.44072232,5,10000,271
SKFTHNSQIPQHYPTCENDNQCNGRYHWREQQWVALFRQQGNLWHWHDFRTNFFEAHDADRHRDYY,0.4390677511692047,0.43901852,5,10000,271
QKRRWQAPKELKTYPDPVPNGLLDWPERNCRMVWCYFHIRNHNDQSSDQEPTYDCSRRRRNDGGVF,0.43556755781173706,0.43551844,5,10000,271
RFERGPTHCSARPSSQEGPYRQAHDIEDMIQNDDDRAQDTDCQPEDYYPAMYKPEPQYWAQHNEYP,0.4313639998435974,0.43131498,5,10000,271
EEPNAEGPGACWDMQQAMELPEESNPNPGPFVRGGNNSQDMNKIGLDYMRQEEQRFMRWIKNGRRG,0.4213293194770813,0.4212806,5,10000,271
EGQQNPLTNIKDNKVRPYEHWDTRYEHEQGEKWQVHEWHYHKVVRPANRKRMPTGQHYPDVWTKPY,0.42076557874679565,0.4207169,5,10000,271
WEIPHTTQDPCPSKFDGWRKWHRSAPKWDDSKEHVPFPKHKEYDNDWVDDQGFVPRAWDIAHRSRG,0.41736266016960144,0.41731423,5,10000,271
DHEQNPAPYEEYESHNQRKRIQKPREVGRQPIVHRFNFNCQQWQPAEFRYYFHLSFLVRLHKKRVQ,0.41398417949676514,0.4139357,5,10000,271
DKHQQRNWYKPFPKPAENDLRDASWKWQHDYFFTPSNMHSIPDQMEPVNEWMCKYYWVGWINRTGQ,0.41239526867866516,0.4123468,5,10000,271
PEQHGRTQYHMQQSKFHRERHDQEQNSPFHEVCFWESECYNRPAKFTIAAANNNEMSQKYKEYFWS,0.40873295068740845,0.40868464,5,10000,271
LQSQCFVPPQHHYQDDAFLGNPHGEKQKPQVYNSQSRWHCRGRPVRKWNISDMMVQKCPRFPKSST,0.407662957906723,0.40766296,5,10000,271
CKPGSNQEQCIRQPGLDSWRNWQLNIIPPEDIQHPKPYSPHNKGYCFQDRNCVWTTKQYHYPVWQQ,0.40384823083877563,0.4038002,5,10000,271
DANGQGPDAKHCHNHKAARMGFVRWDQPRGPWKYRKDCQKFFHVMYGEWLPWDPMGQFYIMRAMGE,0.39878392219543457,0.398736,5,10000,271
PSKTGGTRPTRTYQCTHRQHFQPPQPGQHCAHFQNYKPYQQNKGWHKHMNWDNLMIDDGDCNIGNG,0.3978465497493744,0.3977995,5,10000,271
HWGYWEWEKCQTLIKMMMPRRFFPVIQEEHNHGAHQGWEGMAMGYINQKFEQHVYPQHNDLEKYMG,0.39255857467651367,0.3925109,5,10000,271
RIMQYREQNTDAHPNVHIDSDNLHQTNNMDGEAPLWNHPSDWTCDRRGTEATDKPYDPQHRCAGWS,0.3852927088737488,0.3852462,5,10000,271
KHVWHGDVKVPDQDHQEQARWRRVKGCHHTQEHNQTRVCIHWDNDDEPGWVRNEMAATNQDNKVYQ,0.38199058175086975,0.38194346,5,10000,271
MENQPCFNNKPPKYAMSHFRANKEQECKLEEDADSTWWSAFCENREYEPSPMQHHMDDRVPPLQPW,0.38197508454322815,0.38197508,5,10000,271
IDSWQFQQWFPPMSVYPTPMQLRDWQKSMDSNGMRPNNHEAEKPPMEYACQEQLHPSPPRYCYKSR,0.3799480199813843,0.37990177,5,10000,271
AKDMPKLVQVPPNQSQWEYHWNSVNEANCRPEQNQGQSVTANRQYKHEDWDKMIDNQDDDVPGKVK,0.3797779977321625,0.37973228,5,10000,271
RMHKPLMTQRERLRTGVGPWDCWFNQVVKHTQKKESHRTNNTTKTIEWGYNHQPNTHNRMWMNKDD,0.37966716289520264,0.3796209,5,10000,271
PVGNETSLDYHMRKSPWQHWAIFRHQYYHVKTVQEQAHTWNQPWQTQPEGPQHYKRPKQAMNQLYM,0.3786104619503021,0.3785635,5,10000,271
DGMQNWDNRHHKEDLNVLPANTNQYDNRTAHDWHTAGISVWMNVDKKKTTPEHPFPSSYSKITGGL,0.37800300121307373,0.3779562,5,10000,271
YLIPDYTRIHNDHCSRRQGQHKWPNHQLWRPWQQTKWCERTFQASDSRFKAHQYREQNDDQGWQTQ,0.37740087509155273,0.37735397,5,10000,271
EWPRWGVHNPHSGGFQSDKYHIHHCMGEPKCMHFDGPHEAGYWPRCQNKPEKTYKGFHQQANEVTL,0.3769657015800476,0.3769188,5,10000,271
NSWRHATGKDFFYYFNENQMENNRDTEWMNSSSMGQAPRPQPRWQHHVAQQPEVKLRFWPHYTEIA,0.3714253008365631,0.3713787,5,10000,271
WDQGFAHNQYDQQPHDYRTSWEHCPMRDTHDSMSAKVGRAYWNWWKDFRGETDRVVTYCDNGNWQP,0.37132441997528076,0.3712778,5,10000,271
CPSDKGNAQSWGKIGMHHPQSKRVRNMCPNHHDGAQNECRFQMSQPQTPWQAQSDMWDNMGNDFWG,0.3712529242038727,0.3712064,5,10000,271
SVKMRTELPGGKNPQEEWNRDMKTWQVRSQACQPQGAMTQYKEGWGWNNHEAENTAAQDFKPWYVK,0.36986860632896423,0.36986873,5,10000,271
ANGPYFTYAGVWQDQQSWIYQNMDWDPVEDWYDDQLERAWDDHRSPMMMGSYEDPWPPQPGWDTST,0.3682759702205658,0.36827403,5,10000,271
RRNRTQDKCDSFKSHMEQQMDMKPGDSGVFIEPKPPHYGDYSWNPQNRRVAHDKCLGSNVCDNCCQ,0.3665505051612854,0.36650428,5,10000,271
GDFSAHHCRPPDHRGGQFQDSPGAATRMGMGPGINGGIRNLHTQRYDYDNTHPDRAGYPQPILVFQ,0.36519888043403625,0.36515257,5,10000,271
TDQNNWWDKLKTGKKVNGAVNMRDETYFPQRYTMQTWTKQTQQHTYNKCGYKYCINQIEDGIAWYG,0.364862322807312,0.3648168,5,10000,271
ERIQATNNEVQQTDKYDRTEVVLEHRMEFFCELTMNMDHTFNEHHPDHPKVDDQSSIQVHAHDKDH,0.36316192150115967,0.36311573,5,10000,271
RVSVCDSDQAIHPQQSPNKRWPWRMHDNWLSCCRGKRQNYVQKHPPRFERRVHYHVIHAPTCHRVE,0.3608960211277008,0.36084995,5,10000,271
HDRPGRELWEQDKKFQCPAMYKWECRYEEHRDYQGKEFWNENFRDQGWPQMQDWHEVRVSTECWGA,0.359130859375,0.3590862,5,10000,271
KDKTRDDVYQASWNTYREQQSCAGIDHSPEAVPSPEEFGTHWYTDRAYYRDDRRRRMMIKRGREPS,0.35807326436042786,0.3580273,5,10000,271
PDRHQDDDCVQHVYADQFHARHTSKKRDWHNADFRTGPYNWALDDDIPEFGRVISRPYRQHKCCKM,0.35503265261650085,0.35498694,5,10000,271
DEDDWQRFSYSGKPKKEMKGVSIDKHRSSRWANSMNVQVMYYGRMHAGTNYEYVFVPGLDPYSHLQ,0.3531131446361542,0.3530675,5,10000,271
ESYYDNWRSQSAPSHQRGANRKGRRWCERYHRWTTHDRHPYLMVALAVTFKNTRRQTCKVRIDLQT,0.349313348531723,0.34926793,5,10000,271
KVPHPNKESGMHNNMWDCQTQDMKYPVWEQRMPQCQEPHPVDQEVALPPMIFGGPYEEDETRMCKR,0.3465787172317505,0.34653348,5,10000,271
PDHSWAVDQLKNLPVQTHSKPCYAMAWDGKPDECCDCYNRQYWSQEIRRTPHFHRWQTTPWLKRWG,0.3459368646144867,0.34589168,5,10000,271
TERRKGDDWGYSLWGRAMEYTPDQHQQNHDHDRKWPMWFQSKPRDRRHNDEKEQNSPTIREWLDFD,0.8397489786148071,0.839749,6,12000,340
DVVDPDNHQVHKRYSRDDPGKHQHQAWSESANHQENPPSQRQNPKDNYPWLKHEYWCCQMFRWNKN,0.8267222046852112,0.8267509,6,12000,340
EPGMYSWGRQHDHPEKQSKHSRMTPQFTGYRINKHTWEMPQGTQSMHMREQDTYPTTQSSPRNNLG,0.7582713961601257,0.7582714,6,12000,340
PKQHMDYDKNYQKEGTRHANIEQKFRYAKMDTPHENKQQRCNYHLDHTDRYPYDCGCDRYNTCNRG,0.6733940839767456,0.6733941,6,12000,340
SGIGPQGCYKMPQTHTKDDKTGSKNKRPRKQHHVDKNNYMQMHNPHIWQEVSRHQAENQQDPECFH,0.6383123993873596,0.6383124,6,12000,340
REPDTPTYMDGDPRPDWGCFANVQSLKQLCCYRNKVYSQNWRHRNEQQQMNDHQQDPECQQMQQKQ,0.6260061860084534,0.6260529,6,12000,340
YCCQDFQPPKNTDNYAFWVEISEDEKWDHWHMGLYQFPDDWQDEVMDENDPKKINGQQPNKKNYRF,0.6232272982597351,0.6232273,6,12000,340
PFRPRTLEQERHLESAQHPKPNDMQHNWYKGRPHRDDRWKHSGHWSWEWKKIWDPNIRSVYFHHGQ,0.6199949383735657,0.61999494,6,12000,340
KQRKYWKYLKVHIYYKQPDGRADWPMRQNQKSTTYATERHPQPDQHYDNTHRIYDRRCTHWELPGP,0.618218719959259,0.6182187,6,12000,340
DPKGMEIGGWCQEKHQPNLPQYKPPSPSNNYSECFLQYPGYTRKSDNYGRNCYGQNMMWNPSGDES,0.5949869751930237,0.594987,6,12000,340
KDQHYSMSLKKDREHKMPDLEGLDRCVQQFGWALNQDRFQSFRFGKGNRPNQPRQQCERNRPQHAN,0.587449848651886,0.58744985,6,12000,340
TENPPRQMTECEENDPRKGTPKNQWQHWRWCQTRWGWNDFKDPLQWQPPWLSCRYHMMQCNMDQLM,0.5699259638786316,0.56992596,6,12000,340
KKFGRDNRMQKWTYELFDYMKQVKHSTTIRWWDHDMDDLPYCGLMHQDWDGETNSPQNQDNWQTPP,0.5626019835472107,0.562602,6,12000,340
PNTKRMRNTDHDRPNGDSGCQNYKILMEWYDGTNQCMQRPTDQHRKDETAFRYKTSECANTGRCSY,0.561458170413971,0.5614582,6,12000,340
QDIDHLKGKTGSGSKWQALDRNFNVKMDQKQHNHHDQTNSHNSRNHMQQFQDYQWYNAEVYACFKT,0.555590033531189,0.55558985,6,12000,340
ESHQYYQDHGQYHQNAKQMYTEHAPEGRLPRMQMQYQYRQREQTYAIENYFNDQFYDWPFWQYVFW,0.5409142971038818,0.5409141,6,12000,340
KYGDYPQDRLMQDQCAVTEHGQNDQFSRDHLVRLPTPNMENQRVNEPHGHNLGNRYPPCWHPQDEW,0.5312039256095886,0.53120375,6,12000,340
NEHVMCLGRNHWNASMQEHENIPHVDVEEKQPTTTPDEQTKQIPQYDGMFPAERACTFHCNNNNTK,0.528671145439148,0.52867097,6,12000,340
DRHWSEHYQTGAYDKEFNMGQGHKYGRPGKQPCKKQKNQHSEYYSYDPNYHLFKLMLKGKFPHNCE,0.5281675457954407,0.5281673,6,12000,340
HWCKPNQPKGMSKVLGIWQRPGTTHYPTKDMDPPHRYACGPGTFWMASQCEEENKDQSMCDVYNES,0.4996556043624878,0.49965543,6,12000,340
LHGQPPTDGTQLKVDYTYEKGNTSDPQTLNSWQKMDVCLRIQHCHERKEKNKQQCECSQWAYKHHR,0.4957510828971863,0.49575084,6,12000,340
QSNEVGFGKGYHKIHKNQNEHKCMMEWHMRFHNEIQPAFVNNQVQRDQVHPVHQWPDTWDTQKDKG,0.493266224861145,0.49326602,6,12000,340
YDQPTMHYNPRPVKFTQLKNGSRWFNDSRNDHQWHMCGIRFYPTCYGKKLRWRTQGNHGFLRQCAK,0.4864966869354248,0.48649654,6,12000,340
QQKFKAGYISEPWEHYTMHCGDSHPNKHPMDRHKNQRGTHDMEGRRATHLNMVEDNADFHFSKHMK,0.4836198091506958,0.48361963,6,12000,340
QDVPKQEGQGTRCCNVQMGVMTRMWNEPENHEESNARVKNYREEGQRHQPHKDPKMPGISYWARPW,0.4765721559524536,0.47657207,6,12000,340
QRTDLEDNKKMRKRHRSWQYHNFKWGRFEHQYNRGSMEIQYNPWEHVLTPPFDFPRMNQKGHDKDW,0.4763944149017334,0.47639424,6,12000,340
NKRKVSGDCEWYTTQKDHQSQLICNPNPAHAGWPDNHVPNMTDADCIQYPNPNVTNWSNVHRAILI,0.4745110869407654,0.4745111,6,12000,340
CERVRNHFTVNRSPHSQMWNSGFYEYSDANLRPQYHPWKQYSKAMWEWRDQQAQCDQYQIQKMKRE,0.46430325508117676,0.46430182,6,12000,340
RRWQCRVQHPPEWHKHDQQQNNCWVNYTFWDQAVMGVSDTFWERPYGWDSKKGQWGEWGQPQNSEQ,0.4589599668979645,0.45895857,6,12000,340
CPEQRMAEGHSDEIDQPPNHMNTGKVQLKSAPSHYHNIDWEERLREHNKLGEFWKTKREYERRNHG,0.45734483003616333,0.45734343,6,12000,340
SISRGWVSYQQQHHRFWSCDQGHLCNQHTPEYFQMGNLDEQQHWKHDSRFEDIQQNYQRIQGAEKQ,0.4540814459323883,0.45408008,6,12000,340
QAMRHYKTNFQWLMDLRTVAGQWMYDKTDFSGGYRADVTHRLEDQEMHTIVQQSDHQKEMHRPRVD,0.4527532160282135,0.45275322,6,12000,340
KKKQWWQCIDQDPKPEYPGDEQDQMYFQTSGYECIDHNKNMWNSLYNKHRKDRWGCIMSCYYQIDM,0.4526817202568054,0.45268172,6,12000,340
EKQIRGTEHKYYILSWTSWDMNDQWGGSNGEMTIMAMPVTDNKETFNDTQGLRRRPQPKFRGPPYV,0.4419681131839752,0.4419681,6,12000,340
NDDLTKMSESAYHSSKFHFDYWPPEANTKLAPFMDKNQKPVPHNKKPREDQFGQHEHFKYHWMNEN,0.4355319142341614,0.43558106,6,12000,340
QKDYFEEESDNSYVRSFGDVPTPTYRGGMKYQWQQAYPHKKPRPSHVFWGHDQKFRKPTVAPCIND,0.4319513738155365,0.43200055,6,12000,340
WFWMKEKDNFQFWGPHWWEWIVYVADNKLEERRPEHFRPNHSEWECEDDMKQPFSDPHGPRRSADP,0.4313025176525116,0.43130252,6,12000,340
CTQHTSETAAHWNLGMYDDWVCFDEKGAGEEGDYQNPTWQHKKYQSKVFVPWTTGYIHDQDQRVRS,0.430561900138855,0.4305619,6,12000,340
LPDHWKTMKSTQNPFAEPQVQAFHKCRGREHGADNKHEEPWDYADAYDTEVTNDPFPMLDYNEPIG,0.4295044243335724,0.42950442,6,12000,340
FIKPSQHYKDHPWEQPAWQWGQVNHGQGMDAWEENHMVDWTSNQSPQSPCKGHVQDDLSPPCDSMT,0.4247501492500305,0.42475015,6,12000,340
QDCTPAQHKTGWTVFRAFKQWNVQGFSNSHFAWQHNQSHVQGQFAVAQASPPHELLGGRVFKERPG,0.4226239025592804,0.4226239,6,12000,340
QYNSNMADRYDQGSCFQKHTQINMHQGGGNTHWVNQTGQQGNKVMGMQTQKSYSGYFTDHFPANMY,0.42241722345352173,0.42241722,6,12000,340
CSKEKDKPCWQEIPQPYGNGMAYYPGARYQNKNYSVCHKQTADQGQQSTKIWRAEPHRMTHPDRQD,0.4186367392539978,0.41863674,6,12000,340
QGNKDSNCFPGDDQDHKGQQAFSQDFYHTQSEQYQIYEGPPQGYKKIIWSKQESHNQYMVYARVMW,0.41651883721351624,0.41651884,6,12000,340
RIPQPQPVPQQCAQNLSAEQKPRMPRVLQGPMCWQITAPRQQENIPCEVKHQLYHHAYHDWPEMQD,0.41260719299316406,0.4126072,6,12000,340
LNWKSHRSDAESQEDQWHMRCQMHRNMPKQQFYQDSEQAWNFKTSIDPGQMNTSYPPQSRQIVTNR,0.41255661845207214,0.41260505,6,12000,340
YDIQPCCCCMNLHMNIETTPQLMGDRHYMHIPQRSNQPYTPQQREANADTPKDPKTINKLFNESNG,0.4090437889099121,0.4090438,6,12000,340
TRRDQWSDQNGHQKDDPNNLGENESCQQCIMTAHTHQWVPNQDVFYQCQQMKGHQVPWVEGTGRNP,0.40407320857048035,0.4040732,6,12000,340
MQPCKEFCQDNYQWFDGFQKDRFHNDRIPKMSKHMREAGMLRRPLMVPQCPFQTTLDPKWDLNRAY,0.4011223614215851,0.40112233,6,12000,340
PYQAQFPFGQSPCQKEQINMFSVHHPKYDLRPHEPYEDGNAIKWQMSHAINRRQWWIMTMTERHTP,0.3978966176509857,0.39789662,6,12000,340
NKPHFMEYWLRNPWNPCMNPPDHNIGQGGPFYRNPAGQAKSDEDMPHNWDACPAHYRWGYNDPPAR,0.3929404616355896,0.39294046,6,12000,340
RWDRSQSFEEMYNSTMPYIFGGSRCFDFDGKMGNNGGRKHQQFQMMKAMFANKDIVKQQVWDGKET,0.3924844264984131,0.39248443,6,12000,340
KKEWMQHPQLHPDPPYRMQNGQYFYQYRVKYCGRLQPLVNPCDNMHEYDMQDTTTAEDKTTYAPYT,0.39210328459739685,0.39210328,6,12000,340
YSKQTVGNKGGGSGFRLFCEQVYGSGAVNRGGTPGFGQAKHQNDKRQTPPQETAGTTQKCDRYHGR,0.38799381256103516,0.38799387,6,12000,340
PIQEGPPNQLDFYCFWHCPLNENYPVEHQMEEDPRERAGCPNNRVYRDWRMDDQTDYNQQQSNGYS,0.3878602087497711,0.3878602,6,12000,340
VQVNVIWMRWRTKEKYGYCCACHDNWRRRNWVNTSQQHEQQQHDDRYEEDSHHYQRTQCKHPPMHQ,0.3870156705379486,0.38701567,6,12000,340
LNPDHPSSRRWWQSNQTMVQCHHWTINRETTECCPDGCHRRHPIWWQRDGVGCTTEHWWYDLNDMS,0.38357681035995483,0.3835768,6,12000,340
QDQPSDQYASQHLFSESRMHESSDPPVKNDEVWRADTEVWNGMWREKKPYVVPVHKMNPEHVCPFQ,0.38106295466423035,0.38106295,6,12000,340
DLQSVVILHWENWDNEYFRGKDHWIWGKDHPCEAYQPDNDPPGHDRPADLRHPELSGQITHYPNDR,0.3809449374675751,0.38094512,6,12000,340
KEEKGPKAESVWKPQMIYSFEMQDQPLVQNYSNEMDANRHSPQPPKHWWRQNVYYPYPGGNQECLS,0.3805714249610901,0.38057142,6,12000,340
DWDNPWNCVNSRVRHDGLEQMPEKPRVTRCTDHAPRSKQTGFQPECSFHAWQYGWDFLGRQDKHSP,0.3774293065071106,0.3774293,6,12000,340
ESGKPQPSCVLWMGDWHAEHCDRIGKFDRYSQDQGLLDKERQENQWKRYVFQPVPRYEDVPHDHGL,0.37336719036102295,0.3733672,6,12000,340
GDSCQSQGNDCPWPFIFYKQQFENNVATHVPQLHQLSPRMWREQPFEPMVNLPYHWGQNGKASYQN,0.371339350938797,0.37133935,6,12000,340
NPLNEWMCSGGNDKTFCWWRMQNAMEDHHDDWQDRPDYMKQRDMCQHLIVSPGNRIRFHYVQHRHQ,0.3703203499317169,0.37032166,6,12000,340
FNDDFPRNDKVEMQADINQRSYDHQIAQPGDWIRDFHYYNNHGQAKWMFPRRVEPDYKRYQPYKNK,0.3690662682056427,0.36906627,6,12000,340
DHIQKKGMEFAAKREQGAQDYHTARESNDPDRNMHDAHHSWNANYLMKDNYWDMDRQQKQKTKVPF,0.36741989850997925,0.3674199,6,12000,340
LLKCGQPQDDQDWASMMYDNFHKFDQQCADHFWPHMGQPPPGLPDWQEYRNTRAHRFAHGQLSNKE,0.3667181730270386,0.36671817,6,12000,340
QKVQFYDVEECVREQYIHNPSRHKTDNAGEIGTAPFAAVVHDRYDVHPPDKREVRQKNCCDANVWG,0.36513978242874146,0.36513978,6,12000,340
CKHQIWRRYKRPHQRQHEIYEIHSDQQNDPDDLAHPKFGIVREAGFSPKRRSDGVNEVPWLHRCRH,0.36243903636932373,0.36243904,6,12000,340
NKWKKRQQDRMARADQPRLWQAPDDQEQNQYDTQDGIVRKEIDFDPEMWHVKAFRQDDTKMPEHYP,0.7650127410888672,0.7650472,7,14000,414
AQPSYLWSRPMDCPQGPKQKMDCDYFDRRFNMGDCDNQANRQQKQRSWAGHQTQRNVQDMGDDDKQ,0.7608408331871033,0.76084083,7,14000,414
SNPPYRNVSTYKDQYLTPHTGPQQDQWDTQTTQWNGAQHEYHCQVYMDHDANKNSPPDEENRKFKP,0.7559091448783875,0.75590914,7,14000,414
EEEPEQMWLPCNYQLGPGNESWQYPQKKKHQNPAPRSAAIMKTDMVSQKPQDSDHDPHRRSKQVMH,0.7109081149101257,0.7109081,7,14000,414
FDYRHQFCNHCNMWNCSEGPRNHSEKPGPWRGMWTPHKPGNVWPPSDTKHRGGQSPQPDQGPQLHP,0.7108632326126099,0.71086323,7,14000,414
DNATGEQGPNVQSSKVKGKQSGHHRNPPDMKLNGHKNQDPPSNCNANVREVMHWPIGCHEGDQQHE,0.6952947974205017,0.6952948,7,14000,414
NHEHCWPNNREYKQKEGGQTWQHYHPQDKYKKNFTNRSASGHYQSGPTVDTNWFVRQKAQHRPMNA,0.6861938834190369,0.6861939,7,14000,414
EQNDSHGCPAPHERNQRAQDFARVYTKSQERAKYCFLGYQQLDQNSEKDVQHTPATALGDPDYYDR,0.6373459696769714,0.63734597,7,14000,414
VTRPDQTDKKAWGSTNCRHKPNETFTCKYAQTADWNGQCQRREPIFHRRPEDGKQHGHHQHCNEAR,0.6191186308860779,0.61911863,7,14000,414
KFNCDPWCQVYLQCDHDWRRTSGHPMCHARETRHHQPGKCPYRGETPQNGKHTAQMPQRKEPPPAA,0.6129347681999207,0.61293477,7,14000,414
CSAWWWQNWRHFKRYEHQDDCSNPFNWKEHTHPPDRTGRPAKQRPDQGWNIQTYQPRRFQQGRKAQ,0.61211097240448,0.612111,7,14000,414
HQGNYVMQNHEHSRHWQIKNSYLRCCRMEPNPLGHHPDHRWSKHKHEYVFTRMVNMPADEYNYYGD,0.6101757287979126,0.6101757,7,14000,414
QQPMWPNWTNASAQHNQRKQGKWMMTTKRSQKCYVSNSPKNHAHPEFIVEEHGQNSFQGPINPSEE,0.6067165732383728,0.6067166,7,14000,414
PGRPQAQHGGCIGDSSPSYDEQAKHDGQTAEMHHPNCPMPRRKDCPGKSSFHHKRRYSIFQRWRKT,0.6010469794273376,0.601047,7,14000,414
EPFAGDDCQDKSIKKTREQIHNVGQFVGTKGTHEDKHPCEHWRSPGRHGEWRGAPPLYEHNPKNSK,0.600839376449585,0.6008394,7,14000,414
QPRTRCPHPHFAWNQEQHWSTITRSNPYCEPEQSPERYKQIYPQHFQIHHTGPKPPDPYPKPPHPY,0.5898172855377197,0.5898173,7,14000,414
EGYNNDISHPMQLLSAAYRQNADKHMQPYHISRQYMDPDRGCEHMWKNRDQSWREPSQPDDHHDPM,0.5849436521530151,0.58499014,7,14000,414
ALQIYHDQASNMPELHTSIQWYFMPTNPADRDHHAMYRVNWQDPGQREQGMNHDHGHQMRQRREDF,0.5844652652740479,0.5844653,7,14000,414
NDAPNGPTNKCTSQTKMFLASHYCWGNDEYYDGQPGQHMPYYQSFVIDRTRDHQGGGLRKQQRARH,0.5818653702735901,0.5818654,7,14000,414
EPTDRQQSAGLPYQPDIVWYNSWDPRHQKQHRQDDVHCFMHRDDHTYRRDDEQDQWDHITLPGWSL,0.5765689015388489,0.5765689,7,14000,414
PIESPKWGCNFQQEQWPHRTRQFNDRRGDNWHLSKNGTWCHDRLQEQPLEKEGIWENIQWVWQSPQ,0.5647954344749451,0.5647968,7,14000,414
WKRQTPCMECDASQKDYKEIPQKQYQNDPKHQWENKFPARPGCPYCKSNHYRKQSFDGDQKKGQSK,0.55825275182724,0.55825275,7,14000,414
FNQIQPPYPQTMNIRCSRRTPEPPARNQWRTEHGWRDDSNNAQPRHHEWSYSLCPIYKSRESDHDP,0.5570389628410339,0.55703896,7,14000,414
GQADMMRLKSDHQDANDMRGQHQGTDNELKHEFCIKQMEWFDNTFWPPEMSTDVGERCGYLNHCWK,0.5546380281448364,0.554638,7,14000,414
SDPALKMFDEQDGDRQVRKHKYDKYGGKYFPWKDLKSKPGREKVEPPLNNQGKVTWWWTDKSQWSF,0.5515614151954651,0.5515614,7,14000,414
LFKTLIRHDQYTCSPNQNEDKDPQENSMPTPFRPDVTRHRRHKITYVKNPHDVSWWQKHKKGKNGD,0.5496830940246582,0.54968446,7,14000,414
CTDPSKYMNYEPSQEFGWDCFEYGKDEAQKKRHGCRHDHHWGDEVFRPEKHNKDPDVIHMPNQPQP,0.5470809936523438,0.547081,7,14000,414
ECSIDCAHSHVVEPRTFHTPRGHREQMQDYNGRPGPMDDGFRNQTHDHRMWKPIMPQNACQHSPQG,0.5462267398834229,0.54622674,7,14000,414
NDRCHIVQNQTMDMSHHNDDKGDQVNPQHYQMQAPYGPTRYQDSDPNRKYAQQNKAEKMGRVGKGA,0.5441675782203674,0.544169,7,14000,414
SKFPPHPDHCFDISRGQSDHRFTKFKEIRCWEDFGNHRNDCFQGHRWSPRDNMYGYVHNHQPEWDQ,0.5423466563224792,0.54234666,7,14000,414
EDNVYHWDAPKAQQGWHCFTFNPPDWDCGNDWQNYTQQNDHKKWAHHWCVNKKLPWVHTQIKFFKH,0.541581392288208,0.541631,7,14000,414
SRNQPDASKHNLEEVTSNPESWRYHLDLRTQMYRDKMNRAPCRQAPSYFPWPSAITILRTCEQPQP,0.5366302728652954,0.53663033,7,14000,414
PLEIEDPDPQPYGSIVQYHQPRDARNGFHWMHAPKKFPGDKCDQPYGRPGDIVRHHDMWPKDGHKH,0.5359601974487305,0.5360099,7,14000,414
TGNDRQKHAQYIHERWDQVDICWQPENKLAFGMIRETPGPIRSCQWKNPNNDQAFQSGDSWYRSDL,0.5329710841178894,0.5329711,7,14000,414
DQQSHPQDALNWEPWQHWPADGVQHYQYNDDPQQNFPWRWQSGDDISRNFRQDGGKAWHTHSFQWQ,0.5283306837081909,0.5283307,7,14000,414
HDQMSNSWQDHLNMCPIGNKDQHNSQMRKRDDWCGKEPIQTQSPNPTQIPPTILSDDGTYKATQFY,0.5268840789794922,0.5268841,7,14000,414
GFMNNHFNDRAWMNEENDGPQGKEDKRVKRRELIHQHDRRSRCAPRKQPQGRAIWCTIATFPHHWV,0.5208191871643066,0.5208192,7,14000,414
NMSCNEISQKEHYIPKKLHVQTGPPNQINRKHTYPHCNYKVPSKRFRFRSPKHNCQDSHFNGQFNQ,0.5196351408958435,0.5196366,7,14000,414
PPKYDPQSYGRMCDSNAEPEWHDWQFQTTQPDWGMPYRFQDPFQELPWDNWRRVMWNRRQWKIYRT,0.5193555355072021,0.51935554,7,14000,414
KMPNNWHQEADKGQNMKKKNRDRINWYSIMHMQTPQFQQQDFPNGWYERCRANGPAGVNKKPDYCG,0.5126430988311768,0.5126431,7,14000,414
HQREGRCQSQKQGPKDGAKQHHGFQCSFHHDVYMHKHKGQIAEMQHEPYLWYESEVDHAPEGKHLQ,0.5053265690803528,0.505328,7,14000,414
NKNDDTWQWWDADWQQALRHNPDLYSYTHPQRNHISLRNDPHDKGDPNWEVQIDMWKQPPYDDNSA,0.49959060549736023,0.4995906,7,14000,414
EQWSQPSYYRNLRWFMPYAYPPMGPRQQCEWAVCYWHDSHNVDAQYKQPDQKDSRKPWCGMQNTSD,0.49678003787994385,0.49678004,7,14000,414
ETSTRPDLRDYPQFCWPWGQLPMHTKQQHLRCSHYYPELKPQKVPGWQDIPHPPEPQPREMKGQHT,0.4954526424407959,0.49545264,7,14000,414
HEREQWGEPDLCDGNECEWDHDNREAYHDNRFWNNGMFSTKGRNEVHIMMGYPDYCMYGMHQEHGD,0.493071973323822,0.49307197,7,14000,414
QKEWMRVMMDWNNDRRQCWYNGGSPFTYEQPMMPFQWEFNSNNQKDIPYGFNVLQVPIDAGPNRMD,0.49235132336616516,0.49235132,7,14000,414
CQWSLHWANMNAYYNVQLELADDRPQLPEEPPNQWWHRQPNMSRNFKWNDQDHPYMDRDGRQGPME,0.48928651213645935,0.4892865,7,14000,414
WRQQISGDKDWWEDDNERSGNMPRNVEMWWNREEHKEHVPGNLRTCQGPNIHDSNNVHTEDQMNSI,0.48658937215805054,0.48658937,7,14000,414
GQDPSGSERYGTYKEWPPPCHDASFQGTKEDPRGASPKMSYMFKECQHHYYYADYAHESREHRIKS,0.47712382674217224,0.47712383,7,14000,414
KEGKAQACYDAQMDSIPNRQREQLIDHNHHPPQYKQYFVERDMYQESAIQQVQWMNPYQEWRNLTR,0.46984243392944336,0.46984252,7,14000,414
VQMETRGRPWMEERQMEMDQFDHMWGDDVYSGDRDTGDCWVSARTTRRPQPCRDKCKHEYTHQHDP,0.46622326970100403,0.46622327,7,14000,414
KENKGNARYNRMQKNGANNGGDTWMMHYHKARASCHEKRNQGEPCDWWPGPYQVPFQMNRINDREN,0.4641517996788025,0.46415037,7,14000,414
PVPNAWKECNENMCQGRQEGRMLQGKKLDKHPHIYNPSNNNEHDHCCNHPKPEVNDLYNTNFRIGE,0.45762526988983154,0.45762387,7,14000,414
SRGDSQFWQGPPRNPHMCNKIHYRSFAQLKMWIQRSKNHSDRKIQVRPQHHHDGARQKHPKYPCME,0.4572271704673767,0.45727333,7,14000,414
WADHHIPLFSNGWANGREMKDKLMYDPNDRRHDYYGNYHICPPNGNPLARIERSQTIPPCCNDCDN,0.456917405128479,0.4569174,7,14000,414
MYEMDNNEKQQFEQHTEHPRNHMWNTNGLMGNLGCHKEAGVHFQQNSVRNFQHRIQRNDPRPRKQY,0.4513309597969055,0.45132956,7,14000,414
PQFMEGDFPLNEQSHHDDCGAQKVQDEPPRHDYGQQGNGQPQPHFQRQPFFVKDHWQNAHWMKGWV,0.4503583014011383,0.4503569,7,14000,414
QFKQYTHRRGSMFTGNDHRAMTIGTLVRANSPNQICSQDRPWDTSGRPESGSSWYDTHMQTNGKKS,0.4495631456375122,0.44956174,7,14000,414
EHDNMDWHDLTHRQHKVGVLHLMHPSWVCEWSWGKSKCDQTRWNKEKDQMQMQYCGRQQRPQFEMQ,0.44885605573654175,0.44885463,7,14000,414
HEDPNQQVSRVDGIQFLDQHQPWKPTWRQKQECYQQWKTKANDAVREHNRGFIWDPKRPLLHKLYI,0.44695258140563965,0.4469512,7,14000,414
RYRREWPFTCNHEDDPHDHHRSFAEDMQGTRYKSYRQVQWAYFRPSEVQPERVKQAQENAKYELRQ,0.445957750082016,0.44595638,7,14000,414
VGMRKMPPPLQPPRKENNHPDQGWYGETAKANFPYKPTNKMQKFNIQWNFYGFDHNKENVPSPEGR,0.44499170780181885,0.44499028,7,14000,414
SEKFCIWHHRCCYTNQQDNNGFTRRGRHNSNERDWHETPQRQNTNHYYARSMMQQKDTRRYYYMQK,0.4441109895706177,0.44410956,7,14000,414
GDHFFSRFVLRWSQQMFVDIGKWDATHGYQARADQPPLKDSRNNKGKEGWWEGDWQCEQYREHTQP,0.442903071641922,0.44290167,7,14000,414
QQETYDNCYRHRQGAFHWIYPPPQLIGHHNDNEDRGCGDYNYDEQQQHLRDMNNPFHHKWQEYGFY,0.4407309591770172,0.4407296,7,14000,414
NHRQTQHQTWEEAENHECQAMAFQPRKGYCYRGRHNLIHYFFEDPKVDGPDDMWWHMDKSCPNYDD,0.43946918845176697,0.43951702,7,14000,414
FDCQHWVSYGVGYCQPDQRQKLPPHKRPQSQQYMERQHQKANTNIFKWQWRCANQLRGDHMDFNNH,0.4315049350261688,0.43150353,7,14000,414
NNPHQKVVDPQNCFCAHSWLKLYPNNHPKDNSKMNKQHHHNLAKRHDFNRARNEQNYDHRMHHHRN,0.4295027256011963,0.42950273,7,14000,414
TGSQEITHRHRNQGEHSYGVDQLNCQPQWHPYRSGHQQDRNYTKQNHDWHGTQQPSSWQQADLSHF,0.42423030734062195,0.42422894,7,14000,414
ASQDEVDNRRQCSEQHGCLNTCKRNEGDQFGCHMSLQWRYWYHSDWQGWFDRHMWWSCQNDCWYGK,0.4224298298358917,0.4224752,7,14000,414
EQVSCTSWGEMSRHQGDTNSEWHMHCSRDPSEKANPYELEDQGWQSMPQGTFFDPQFSSQAYQIQR,0.41320815682411194,0.41320676,7,14000,414
PSSCQDFWYHHWSKTRDWGEQWMQQPHKYSFIEGEWPNDANWSRQELDQHLSTYDPDTTSFDNGFL,0.4131423830986023,0.41314104,7,14000,414
LPSADRFMPATKDLFAKQQGHCWGRPKHQQQHPDVVNSNWKGKNQQFDVDYKDDHWQNNKRNRQSP,0.41312021017074585,0.41311884,7,14000,414
KTNTSGDTLRYYENNKYYESQFATQKLESGEDKDYGPLQQHNQDGNEIGGKINHTLYHVWSFGARD,0.41184690594673157,0.41184554,7,14000,414
WNDWLYASGDNMLEKNGKHNKRHNYRNSSWHGHPDSPPVGYDQHDDYKQEPHKGHQFKDHYDFNCS,0.8631370663642883,0.86313707,8,16000,493
GKEKQMDTYGGMWSTGNPDNRQDEFNKMWGYKDQWRPQAPHMSRTHPHDNPGRSPQHRTFYNPDNG,0.811581015586853,0.81161153,8,16000,493
MQNDPPHNRYWDPPCGMQYEKDTDQGCQAQPHWQSDDKCPNKDRMPNCCGQWEKQAQRWPDRAYEW,0.7952487468719482,0.79524875,8,16000,493
VNTGYKHGWADNQYKEDNGETPGDPDQQKISHGNYEQAGRDPPGLEQNKDYFQKEGVQSQKSENFR,0.7940922379493713,0.7940932,8,16000,493
CQQGHWLHDHECASGLMWFNKPHDVSYNDEEEKKKNGASSWSKPFFGEQFHDTWCHKNKPPTNWGK,0.7779062390327454,0.77793926,8,16000,493
SHIKDYKENEHSGNTDKHKNADAGAHNERKYNPGRHDENVNYKRQTCQSYDKNKKKKNPKGFRCDA,0.7763604521751404,0.77636045,8,16000,493
HDDSDSNDTGGSHHFAEPNFPQTDHDYGFRMETPDPGFQGQWKQGRACPTGHNYRGRQTGGSENGW,0.7626352310180664,0.7626363,8,16000,493
EGSEFTQPGNEYTQARGPMAERYYMSDPQQRRPHNEKQREFYEPNLKHSNQYWQGPPMVGHFHKKQ,0.7500655651092529,0.75006557,8,16000,493
ERSQYRRNWHKQKQGDPNWYFQGPSDYPGPQRKNWKMLFHMYPCQQEIQSEERGGYTSHHPPKFLG,0.7484594583511353,0.74845946,8,16000,493
QPPWERDNKPQYNKPAQQKFEHNENPKHIFPRCHHCHDEHPDFKEHIPRWPMYHIHNQGYGPVQGN,0.7446739673614502,0.74467456,8,16000,493
GQNDDWDRNYRLKFTSWEPLWQPEHEREGNEDQHNSDYHHERCHNDRCTNNPAARRRFWKMPPPFE,0.7214003205299377,0.72144043,8,16000,493
DKCSFDFNEKRSNSPQWDKPKNRDYPLQTVVGHQPLSVKHHEPYQRCQPESDVFIGGSFEEPYPWH,0.6947397589683533,0.69473976,8,16000,493
KHWVEFGYWVDENDGENYHQNKMCKKGNGDWYHLMPNQLDTRWPAWHERHRRDKFPQQRGNNPKNW,0.6926361918449402,0.6926362,8,16000,493
CQWRQQKGKEEAYSKKSPDKKWQNRGACKTANQDDRPPPICHIHEVKGYKPHTVTFPPEEPTWPKH,0.688982367515564,0.6890252,8,16000,493
IILQNWDYDKSPPDHPCMNYSDNENPSPSSCHPQSNAWGQHMPQWQDHNSQHGDYKKGPQWSHMLK,0.6847453713417053,0.6847466,8,16000,493
YQGKHGAEEAGQKHGARMNKMEEDNHDSYKDYDMHEFEQRCEPNMDIYKEENNDHHARMKGYPLEG,0.6709131598472595,0.67091316,8,16000,493
YPSHKQMYDSQRKLYLQCKGHTEGGQEFPNFNDIQNESNKTSNFGWNDCDRDGRDAQHSGDDDEKK,0.6673807501792908,0.66738075,8,16000,493
ASFPQRQWQQARQRAMSSEYQYNRDDHHQGLVRYWPKQASEMQNMEQDNYNPYECSKNQETVTHQL,0.665410578250885,0.6654106,8,16000,493
SEAYYMCGDNTCQFEMPMSNQLRGDRHGKKQHHMYNGSKEMTSYYPANKWQQNGEMYWTKGTGGKM,0.6648325324058533,0.66483253,8,16000,493
TCNKPCDTRSNRVDDHDQTKVINRDPKHHSVNDRDKDTASKFHRHDSEEWRKNEQVHCSFNDYHGC,0.6268340349197388,0.62683403,8,16000,493
YQDMDAPAHFYPDNCHWWKIQQNVQPEFPFRPHPHDMEKKQAEREFDKGNDSSPHTSYHKGDQHDN,0.6250754594802856,0.62512034,8,16000,493
QYSRCSWSAYWLQGSADQHDMDNQGGPQENRAWNQEVRTWHKVQDMDSHEDGTNFQPPSGPQYFRD,0.615796685218811,0.6157967,8,16000,493
PQVWGNHNREQGTLTHNFDGMPDEHDHVRNQHFPYTCFFNMWPQSEDQRGATQGPHAFGQEGHHPY,0.6078178286552429,0.6078178,8,16000,493
EWSINQWYMEQQPKGDHHNPNGTTGGWWADNSQAFSWSDMQCNPYQNAHWPDCKTEQHQFDNHFGF,0.6021528244018555,0.6021528,8,16000,493
DDGCGFGDNQWMQCDEALWREDNWHDWIEAEDEARGDDRYRPYKKTRDDRTDNDRQVNCYPNRQRR,0.59638911485672,0.5963891,8,16000,493
YKPGHQPESGTFTMTCKMPDPCVGTNNMGKRKCWHWMYGKQRFPRYNWTFKPDHQYYGGCPMKYME,0.5773734450340271,0.5773735,8,16000,493
KQVKRCPHEGEGQPAAKQPDDNGWKHSGWTQQPDYLFFHQNRLMRNRPNMEHHHRYHYWWHIMELD,0.5766842365264893,0.5766856,8,16000,493
EQITYQGWKGQTHDTIMENSGFNDDRIPIQDMHWKQKQFGRNTFCWPEQEWQKRQFYQQWGLQQPP,0.5718654990196228,0.5718657,8,16000,493
DNHVPAVHGNWPNQHATNPDHDCDPMWFVWDGEHHEWPIEHRYFHTCKVIPNPPRGPKEMRQEDNK,0.5704946517944336,0.57049465,8,16000,493
EPAPNLSWQECNMLKFQPSCNQEYGGRRNKHYRPDPQWKDLIEHKNAWHQNKFRPVKTDNNPPKPP,0.570091187953949,0.5700912,8,16000,493
RYHQKWGDSDMETDQQQAAAWRPDAHQISFQQYCYRNGRSPQVLKEFHMWFKDKPFEMDWSKRRED,0.570009171962738,0.5700092,8,16000,493
TQVTVFSKDKTDFRGEEQRPKDKPDRYDDETSPNYKVRHFYWKRYLRPIPQVNHSYHWHSYDPRDP,0.5657501220703125,0.5657503,8,16000,493
GRQTWPDHAAGKYNCQSDGPLKGAKDPYERDPKACGHTMFEMDKGDADRPHNSEFPPDPHDHHQPG,0.5632064342498779,0.56325555,8,16000,493
WNDQPQWDHNQYRIMDGKQLAVELRKWTEYPYDYQKKHVQSVTNEYDNEHQGPSEHYSGMFANTTE,0.5563519597053528,0.55635196,8,16000,493
QNDQGICPKQGDAGFWDHHSQQHFDAYWHEHCDKFPRPPYWDPGQKRRPRPNAPMGGQNQWGPNPV,0.5522404909133911,0.5522405,8,16000,493
KFGKEYFKFGESDTKHPNDRAIHLWVNDPHPPKWMPTPQVNRDQRCEENDGAVALMDTSKMKFVND,0.5499125719070435,0.5499126,8,16000,493
TTCNKEMDQERMEQKVPWPWDSQVQYQGGFWWPCKSQFCPKRQEPKNTPHFRNEPPEINGEGDFNS,0.544113039970398,0.54411304,8,16000,493
ARDQTEEDEDYIKHDREPVQRCTCSTMKYNDEEHKTWVGPEYDLYDKEHIWTVWQSRPWHVDPQHR,0.5432848334312439,0.54328483,8,16000,493
FPHENPMRHDEQQQSNAWDMQNWHTNEYLLNNENVQPHLHFITNSVTTWPEHMHCQKHHNGQWHHG,0.53924560546875,0.5392458,8,16000,493
NPIDKPHIEKCSNDQIYLGKDQGGRQPGELMWDMWCDKDPNQYHGADYHGNQHGDNKVSMHKPPNY,0.5373780727386475,0.5373781,8,16000,493
DHKPDCRSRDVWDRRNDQQWKMFPPDEFYFRPCVPMEPPWRDQVQNVYKDPKPQRNQPNQQCQCFF,0.5369241833686829,0.5369242,8,16000,493
PEGNKNNQREEDRQYDWYFPWPKFPIQIMPMQGSREGDQMDDHWHQVNPEHFQQWPQPKKTFDNSD,0.5353052020072937,0.5353528,8,16000,493
QDGQHNKEVKMPPWHQLLNPPFRGEQRFQGQDQPQMCKHYRNHGDWDLQMSTEQRDPHPQSFQKKW,0.533545970916748,0.533546,8,16000,493
KPKKIKYTVGQCHREGQWTPFEYPGKMNETDHDWAPFNYHKMGSQERDIHNFMQMGNNYHEKEWFP,0.5263010859489441,0.5263011,8,16000,493
FERRSDHYTNEETHHQESVNDRKMYMQESGYDQRDHAQTQGYGPVFNGWKMFKHPKCQQEFTFKEE,0.5245853066444397,0.5245853,8,16000,493
PFDPDMQPKPWSFDRDPMWGKCYDEWWIAKEGYTHSQDEQAYEEIGCERDVQSRRCDPGHRQDLHS,0.5238744020462036,0.5238744,8,16000,493
CRDARHIKFNKGEPQYKDHSSPYQNIQHHEPVDDRQFDVNGPIDREMSPLTRKNHRQGHNLNDQSE,0.5125259160995483,0.512476,8,16000,493
CHMQMKKQYWTPTCNHDDDGKKENHPLFVPMFNDQVGDVPPWNHEGEPYRDSPHFTPESETSKGKD,0.5048564672470093,0.5048544,8,16000,493
ICCKVQNTEGEFPGRKDEFCDTQHSREYLNIEGDTQTYYRVRLNMQDQNEQNAQKMRTQNQPHRKD,0.5048555731773376,0.5048057,8,16000,493
FTNKGEQNWRPNYIDRARWDDEHACPWGQSRPPIFRDNVHSQVCYNNRWEIHRNNHNSSHDYQDNK,0.5044417381286621,0.5044397,8,16000,493
DDPHYQDNHCGMSQPMNEWKGLWYDKKHHLRQQCLYCIDQISVDDYMPGDDTPGMEQPEIEEQQEG,0.4984074532985687,0.49835753,8,16000,493
KCDRKYDQFDLYDENRRPKNDNHIHSTQLYLQYFMIQLDGMKHNDHPNKTHTRDATPPQDVCRDKP,0.4972285032272339,0.4972285,8,16000,493
HYKVYHENARFQRGQNYNVDEYLGDKQSNHTSHQVDHQTPHPRKIGEYFPPEQMEPGNNDFPPMIW,0.49689939618110657,0.49684948,8,16000,493
SCQKNEQRWPPNEKMYEWPRCRYNNMQCKDQFACHQDAQLRIWWQNWSRPQDQQGSKEKQFFHPGI,0.49667662382125854,0.4966275,8,16000,493
CQDNQELRTCDIDQPPCDQQDYHYKDGQWLLYVPGSKHHMPPVDMMPEKHEVKPPDVPDYGRERHL,0.48836952447891235,0.4883196,8,16000,493
MPWHSQQHEENRQAHSEWSEMSPHDETVMREGEHPRERVYGNQWSWLWFMGYQTYWWLEKMKRWQG,0.48746106028556824,0.48746106,8,16000,493
PCDRYDDKECQHFVGHDKMTNGDWKRAHPPRQQDYTYDSGCYDQCMSLDGSMRDPEKFGMFTDTHT,0.4865187108516693,0.4865187,8,16000,493
IKEKFNWFETQQEDYADQINHLCMMSSVQMTPAYHQWWNRWMQNKHEKWYYHFYGNCHFDFRNQNF,0.48245009779930115,0.4824501,8,16000,493
MKDQYWAPHKPCFKGGKPGQQRTRYCKVDKQTNEHRSVPNPNPVEIRHYIHYDNHCMINHGIHHRD,0.47917214035987854,0.47917214,8,16000,493
DFPGWMVHSEQRCDEAPMHQPPGKNCWKPNRDPRQDDAVRDESDDAACCSPDDRNYNKPQFFQGET,0.47693437337875366,0.47693437,8,16000,493
GQGPDFDRTNNWQPPGFQMNPMYQKHLQHTAQQVVNPQKERYVNQLNYRVVEQDGMPTERSQNRDH,0.47560060024261475,0.4756006,8,16000,493
NYKDTQLETICNWDHGGDDQQESKNNKDKMANENDLHPRHNPFQQGVGVEQDCCRRNQTEPQHVDN,0.47302502393722534,0.47302648,8,16000,493
AQPEYWVWRRFYHRDQDQCPMQWQYLPQYCGHMWWDVQWGTRHENNMRPFDRQVYKEKLDQERHNR,0.46450790762901306,0.4645079,8,16000,493
NTGYKWHGDFNRWRGPSFTLWERMADGKTRGCRSDRPRMQQPKWRMPHRRLGPQHDTYKHGPLSSP,0.4638422727584839,0.46384227,8,16000,493
SYGVGPEENDRNPWWESLDGPPQREPGQIYRTQKCEQWENTWENNDGKYQWWNYHDHNPTFCGTRP,0.46281909942626953,0.4628191,8,16000,493
DHERNPQNRRPYVMKDPYVRHFSNQKRPGDGVQCVMYWMMKGKTEVDKYDHCQLRKEWGCQGKFHM,0.4612472653388977,0.46124727,8,16000,493
SGEQPPTWPAMYNQDQEQEYLANQRSQQKIPYWNQLAIVYAGNSWNRNSDIKHDKWQNRVGHKDQV,0.46038758754730225,0.4603876,8,16000,493
HRQGVNWPDGRVAHWLDCEQMVCMGKRCERQQEERQDTPWVDRGVPLKTMDTHDSMRLPWGRPTGT,0.457363486289978,0.45741096,8,16000,493
QQHHMHNLNAYPHQKMFRQHYRRNQQKWHPCMCYYHCNRNAGPHRKAKRPHYSKSNTIDHFGDQHN,0.44994494318962097,0.4499464,8,16000,493
AEDDYPPWVYDGFVDPEQIWLGPQKKHQELAMCINTFWDNCVRRRMYPRIDWNQNQDKKNREGGPD,0.44772717356681824,0.44772717,8,16000,493
PAWCQPTRQDPCWETSTPSVVRPMMESMNREGNQYHRDRRSLGCREGLDMDQNTNHTPKNRKGHTY,0.44741737842559814,0.44741738,8,16000,493
NYIQNKKSCKGVVNIVHCASALCESDDRQNDHIDCDPPPPHGEAGIQDMMGTELKHWGRSTHHPRR,0.44735512137413025,0.44740227,8,16000,493
QPVNPFPNQGQHDASGWYFFDIWLHPKSAPGNSCFHYRTPCEYRLRDQESGNPPGDPRSANRTHGH,0.446635365486145,0.44663602,8,16000,493
GHTQPQFEWPPQYCPYLNQYPNWFDGDIEMPDYDTGQDLDQQPMRNREPSQQNGHHHEEQLHGCWW,0.4446335732936859,0.44463336,8,16000,493
HEPPMRFQEMKQSPTDHTFTQESGHHAPTMTRCQEMMPIWHHQKKWQGHMMAKPGPQGFDKNEAQQ,0.44429630041122437,0.44429615,8,16000,493
FQGEFSWFPEPDHKQFFGDNPKDVKPQVEMVNYAESHEYQEMPHMWCENHCPWVYYYIIYHNYHKP,0.44317758083343506,0.44317874,8,16000,493
KPAGNNEHNDKQLRGACWEAMKPSSDNMQRVDPNPWAHDNPPYHVHAHATKAVHNIRKPYRPHHTG,0.44294053316116333,0.44294035,8,16000,493
DGYEWNKERMVGCHPNPPTWYFAYGRQKHEKFNPEWHQKEGQVDDWNNVNGKFKPFNTKRHYISSS,0.4411827325820923,0.44118255,8,16000,493
IPNPDQKTRWNDHYQQPCHYADDNGTPNLTGWGFPPKQPTHWMHDAQSEGSASQHNIPVHDPAEHL,0.439236044883728,0.43923604,8,16000,493
PQDNKAVDSDEAEPTMAPQQQHNDGQHPNKHSQRKKGSRDWEKHKVTNRGRHQCQYRMRYQPDPEM,0.9575209021568298,0.9575291,9,18000,577
VQNRGPTMYNWYEQENPNGHPEKPHRHNSSSWPPQDDQNQDKEANMDPGQYQHETWSHVKHNNKWH,0.8833471536636353,0.88334715,9,18000,577
CEPGRDQDRHWPYKFDDTDWKDSNTRTTNMHFPYHQYPWQLHNPDRHNDGDPEAWEMGDSRSQQPG,0.8757508397102356,0.87575084,9,18000,577
PDAPWYPEPKIYRHNHQKFNMCDNDHRPKDENHPEWCPMRFNNHTGMRWNPKYRHRREQRHKRGQT,0.8722622394561768,0.87226224,9,18000,577
EQNTAPMYNLNYNHNIRNRHDHSDPPFNWNMWDPRQDDPGSGGGQQDENIDGHKVKDVQPGQHHFR,0.8398696780204773,0.8398697,9,18000,577
SKRNQKDPLWSQNQTQDREYKDCNHQARHKDFYDPQPDSGESSDAHYIRRDIQQRRPPMQRQKSPY,0.8357701301574707,0.83577013,9,18000,577
WSDSGEAPGDHKWKGDGCHQKLNNESPCRKAPDHQKHHTPPSQKAAPKWNCGSANPEQSPNPENTA,0.8342736959457397,0.8342737,9,18000,577
GDPTSQPDNSDPCYAGIYSCYRPPADKEYHDGHGDDKYDNPKAPSTQGPRKHNNVHNRGNPWDEKF,0.8289675116539001,0.8289675,9,18000,577
SFSSSNMTEMDPHNHDQPRPPGNKNMRNDPRKDGWSWNAAPSSIVCTGRDKVPGDQWKRNHHPINK,0.8191936016082764,0.8192219,9,18000,577
YPKDDQCHTDEHDDNEKRKEMMQNEGSPQQCDDQQNMWGNQYTRGAQYRQDQIHDCRWGPYGGEHN,0.8133246898651123,0.8133247,9,18000,577
KHQQEPAMDGDDPPDNGPYNKFATMQRQPCEKRYYRDDHNQHENQFYTHVRMNGQRDKEGSAPQGK,0.7982923984527588,0.7982924,9,18000,577
WSQNPGKWWQNYTPYIGQNHRDHNQHRHNNTNFQTTPKLTTEDIREPRQIDEERLKRKNHKQPSRR,0.7948871850967407,0.7948872,9,18000,577
PPMDCKSDMKWRYNGFNQSVNDREAQEDQHNRPWQPDDPPWPTNDGQPNNCPWAKWQVDHDKNTTD,0.7912539839744568,0.791254,9,18000,577
WKTRFEVACQTPDPGEYQQYQHHSSREQSCCQDGPQDKGFKQQRNHQSYANYRHSNQQDSSERQRQ,0.7895083427429199,0.78950834,9,18000,577
EEQQWGRPDPHDPANQHRPRYKQWEALEQQPNKPQKYYNSVNWKKTNYHQHLQPKRRHAPIPPRKQ,0.7668539881706238,0.766854,9,18000,577
RIKEQTSWSTPTWIYHENTERRKWRHPEDGWKYQSQEWQPAWFKNDFEYYKGEPNEFQKCQPRWRD,0.7624503374099731,0.76245034,9,18000,577
KPVNQEQPEVAQHNKMQRWPPRKQKNGHGTHFKGAQRGPFHHNDKGDGWAHKWMQHKHKLDPKWHT,0.7622977495193481,0.76229775,9,18000,577
RRMKSQPTENYQKRFHRPSDERDRPGMYDKGYELYHQRTNRPITRQNGDMRKKNFWLWDPRCRTKV,0.7598229646682739,0.75982296,9,18000,577
DTSKTSAKGQPHDHQETNDRASNEFTRRRKIGYSTKHKKWSQKNWDMVHTHGEMHDGGPFWHHLQQ,0.7588944435119629,0.75889444,9,18000,577
AQEQWTHNAGVEPEYSPPRPESWRRPRQHEDAQSNKRSDQFEQREFDYRTDTLKEACPPHNTNGYG,0.7588828206062317,0.7588828,9,18000,577
LQPKWHRPVEGYIYSFDMWHKRWKLFRSQDQDKERDPLKTDEQYRVGDRQNRDFPNEDRFPDRPVT,0.7557494640350342,0.75574946,9,18000,577
EKDNDQDSVDDVQQAQCHDQWIRCADGPPSVSEKRGYQQDGGQGKNFGSGQRHGPWMKADNHWRNE,0.7497380375862122,0.74973804,9,18000,577
TIRQWNDKTKVKTPSWPHQKCGPNWHPPDTQRNPKLKGNTKENDQPRWCAHNQMPQFYFHRKDNTD,0.7449705004692078,0.7449705,9,18000,577
QYWNQKNEPHSEKTDPRPGEEARSFGNGADKNHWEPPDPVRRWNGLGYNTTYNWRDPFFDYRRTYQ,0.7366909980773926,0.736691,9,18000,577
GTEQRGHDCTPQEEGPQPTFWAFTPRNTMHPQQCYGKKDEDCEQEDHRYPAHVTNQNPGPHKGQDP,0.7320994138717651,0.7320995,9,18000,577
FQCWNWEEPIKRMQSQSHARKIEHYQMVPPYCQGQYNKYPLPTWQQQGNGEEPKSGNDGRPRKQQE,0.7235181331634521,0.72351813,9,18000,577
SEYRHDPTPSSMWTQEPHQTRTMMGFGAANTMNWPTWKRYHPAEDSKGPRPYKNPHPHPWKVKQTK,0.718896210193634,0.7188962,9,18000,577
YQQKRHPQPTEVRTLVGQCRNSMPNNQMSNLEKGSTWPFHWEQQHLESSFEPKGEYINQRHKDKDY,0.7153052091598511,0.7153052,9,18000,577
SNEDHDAFDEPICWNAVAKRRDNHNANSIQWNNKQKKNQDQQQNLKAIKNSTPYQKGPSPQNQANR,0.6967170834541321,0.6967171,9,18000,577
DPYWPPHDGQHGIDTKWEHAKADEHGVNAGIEQEPWGEAWRNPLPQKQKERDRRKQSPNGNGWKNP,0.6945520639419556,0.69455206,9,18000,577
VMLPVCDTLREPKQQGCHREAHMNEPMCNPGPQKTQTNGHVPKCGDGKTNPRNWWNRPENPHMNTE,0.6903314590454102,0.6903327,9,18000,577
GADFQSQTRKCRQKQYEDEPWNPNINKARHNEHPVQESNFSNQWQDDCPQGAHVRNFHPWKVGKEK,0.6871969699859619,0.68719697,9,18000,577
GDAHGYEKNFGIDDSHNDYQGKRQANDPHRCMKNVHPDGEWQPRDQQYHTRGVFKWTPGRYNHPEY,0.6861439347267151,0.68614393,9,18000,577
KWEQEKWRKQEQQNNNMKATSWQYEEIYDQWHQMRDYQNNDQDQMRNRKNFNWLKYRIGIWTYHFP,0.680294394493103,0.6802944,9,18000,577
NVERTNFAREHPFQTDAYWDQYMIHRIKPVQAQQNERDGGHEFPEGTQYLQQDDKQWNWCRRDCKH,0.6788583397865295,0.67885834,9,18000,577
QDDHLDQNEGPKPNEKHGAAQEEPWTREMPADGDCKRTNVPGRCNCFADGLQKTQSKNHDVRRDMG,0.6726994514465332,0.67269945,9,18000,577
WVEQDPPREKFDTQNAICQQQPERAGQVLQYQPDNAQPDKDHVWNPAHACGRRNNQHMAHKNEKPE,0.6637066006660461,0.6637066,9,18000,577
NEKEETIDYTSDDGAHTWDQDCHLSRHFCPHLQPRNQPMQHEYTRQQPEHQAYPDGFDQCNHDMSR,0.6632665991783142,0.6632666,9,18000,577
KSNQDHRVCYQKSLVFKIGHRSYNQKNKTRNNQHQCWWDPVPSTAQNREKKNEYNPHNDDFIRTST,0.6615097522735596,0.66150975,9,18000,577
HQNSDNPPMGLRADLCEHIQCGQCHHQVENANHSPFPRCKRRSDTHVKHEPWDNHPHAYQKHENHQ,0.6611109972000122,0.661111,9,18000,577
EARRCPPNMCHTRQHPKVYPAFPDWSGHRRRCQQHKDPGPPQWTFWNRHGDPQFKYDVDIWFQQDH,0.660396158695221,0.6604391,9,18000,577
FQHQQNNMNRDQYQSEANGTMISRKYWHDISTNQDQHRMQNEHANNHVNCPNHEVKNRPIDANDQS,0.6508361101150513,0.6508361,9,18000,577
NVPVDFSVPQDYRDQVHCKNKQHTGWSKRMRNDAERMESKNNHWHCMHNNGTPKPDAHWKHYDSQP,0.6425182819366455,0.6425183,9,18000,577
AGQGFLNRLRTIERDQHYRDPEYWQSHRLHHQAFRGQPGNFPKMYWKKPYTKHEVQLEQPNKNLKS,0.6415089964866638,0.641509,9,18000,577
DKWWVPPWEPDRREMLPNRPDGWRRSSKWNPGYSIPDWKTRDGDQVSWVTRLPQDEWRATDDQWWM,0.6412147879600525,0.6412148,9,18000,577
EHNTQPTRHANDHPNFPDAQPQHNEGNPWDCWDIYPMPIYAAQQTNPLGWRKQMKRKMIWRIQGEP,0.6298627853393555,0.6298628,9,18000,577
KDPSKICGPPESRMAPQDQSEIHVNQISDMPQQDKGREVQHHSMDSNNKNRPKQNYKEGYSTPNPP,0.6244683861732483,0.6244684,9,18000,577
CMKQDQTPNKQTLFDKDDTHGCHNHPEPNQRNHPENENNNISGTHQYDRFSNNQVHRNGLPIFCYN,0.6097888350486755,0.60978884,9,18000,577
QGRKQCMHQAFPHVFCAENQQFNGNTYKNNTYQEDKHQQHHDHGNTPNPLQQQESHYSSRDDPIDQ,0.6086199879646301,0.60862,9,18000,577
PSSHEPDCPCCCPQHVRSVQDPDQDHWDNGMEQHRRYDMQIHDMQKTSSQRNQQRKGNQVAQVGQG,0.6051142811775208,0.6051143,9,18000,577
RFKSHAWKENKWPIWTNRFHNDTYKMDNHKQNPADDGEMALRPPGGDHGDGRSMWQTEEKYMYMPN,0.5985567569732666,0.59860486,9,18000,577
MAKSNPRKHKYWQKFQHYADDATHNRSRTFNSYIPTNHYHNIMPDDRPRHDGDHYVNKVLPEPNDY,0.5957299470901489,0.5957299,9,18000,577
AQGYMDREDQEQDPEDPPHQNEKGVDAHGEADHRFSETAYSDFNTRRYFGKGCQDKGDQLCPQPYV,0.5942269563674927,0.59422696,9,18000,577
EKEGNGRWAPHATVGNTNTVEHPNVQDDTEWCHFVCTPDCGMKHRRIMEMQPDPQCIYQVDFEPEK,0.5917137265205383,0.5917137,9,18000,577
RFREDPREVKAQQCHPHNQEDVQLYFLVGSNPDRGKPTPKHDPQEDSNYYRDNQQAFPDDPWRFKD,0.5914102792739868,0.5914103,9,18000,577
SGESWGGNYVQEYYQAQCLKLGDKQLRGKWANRSKMCAISNHQRNNRKIPNHDDYRARSPWNDYPN,0.5905115604400635,0.59051156,9,18000,577
DGNCDKCSKGQATSIITCEPDLDGNNFDKIRDQTDLNYRKDRNQRNHDTKPDQHLHCFPGEHPNPE,0.5895190834999084,0.5895191,9,18000,577
NGEYWGFPGGKPMVGYENCDSAYNQCLDYQQDDDTHEDKVGPSPRHDDHPNSDHMHNNWWRENVNF,0.589095950126648,0.58909595,9,18000,577
DSSRCPPEVTDDKPRMREEWDKIQEYGQLPAFKNGPRQPQMRFFQYHGPIDRLEGGSENGPNRQED,0.5885230898857117,0.5885231,9,18000,577
RDEIFAQHCWWRRDDNEEDSQNCTQTDYEHMRHSNKIPWHPPMDAGSASHRFGDGSKQPMKPDWNQ,0.5838452577590942,0.5838461,9,18000,577
CNNDHDPVVTDFKFGNQDEKPNQSDQRQKVDMRENYWGRNHAKTPNISPELRQTRAYRPFPAARYQ,0.583223283290863,0.5832233,9,18000,577
QMYPHFNNPIINQPETYRTWMQWFIQRQDESDDFHDSQFSQSMKDCHRMGSITREFRDEKFKRRDK,0.581142246723175,0.58114225,9,18000,577
HYKPCFRFMKHSTNVDPFDQRWFDQFRGTNTFMHKIWPNDYHCGSQTRNFNPDQVQQVEVPRQPKF,0.5809728503227234,0.58102155,9,18000,577
GPDQQWFYSQKEIGYGYWCMPTYGDMRRHMPRHRRQYYMHYQWQRPCMEKSQQCNWQPSWATMQRD,0.5763715505599976,0.57637155,9,18000,577
YPQNGLSPPYKDFTGMDQQQERPVPGHQLKGTTNANRDSPMYWGTNHNVREDHYPKDFEPDQWYFQ,0.5757925510406494,0.57579255,9,18000,577
LQDRSYCKKIMEPGNNCPAKDSTNTRGRGRPYHDYRHERNMGKREFGTPDYQPKQVENPDKAGDRR,0.5750406384468079,0.57504064,9,18000,577
RHPCQAPGVCKYNEKNSCKHIGMERQDPYDKKWYQQWACMKTTGDAKGNNKRRWRINAGIPGHPDK,0.5739113688468933,0.57391137,9,18000,577
GRQRHNQLRQAEFLAYHNPECPFGNKSRPNENFGSPMYEPMGKGPQNSKSFNDNYFVCHHNNHPYR,0.5731056928634644,0.5731057,9,18000,577
ARTFTNQCNNMNHGSDLNNDGNKGLRYRTRYKFHRNHGIPTSSTGGGNQENKDGMPRQQKPRDPCD,0.5690964460372925,0.56909645,9,18000,577
IGRDDSVEKYTGKTDHAIPLEQDDGQSTPNMRQMRWQKTDTNGPYIKKCNTPEHEEKFGRIKPKPN,0.5665510296821594,0.566551,9,18000,577
NQGHAREPKGLHHRVRSDIKKDGMHRKWGKLYNNKFQTQYHDRTYGVHAWRQRKSYTPYWTKWPEY,0.5606551170349121,0.5606551,9,18000,577
GTNPNRQASPVRKDTNASCKFDWKHLMNPVDRQYMCDVPNPASTTQFEPDQRTGPDQKPKFPNKKA,0.5582617521286011,0.55826175,9,18000,577
SMAKLPEDSHDKNKENRWFQDLTFDPNQQGQICWQQSKPQNGDRRYGASNNEMHQQNHRTWCHKPR,0.5564773082733154,0.5564773,9,18000,577
INGEKKLDDQNHKKSGVYRCGTGQHKNNENMQHQDVPHSDVEPGRDNQGFQNMQIFTGDTTQPCTE,0.5529183149337769,0.5529183,9,18000,577
SHELEGNWSPGQRNADWQCHMQGTRNDYVDKQGYNFIPANPPRKRWFDDANINWPYGAFMHEWADQ,0.5441523790359497,0.5441524,9,18000,577
KPMGWWLPDMCRGSAGGKCIHEWTGQPDKKKKYPDYTYYDPHQKNLRPKNIEKPQEQCNKKKDFKK,0.5436505675315857,0.54365057,9,18000,577
WELEQQIQMENPQEMPSPPKDPDCNRKVPAARNPYRDSRPPYSTFPRYAGKDDRTRWVYFDRENGT,0.5410532355308533,0.54105324,9,18000,577
YFHWQNNHYHCKTPNQQRIRYYPQAKFDQQPEPPPDHQLARKEKVDPVYRWRPKEEYHVSQIERET,0.539451003074646,0.539451,9,18000,577
WDGKNYHWRSNIHPKNINNGGNGAHKDRTAEMSSGKVGNEKVIDCHTGVPKGEGDWEPSQHRETVP,0.5357505083084106,0.5357505,9,18000,577
ELRQTPISEFYRTWQGEQLDAQTRVPQFMERHTSTAQNFADVQNQNGNNQQNNFPDGNHDPYEFEG,0.5339816212654114,0.5340293,9,18000,577
WWWHHWIWYIQKYLKIDGAEKQGRWDENRKWRQLNKAGSRQPHTQGEIQFQPWKTVKMNVDKQNKE,0.5318502187728882,0.5318502,9,18000,577
QHGHLKQVDEEGDKQARYRNPQEHMEKRDWDDCDPDQPRFWIGHDFVPPPRHYDKNFGYFPKVWKW,0.530068576335907,0.5300686,9,18000,577
APEENMPYTQGYCEHGPGICMRMTPNQGADDNHGQHLRQEGNQHMPNEGDCRPFQPYEHWQTWHPG,0.526824951171875,0.52682495,9,18000,577
QGSPPGQAHKPIRQWMMRSFANCMDMQSPYEAHKHNWVRGWEQCKAQQRMMHQDEPGHKHWDCQPW,0.5248051285743713,0.5248051,9,18000,577
EEDSRNLRWSDWKAKHNQNPNPAGGMQPNPHPIGNNEWTNMHRQDRHGKDQQDGQHQQNKRDWQGQ,0.9365311861038208,0.9365315,10,20000,666
GNNEKDKQNYLYKNHEKKNQYMNQQYDGAKQDKPTRWRQWINVKDDENDGLNGHSNWVYYRKRADN,0.8954898118972778,0.8954899,10,20000,666
VHPWRVEQTNQPDRSYPNTNQDTERNHHQSDGNQHTWEMHKRQDCVENELQENPYQERCKKRRQPA,0.8718029856681824,0.871803,10,20000,666
WDTTTDEKPQDYKESHEQHRYYWFQDYTPQRQLYGNQRRKRQPETGQQIRPDRPQHPMMINQREAS,0.8674667477607727,0.86746675,10,20000,666
EHRGYEPPEQHEKMEWHCPNEWEKLKCMNKKNEWNDGHGKDHIQLGKFKNKPSPKKGENNDDKGRK,0.8577991127967834,0.85779953,10,20000,666
EHENDNWQPEQPMTDDHSLRKMHVAHGAQEWTGWHKCRDNVPHPEGPQMATKESQIHPRKTKQQSQ,0.8205401301383972,0.82054013,10,20000,666
RHLQWEKSDIKKSAYPLWAKQDKSNPEFDEDDRRRERDDQLDKEDNQPVFKPRNSGLVQPQNQMTN,0.8033857941627502,0.8034174,10,20000,666
PQEEHAICPRNCQELEINAQRRCYRSEQVFPGDKSWQRNGCGVPDPRRNQQQRPRNDHHWCRPQTQ,0.802229106426239,0.8022291,10,20000,666
QRRGQRQCHDQVHEWKYRISPADPNDVQNGPMGSHVQRPSQEHTKQQQQLHDRRELQKQNQEGYQQ,0.7814074754714966,0.7814416,10,20000,666
EQGHRQHRQGYDGPGHEPPRGLASTHGHMSPHHCMDDDSFRQKKYIEDDGRKNKQKLWREPKEERR,0.7774341702461243,0.7774342,10,20000,666
RQPPTRRFSQHSMPAPFTEFMNQPNPQDDPRAQGPDTPARTRHPQAIGGEQKQLYDGAQKSPQDPQ,0.7749118208885193,0.7749118,10,20000,666
EQPKQKTEEGLNQDWHEQKEMNQENKPTDSKKNRDKVNRTKPPMVDKQDRQVGETPVLFKWRDMRH,0.7653071284294128,0.7653071,10,20000,666
KTKEEASQRVSDMNNFEVSEEAPFDVDEDYKDRRSQNKPNPWAQYANALRPDTFNWQELHPEPKGD,0.761915922164917,0.7619165,10,20000,666
WRSFGQQRHQMPHDSKSRGPFEQGHQSDNTKCRNDVPNPSCKTEQMAHNFPHWTRRREKGPEAYKQ,0.7614414095878601,0.7614414,10,20000,666
CHDCYDENHFMGGYQNQTRASSSMCNDMEHRYHDQPKRKFQPDQYHYAQHQERAWGERKQYNQGPT,0.7604751586914062,0.76047516,10,20000,666
TYNDHFMVPRKCEKYHEHSHGPDQMREYWSQCYGETYIKNVDKRKHGHTQRNSDHYGHRPQNHEQQ,0.7540092468261719,0.75400925,10,20000,666
NDKGLHDTRDCGDMRPDDEDKWRANTPVYWPAYDRPQYKQPHHWINQKNQWEATMHGNDQPHVQDG,0.7537582516670227,0.75375825,10,20000,666
KESPNHAEMSMMNCTDPYNSDWCSDPRCDWQGRCHRACPKMRRDHMVRHGGVNMYWACPGFIDDNN,0.7492233514785767,0.74922335,10,20000,666
QPNQAQYEDQHNNQGVPMCQQRNLVNPWYPRNDNPDGNKSQKNRHSFDIPKQQPYGNSGRQEDQVM,0.7483880519866943,0.74838734,10,20000,666
DGPNDQQGQEAYLRDQKSDLHEVDREFSKQALNGRWNNTNYESFHDEDTRKVKGSVDYNQSKNKHS,0.739449679851532,0.739449,10,20000,666
GYGQQRETCLDPHYWEPPQEVPISYMRARWNNESNSERHADRIDEWKPKPRRVRRKRKDPGLKSCK,0.7353363037109375,0.7353357,10,20000,666
HPNTYTQDEHMVDHQQHEAEDHWHEWQVPLQVEQTHMQMQNHNDGEPFKHGKLGIMWHQTQRQTQQ,0.7345818281173706,0.7346201,10,20000,666
RVPDEDRSQNNERGCMSQPEQEQPHQQTGHNGQMQPNANRQGKRRRQDTFRHSSHFPFEWTRLTRH,0.7299242615699768,0.72992426,10,20000,666
HWEPKYDMQGRYDRNCGYERPDRVFHQKGNGPHMCNAPVHNDRERVDDLRHMHPPQSGPKRQKQHH,0.7289159893989563,0.72891605,10,20000,666
KPNHPQSNGQDLKNQHTMNEQYLQGRDNKWEDQSTTCIPTGERQRYQCGRTVADALCQQHHPRCNQ,0.7280110716819763,0.7280111,10,20000,666
SQSDLTKEQNTKKDRKQCVLWESMNDYHYCYNACNQNNPKHDYENWPGKQQITWEDASNKRPKPNN,0.7231326103210449,0.7231326,10,20000,666
DYQKVQYSETRDTHQQRYQKQVNGRGRPYMQGNPNEEREGQNRRMLVQTLQKTQKGRQDHAYEVEN,0.7219232320785522,0.72192323,10,20000,666
NNMNCPMNEGRTHQDQQRKRQEKYNHRVQPEPWSLQWKNMNAVHEHRNAPQHPNRDPDHLKPGPNF,0.7190126180648804,0.7190126,10,20000,666
QYVMYDETQKDDQDKLMYQNSNPKRDLSKNQPAKVPVQDGPFIHRQREWLKNNPNPVPWWMQSKNH,0.7153522968292236,0.7153523,10,20000,666
SVPTYSWDNHHVCKHNNDWEHFKEQWHHQGMWQGRQQQRPRRQWEEKRIPQKDQYMWRMWFRQTSP,0.7111366391181946,0.71113664,10,20000,666
DQDMQGTEEQRPDELNCMMRWSGYGCPSCKPHGHNYQRKPPHEKAHFDRRDPDLRRPQPQGQKGDR,0.7101819515228271,0.71018195,10,20000,666
VFSYDPKVKHTQKDQHPPWDQKDCGRTKPEHDPEPYQDKAKDKHRNRNQEPHSGQCRFGPHPWCEM,0.7011711597442627,0.70117116,10,20000,666
DWEKRWKAKDEDNAGHPHKHMPADPFHENIGDKKGNADEQYDSQEDHLYHDNVVWKPLHPKGSQIR,0.7000137567520142,0.70001376,10,20000,666
PPDEEEFSHQQCNRRYPVRVRKHTPGHTGFDSKRDREHKTGRYPRWESGHSPFRGVYTCDDTEEPP,0.6953774094581604,0.6953774,10,20000,666
QPDGCGQRDREAYYDAAAHNDYGQRHGGDQYEHCAADNDNDSVHVLGRGYPPAGPTFVNEHGRFRD,0.6785882711410522,0.6785883,10,20000,666
WNFDWVRDYQGWQCRVDPNDKAQKDSSSCQHNQNSNKCHKHEKDITEIHHYNQPHKQGHPPNYDHP,0.6772975325584412,0.67729753,10,20000,666
SGPSHSCAVQANAKQDDQKNFQQEGYQKSEQQQQQGFPKRGKKDMKADHGQTNNPPTYKKLRWQVH,0.6761175394058228,0.67615944,10,20000,666
FPNDRNCDQQNACEGQFLEQQERNEQDAPCGYRCQADSYERTYVQEHHTTEPNVPSQKRDMPEYHQ,0.6746842861175537,0.6746843,10,20000,666
RPLQPPRDRPNPQWKGHCQGKHNFRQLVSAGMMWQQGDAHSRDRKKEAEGTNRLPDMRDKTPKDAQ,0.6731029748916626,0.67310375,10,20000,666
HLEQFCDDMQQQGNDAHKTGDFRDENSNCQRAMCRHPQWIPGGPDPNCEQNSSKCGMRKSNRPQPK,0.6633674502372742,0.66336745,10,20000,666
PGDETSTRRGQCSAEKDHHQVFAGLNKNMHNNKDAQEYGDEPHHNQIYRNCDDRRQDIRYEQWTNK,0.6632171273231506,0.6632171,10,20000,666
SADLPHRLPSMMGHRHKHQNPPWWTDQNEDQTYYMSQWKYNRSQVPRWPMKVEQSGQTRTKENRRW,0.6504870653152466,0.65053266,10,20000,666
KMDQQDLKEPHNDGHWGCDNDKVTWKFRNNYYDQPKGMQKQQSLDWPQMDRKHPEVTMPDHQVHPC,0.6449798345565796,0.64497983,10,20000,666
STNCFNDDPAFPDWDEVQSEVWSPFVPQKRAKSDLQKPQDNHPIKQQDQQYFDYDKPNISQDKHDS,0.64316725730896,0.64321315,10,20000,666
PYHKHNETKHDTREDSANYEYIDLDARNQVTAWTPPWRQFNRQWVTAKGDHSQERWPFLNMHPRYQ,0.6398441791534424,0.6398903,10,20000,666
KGDHNGWDKRVAPWDMPTWQYNCIDNGHDSELRIRESSNDWMSKHNWEQEPQCDMNDNASWPREEN,0.6384389996528625,0.63848525,10,20000,666
RDGDLPFVQAQAQDEYAPGHNRHQHGQRDPHDMVKDFHDWPWDEGQWDKRGMRSNVTLRNFPRGAQ,0.6322169899940491,0.6322171,10,20000,666
EPQQYYKQPWIPSCAGDQDQDFGQNKNCEFNNNKPPAPADYHTTMMRHDAGHNDQWRNVDQGNRSY,0.6317139267921448,0.6317139,10,20000,666
ELNKNETEEDMDATGQLDRPEHEPEWRGVKCTKLLASHPDTKFSWCEQGQIRDKKNNRSKGGDGPF,0.6305235028266907,0.6305235,10,20000,666
QNSRADRFSQYMRHWRQHHDRPWRMYDTPPHTNQWPPLNELQDFKNNACAGQWHADRFKGNPAPNN,0.6263319849967957,0.626332,10,20000,666
QSQNDLPFASPMGCDPETGHMDTRRQNKDWEDDKDPECQSHPDLNKVNDCPSRFWARRRCKHYFYQ,0.6223318576812744,0.62237895,10,20000,666
GSENNQPDWQMLNDGGDNKTCAWPDWNQQREDEQNTSRFHVPWAQRHGNELFTRVRQHNNPAVHET,0.6135758757591248,0.6135772,10,20000,666
NGNDCTDAEGEYCRYFNPGGDYYDKIQFRGPMYNDDQNTMQNSWYQSYEPQVPHMGETEGLQGFQD,0.6131995916366577,0.6132471,10,20000,666
ETRECPPMEKHEPVDQDDRQVQGLRMRQQECDFPKFDHEWTQQWDGSMDQMMMMDCRFQYRWTFQN,0.607478678226471,0.6074787,10,20000,666
YMAQWWPDFCEMEGPQHHSEHRENDRNGRTACQGVSFSRETKKCPKDRDWLGQPQHSYQQIKPAFQ,0.605725884437561,0.6057258,10,20000,666
LKDGHEFHSPTIRGAYKSGGVMGKDDDRPGCCQRKDGFQHSQQQRVGKNHGQMPDRDDHTDPLADK,0.604094922542572,0.6041428,10,20000,666
QKDREDAFPHIHSEEVYPTCWAPGWEYQVQKTYTKWDGWQMKQSQKRGPYRTPQHCGQKAQQPMPK,0.5956476330757141,0.5956484,10,20000,666
GYVRRQHQRDAINDQINTGQGQTYRRCGHNHCHHQECHWSHPDDFDFQPGFQHATWGHWQLNKCDD,0.5899993181228638,0.5899993,10,20000,666
WCIDEDPDQDCPQNRRPRSIDYYKHEDTKARFDDPYRPLQWVHTHKQYRMDSHKPQLMASYRRVRQ,0.5865815877914429,0.5865816,10,20000,666
RSQHACKKKSRQNGCCNPRSRSRGDRQSSPQPQLNRLYPGQRENSHTPGSLECKNNNVTIPCRSND,0.5864874720573425,0.58653593,10,20000,666
DQWHYNGHDAQTDRHQHPDRQDPEYTNWDREQDPKCQRHHDHGHRHMCQDEMKVGTYWDFQIAMHD,0.5864558219909668,0.5864558,10,20000,666
RDTYVVWPQRCPKGIFEEHGNMMEQQSWLQRPKAQEKREDDNPHYSDQKYDKQGQHRNFLDRRGKE,0.5836493372917175,0.58364934,10,20000,666
ACQRMLSQDYCNDEQQAVQYNSREHEFHGGGHLFQPKHWYIQEATNDGMNHRDPDPFFERCPHFKD,0.5820556879043579,0.5820557,10,20000,666
TFRQDQLMPPQTKNNNDLNPLAARSPESPIWLHGERHYWFCHPQSGQQNRRHQNHGRHDHPGQFPG,0.5813711881637573,0.5814178,10,20000,666
NDIHGGPWADPISWPMIWQQMQPKCHDDSQGTNCNWAQTKSNPNFCEYVFQCTQSFNGENTTYRQR,0.5806073546409607,0.58060735,10,20000,666
QKNYNPRHPCFGLKCRHEVPAAKQIMQMRMDPDPQQHRQQDKQAFPDQCNPNQCDEGTHPQPQKPD,0.5803801417350769,0.58038014,10,20000,666
RRVAPQPKDQMNCGKEQDLAQCDNQATHYNLNEHKGGWKQQRYPTPHAKRWIRVDTTQNHWPHGDP,0.5733091831207275,0.5733092,10,20000,666
TPSENRSEDKDPVFPRDREMRTRKDGWPQPPNRVYHWKGDPYGMMVEHQFPKNCQYPKPQVPQWVY,0.5636286735534668,0.5636287,10,20000,666
DGKATAETQMKNGCPKYFCKRDQKQQPAGESYNHMHETGHQFTDPMDYPIPPEKNDTGQYQGNNGG,0.5621334910392761,0.5621335,10,20000,666
ANEENIHMKVNSEDQIDWRQWQHEGNTRAVNYWDYGQFHKAKIQYDRHNERQDQMKPQMRVQSPQP,0.5602914094924927,0.5602914,10,20000,666
CDYLKHYYKQLEPPGYLMERYRGYPAFDFPWEEDGNQDNMDNARYNNYGHRDGSTDCRGNNGKQYQ,0.5558822751045227,0.5558823,10,20000,666
SEERVECQWSNNGMQCRQASQGNYQCYCPPLTSGMEMLDNYCKGQGTPHMVRWGPPPPCNPSRYPQ,0.5457426905632019,0.5457427,10,20000,666
SPTLTSWYFIRWRHRSNPPQNYYMYLERTQGPANFQEEPNDLTYRRPQEGFGRTRQPHYHHEWAQP,0.5445576906204224,0.5445577,10,20000,666
QNGDHCRHAIENHQWNGQDQREDHRVKHQKTIDGQLSAQMFPGGDWSISMDSNNNYKWSKPDFSSG,0.5384875535964966,0.5385373,10,20000,666
SKGMTQNDFQESQNYPAYRDKSQQTEAFHYTGYDEPYLTMSTLYSYYYYTDEPKKQMQPNKEQWNN,0.5378127694129944,0.53781277,10,20000,666
EQNQERKHGRPICSNGPLTKWFQKKDHFFNQYDRLNVISPKQPDQCGEGDHPGQTKGDRNNCDNSQ,0.5332701802253723,0.5332702,10,20000,666
GKSTKSMKYPVIWDMMDQRPDLNHAQWFQTGWHLNKRDQFHENPHNSQVADPETWEPDFHQHWNMG,0.5331688523292542,0.5332187,10,20000,666
TQGMPHRQPKNNFIHDPNRYPSAACDWYDDYDDVDCEARRRSDYRGHKKDQRDYGYIKQAQDEGYC,0.5320228338241577,0.53202283,10,20000,666
WWSRIPVKYDQWAMNQKRQDNNDSMPTNSVKPNFWDCVVSCFDRSDPERDRDESNEGNGYSPHDNH,0.5239642262458801,0.5240142,10,20000,666
ERKQDHDKYPQITQNWKNCRNGYNFYHNSKEDMTFQFSFQQRADVPTYGQSIRHAQSPQNTRRTHR,0.5229684114456177,0.52296925,10,20000,666
DQSKQDYKHPVMIGQGNWNRIVQPRRRNRHYPMEWTFNTDPGRCQGYENPCPFKIHHFRNVNSEQS,0.5219084024429321,0.5219098,10,20000,666
DSQQNIQKKVREDHQDWFHVKDGEGPPEWQEHHCGPYERNPNRFRKHCQWHMFPHGKGDHCFHGAS,0.5213066339492798,0.52130663,10,20000,666
VEETYKWHCVPRRGRKVDTREPPTWMMPYWYIQRYQHESMYYSQQADRQFRRPDTPRPQPFQEQWR,0.5202382206916809,0.5202382,10,20000,666
GHDMDHNNQEVDTSQDPGRDDKRLAPYQRKLRGGKSPDFHVQDNFPSPEHKPCQMYQTEQLNFFWY,0.5153526067733765,0.5153526,10,20000,666
NHDPTCGKFDAHARPRPMPEDDTNFRQMFGHMNAAQGDNTHGFKAAQQHTNRGVHWKQKTIVNMAQ,0.5145655274391174,0.5145655,10,20000,666
QFENRFEGYGWIQRRHFNGRHKEIQKESIVAPRDQAEPEMQQERKAPDKAGKRMRDKSSQMEMNRN,0.513271152973175,0.51327115,10,20000,666
PEHDAYNHSCFMDFGNHQDQTFNMHETRFRSYRRHPFYYMSHCRRNVGQCHHHPWPRVRQPKRWMT,0.5122467279434204,0.5122467,10,20000,666
RNCVPQHRVNHHDFDRFFRPKDHSYNKRRKWRTDCWWYSPTDAHHECITYMKTCQALDKKWHHGND,0.5120749473571777,0.512125,10,20000,666
SEHETPWPPPSSQQPPNSLEKPHGDPCKRYAFPGTTEGPYQRMYCFGEVHLMWPPAEHDHFQFRNP,0.5114243626594543,0.51142436,10,20000,666
