{"run_id": "18:11:45-09/28/2020", "exp_name": "CbAS_Q=0.8_generator=VAE_latent_dim=2_intermediate_dim=250", "model_name": "LandscapeAsModel=RosettaFolding", "landscape_name": "RosettaFolding", "rounds": 10, "sequences_batch_size": 100, "model_queries_per_batch": 2000}
sequence,model_score,true_score,round,model_cost,measurement_cost
MAQASVVFNQLIPINTHLTLVMMRFEVVTPVGCPAMDIPRLVSQQVNRAVPLGTTLMPDMVKGYAA,,0.3239406,0,0,1
QSEIHDPGEKYNTVQINMWGLDAIDRGHQYVRTHERGNAKNPKYSYEDSSHEMQRPTTFWYIKFNH,0.42205924,0.42205924,1,2000,100
QSEIHDPRERNNTVQINMWGLDASDRGHQYVRTHFIGNAKHPKYSYEYSSHEMQRPTIFWYIKFNH,0.3908617,0.3908617,1,2000,100
NELCFGWITGWCEKDDTADLMSCPMLANDGIRIWGTFYSYTWNVQESNHCSGQWWQQSDSSKVWNI,0.3810068,0.3810068,1,2000,100
GADPNQNITGYCENAKQAENLEMHDISKSITWPNEYYPDTANMVTWKNKCRQPWVFYDRAMHIMWW,0.30214748,0.30214748,1,2000,100
PSMIHFDGEKYNTVQINMWGLDASDRGHQYVRTHSIGNAKHPKYGMEYSSHEMQRPTMFWYIKFNH,0.29564577,0.29564577,1,2000,100
QSEIHDDGERNNTVQINMWGLDACDRGHQYVRTHFIGNAKHPKYLMEYSSHEMQRPTIFWYIKFNH,0.29400283,0.29400283,1,2000,100
QSEIHDHGERYNTYQINMWGLDACDRGHQYVRTHEIGNAKHPKYSMEYSSHEMQRPTIFWYIKFNH,0.29297766,0.29297766,1,2000,100
QSMIHDPGERYNTVQINMWGLDASDRGHQYVRTHEIGNAKHPKTSMEYSSHEMQRPTIFWYIKFNH,0.29066306,0.29066306,1,2000,100
QSEIHDPREKNNTVQINMWGLDACDRGHQYVRTHEIGNAKHPKYSYEDSSHEMQRPTIFWYIYFNH,0.27888605,0.27888605,1,2000,100
QSEIHDPGEKYNTVQINMWGLDAIDRGHQYVRTHFIGNAKHPKYSMEYSSIEMQRPTDFWYIKFNH,0.2675185,0.2675185,1,2000,100
QSMIHDDREKYNTVQINMWGLDACDRGHQYVRTHEIGNAKHPKYSMEYSSHEMQRPTIFWYIKFNH,0.2661833,0.2661833,1,2000,100
QSEIHDPGEKNNTVQINMWGLDACDRGHQYVRTHEIGNAKHPKYSMEYSSHEMQRPTIFWYIYFNH,0.25731158,0.25731158,1,2000,100
QSEIHFDGEKYNTVQINMWGYDACDRGHQYVRTHSIGNAKHPKYSMEYSSHEMQRPTQFWYIYFNH,0.2533826,0.2533826,1,2000,100
QSMIHDPGEKYNTVQINMWGLDACDRGHQYVRTHEIGNAKNEKYHYEYSSHEMQRPTDFWYIKFNH,0.25198042,0.25198042,1,2000,100
QSEIHDPREKYNTVQINMWGLDACDRGHQYVRTHEIGNAKHPKTSMEYSSHEMQRPTIFWYIKFNH,0.24561106,0.24561106,1,2000,100
QSEIHFHGEKYNTVQINMWGLDACDRGHQYVRTHFRGNAKHPKYLMEYSSHEMQRPTLFWYIKFNH,0.24353603,0.24353603,1,2000,100
QSMIHDPGEKYNTVQINMWGYDACDRGLQYLRTHFIGNAKHPKTSMEDSSHEMQRPADFWYIKFNH,0.2398542,0.2398542,1,2000,100
QSEIHDPGERYNTVQINMWGLDACDRGHQYVRTHFIGNAKHPKYSMEYSSHEMQRPTIFWYIKFNH,0.23187824,0.23187824,1,2000,100
QSEIHFDGEKYNTVQINMWGLDAYDRGHQYVRTHEIGNAKHPKTSMEYSSHEMQRPTIFWYIKVNH,0.22829524,0.22829524,1,2000,100
QSMIHDDRERNNAVQINMWGLDACDRGHQYVRTHEIGNAKHEKYSMEYSSHEMQRPTIFWYIYFNH,0.22760898,0.22760898,1,2000,100
QSMIHDHGERNNTVQINMWGLDACDRGLQYVRTHEHGNAKHPKTSYEYSSHEMQRPTIFWYIKFNN,0.2271992,0.2271992,1,2000,100
PSMIHDHRERYNAVQINMWGLDASDRGLQYVRTHFIGNAKHPKYQYEDSSHECQRPTFFWYIKFNH,0.22376032,0.22376032,1,2000,100
QSEIHDPREKYNTYQINMWGLDACDRGLQYVRTHFIGNAKHPKYSYEDSSHEMQRPTIFWYIKFNH,0.21790412,0.21790412,1,2000,100
QSEIHDPRERYNPVQINMWGLDAIDRGHQYVRTHFIGNAKHEKTSMEYSSHECQRPTIFWYIKFNH,0.21333084,0.21333084,1,2000,100
QSMIHDPGEKYNTVQINMWGLDACDRGHQYVRTHFIGNAKHPKYSMEYSSHEMQRPTIFWYIKFNH,0.21230912,0.21230912,1,2000,100
QSMIHDPREKYNPVQINMWGLDASDRGLQYVRTHFIGNAKHEKTHMEDSSHEMQRPTIFWYIKFNH,0.21179254,0.21179254,1,2000,100
QSMIHDPREKYNTVQINMWGLDACDRGHQYVRTHFIGNAKHPKYSMEYSSHEMQRPTIFWYIKFNH,0.21094403,0.21094403,1,2000,100
QSEIHDPGEKYNTVQINMWGLDACDRGHQTVRTHFIGNAKLPKTSMEYSSHECQRPTIFWYIKFNH,0.20508127,0.20508127,1,2000,100
QSEIHDPGERYNAVQINMWGYDACDRGHQYVRTHFRGNAKHPKTLYEYSSHEMQRPTIFWYIAFNH,0.20298153,0.20298153,1,2000,100
QSEIHDPGERNNTVQINMWGLDACDRGLQYVRTHSIGNAKHPKYSYEYSSHECQRPTIFWYIYFNH,0.19972181,0.19972181,1,2000,100
QSMIHDPGEKYNPVQINMWGLDACDRGHQYVRTHSIGNAKHEKYSMEYSSHEMQRPTIFWYIYFNH,0.19896334,0.19896334,1,2000,100
ESTMQSIFSTYCRSMRCHKDMTADCKTKTYNRWRWEMRTCRGKASFASSTQIVQTVHSKCTWPSQE,0.19698343,0.19698343,1,2000,100
QSEIHDPGEKYNTVQINMWGLDASDRGLQYVRTHFIGNAKHPKTSYEYSSHECQRPTWFWYIYVNH,0.19435924,0.19435924,1,2000,100
QSEIHDPREKYNTVQKNMWGLDACDRGHQYVRTHFIGNAKHPKYSMEISSWEMQRPTIFWYIYFNH,0.19337554,0.19337554,1,2000,100
QSEIHFHGEKYNTVQINMWGLDACDRGHQYVRTHFIGNAKHPKTSMEYSSHEMQRPTIFWYIKFNN,0.19125858,0.19125858,1,2000,100
QSEIHDDREKYNTVQINMWGLDACDRGLQYVRTHEIGNAKHPKTSYEYSSHEMQRPTIFWYIKFNH,0.19029158,0.19029158,1,2000,100
QSEIHDPGERYNTVQINMWGLDAIDRGLQYVRTHFIGNAKHPKTSMEYSSHEMQRPTRFWYIKFNH,0.18681018,0.18681018,1,2000,100
QSMIHDPRERYNAVQINMWGLDACDRGHQTVRTHFIGNAKHPKYLMEYSSHEMQRPTPFWYIYFNH,0.18173376,0.18173376,1,2000,100
QSEIHDDREKYNTVQINMWGLDACDRGLQYVRTHFIGNAKHPKTSMEDSSHEMQRPTIFWYIKFNH,0.18126136,0.18126136,1,2000,100
QSFIHDPGEKYNTVQINMWGLDACDRGLQYVRTHSIGNAKHPKYPMEYSSHEMQRPTIFWYIKFNH,0.180333,0.180333,1,2000,100
QSFIHDDGEKYNPVQINMWGLDAIERGHQYVRTHFIGNAKNPKYSMEYSSHECQRPTVFWYIYFNN,0.18015125,0.18015125,1,2000,100
QSEIHFPREKYNTVQKNMWGLDACDRGLQYVRTHFIGNAKHPKYSYEYSSHEMQRPTIFWYIKFNH,0.17970915,0.17970915,1,2000,100
QSEIHDPREKYNTVQINMWGYDACDRGLQYVRTHEIGNAKHPKYSMEYSSHECQRPTIFWYIAFNH,0.17735973,0.17735973,1,2000,100
QSEIHFPREKYNTVQINMWGLDASDRGHQYVRTHFIGNAKHPKTSMEYSSHEMQRPTIFWYIYFNH,0.17684971,0.17684971,1,2000,100
QSEIHDHGEKYNTVQINMWGLDACDRGLQYVRTHFIGNAKHEKYSMEYSSHEMQRPTIFWYIKFNH,0.17406483,0.17406483,1,2000,100
QSEIHDPGEKYNTVQINMWGLDACDRGLQYVRTHFIGNAKHPKYSMEYSSHEMQRPTIFWYIKFNH,0.17353997,0.17353997,1,2000,100
QSMIHDPGEKYNTVQINMWGLDASDRGLQYVLTHEIGNAKHPKYSMEDSSHEMQRPTIFWYIYVNH,0.17098428,0.17098428,1,2000,100
QSMIHDPREKNNTVQINMWGLDACDRGHQYVRTHFIGNAKHEKYSMEYSSAEMQRPTIFWYIYVNH,0.17003575,0.17003575,1,2000,100
ECTEQSIFSCYCRSMRCHKDSTADCKTKTYNRWRWEMRTCRGKASFASHTQIVQTVHSKRTWPSQE,0.16909313,0.16909313,1,2000,100
QSMIHDPGEKYNTVQINMWGLDACDRGLQYVRTHEIGNAKHPKYSMEYSSHEMQRPTIFWYIKFNH,0.16844279,0.16844279,1,2000,100
QSEIHDPREKYNTVQINMWGLDAYDRGLQYVRTHFIGNAKHPKTSMEYSSWEMQRPTIFWYIKFNH,0.16818865,0.16818865,1,2000,100
GARLFGKFGGNAPSDLQAEVDTMNMIAPRIIWMMGKFTRNWKWDQVALHAVKMPLSGMDYPFQWRK,0.1660323,0.1660323,1,2000,100
ESTEQSIFSCYCRSMRCHKDMTADCKTKTYNRWRTHMRTCRGKASFASHTQIVQTVHSKRTWPSQE,0.16484141,0.16484141,1,2000,100
ECTEQSIFSCYCRSMCCHKDSDADCKTKPYNRWRWEMRTCRGKASFASHTQIVQTVHSKCTWPSQE,0.16394234,0.16394234,1,2000,100
QSMIHDGGEKNNTYQINMWGLDACMRGLQYVRTHFIGNAKHPKTSMEYSSHEMQRPTIFWYIKFNH,0.16385622,0.16385622,1,2000,100
QSMIHDHREKYNAVQINMWGLDACDRGHQYVRTHFIGNAKHPKTSMEYSSHEMQRPTAFWYIAFNN,0.16293961,0.16293961,1,2000,100
QSEIHFPREKYNTVQINMWGLDACDRGHQYVRTHFIGNAKHPKYSMEYSSHEMQRPTGFWYIYFNH,0.16022067,0.16022067,1,2000,100
QSMIHDDGEKYNTVQINMWGLDACMRGHQYVRTHSIGNAKHPKTSYEDSSHEMQRPTIFWYIYFNH,0.15948524,0.15948524,1,2000,100
ESTEQSIFSCYCRSMLCHKDSTADCDTKTYNRWRWEMRTCRGKASFASHTQIVQTVHSKRTWPSQE,0.15863676,0.15863676,1,2000,100
ECTEQSIFSCYCRSMLCHKDMTADCDTKTYNRWRWESRTCRGKASFASHLQIVQTVHSKRTWPPQE,0.15849979,0.15849979,1,2000,100
QSEIHDPGEKYNTVQINMWGLDACDRGLQYVRTHFIGNAKHPKTSMEYSSHEMQRPTIFWYIKFNH,0.15669328,0.15669328,1,2000,100
QSMIHDPGEKYNTVQINMWGLDACDRGLQYVRTHFIGNAKHPKYSMEYSSHEMQRPTIFWYIKFNH,0.15437861,0.15437861,1,2000,100
QSEIHDPGEKYNTVQINMWGLDACDRGLQYVRTHFIGNAKHPKTSYEYSSHEMQRPTIFWYIKFNH,0.15336685,0.15336685,1,2000,100
QSMIHDPGEKYNTVQINMWGLDACDRGLQYVRTHFIGNAKHPKYSYEYSSHEMQRPTIFWYIKFNH,0.1510925,0.1510925,1,2000,100
QSEIHDPRERNNTVQINMWGLDACDRGLQYVRTHFIGNAKHPKYLMEHSSIEMQRPTIFWYIKFNH,0.14985628,0.14985628,1,2000,100
QSMIHDPGEKYNPVQINMWGLDAISRGHQYVRTHFIGNAKNPKTSYEYSSIEMQRPTIFWYIKFNH,0.14957972,0.14957972,1,2000,100
QSMIHDPREKYNTYQKNMWGLDACDRGLQYVRTHEIGNAKLPKYSYEYSSHAMQRPTIFWYIKFNN,0.1493918,0.1493918,1,2000,100
NQVPFDVTHGSWCKDKTAQNQACPMMYDQGSRAMEIFPPFWCMVTTGPHCLNWESLSWDNMMTWHE,0.1482265,0.1482265,1,2000,100
ESTMQSIFSCYCRSMRCHKDSTADCKTKWYNRWRWEMRTCRGKASFASSTQIVQTVHSKRTWPSQE,0.14734001,0.14734001,1,2000,100
QSMIHDPGEKYNTVQINMWGLDACDRGLQYVRTHFIGNAKHEKYSYELSSHEMQRPTIFWYIKFNH,0.14700215,0.14700215,1,2000,100
QSMIHDHGEKNNTVQINMWGLDACDRGLQYVRTHFIGNAKHEKYSMEYSSHEMQRPTIFWYIYFNH,0.14612563,0.14612563,1,2000,100
QSMIHDPREKYNTVQINMWGLDACDRGLQYVRTHFIGNAKHPKYSMEYSSHECQRPTPFWYIYFNH,0.1455769,0.1455769,1,2000,100
ECTEQSIFSCYCRSMCCHKDMTADCKTKTYNRWRWEMRTCRGKASFASHLQIVQTVHSKRTWPSQE,0.14468889,0.14468889,1,2000,100
QSMIHDHGEKYNTVQINMWGLDACDRGLQYVRTHFRGNAKHPKTHMEDSSHEMQRPTAFWYIYFNH,0.14376156,0.14376156,1,2000,100
QSMIHFDREKYNLVQINMWGLDACDRGHQYVRSHFIGNAKHPKYSMEYSSHEMQRPTIFWYIKFNH,0.14324354,0.14324354,1,2000,100
ESTEQSIFSCYSRSMLCHKDMTADCKTKTYNRWRTEMRVCRGKASFASHTQIVQTVHSKRSWPSQE,0.14237526,0.14237526,1,2000,100
QSMIHDPGEKYNTYQINMWGLDAIDRGLQYVRTHFIGNAKHPKYHMEYSSHEMQRPTIFWYIKFNH,0.14202608,0.14202608,1,2000,100
QSFIHDPREKYNPVQINMWGYDACDRGHQYVRTHFIGNAKLEKYHMEYSSHEMQRPTIFWYIYFNH,0.14077762,0.14077762,1,2000,100
ECTEQSIFSCYCRSMCCHKDMTADCKTKTTNRWRWEMRTCRGKASFASHTQIVQTVHSKRTWPSQE,0.14053114,0.14053114,1,2000,100
ESTEQSIFSRYCRSMCCHKDMTADCDTWTYNRWRWEMRTCRGKASFASHTQGVQTVHSKRTWPSLE,0.14051437,0.14051437,1,2000,100
QSMIHDDREKYNTVQKNMWGLDACDRGLQYVRTHFIGNAKHPKYSMEYSSHEMQRPAIFWYIYFNH,0.14045359,0.14045359,1,2000,100
RNNAFHCIVFNICGDKSYELVACPYLFPNKRRPDSTYDDHWEPIHVKFTDWLICYPGLPWYHVKNC,0.13829187,0.13829187,1,2000,100
PHKGHNFSEHDQVVQIYMWKNDPRTRGLNWVMTTLGWSPKEEKLWDEHSKRMFMGEAKHWLDGILE,0.1379636,0.1379636,1,2000,100
QNNAFHAIEGWSCYQKSCEDQRKPYLFPWQRRYCSTADDHHEKIHVKFSDWLRQMPGLIVYAVSNN,0.13790782,0.13790782,1,2000,100
QSFIHDDGEKYNPVQINMWGLDACDRGLQYVRTHFIGNAKHPKTSMEYSSHEMQRPTIFWYIKFNH,0.13737479,0.13737479,1,2000,100
ECTEQSIFSTYCRSMLCHKDSTADCDTWTYNRWRWEMRVCRGKDSFASHLQIVQTVHSLRTWPPQE,0.13654234,0.13654234,1,2000,100
ESTEQSIFSCYCRSMLCHKDSTADCKTKTYNRWRWEMRTCRGKASFASHTQIVQTVHSCCTWPSQE,0.13653444,0.13653444,1,2000,100
QNNAMHAIEGWSCYQKSCEDQRKPYLFPWRRRYCSTFDDHHEKIHVKFSDWLRQMPGLIWYHVSNN,0.13592352,0.13592352,1,2000,100
QSMIHDDGEKYNAVQINMWGLDACDRGLQYVRTHEIGNAKLPKYSMEYSSHEMQRPTIFWYIKFNH,0.13589829,0.13589829,1,2000,100
ECTEQSIFSCYCRSMLCHKDSTADCDTKTYNRWRTEMRTCRGKASFASHTQIVQTVHSKRTWPSQE,0.13483971,0.13483971,1,2000,100
QNNAMHAIEGWSCYQKSCEDQRKPYLFPWRRRYCSTYDDHHEKIHVMFSDWLRQMPGLIWYHVSNN,0.13425343,0.13425343,1,2000,100
QSMIHDPRERYNTVQINMWGLDACDRGLQYVRTHFIGNAKHPKYHMEYSSHEMQRPTIFWYIKFNH,0.1337417,0.1337417,1,2000,100
QSMIHDDREKYNTYQINMWGLDACDRGLQYVRTHFIGNAKHPKYSMEYSSHEMQRPTIFWYIYFNN,0.13228244,0.13228244,1,2000,100
QENAMHAIEGWSCYQKSCEDQRKPYLFAWQRRYCSTYDDHHEKIHVKFSDWLRQMPGLIVYAVSNN,0.13168992,0.13168992,1,2000,100
QSEIHDPGEKYNTVQINMWGLDACDRGLQYVRTHFIGNAKHPKYSMEYSSHEMQRPTIFWYIYFNH,0.12961335,0.12961335,1,2000,100
QNNAMHAIRGWSCYQKSCEDQRAPYLFPWQRRYCSTYDDHWEKIHVKFSDWLRRMPGLIVYHVSNN,0.12916522,0.12916522,1,2000,100
GNSLFPWTTILCEKDNQYKTTRMMHLPPFGCRPNVTFPPHANAVQTKFHMRGGEMQGQIDVHVDSK,0.12892476,0.12892476,1,2000,100
QSMIHDPGEKYNTVQINMWGLDACDRGLQYVRTHFIGNAKHPKYGYEDSSHEMQRPTIFWYIYFNH,0.12808174,0.12808174,1,2000,100
QNNAFHAIRGWSCYQKSCEDQRAPYLFPWQRRYCSTFDDHHEKIHVKFSDWLRQMPGLIVYHVSNN,0.12718135,0.12718135,1,2000,100
FHMGNCPREHEIVDMMSCSTHDPRPRQLYDHTTPFGGVMKDERWSIEHSIDSHYMRRVYWIQYFDS,0.44566244,0.44566244,2,4000,199
VLFIMCCIVMRFFDKRDKREKTCTGILYAYFFWNSPSCREEFKFEHKRPHQPSFSSYDDFMHGTER,0.44352648,0.44352648,2,4000,199
THMGNCPREHEIVDMMSCSTNDPRNRQLYDHTTPFGGQMRDERWSIEHLIRSHYMRRVYPIQYFES,0.4320124,0.4320124,2,4000,199
THMGNCPREHEIVDMMSCSTHDPRQRQLYDHTTPFGGVMRDETWSIEHHIRSHYMRRVYWIQYFES,0.40356788,0.40356788,2,4000,199
THMGNCPREHEIVDMMSCSTNDPRGRQLYDHTTPFGGVMRDETWSYEHLIRSHYMRRVYWIQYFES,0.38375604,0.38375604,2,4000,199
QITDNMIEEGACFDVMGPMVTCYSQIANDQQSWSFNDPRTGMKNEWDMWHGLEFCRDWPWSGDPND,0.3720668,0.3720668,2,4000,199
TSMGNCPREHEIVDMMSCSTHDPRYRQLYDHHTPFGGVMRDERWSIEHLIRSHYMRRPYPIQYFES,0.34351134,0.34351134,2,4000,199
LLDPEHWMAIHAYTKMSPEHRYSNNLLPACTHMSYNQHPGWDYPSFARLMSFIWWCMDWWPFVYNH,0.34005365,0.34005365,2,4000,199
TVMGNCPREHEIVDMMSCSTHDPRGRQLYDHTTPFGGQMRDERWSIEHLIRSHYMRRVYPIQYFES,0.33744204,0.33744204,2,4000,199
NETGNMIIEMHIPWAESFYTSICNGIDKDQHSSCSKYGPMFDKICTAHYASERCHTWWDIMHNNED,0.33704448,0.33704448,2,4000,199
TVMGNCPREHHIVDMMSCSTHDPRERQLYDHTTPFGGQMRDERWSIEHLIRSHYMRRVYWIQYFED,0.33637974,0.33637974,2,4000,199
TVMGNCPREHHIVDMMSCSTNDPRDRQLYDHTTPFGGQMRDERWSYEHLIRSHYMRRVYPIQYFES,0.3306289,0.3306289,2,4000,199
TVMGNCPREHEIVDMMSCSTNDPRTRQLYDHTTPFGGVMKDERWSYEHMIKSHYMRRVYPAQYFES,0.31922832,0.31922832,2,4000,199
THMGNCPREHEIVDMMSCSTHDPRTRQLYDHTTPFGGVMRDERWSIEHLIRSHYMRRVYPIQYFES,0.31815702,0.31815702,2,4000,199
TVMGNCPREHEIVDMMSCSTHDPCQRQLYDHTTPAGGQMKDERWSIEHPIRSHYMRRVYPLQYFES,0.30476376,0.30476376,2,4000,199
TVMGNCPREHEIVDMMSCSTHDPRRRQLYDHQTAFGGVMKDERWSIEHLIRSHYMRRVYWIQYFES,0.3013412,0.3013412,2,4000,199
TVMGNCPREHEIVDMMSCSTHDPRVRQLYDHTTPFGGVMRDERWSIEHSIRSHYMRRVYPIQYFES,0.2978466,0.2978466,2,4000,199
TVMGNCPREHEIVDMMSCSTNDPRCRQLYDHTTPFGGVMRDERWSIEHYIRSHYMRRVYWIQYFES,0.29210925,0.29210925,2,4000,199
TVMGNCPREHEIVDMMSCSTHDPRARQLYDHTTPFGGVMRDERWSIEHLIRSHYMRRNYPIQYFES,0.28737667,0.28737667,2,4000,199
TVMGNCPREHEIVDMMSCSTHDPRARQLYDHTTPFGGVMRDERWSYEHLIRSHYMRRVYWIQYFES,0.28701684,0.28701684,2,4000,199
TVMGNCPREHEIVDMMSCSTHDPRPRQLYDHTTPFGGVMRDERWSIEHLIRSHYMRRVYPIQYFES,0.28600597,0.28600597,2,4000,199
PEDNNGPGGDHKDTYYWKWQKCRESSRPMGTGSCTPSDGHTLHWNHGFPKWVEWPDYNIPDFWNVK,0.27976534,0.27976534,2,4000,199
HQDDMHKEQATHPTCRHEGDSYCEVQHWPGTDSYTHKNCESLFDIHCDETQGEEISHSWNKENYCQ,0.27880904,0.27880904,2,4000,199
KETQFMVQVGHTYWGNSAEIDECMIFHADGRMGVYIQIGWAAYHSTKHNHSENPSCDWDSVFINNR,0.2732524,0.2732524,2,4000,199
FSMSHCWREKESAGMIFCSGQDPRLVKGNDVTTHAGYQKRDENWGYLVDCRSHKNRFVYWWQPGIS,0.26276195,0.26280075,2,4000,199
TVMGNCPREHEIVDMMSCSTHDPRQRQLYDHTTPFGGVMRDERWSIEHLIRSHYMRRVYPIQYFES,0.2609491,0.2609491,2,4000,199
TVMGNCPREHEIVDMMSCSTNDPRFRQLYDHTTAFGGVMRDERWSIEHLIRSHYMRRVYWIQYFDS,0.25867307,0.25867307,2,4000,199
TSMGNCPREHHIVDMMSCSTHDPRFRQLYDHHTPFGGQMKDERWSYEHSIRSHYMRIVYWIQYFES,0.2583404,0.2583404,2,4000,199
TVMGNCPREHEIADMMSCSTHDPCCRQLYDHTTPFGGVMRDERWSYEHSIRSHYMRRVYPIQYFES,0.25688732,0.25688732,2,4000,199
THMGNCPREHEIVDMMSCSTNDPRPRQLYDHTTAFGGVMRDERWSIEHLITSHYMRRVYPIVYFES,0.25395018,0.25395018,2,4000,199
TVMGNCPREHHIVDMMSCSTHDPRGRQLYDHTTPFGGVMKDETWSYEHLIRSHYMRRVYPIQYFES,0.2507747,0.2507747,2,4000,199
TVMGNCPREHEIVDMMSCSTHDPRTRQLYDHTTPFGGVMRDERWSIEHLIRSHYMRRVYPIQYFDS,0.25057194,0.25057194,2,4000,199
TVMGNCPREHEIVDMMSCSTHDPRHRQLYDHTTPFGGVMRDERWSIEHLIRSHYMRRVYPIQYFES,0.24946865,0.24946865,2,4000,199
TVMGNCPREHEIVDMMSCSTNDPRSRQLYDHTTPFGGVMRDETWSIEHLIRSHYMRRVYPIQYFES,0.24898401,0.24898401,2,4000,199
TVMGNCPREHEIVDAMSCSTHDPCNRQLYDHTTPFGGVMRDERWSIEHSIRSHYMRRVYPIQYFDS,0.2484585,0.2484585,2,4000,199
TVMGNCPREHEIVDMMSCSTHDPRVRQLYDHTTPFGGVMRDERWSYEHLIRSHYMRRVYPIQYFES,0.24762599,0.24762599,2,4000,199
TVMGNCPREHEIVDMMSCSTHDPRIRQLYDHTTPFGGVMRDERWSIEHLIRSHYMRRVYWIQYFDS,0.24720483,0.24720483,2,4000,199
FSMSHCDREKESAGMIFCSGQDPRLVKGNDVTTHAGYQKRDERWGYLVLCRSHKNRFVYWWQPGIS,0.24550238,0.24553946,2,4000,199
FSMSHCNREKESAGMIFNSGQDPRLVKGNDVTTHAGYQKRDERWGYLVVCRSHKNRFVYWWQPGIS,0.24441664,0.24445362,2,4000,199
TVMGNCPREHEIVDMMSCSTHDPRLRQLYDHTTPFGGVMRDERWSYEHLIRSHYMRRVYPIQYFES,0.24431089,0.24431089,2,4000,199
TVMGNCPREHEIVDMMSCSTHDPRWRQLYDHTTPFGGVMRDERWSIEHLIRSHYMRRVYPIQYFES,0.24334764,0.24334764,2,4000,199
TVMGNCPREHHIVDMMSCSTHDPRHRQLYDHTTPFGGVMRDERWSYEHLIRSHYMRRVYPIQYFES,0.24332625,0.24332625,2,4000,199
FVMGNCPREHEIVDMMSCSTHDPRTRQLYDHTTPFGGVMRDETWSIEHLIRSHYMRRVYWIQYFES,0.2400088,0.2400088,2,4000,199
TVMGNCPREHEIVDMMSCSTHDPRIRQLYDHTTPFGGVMRDERWSYEHLIRSHYMRRVYPIQYFES,0.23996922,0.23996922,2,4000,199
FSMSHCEREKESAGMIFCSGQDPRLVKGNDVTTHAGYQKRDERWGMLVFCRSHKNRFVYWWQPGIS,0.23630166,0.2363378,2,4000,199
FSMSHCCREKESAGMIFCDGQDPRLVKGNDVTTHAGYQKRDENWGMLVHCRSHKNRFVYWWQPGIS,0.2359069,0.235943,2,4000,199
FSMSHCTREKESAGMIFCSGQDPRLVKGNDVTTHAGYQKRDERWGMLVECRSHKNRFVYWWQPGIS,0.23494492,0.23498091,2,4000,199
TVMGNCPREHEIVDMMSCSTHDPRFRQLYDHTTPFGGVMRDERWSYEHLISSHYMRRVYPIQYFES,0.2345436,0.2345436,2,4000,199
KKTQSVMFPGAFPRKACHNHDTINGWDHPSYYWCTMYPITAEYPTCAFDAAEHWFSRDDNMIDDML,0.23249058,0.23249058,2,4000,199
FSMSHCEREKESAGMIFCSGQDPRLVKGNDVTTHAGYQKRDENWGMLVVCRSHKNRFVYWWQPGIS,0.23117448,0.23121008,2,4000,199
FHFWHCGEEKPAAYMTFNNDQDADYRLPKCHTHISPYCKQMGHTASERLFRSHQNHIVYKWQGFIS,0.23061937,0.23061937,2,4000,199
FSMSHCNREKESAGMIFCSGQDPRLVKGNDVETHAGYQKRDENWGMLVSCRSHKNRFVYWWQPGIS,0.22895083,0.22898617,2,4000,199
FSMSHCCREKESAGMIFCSGQDPRLVKGSDVTTHAGYQKRDERWGYLVDCRSHKNRFVYWWQPGIS,0.22709638,0.22713156,2,4000,199
TVMGNCPREHEIVDMMSCSTHDPRLRQLYDHTTPFGGVMRDERWSIEHLIRSHYMRRVYPIQYFES,0.22702251,0.22702251,2,4000,199
FSMSHCNREKESAGMIFCDGQDPRLVKGNDVTTHAGYQKRDERWGMLVVCRSHKNRFVYWWQPGIS,0.22558741,0.22562242,2,4000,199
FHWWHCIEEKPTAQMTFNNDQDADYRLPKCHTHHSPYCKQMGHTDSERLFRSHQNHIVYKWVGFIS,0.22536553,0.22536553,2,4000,199
FSMSHCQREKESAGMIFCSGQDPRLVKGNDVTTFAGYQKRDENWGMLVHCRSHKNRFVYWWQPGIS,0.22475885,0.22479373,2,4000,199
QRRQSKWQVGDIEAYNKRGYRNNNQYSGDPQDSSYNANMNNEAWNEGRYMCKSCFICSANSHYHCW,0.22385314,0.22385314,2,4000,199
FSMSHCFREKESAGMIFCSGQDPRLVKGNDVTTHAGYQKRDENWGMLVRCRSHKNRFVYWWQPGIS,0.22290379,0.22293848,2,4000,199
NPNLFHCIVGSFEWKMCAGQSTASNISEKGYDSSCIGEPHHNKICFKRHAAEIWWCMADTFVTKDR,0.22215419,0.22215433,2,4000,199
FSMSHCWREKESAGMIFCSGQDPRLVKGNDVTTHAGYQKRDERWGMLVACRSHKNRFVYWWQPGIS,0.22155927,0.22159383,2,4000,199
TVMGNCPREHEIVDMMSCSTHDPRLRQLYDHTTPFGGVMRDERWSIEHLIRSHYMRRVYPIQYFDS,0.22148205,0.22148205,2,4000,199
FVMGNCPREHEIVDMMSCSTHDPRMRQLYDHTTPFGGVMRDERWSIEHLIRSHYMRRVYPIQYFES,0.22141504,0.22141504,2,4000,199
FSMSHCNREKESAGMIFCDGQDPRLVKGNDVTTFAYYQKRDERWGMLVDCRSHKNRFVYWWQPGIS,0.22091788,0.22095235,2,4000,199
FSMSHCFREKESAGMIFCDGQDPRLVKGNDVTTHAHYQKRDENWGYLVECRSHKNRFVYWWQPGIS,0.21909548,0.21912976,2,4000,199
TVMGNCPREHEIADMMSCSTHDPCARQLYDHHTPFGGVMRDERWSYEHLIRSHYMRRVYWLQYFES,0.2188753,0.2188753,2,4000,199
FSMSHCSREKESAGMIFCDGQDPRLVKGNDVETHAGYQKRDENWGMLVECRSHKNRFVYWWQPGIS,0.21871641,0.21875063,2,4000,199
FSMSHCFREKESAGMIFCSGQDPRLVKGNDVTTHAGYQKRDERWGMLVRCRSHKNRFVYWWQPGIS,0.21721265,0.21724668,2,4000,199
TVMGNCPREHHIVDMMSCSTNDPRLRQLYDHTTPFGGVMRDERWSIEHLIRSHYMRRVYPLQYFDS,0.21666685,0.21666685,2,4000,199
FSMSHCFREKESAGMIFCSGQDPRLVKGNDVTTHAGYQKRDENWGMLVSCRSHKNRFVYWWQPGIS,0.21658906,0.21662305,2,4000,199
FSMSHCFREKESAGMIFCSGQDPRLVKGSDVTTHAGYQKRDERWGMLVRCRSHKNRFVYWWQPGIS,0.21408227,0.21411596,2,4000,199
FSMSHCFREKESAGMIFCSGQDPRLVKGNDVTTHANYQKRDERWGMLVGCRSHKNRFVYWWQPGIS,0.21289513,0.2129287,2,4000,199
FSMSHCFREKESAGMIFCSGQDPRLVKGNDVTTHAGYQKRDENWGMLVQCRSHKNRFVYWWQPGIS,0.21250238,0.21253592,2,4000,199
TSMNNCPREHRFVYPMSNSDHDARSRQLYDLCTHFRGQMRDEEWSDLHSIWSCYGRTVHPIAYFEN,0.21203949,0.21203949,2,4000,199
TVMGNCPREHEIADMMSCSTHDPRQRQLYDHTTPFGGVMKDERWSIEHLIRSHYMRIVYWLQYFES,0.21173483,0.21173483,2,4000,199
FHFWHCGEEKPAAQMTFNNDQDADYRLPKCHTHISPYCKQMGHTASERLCRSHQNHIVYKWVPFIS,0.20866187,0.20866187,2,4000,199
FSMSHCFREKESAGMIFCSGQDPRLVKGNDVTTHASYQKRDERWGYLVECRSHKNRFVYWWQPGIS,0.20783117,0.20786415,2,4000,199
FSMSHCFREKESAGMIFCSGQDPRLVKGNDVTTHAGYQKRDERWGMLVPCRSHKNRFVYWWQPGIS,0.20765752,0.20769046,2,4000,199
FSMSHCFREKESAGMIFCSGQDPRLVKGNDVTTHAGYQKRDERWGMLVDCRSHKNRFVYWWQPGIS,0.20751387,0.20754682,2,4000,199
FHFWHCGREKPTAQMTFNNDQDIDYRLPKCHTHISPYCKQMGHTDSERLFQSHQNHIVYKWVGFIS,0.20742193,0.20742193,2,4000,199
TVMGNCPREHEIVDMMSCSTNDPCCRQLYDHHTPFGGVMRDERWSIEHSIRSHYMRRVYPIQYFDS,0.20736304,0.20736304,2,4000,199
FVMGNCPREHEIVDMMSCSTHDPRFRQLYDHTTPFGGVMRDERWSIEHLIRSHYMRRVYPIQYFES,0.20723593,0.20723593,2,4000,199
THMGNCPREHEIVDMMSCSTNDPRHRQLYDHTTPFGGVMRDERWSIEHLIRSHYMRIVYPIQYFDS,0.2064202,0.2064202,2,4000,199
TVMGNCPREHEIADMMSCSTNDPCTRQLYDHTTPAGGQMKDERWSIEHDIRSHYMRIVYPIQYFDS,0.20637591,0.20637591,2,4000,199
FSMSHCFREKESAGMIFCSGQDPRLVKGNDVTTHASYQKRDENWGMLVECRSHKNRFVYWWQPGIS,0.20635033,0.20638311,2,4000,199
THMGNCPREHEIVDMMSCSTHDPCARQLYDHTTPFGGVMRDERWSIEHFIRSHYMRRVYPIQYFES,0.20589001,0.20589001,2,4000,199
FHFWHCGREKPKAQMDFNNDSDADYRLPKCHTHISPYCKQMGHTDSERLCQSHQNMIVYKWQGFIS,0.20511392,0.20511392,2,4000,199
TVMGNCPREHEIVDAMSCSTNDPCSRQLYDHTTPFGGVMRDERWSIEHLIRSHYMRRVYPIQYFES,0.20504746,0.20504746,2,4000,199
FHWWHCIREKPTAQMTFNNDSDADYRLPKCHTHISPYCKQMGHTDSERLCQSHQNHIVYKWQGPIS,0.20409182,0.20409182,2,4000,199
TVMGNCPREHEIVDMMSNSTHDPRGRQLYDHTTPFGGVMRDERWSYEHLIRSHYMRIVYPAQYFES,0.20392141,0.20392141,2,4000,199
FSMSHCFREKESAGMIFCSGQDPRLVKGNDVTTHAGYQKRDENWGMLVECRSHKNRFVYWWQPGIS,0.20256858,0.20260093,2,4000,199
FSMSHCPREKESAGMIFCSGQDPRLVKGIDVTTHASYQKRDERWGMLVQCRSHKNRFVYWWQPGIS,0.20193349,0.20196575,2,4000,199
TVMGNCPREHEIVDMMSCSTHDPRGRQLYDHTTPFGGVMRDERWSYEHLIRSHYMRIVYWIQYFES,0.20104821,0.20104821,2,4000,199
TVMGNCPREHEIVDMMSCSTHDPRDRQLYDHTTPFGGQMRDETWSYEHLIRSHYMRIVYPIQYFES,0.19829732,0.19829732,2,4000,199
FVMGNCPREHEIVDMMSCSTHDPRNRQLYDHTTPFGGVMRDETWSCEHLIASHYMRRVYPLQYFES,0.19812794,0.19812794,2,4000,199
FSMSHCPREKESAGMIFCSGQDPRLVKGYDVTTHAGYQKRDERWGMLVYCRSHKNRFVYWWQPGIS,0.19738832,0.19742006,2,4000,199
GLHPWPIHSYHRHTAYVPEISYCMGLATAGYYSSKKGVMKHCGQEFKSPMSHEPFNNYTLCHDVHR,0.197319,0.197319,2,4000,199
FSMSHCFREKESAGMIFCSGQDPRLVKGNDVTTHAGYQKRDERWGMLVECRSHKNRFVYWWQPGIS,0.19726484,0.19729654,2,4000,199
FSMSHCYREKESAGMIFCSGWDPRLVKGNDVTTHAGYQKRDERWGYLVKCRSHKNRFVYWWQPGIS,0.19618635,0.19621794,2,4000,199
NQEGSGLPMHTNSAARHHETKTYYYMRFYGTPWCETPERHMWAHNEGPDMSEIGYRHYPSDHGLRD,0.5784215,0.5784215,3,6000,298
KHAVNPCAEAPLQTISNTGDTAPTQQDEPPIWAIEEKGSTWQAERWKDHIAYNFYCRAWKPHTKAQ,0.43803754,0.43803754,3,6000,298
KQDVNCIEQHSRHCYMQPRVKKFSSGAGPKYWDYMEKVFNLMVNKAGKHHAPEEPSQNPTKDRNHR,0.4121863,0.4121863,3,6000,298
GKAPSPTESIHHDKKERGEDTARTMPRGAPQSYYCLYTGHNFLMTAKMHWEVQHEDPQRFMDMKEI,0.38990644,0.38990724,3,6000,298
EQLGNNSGHPTKSDSAMLIRSCPSNILNSNTMDDPPGRASHLGWEHEHPASLQYRCHDMYTGHNWR,0.3829149,0.3829149,3,6000,298
GKMIRCTTEGRHSKATRRRTDASQYRVFPQTKSSMTQVFHLNAQKEDDELSKEFIRQDWNDHGDEL,0.36448532,0.36448532,3,6000,298
KTYPAVLWEHGWFTGRDAYSRGSQSIDPRYHFCWTPFGCTIWLTQWTPYHWEQCYFPQPIDDYLPL,0.34670684,0.34670684,3,6000,298
EQLINNSGHGTKSDRAMLIRSCPSNILNSNTMDHPPGRASHLGWECEHPASLQYRCHDMYTGHNWR,0.33863118,0.33863118,3,6000,298
MPYWSGVFMDNATAGHHHNQSYFQKQDCNKYPFSCEPGPMQEYYEADREAHIHHDDQIPPKHWFEW,0.31927258,0.31927258,3,6000,298
EQLINNSGHQIKSDRAMLIRSCPSNILNSNTMDEPPGRASHLGWECEHPASLQYRCHDMYTGHNWR,0.31235218,0.31235218,3,6000,298
MEDFRMCWADRHQCKFHPHYTGCEIGHPWQTDYYKYPEGHCCLHICASCHEAREWCGMDNDDYRFD,0.3064004,0.30644104,3,6000,298
EQLINNSGHITKSDRAMLIRSCPSNILNSNTMDHPPGRASHLGWECEHPASLQYRCHDMYTGHNWR,0.29779783,0.29779783,3,6000,298
TCIGVWWGGIRTSSKYGVEERYAPGITAAQYHILFKSIGAMEACQIKRLIAGVVIIRIDFCKYHKR,0.2938614,0.2938614,3,6000,298
EQLGNNSGHHTKSDRAMLIRSCPSNILNSNTMDHPPGRASHLGWECHHVASLQYRCHDMYTGHNWR,0.26724634,0.26724634,3,6000,298
EQLINNSGHDTKSDRAMLIRSCPSNILNSNTMDVPPGRASHLGWECEHPASLQYRCHDMYTGHNWR,0.25267988,0.25267988,3,6000,298
MQFQKCPKPADAQSYTKQHTRNMFQGRYDCGDWCFKSTMHWHCACEKNNLPEEPYSGCPWSDGRYI,0.2500794,0.25008002,3,6000,298
GQMFKDLGEHQCPTARSRECSCCCYELGPNTDYNGMYDGMYIKREFGRCMHFSYFGGNPSVDTRQK,0.23782149,0.23782149,3,6000,298
EQLINNSGHITKSDHAMLIRSCPSNILNSNTMDHPPGRASHLGWENEHPASLQYRCHDMYTGHNWR,0.22988622,0.22988622,3,6000,298
EQLINNSGHIIKSDRAMLIRSCPSNILNSNTMDPPPGRASHLGWEDEHPASLQYRCHDMYTGHNWR,0.22808446,0.22808446,3,6000,298
VHHWFHWMLGRITDAFSDNHDYAPVWHWDDHHWLFHYNPKWCADIIAKLIPMGCSRSMDWPFYPEW,0.22781375,0.22781375,3,6000,298
QHHWEHWVLGAQTTAISDNTDTSVNSDPDDQYWLSPQNMHTEATDMGKLIQNGWLDKNDLSFYLNI,0.22539057,0.22539057,3,6000,298
EQLGNNSGHMTKSDKAMLIRMCPSNILNSNTMDPPPGRASHLGWEQVHPASLQYRCHDMYTGHNWR,0.22246347,0.22246347,3,6000,298
EQLINNSGHQTKSDKAMLIRSCPSNILNSNTMDPPPGRASHLGWESCHPAQLQYRCHDMYTGHNWR,0.22117238,0.22117238,3,6000,298
EQLINNSGHYTKSDRAMLIRMCPSNILNSNTMDYPPGRASHLGWECHHPASLQYRCHDMYTGHNWR,0.21645804,0.21645804,3,6000,298
NVEGSYFNIHDNTDHRWKNIDRMSQRHTHYWSWCKKYCHESMDHNSYRYITGIFPFDLDPMHVFNQ,0.21567465,0.21567465,3,6000,298
KIPPTGMKEIMSHRNEFPRCLEYPQWGFAGQHEGESETESWGVERCDFYMTADWLCQYGDMHDKPY,0.21134366,0.21134366,3,6000,298
TTAWATLIEDTHHDCGRPGHDYLSQQTFMQMPNSGLMEMKCSKRTWGHNVSMPGWRCNWASVWFDD,0.20737875,0.20737875,3,6000,298
EQLINNSGHSIKSDDAMLIRSCPSNILNSNTMDQPPGRASHLGWEIEHPAGLQYRCHDMYTGHNWR,0.20531487,0.20531487,3,6000,298
EQLINNSGHVTKSDMAMLIRSCPSNILNSNTMDPPPGRASHLGWECEHPASLQYRCHDMYTGHNWR,0.20365943,0.20365943,3,6000,298
EQLINNSGHITKSDRAMLIRSCPSNILNSNTMDNPPGRASHLGWEFEHVASLQYRCHDMYTGHNWR,0.20359151,0.20359151,3,6000,298
EQLINNSGHGTKSDAAMLIRMCPSNILNSNTMDHPPGRASHLGWECEHPASLQYRCHDMYTGHNWR,0.2010332,0.2010332,3,6000,298
EQLINNSGHIIKSDRAMLIRSCPSNILNSNTMDPPPGRASHLGWECEHVASLQYRCHDMYTGHNWR,0.20049055,0.20049055,3,6000,298
EQLINNSGHIIKSDRAMLIRSCPSNILNSNTMDHPPGRASHLGWECEHVASLQYRCHDMYTGHNWR,0.19773887,0.19773887,3,6000,298
EQLINNSGHIIKSDNAMLIRSCPSNILNSNTMDHPPGRASHLGWELEHPASLQYRCHDMYTGHNWR,0.19664605,0.19664605,3,6000,298
EQLINNSGHIIKSDRAMLIRSCPSNILNSNTMDHPPGRASHLGWECAHPASLQYRCHDMYTGHNWR,0.19527948,0.19527948,3,6000,298
EQLINNSGHCTKSDRAMLIRSCPSNILNSNTMDHPPGRASHLGWEPEHVASLQYRCHDMYTGHNWR,0.19224975,0.19224975,3,6000,298
EQLGNNSGHCTKSDRAMLIRMCPSNILNSNTMDHPPGRASHLGWEHCHPASLQYRCHDMYTGHNWR,0.19218333,0.19218333,3,6000,298
EQLINNSGHIIKSDRAMLIRSCPSNILNSNTMDLPPGRASHLGWECEHPASLQYRCHDMYTGHNWR,0.19011094,0.19011094,3,6000,298
EQLGNNGGHQIKSDWAMLIRSCPSNILNSNTMDTPPGRASHLGWECIHPASLQYRCHDMYTGHNWR,0.18880811,0.18880811,3,6000,298
QVMWFHWTLGHITTAMSDKHDYMHNWQEYDHYASYHQIPRWNAHDIARLIPPGCMDNMDWPFYVDI,0.18856229,0.18856229,3,6000,298
EQLINNSGHRTKSDRAMLIRSCPSNILNSNTMDWPPGRASHLGWEDFHPASLQYRCHDMYTGHNWR,0.18795426,0.18795426,3,6000,298
MKNGFFFCEMAYYECVSGESRTRPMLDDKKHYIEFSKNSHAHANIIGDLMPFIEEIMDPIFPYPRK,0.18616593,0.18616593,3,6000,298
VHHWFHVREGAQTDAASDRTDYMVNSDPKKQYALYPQEPRWEAFIMYRLIQPGCLRGLDWCFYLKW,0.18313035,0.18313035,3,6000,298
KVNDMCVHIAGHYWKWQSRERGNEGQVKDGFPAMMPPQRNMHDMVEWDNAAKGYKCSAWKKVGPNQ,0.18170875,0.18170875,3,6000,298
EQLINNSGHIIKSDRAMLIRSCPSNILNSNTMDCPPGRASHLGWEDQHPASLQYRCHDMYTGHNWR,0.1812306,0.1812306,3,6000,298
EQLINNSGHITKSDKAMLIRMCPSNILNSNTMDHPPGRASHLGWECCHPASLQYRCHDMYTGHNWR,0.18086272,0.18086272,3,6000,298
QHHWRHVEEAAQTWAISDEYDTMHNSDAKGQSSGYPGGPRWEATIMGKSIPNGWLRNMDLVFYPRL,0.18078177,0.18078177,3,6000,298
EQLINNSGHRTKSDKAMLIRMCPSNILNSNTMDHPPGRASHLGWEQEHVASLQYRCHDMYTGHNWR,0.1789435,0.1789435,3,6000,298
EQLINNSGHATKSDAAMLIRSCPSNILNSNTMDPPPGRASHLGWESYHPAELQYRCHDMYTGHNWR,0.17791475,0.17791475,3,6000,298
EQLINNSGHITKSDRAMLIRSCPSNILNSNTMDHPPGRASHLGWEYIHPASLQYRCHDMYTGHNWR,0.17740944,0.17740944,3,6000,298
EQLINNSGHIIKSDRAMLIRSCPSNILNSNTMDHPPGRASHLGWEHEHVASLQYRCHDMYTGHNWR,0.17723231,0.17723231,3,6000,298
EQLINNSGHHIKSDRAMLIRSCPSNILNSNTMDQPPGRASHLGWECIHPASLQYRCHDMYTGHNWR,0.17655233,0.17655233,3,6000,298
HVHWRKWFEAAITDAMSDRSDTMCNWDPYDQYASYHYNMKWFATIMYKSIAMGFSRKMDTPFYEEW,0.17613843,0.17613843,3,6000,298
DQWQSHPEVGHNFYAWHLIEKYAQYIRGDQIWPNYYYSPEYSHYDAYDNWEMIWEIKQDNVVGVYR,0.17587231,0.17587231,3,6000,298
MRADLSPGMDPATEKERINVVGYSVYVQRKGPPYEMCQRRRPDCSSNKEALYPWANGYIIIKNMRR,0.17575361,0.17575361,3,6000,298
HHDDARVPAIGPYSKYLRSNDRIYHSRINVYMDNEIKLRMMEATVTNDHMEKRFYSQPPTGFNNKD,0.17573555,0.17573602,3,6000,298
EQLINNSGHETKSDQAMLIRSCPSNILNSNTMDQPPGRASHLGWECWHVAKLQYRCHDMYTGHNWR,0.1744014,0.1744014,3,6000,298
EQLRNNSGHVTKSDMAMLIRSCPSNILNSNTMDPPPGRASHLGWESEHVASLQYRCHDMYTGHNWR,0.17358986,0.17358986,3,6000,298
EQLINNSGHHTKSDRAMLIRSCPSNILNSNTMDHPPGRASHLGWEQTHVASLQYRCHDMYTGHNWR,0.17262794,0.17262794,3,6000,298
KQYFSCCHTDDWTSIVSMRRDTMVMPYSKQFSSNCVSIITNNVCEWRMNICMGEIIDYDLFHGIFK,0.17096187,0.17096235,3,6000,298
QHMWRHVTEAAQTWAMFMGTDYMHNWDEDCHSWLSHQEPKWEADDIYKLIQNGWLRMDDWCFYPRI,0.17015982,0.17015982,3,6000,298
NNRVEPFGWHTTRDNTGGSQKKSSVGTPRPRDPWTEYVHNWLYYCATMNHQTHGEIGNWSDHGIKF,0.16967908,0.16967908,3,6000,298
KPDINACHMHSASYYGQVSCSESHQPSQRSIMYWFKFLHHNCYCEHGSPLEFHFSTQWPNSVTDEW,0.16943572,0.16943572,3,6000,298
EQLGNNSGHHIKSDMAMLIRSCPSNILNSNTMDPPPGRASHLGWECEHPASLQYLCHDMYTGHNWR,0.16646132,0.16646132,3,6000,298
EQLINNSGHMIKSDQAMLIRSCPSNILNSNTMDPPPGRASHLGWEDEHVASLQYRCHDMYTGHNWR,0.16617152,0.16617152,3,6000,298
NQELMAFPADNKPWAKTHMNSMMHSTAIYSRICCGKSECFALYYDNYPPIPPEGWLGCGNSDNTFD,0.1659741,0.1659741,3,6000,298
EQLINNSGHIIKSDRAMLIRSCPSNILNSNTMDHPPGRASHLGWEDYHPASLQYRCHDMYTGHNWR,0.16332683,0.16332683,3,6000,298
TVVWFHVEEAAITTAASDKHDTAVNSDWDKHYSSSHGEMRTEAHIIGKSIPPGWLRNDDLPFYKDI,0.16257852,0.16257852,3,6000,298
WQFRSWLHEHWAFSCARGQCKCFHMIDEYDYVPWFNKQGTMCCTTHGRLAPNIVYCQSRKVPNHQH,0.16195334,0.16195334,3,6000,298
HLHKNCCHTAPRQDKYHMMIKIFQKLHGHNFAQSFDFDPIYAVTIFRDDWNIHWMQHSAKPHYYEK,0.15922628,0.15922628,3,6000,298
KINGFPLHGMAHYYKKSREQRESHSPHIPKTAGLKKFVFNSSDCESNRDVHKSYIDPCAIVFTKII,0.15855883,0.15855883,3,6000,298
EQLINNSGHITKSDRAMLIRMCPSNILNSNTMDHPPGRASHLGWEHIHPASLQYRCHDMYTGHNWR,0.15338928,0.15338928,3,6000,298
SEHLLWGHQAKYRDNMMAIKTWMRQWADPNGRHIFKPQGLLPFCDSHDSEVAIDLYVNANNHTRQI,0.15308215,0.15308215,3,6000,298
EQLINNSGHIIKSDRAMLIRMCPSNILNSNTMDPPPGRASHLGWECNHVAYLQYRCHDMYTGHNWR,0.15268129,0.15268129,3,6000,298
EQLINNSGHNIKSDRAMLIRSCPSNILNSNTMDHPPGRASHLGWEKEHVASLQYRCHDMYTGHNWR,0.15247224,0.15247224,3,6000,298
KNAGRFIHWMTTPRYMDGHISIMMQETQADFKINSYYYILWSCRSNDHEKPDHNETRLDNGFTHEL,0.15118682,0.15118682,3,6000,298
PRRPMGFIAAVASDIARFHHMITPMGDHRNGGYYSVPYIEIEYIINGPNIGKHFFIGCIFCDGKKI,0.15007468,0.15007468,3,6000,298
TCCPEWGMEGWYYWKRMFNYRRMVGPVDADRMSWGNSSMTWNMTSCARYAPIPVCYDSWDDPGYNR,0.14986748,0.14986748,3,6000,298
HHHWFFVFEGRQTWARFDNHDTSVNSDEKKHSWGSHYTPTTEAVDIYKLIPNGFMDKWDWCFYPKI,0.14901392,0.14901392,3,6000,298
EQLINNSGHIIKSDAAMLIRSCPSNILNSNTMDPPPGRASHLGWECEHVAELQYRCHDMYTGHNWR,0.1487677,0.1487677,3,6000,298
HHVWRHWMEARTTDAMRDGSDTMCVWDWDCQSSGYHYGPHWNAVIMYKLIQPGCMDCMDWCFYPRH,0.14831924,0.14831924,3,6000,298
EQLINNSGHIIKSDAAMLIRSCPSNILNSNTMDHPPGRASHLGWECEHVASLQYRCHDMYTGHNWR,0.14566885,0.14566885,3,6000,298
YKHLFYTHEGANMCNHSRKYLELRAQYKRKWGHLCMQYMQMMHQNCMGDVGADEMSSDPLPPNPFI,0.14468177,0.14468177,3,6000,298
EQLINNSGHLTKSDKAMLIRMCPSNILNSNTMDAPPGRASHLGWEPIHPASLQYRCHDMYTGHNWR,0.1416007,0.1416007,3,6000,298
VKDGEHGCEMRRCCAWRVRSSGYCYLTKPDHKSSYPKRIMAEADTECDEVAAIWEDCSRNPHNPRP,0.14151461,0.14151461,3,6000,298
EQLINNSGHMIKSDRAMLIRMCPSNILNSNTMDHPPGRASHLGWECHHPASLQYLCHDMYTGHNWR,0.14108586,0.14108586,3,6000,298
EQLINNSGHIIKSDRAMLIRMCPSNILNSNTMDHPPGRASHLGWEFKHVASLQYRCHDMYTGHNWR,0.14107706,0.14107706,3,6000,298
VHHWFHVFLGAQTDAIFDGTDYMCNSHAKDHYWGFHYIMRWEATDIGKLIPPGWMDRMDLPFYERL,0.1410757,0.1410757,3,6000,298
EQLINNSGHHTKSDKAMLIRSCPSNILNSNTMDRPPGRASHLGWEMLHVAELQYRCHDMYTGHNWR,0.13983777,0.13983777,3,6000,298
GHHWRHWFEHRTTWAFFDKYDNAVVSDEYDHDWSFHFIPRTCATDIYKLIPPGWSDNLDLAFYNKI,0.13969311,0.13969311,3,6000,298
EQLINNSGHIIKSDRAMLIRSCPSNILNSNTMDHPPGRASHLGWECWHVASLQYRCHDMYTGHNWR,0.13960335,0.13960335,3,6000,298
HKDLNKWNEHHQFSCYRPVCLYCPSLDDWSRHIEMSQGSTWNYTQTHMCVQNPVLCPEDFCHGLHP,0.13955429,0.13955429,3,6000,298
NQTPMFLCMMQHQRATRFGIRAFVMSPGYVIIDWCEQEGNFHSNDTRIEAQWPPDDHTPSFDDDFQ,0.13803709,0.13803709,3,6000,298
EQLINNSGHITKSDRAMLIRSCPSNILNSNTMDDPPGRASHLGWEWCHVASLQYRCHDMYTGHNWR,0.13659354,0.13659354,3,6000,298
AWYQFRCHEGGWYWYNAKMQTGGRNDYMAAQFQWEYPPIFWLADIHKPETAPRECDCTPNMVNLRR,0.13543987,0.13544026,3,6000,298
QHMWNHVVEAAQTDAYFDNYDYACNPDPYGHHSGSHGEMETNATIMKKLIQPGWMDGMDWAFYEQI,0.1348159,0.1348159,3,6000,298
EQLINNSGHITKSDRAMLIRSCPSNILNSNTMDPPPGRASHLGWECCHVASLQYRCHDMYTGHNWR,0.13471575,0.13471575,3,6000,298
EQLINNSGHIIKSDRAMLIRSCPSNILNSNTMDHPPGRASHLGWECEHVASLQYLCHDMYTGHNWR,0.13464957,0.13464957,3,6000,298
EQLINNSGHHIKSDTAMLIRSCPSNILNSNTMDRPPGRASHLGWEPIHPASLQYRCHDMYTGHNWR,0.13401712,0.13401712,3,6000,298
EALSRCGDFCHKVDGYMRPKGFDTETLRSQYHIGPSTCYKHKGSDDSKVWNYNYHCEQQYTRCFDM,0.4262369,0.4262369,4,8000,397
EALKRCGDFCHKVDRYMWPKGFDTETLRSQYHIGPSTCYKHKGSHCSKVWNYNYHCEEQYTRCFDM,0.42522845,0.42522845,4,8000,397
DNESHYGDNTEHPQMLTCWANDGYCRPPQIMHDHISLCSGVLRWEDITSCRKRSVAESMPYGQTIE,0.41282678,0.41282696,4,8000,397
EALDRCGDFCHKVDDYMGPKGFDTETLRSQYIIGPSTCYKHKGSDTSKVWNYNYHCELQYTRCFDM,0.36846706,0.36846706,4,8000,397
EALMRCGDFCHKVDDYMGPKGFDTETLRSQYIIGPSTCYKHKGSKMSKVWNYNYHCEHQYTRCFDM,0.34167007,0.34167007,4,8000,397
EALQRCGDFCHKVDNYMWPKGFDTETLRSQYIIGPSTCYKHKGSHRSKVWNYNYHCEYQYTRCFDM,0.32837173,0.32837173,4,8000,397
EALQRCGDFCHKVDSYMWPKGFDTETLRSQYIIGPSTCYKHKGSGQSKVWNYNYHCEIQYTRCFDM,0.32592353,0.32592353,4,8000,397
EALPRCGDFCHKVDAYMYPKGFDTETLRSQYIIGPSTCYKHKGSEPSKVWNYNYHCEIQYTRCFDM,0.32098517,0.32098517,4,8000,397
EALRRCGDFCHKVDRYMWPKGFDTETLRSQYIIGPSTCYKHKGSSESKVWNYNYHCEKQYTRCFDM,0.30501223,0.30501223,4,8000,397
EALRRCGDFCHKVDRYMNPKGFDTETLRSQYIIGPSTCYKHKGSNRSKVWNYNYHCEQQYTRCFDM,0.3006292,0.3006292,4,8000,397
EALHRCGDFCHKVDTYMWPKGFDTETLRSQYIIGPSTCYKHKGSWNSKVWNYNYHCEMQYTRCFDM,0.29969698,0.29969698,4,8000,397
HHHLFHVVEAHQTTAYSGNTYYAHVSDEDGQHSSFPYIMHWEKTVSAKEIAPGFLDGLDWCFYNDH,0.29598612,0.29598626,4,8000,397
EALMRCGDFCHKVDEYMWPKGFDTETLRSQYIIGPSTCYKHKGSVRSKVWNYNYHCELQYTRCFDM,0.29454714,0.29454714,4,8000,397
EALTRCGDFCHKVDVYMGPKGFDTETLRSQYHIGPSTCYKHKGSCNSKVWNYNYHCEPQYTRCFDM,0.2937796,0.2937796,4,8000,397
EALTRCGDFCHKVDQYMTPKGFDTETLRSQYIIGPSTCYKHKGSKASKVWNYNYHCEKQYTRCFDM,0.28530943,0.28530943,4,8000,397
EALTRCGDFCHKVDVYMYPKGFDTETLRSQYIIGPSTCYKHKGSKWSKVWNYNYHCEMQYTRCFDM,0.2824825,0.2824825,4,8000,397
EALGRCGDFCHKVDRYMWPKGFDTETLRSQYIIGPSTCYKHKGSWESKVWNYNYHCEQQYTRCFDM,0.28157896,0.28157896,4,8000,397
DNESHRGDNTEHPQMLTCWANDGYCRPFQIMHDHISLCSGVLRWEDITSCRKRSVAESMPYGQTIE,0.27871534,0.2787155,4,8000,397
EALPRCGDFCHKVDGYMWPKGFDTETLRSQYIIGPSTCYKHKGSWHSKVWNYNYHCEDQYTRCFDM,0.27260333,0.27260333,4,8000,397
EALLRCGDFCHKVDTYMAPKGFDTETLRSQYIIGPSTCYKHKGSDCSKVWNYNYHCEHQYTRCFDM,0.26964974,0.26964974,4,8000,397
EALTRCGDFCHKVDVYMWPKGFDTETLRSQYIIGPSTCYKHKGSWGSKVWNYNYHCELQYTRCFDM,0.265519,0.265519,4,8000,397
EALARCGDFCHKVDSYMGPKGFDTETLRSQYIIGPSTCYKHKGSSNSKVWNYNYHCEDQYTRCFDM,0.25905254,0.25905254,4,8000,397
DNESHRGDNTEFPQMLTCWANCGYCRPGQIMHDHISLCSGVLRWEDITSCRKRSVAESMPYGQTIE,0.25744274,0.2574429,4,8000,397
EALMRCGDFCHKVDRYMFPKGFDTETLRSQYIIGPSTCYKHKGSWGSKVWNYNYHCEGQYTRCFDM,0.25555623,0.25555623,4,8000,397
DNESHRGDNTEHPQMLTCWANDGYCRPGQIMHDHISLCSGVLRWEDITSCRKRSVAESMPLGQTIE,0.25421128,0.2542114,4,8000,397
EALRRCGDFCHKVDRYMAPKGFDTETLRSQYIIGPSTCYKHKGSMNSKVWNYNYHCEWQYTRCFDM,0.25298342,0.25298342,4,8000,397
EALNRCGDFCHKVDDYMGPKGFDTETLRSQYIIGPSTCYKHKGSAMSKVWNYNYHCEKQYTRCFDM,0.25170302,0.25170302,4,8000,397
EALSRCGDFCHKVDVYMFPKGFDTETLRSQYIIGPSTCYKHKGSPCSKVWNYNYHCETQYTRCFDM,0.24655665,0.24655665,4,8000,397
EALYRCGDFCHKVDDYMRPKGFDTETLRSQYIIGPSTCYKHKGSSFSKVWNYNYHCEDQYTRCFDM,0.24561943,0.24561943,4,8000,397
QHVLFHVFEGAQTDAASGEYYYMVNWDAYDQHSSYHYYIHWEKVVSAKEIGPGYMDMLDWAFYPDH,0.24356145,0.2435616,4,8000,397
EALYRCGDFCHKVDGYMWPKGFDTETLRSQYIIGPSTCYKHKGSIRSKVWNYNYHCEIQYTRCFDM,0.24245541,0.24245541,4,8000,397
DNESHRGDNTEFPQMLTCWANDGYCRPDQIMHDHISLCSGVLRWEDITSCRKRSVAESMPLGQTIE,0.24216309,0.24216321,4,8000,397
VHHLFHVEEGATTDAYSGKYDYMCVSDAYDQHSSFPQGMHWEKTVSAKEIAPGWMDSMDWPFYPEH,0.24129272,0.24129283,4,8000,397
DNEYHRGDNTEHPQRLTCWANDGYCRPFQIMHDHITLCSGVLRWEDIFSCRKRSVAESMPLGQTIE,0.23959932,0.23959945,4,8000,397
EALHRCGDFCHKVDCYMWPKGFDTETLRSQYIIGPSTCYKHKGSTGSKVWNYNYHCEQQYTRCFDM,0.23938806,0.23938806,4,8000,397
EALIRCGDFCHKVDVYMDPKGFDTETLRSQYHIGPSTCYKHKGSWCSKVWNYNYHCEDQYTRCFDM,0.23833618,0.23833618,4,8000,397
DNESHRHDNTEHPQMLTCWANDGYCRPDQIMHDHISLCSGVLRWEDIFSCRKRSVAESMPLGQTIE,0.23778062,0.23778072,4,8000,397
EALDRCGDFCHKVDGYMYPKGFDTETLRSQYIIGPSTCYKHKGSSESKVWNYNYHCEKQYTRCFDM,0.23767813,0.23767813,4,8000,397
EALCRCGDFCHKVDRYMGPKGFDTETLRSQYIIGPSTCYKHKGSWFSKVWNYNYHCEVQYTRCFDM,0.23484258,0.23484258,4,8000,397
ANSLEHWCEAATDTIFNARDRTPCMYMYAPRHANSHRISEWGKPHGPDHRVVIYPCKGWIQITNRK,0.23362061,0.23362072,4,8000,397
EALHRCGDFCHKVDCYMGPKGFDTETLRSQYIIGPSTCYKHKGSKNSKVWNYNYHCETQYTRCFDM,0.23229484,0.23229484,4,8000,397
EALQRCGDFCHKVDHYMAPKGFDTETLRSQYIIGPSTCYKHKGSTDSKVWNYNYHCESQYTRCFDM,0.23116893,0.23116893,4,8000,397
EALGRCGDFCHKVDKYMGPKGFDTETLRSQYIIGPSTCYKHKGSMFSKVWNYNYHCEKQYTRCFDM,0.22974813,0.22974813,4,8000,397
EALHRCGDFCHKVDFYMWPKGFDTETLRSQYIIGPSTCYKHKGSGMSKVWNYNYHCENQYTRCFDM,0.22968352,0.22968352,4,8000,397
EALVRCGDFCHKVDVYMWPKGFDTETLRSQYIIGPSTCYKHKGSDDSKVWNYNYHCENQYTRCFDM,0.22920366,0.22920366,4,8000,397
QHHLFHVEEGAQTDAASGGTYTMHVSDPYCQHSSYPYGMTWEKVVSAREIAPGYMDGNDWPFYVEH,0.22738723,0.22738734,4,8000,397
DNESHRGDNTEFPQMLTCWANCGYCRPKQIMHDHISLCSGVLRWEDITSCRKRSVAESMPLGQTIE,0.22727068,0.22727078,4,8000,397
EALGRCGDFCHKVDVYMWPKGFDTETLRSQYIIGPSTCYKHKGSDESKVWNYNYHCEDQYTRCFDM,0.22611016,0.22611016,4,8000,397
EALIRCGDFCHKVDNYMGPKGFDTETLRSQYIIGPSTCYKHKGSWFSKVWNYNYHCEQQYTRCFDM,0.22598276,0.22598276,4,8000,397
EALCRCGDFCHKVDAYMWPKGFDTETLRSQYIIGPSTCYKHKGSHQSKVWNYNYHCEDQYTRCFDM,0.22546792,0.22546792,4,8000,397
EALNRCGDFCHKVDVYMWPKGFDTETLRSQYIIGPSTCYKHKGSKGSKVWNYNYHCEKQYTRCFDM,0.22529474,0.22529474,4,8000,397
GVHLFHVTEGRQTDAASGEHYTAVNSYEDCQYSSFHQYMHWEKTVSAREIAPGCMRGMDWPFYKDH,0.22391212,0.22391222,4,8000,397
EALERCGDFCHKVDNYMVPKGFDTETLRSQYIIGPSTCYKHKGSPGSKVWNYNYHCEKQYTRCFDM,0.22387765,0.22387765,4,8000,397
EALGRCGDFCHKVDVYMWPKGFDTETLRSQYIIGPSTCYKHKGSWTSKVWNYNYHCECQYTRCFDM,0.22338626,0.22338626,4,8000,397
EALMRCGDFCHKVDMYMWPKGFDTETLRSQYIIGPSTCYKHKGSYASKVWNYNYHCENQYTRCFDM,0.22253808,0.22253808,4,8000,397
EALSRCGDFCHKVDVYMGPKGFDTETLRSQYIIGPSTCYKHKGSESSKVWNYNYHCEKQYTRCFDM,0.22015736,0.22015736,4,8000,397
EALLRCGDFCHKVDTYMCPKGFDTETLRSQYIIGPSTCYKHKGSWISKVWNYNYHCEGQYTRCFDM,0.21880196,0.21880196,4,8000,397
EALWRCGDFCHKVDRYMGPKGFDTETLRSQYIIGPSTCYKHKGSALSKVWNYNYHCEHQYTRCFDM,0.218609,0.218609,4,8000,397
EALGRCGDFCHKVDVYMWPKGFDTETLRSQYIIGPSTCYKHKGSPQSKVWNYNYHCEDQYTRCFDM,0.21719545,0.21719545,4,8000,397
EALRRCGDFCHKVDVYMWPKGFDTETLRSQYIIGPSTCYKHKGSCGSKVWNYNYHCEDQYTRCFDM,0.21645625,0.21645625,4,8000,397
DNESHRGDNTEFPQMLTCWANDGYCRPGQIMHDHISLCSGVLRWEDITSCRKRSVAESMPLGQTIE,0.21527295,0.21527305,4,8000,397
DNESHRGDNTEHPQMLTCWANCGYCRPGQIMHDHISLCSGVLRWEDITSCRKRSVAESMPLGQTIE,0.21404831,0.21404842,4,8000,397
EALMRCGDFCHKVDSYMSPKGFDTETLRSQYIIGPSTCYKHKGSWKSKVWNYNYHCEFQYTRCFDM,0.21398678,0.21398678,4,8000,397
EALGRCGDFCHKVDSYMSPKGFDTETLRSQYIIGPSTCYKHKGSHDSTVWNYNYHCEKQYTRCFDM,0.21358436,0.21358436,4,8000,397
DNESHRSDNTEHPQMLTCWANCGYCRPQQIMHDHITLCSGVLRWEDITSCRKRSVAESMPLGQTIE,0.21316172,0.21316186,4,8000,397
EALSRCGDFCHKVDTYMQPKGFDTETLRSQYIIGPSTCYKHKGSQGSTVWNYNYHCENQYTRCFDM,0.21257333,0.21257333,4,8000,397
EALNRCGDFCHKVDVYMSPKGFDTETLRSQYIIGPSTCYKHKGSVWSKVWNYNYHCEGQYTRCFDM,0.21256436,0.21256436,4,8000,397
EALMRCGDFCHKVDLYMWPKGFDTETLRSQYIIGPSTCYKHKGSEQSKVWNYNYHCEKQYTRCFDM,0.21166386,0.21166386,4,8000,397
EALARCGDFCHKVDVYMWPKGFDTETLRSQYIIGPSTCYKHKGSHYSKVWNYNYHCENQYTRCFDM,0.21121083,0.21121083,4,8000,397
DNESHRYDNTEHPQMLTCWANDGYCRPIQIMHNHITLCSGVLRWEDITSCRKRSVAESLPLGQTIE,0.21011038,0.21011046,4,8000,397
QNECRYERNKEFSVNANNWWNDNRCRQGQIMHDHESFCSFVLRWAYIFSSRKRQMAIVLPWGQTEI,0.2098032,0.20980331,4,8000,397
DNESHRGDNTEHPQMLTCWANDGYCRPYQIMHDHISLCSGVLRWEDITSCRKRAVAESMPLGQTIE,0.20904179,0.20904188,4,8000,397
DNEYHRGDNTEHPQMLTCWANDGYCRPIQIMHDHITLCPGVLRWEDITSCRKRSVAESMPLGQTIE,0.20849712,0.20849724,4,8000,397
DNESHRGDNTEHPQMLTCWANDGYCRPLQIMHDHISLCSGVLRWEDITSCRKRSVAESMPLGQTIE,0.2078924,0.20789252,4,8000,397
DNESHRGDNTEHPQMLTCWANCGYCRPAQIMHDHISLCSGVLRWEDITSCRKRSVAESMPLGQTIE,0.20556147,0.20556162,4,8000,397
DNESHYRDNTEHPQMLTCWANDGYCRPSQIMHDHITLCIGVLRWEDIFSCRKRSVAESMPLGQTIE,0.20476705,0.20476717,4,8000,397
VHHLFHVVEGAQTTAASGKTDGMVVWDPYDQHSSYHFEMHWEKVVSAKEIPPGYMRMNDWVFYVRH,0.20388542,0.2038855,4,8000,397
DNESHRGSNTEFPQMLTCWANCGYCRPQQIMHDHITLCSGVLRWEDITSCRKRSVAESMPLGQTIE,0.20362154,0.20362163,4,8000,397
EALQRCGDFCHKVDVYMIPKGFDTETLRSQYIIGPSTCYKHKGSPGSKVWNYNYHCEMQYTRCFDM,0.20310456,0.20310456,4,8000,397
EALHRCGDFCHKVDVYMIPKGFDTETLRSQYIIGPSTCYKHKGSKWSKVWNYNYHCESQYTRCFDM,0.20251457,0.20251457,4,8000,397
EALMRCGDFCHKVDMYMGPKGFDTETLRSQYIIGPSTCYKHKGSWYSKVWNYNYHCENQYTRCFDM,0.20196651,0.20196651,4,8000,397
EALSRCGDFCHKVDVYMCPKGFDTETLRSQYIIGPSTCYKHKGSWNSKVWNYNYHCEDQYTRCFDM,0.20043279,0.20043279,4,8000,397
QHHLRHWFEGAQTDAYSGNYYYAVVIDEDDQHSSYHYIMHWEKVVSAKEIAPGYMRGLDWPFYVKI,0.20001252,0.20001261,4,8000,397
QAEYYYGRNKEFSVNANNIWNDCRCRQGQIMHDHESFCSFVLRWAYIFSSRKRQMAIVLPWNQTEI,0.19990933,0.19990946,4,8000,397
AAAWRNGSMIHMVDGYWWPRAGMGWRLRSQYHIGPSTQYEHVVSWCLKFWHYNYHCEDQYIRHFWM,0.1996518,0.1996518,4,8000,397
QNERHYHRNKEFSVNANNIWNDNRCRQGQIMHDHESFCSFVLRWAYIFSSRKRQMAIVLPWGQTEI,0.19941814,0.19941826,4,8000,397
VVLGACHDEHETNDDCMYNKYGAVPRVIEWCMGIFYLCIIPLDWTNRKKVKQGCNTHFDKAAKPFR,0.1992994,0.1992994,4,8000,397
EALPRCGDFCHKVDVYMGPKGFDTETLRSQYIIGPSTCYKHKGSWASKVWNYNYHCEHQYTRCFDM,0.19897166,0.19897166,4,8000,397
EALGRCGDFCHKVDVYMGPKGFDTETLRSQYIIGPSTCYKHKGSWYSKVWNYNYHCERQYTRCFDM,0.19863594,0.19863594,4,8000,397
AAADRNGSMIHMVDGYWWPRAGMGWRLRSQYHIGPSTQYEHVVSWCLKFWHYNYHCEDQYIRHFWM,0.19724299,0.19724299,4,8000,397
ADDMRVWGMCHKVDRYFWPKWGCWMRLLSNTHIGCSTGYKVVGSSYRKFWKYWYHCELQDIAHFDT,0.19722147,0.19722147,4,8000,397
AAAQRNGSMIHMVDGYWWPRAGMGWRLRSQYHIGPSTQYEHVVSWMLKFWHYNYHCEDQYIRHFWM,0.19707175,0.19707175,4,8000,397
EALPRCGDFCHKVDVYMAPKGFDTETLRSQYIIGPSTCYKHKGSKLSKVWNYNYHCEPQYTRCFDM,0.19664116,0.19664116,4,8000,397
AAAERNGSMIHMVDGYWWPRAGCGWRLRSQYHIGPSTQYEHVVSWCLKFWHYNYHCEDQYIRHFWM,0.19619897,0.19619897,4,8000,397
EALGRCGDFCHKVDVYMAPKGFDTETLRSQYIIGPSTCYKHKGSKMSKVWNYNYHCEAQYTRCFDM,0.19593388,0.19593388,4,8000,397
DNEYHRGDNTEFPQMLTCWANCGYCRPMQIMHDHISLCSGVLRWEDITPCRKRSVAESMPLGQTIE,0.19527797,0.19527808,4,8000,397
HWILRPLGPMPAYSAVAQHHDNPTGNMWSSSSPGSISDGRWEAPEANIEKGYEYERNDGNVHTFND,0.19455478,0.19458479,4,8000,397
QNENFYGRNKEFSVNYNNIWNDNRCRQGQIMHDHESFCSFSLRWAYIFSSRKRQMAIVLPWNQTEI,0.1942812,0.1942813,4,8000,397
EALWRCGDFCHKVDVYMPPKGFDTETLRSQYIIGPSTCYKHKGSKRSKVWNYNYHCEQQYTRCFDM,0.19401206,0.19401206,4,8000,397
PNASDCGSCIHKVEMAYMSWGNRSHGKRSCTHHGGSPKCDRIKSNHETPWHHNQHCHDKYHGRFMS,0.54291743,0.54291743,5,10000,496
PEADDCGSCIHKVEMAYMSWGNRSHGKRSCTHHGGSPKCDRIKSMHETPWHHNQHCHDLYHGHFMS,0.5038406,0.5038406,5,10000,496
PYAGDCGSCIHKVEMAYMSWGNRSHGKRSCTHHGGSPKCDRIKSQHETPWHHNQHCHDKYHGRFMS,0.5015898,0.5015898,5,10000,496
PHANDCGSCIHKVEMAYNSWGNRSHGKRSCTHHGGSPKCDRIKSNHETPWHHNQHCHDLYHGKFMS,0.49679065,0.49679065,5,10000,496
PEARDCGSCIHKVEMAYHSWGNRSHGKRSCTHHGGSPKCDRIKSVHETPWHHNQHCHDLYHGRFMS,0.49391857,0.49391857,5,10000,496
PHADDCGSCIHKVEMAYMSWGNRSHGKRSCTHHGGSPKCDRIKSSHETPWHHNQHCHDLYHGRFMS,0.4865738,0.4865738,5,10000,496
PRAPDCGSCIHKVEMAYMSWGNRSHGKRSCTHHGGSPKCDRIKSNHETPWHHNQHCHDLYHGRFMS,0.465528,0.465528,5,10000,496
PHANDCGSCIHKVEMAYMSWGNRSHGKRSCTHHGGSPKCDRIKSNHETPWHHNQHCHDLYHGRFMS,0.4562096,0.4562096,5,10000,496
PEASDCGSCIHKVEMAYMSWGNRSHGKRSCTHHGGSPKCDRIKSNHETPWHHNQHCHDKYHGVFMS,0.45192674,0.45192674,5,10000,496
PNARDCGSCIHKVEMAYWSWGNRSHGKRSCTHHGGSPKCDRIKSIHETPWHHNQHCHDLYHGNFMS,0.44313455,0.44313455,5,10000,496
PHAQDCGSCIHKVEMAYMSWGNRSHGKRSCTHHGGSPKCDRIKSRHETPWHHNQHCHDLYHGRFMS,0.4395384,0.4395384,5,10000,496
PHAGDCGSCIHKVEMAYMSWGNRSHGKRSCTHHGGSPKCDRIKSNHETPWHHNQHCHDLYHGRFMS,0.43693653,0.43693653,5,10000,496
PYANDCGSCIHKVEMAYMSWGNRSHGKRSCTHHGGSPKCDRIKSNHETPWHHNQHCHDLYHGRFMS,0.42049873,0.42049873,5,10000,496
PHAVDCGSCIHKVEMAYMSWGNRSHGKRSCTHHGGSPKCDRIKSGHETPWHHNQHCHDKYHGRFMS,0.40976343,0.40976343,5,10000,496
PMAVDCGSCIHKVEMAYMSWGNRSHGKRSCTHHGGSPKCDRIKSNHETPWHHNQHCHDKYHGRFMS,0.40823305,0.40823305,5,10000,496
PHASDCGSCIHKVEMAYMSWGNRSHGKRSCTHHGGSPKCDRIKSWHETPWHHNQHCHDLYHGDFMS,0.40458277,0.40458277,5,10000,496
PKAPDCGSCIHKVEMAYISWGNRSHGKRSCTHHGGSPKCDRIKSKHETPWHHNQHCHDLYHGRFMS,0.4031163,0.4031163,5,10000,496
PHASDCGSCIHKVEMAYMSWGNRSHGKRSCTHHGGSPKCDRIKSHHETPWHHNQHCHDKYHGVFMS,0.3962624,0.3962624,5,10000,496
PHAPDCGSCIHKVEMAYMSWGNRSHGKRSCTHHGGSPKCDRIKSFHETPWHHNQHCHDLYHGRFMS,0.39455515,0.39455515,5,10000,496
PLAGDCGSCIHKVEMAYMSWGNRSHGKRSCTHHGGSPKCDRIKSNHETPWHHNQHCHDLYHGRFMS,0.3830324,0.3830324,5,10000,496
PNADDCGSCIHKVEMAYMSWGNRSHGKRSCTHHGGSPKCDRIKSSHETPWHHNQHCHDLYHGVFMS,0.3811629,0.3811629,5,10000,496
PNACDCGSCIHKVEMAYMSWGNRSHGKRSCTHHGGSPKCDRIKSNHETPWHHNQHCHDLYHGRFMS,0.37970805,0.37970805,5,10000,496
PHASNCGSCIHKVEMAYMSWGNRSHGKRSCTHHGGSPKCDRIKSNHETPWHHNQHCHDLYHGRFMS,0.36693254,0.36693254,5,10000,496
PQAVDCGSCIHKVEMAYTSWGNRSHGKRSCTHHGGSPKCDRIKSNHETPWHHNQHCHDLYHGRFMS,0.36540106,0.36540106,5,10000,496
PHARNCGSCIHKVEMAYMSWGNRSHGKRSCTHHGGSPKCDRIKSNHETPWHHNQHCHDLYHGRFMS,0.3644377,0.3644377,5,10000,496
PHAYDCGSCIHKVEMAYMSWGNRSHGKRSCTHHGGSPKCDRIKSYHETPWHHNQHCHDLYHGRFMS,0.3593744,0.3593744,5,10000,496
PRAFDCGSCIHKVEMAYMSWGNRSHGKRSCTHHGGSPKCDRIKSEHETPWHHNQHCHDLYHGRFMS,0.35853717,0.35853717,5,10000,496
PHAHDCGSCIHKVEMAYMSWGNRSHGKRSCTHHGGSPKCDRIKSNHETPWHHNQHCHDLYHGYFMS,0.35345748,0.35345748,5,10000,496
PFAENCGSCIHKVEMAYMSWGNRSHGKRSCTHHGGSPKCDRIKSNHETPWHHNQHCHDLYHGRFMS,0.34695786,0.34695786,5,10000,496
PVAIDCGSCIHKVEMAYMSWGNRSHGKRSCTHHGGSPKCDRIKSHHETPWHHNQHCHDKYHGRFMS,0.34666893,0.34666893,5,10000,496
PHAFDCGSCIHKVEMAYMSWGNRSHGKRSCTHHGGSPKCDRIKSNHETPWHHNQHCHDLYHGRFMS,0.3426498,0.3426498,5,10000,496
PWAKDCGSCIHKVEMAYMSWGNRSHGKRSCTHHGGSPKCDRIKSAHETPWHHNQHCHDLYHGKFMS,0.342622,0.342622,5,10000,496
PATTDCGSFIHKPYMAYHVRANRSGNPGQSTHHYCVHQADVIKGNHETLWHHNHSHYDKAHGVWCS,0.3420441,0.3420441,5,10000,496
PRAGDCGSCIHKVEMAYMSWGNRSHGKRSCTHHGGSPKCDRIKSHHETPWHHNQHCHDLYHGVFMS,0.33784768,0.33784768,5,10000,496
PIALDCGSCIHKVEMAYWSWGNRSHGKRSCTHHGGSPKCDRIKSNHETPWHHNQHCHDLYHGRFMS,0.33528817,0.33528817,5,10000,496
PRDGDCGSFIHKPYMAYGVRANRSGNPGQSFHHYCVHQADVIKGNHETLWHHNHSHYDKYHGVWCS,0.33403513,0.33403513,5,10000,496
PNAGDCGSCIHKVEMAYPSWGNRSHGKRSCTHHGGSPKCDRIKSGHETPWHHNQHCHDLYHGVFMS,0.33270764,0.33270764,5,10000,496
PNAGDCGSCIHKVEMAYMSWGNRSHGKRSCTHHGGSPKCDRIKSNHETPWHHNQHCHDLYHGVFMS,0.33016115,0.33016115,5,10000,496
PDTHDCGSFIHKPYMAYTVRANRSGNPGQSTHHYCVHQADVIKGNHETLWHHNHSHYDKAHGVWCS,0.32754585,0.32754585,5,10000,496
PNDHDCGSFLHKPYMAYGVRANRSGNPGQSFHHYCVHQADVIKGNHETLWHHNHSHYDKYHGVWCS,0.32730538,0.32730538,5,10000,496
PNDGDCGSFIHKPYMAYTVRANRSGNPGQSFHHYCVHQADVIKGNHETLWHHNHSHYDKYHGVWCS,0.32637468,0.32637468,5,10000,496
PKAHDCGSCIHKVEMAYMSWGNRSHGKRSCTHHGGSPKCDRIKSNHETPWHHNQHCHDLYHGVFMS,0.3259558,0.3259558,5,10000,496
PCTPDCGSFIHKPYMAYHVRANRSHNPGQSFHHYCVHQADVIKGNHETLWHHNHSHYDKYHGVWCS,0.32482925,0.32482925,5,10000,496
PKARDCGSCIHKVEMAYMSWGNRSHGKRSCTHHGGSPKCDRIKSNHETPWHHNQHCHDLYHGVFMS,0.3232112,0.3232112,5,10000,496
PATHDCGSFIHKPYMAYGVRANRSGNPGQSTHHYCVHQADVIKGNHETLWHHNHSHYDKYHGVWCS,0.3227943,0.3227943,5,10000,496
PATDDCGSFIHKPYMAYHVRANRSGNPGQSFHHYCVHQADVIKGNHETLWHHNHSHYDKYHGVWCS,0.32215965,0.32215965,5,10000,496
PDALDCGSCIHKVEMAYSSWGNRSHGKRSCTHHGGSPKCDRIKSCHETPWHHNQHCHDLYHGRFMS,0.3205707,0.3205707,5,10000,496
PVATDCGSCIHKVEMAYMSWGNRSHGKRSCTHHGGSPKCDRIKSCHETPWHHNQHCHDLYHGRFMS,0.31849208,0.31849208,5,10000,496
PPAHDCGSCIHKVEMAYMSWGNRSHGKRSCTHHGGSPKCDRIKSNHETPWHHNQHCHDLYHGWFMS,0.31540918,0.31540918,5,10000,496
PGANDCGSCIHKVEMAYGSWGNRSHGKRSCTHHGGSPKCDRIKSNHETPWHHNQHCHDLYHGVFMS,0.31391966,0.31391966,5,10000,496
PNAADCGSCIHKVEMAYMSWGNRSHGKRSCTHHGGSPKCDRIKSPHETPWHHNQHCHDLYHGAFMS,0.31366378,0.31366378,5,10000,496
PKTSDCGSFIHKPYMAYGVRANRSHNPGQSFHHYCVHQADVIKGNHETLWHHNHSHYDKYHGVWCS,0.30905464,0.30905464,5,10000,496
PHAHNCGSCIHKVEMAYMSWGNRSHGKRSCTHHGGSPKCDRIKSLHETPWHHNQHCHDLYHGRFMS,0.3068632,0.3068632,5,10000,496
PNTCDCGSFIHKPYMAYTVRANRSGNPGQSFHHYCVHQADVIKGNHETLWHHNHSHYDKAHGVWCS,0.3062201,0.3062201,5,10000,496
PWASDCGSCIHKVEMAYDSWGNRSHGKRSCTHHGGSPKCDRIKSNHETPWHHNQHCHDLYHGVFMS,0.30583146,0.30583146,5,10000,496
PHAIDCGSCIHKVEMAYMSWGNRSHGKRSCTHHGGSPKCDRIKSSHETPWHHNQHCHDLYHGRFMS,0.3046592,0.3046592,5,10000,496
PDAYDCGSCIHKVEMAYMSWGNRSHGKRSCTHHGGSPKCDRIKSNHETPWHHNQHCHDLYHGVFMS,0.30431846,0.30431846,5,10000,496
PNTTDCGSFIHKPYMAYTVRANRSGNPGQSFHHYCVHQADVIKGNHETLWHHNHSHYDKYHGVWCS,0.30357054,0.30357054,5,10000,496
PETCDCGSFIHKPYMAYHVRANRSGNPGQSFHHYCVHQADVIKGNHETLWHHNQSHYDLAHGVWCS,0.30342096,0.30342096,5,10000,496
PMDSDCGSFIHKPYMAYTVRANRSGNPGQSFHHYCVHQADVIKGNHETLWHHNHSHYDKYHGVWCS,0.3033874,0.3033874,5,10000,496
PHAMDCGSCIHKVEMAYCSWGNRSHGKRSCTHHGGSPKCDRIKSNHETPWHHNQHCHDLYHGMFMS,0.30329865,0.30329865,5,10000,496
PHAHDCGSCIHKVEMAYMSWGNRSHGKRSCTHHGGSPKCDRIKSNHETPWHHNQHCHDLYHGVFMS,0.3018212,0.3018212,5,10000,496
PHASDCGSCIHKVEMAYMSWGNRSHGKRSCTHHGGSPKCDRIKSNHETPWHHNQHCHDLYHGVFMS,0.30144966,0.30144966,5,10000,496
PGAKDCGSCIHKVEMAYMSWGNRSHGKRSCTHHGGSPKCDRIKSTHETPWHHNQHCHDLYHGTFMS,0.3003864,0.3003864,5,10000,496
PHARDCGSCIHKVEMAYMSWGNRSHGKRSCTHHGGSPKCDRIKSNHETPWHHNQHCHDLYHGVFMS,0.2991896,0.2991896,5,10000,496
PVAGNCSDWPNKEEMQMMMKIGDRLTPWSCHAIIVFHQIEPIDRADEKKKKYGQMHFPKDWAKPFR,0.29821396,0.29821396,5,10000,496
PPTWDCGSFIHKPYMAYHVRANRSGNPGQSFHHYCVHQADVIKGNHETLWHHNHSHYDKAHGVWCS,0.29673588,0.29673588,5,10000,496
PHAHDCGSCIHKVEMAYMSWGNRSHGKRSCTHHGGSPKCDRIKSGHETPWHHNQHCHDLYHGVFMS,0.29567066,0.29567066,5,10000,496
PYATNCGSCIHKVEMAYMSWGNRSHGKRSCTHHGGSPKCDRIKSNHETPWHHNQHCHDLYHGGFMS,0.29353687,0.29353687,5,10000,496
PNTRDCGSFIHKPYMAYTVRANRSGNPGQSFHHYCVHQADVIKGNHETLWHHNHSHYDKYHGVWCS,0.29352,0.29352,5,10000,496
PCAPDCGSCIHKVEMAYASWGNRSHGKRSCTHHGGSPKCDRIKSSHETPWHHNQHCHDKYHGVFMS,0.29131818,0.29131818,5,10000,496
PDARNCGSCIHKVEMAYKSWGNRSHGKRSCTHHGGSPKCDRIKSNHETPWHHNQHCHDLYHGRFMS,0.2888282,0.2888282,5,10000,496
PHAADCGSCIHKVEMAYMSWGNRSHGKRSCTHHGGSPKCDRIKSVHETPWHHNQHCHDKYHGVFMS,0.2887373,0.2887373,5,10000,496
PTARDCGSCIHKVEMAYMSWGNRSHGKRSCTHHGGSPKCDRIKSQHETPWHHNQHCHDLYHGVFMS,0.28703672,0.28703672,5,10000,496
PDTEDCGSFIHKPYMAYGVRANRSGNPGQSTHHYCVHQADVIKGNHETLWHHNHSHYDKAHGVWCS,0.28682676,0.28682676,5,10000,496
PHGHDDGSFIHKPEMAYMVHANRSHNGNQLTHCYVHPRCDRIKGNHETLWHHNHSDYDKYHGVWCI,0.286243,0.286243,5,10000,496
PNDMDCGSFIHKPYMAYTVRANRSHNPGQSFHHYCVHQADVIKGNHETLWHHNHSHYDKYHGVWCS,0.28362688,0.28362688,5,10000,496
PMTGDCGSFIHKPYMAWTVRANRSGNPGQSFHHYCVHQADVIKGNHETLWHHNHSHYDKYHGVWCS,0.283552,0.283552,5,10000,496
PGDPDCGSFIHKPYMAYTVRANRSHNPGQSFHHYCVHQADVIKGNHETLWHHNHSHYDKYHGVWCS,0.28192985,0.28192985,5,10000,496
PRAVNCGSCIHKVEMAYMSWGNRSHGKRSCTHHGGSPKCDRIKSTHETPWHHNQHCHDLYHGRFMS,0.28188375,0.28188375,5,10000,496
PMDGDCGSFIHKPYMAYTVRANRSHNPGQSFHHYCVHQADVIKGNHETLWHHNHSHYDKYHGVWCS,0.28059897,0.28059897,5,10000,496
PHAIDCGSCIHKVEMAYMSWGNRSHGKRSCTHHGGSPKCDRIKSNHETPWHHNQHCHDKYHGVFMS,0.28055665,0.28055665,5,10000,496
PADPDCGSFIHKPYMAYTVRANRSGNPGQSFHHYCVHQADVIKGNHETLWHHNHSHYDKYHGVWCS,0.27917278,0.27917278,5,10000,496
PIADDCGSCIHKVEMAYKSWGNRSHGKRSCTHHGGSPKCDRIKSAHETPWHHNQHCHDLYHGRFMS,0.27583218,0.27583218,5,10000,496
PDAVDCGSCIHKVEMAYSSWGNRSHGKRSCTHHGGSPKCDRIKSRHETPWHHNQHCHDLYHGVFMS,0.2752488,0.2752488,5,10000,496
PWAMDCGSCIHKVEMAYMSWGNRSHGKRSCTHHGGSPKCDRIKSVHETPWHHNQHCHDLYHGRFMS,0.27470157,0.27470157,5,10000,496
PATPDCGSFIHKPYMAYTVRANRSGNPGQSFHHYCVHQADVIKGNHETLWHHNHSHYDKYHGVWCS,0.27184692,0.27184692,5,10000,496
PETDDCGSFIHKPYMAYGVRANRSGNPGQSFHHYCVHQADVIKGNHETLWHHNHSHYDKAHGVWCS,0.27053013,0.27053013,5,10000,496
PKTTDCGSFIHKPYMAYTVRANRSGNPGQSFHHYCVHQADVIKGNHETLWHHNHSHYDKAHGVWCS,0.27013916,0.27013916,5,10000,496
PVAGNCSDWTNKEEMNMMMKIGDRLTPWSCHAIIVFHQIEPIDRAREKKKKYGQMHFAKDIAKPNR,0.26917452,0.26917452,5,10000,496
PNDVDCGSFIHKPYMAYTVRANRSGNPGQSFHHYCVHQADVIKGNHETLWHHNHSHYDKYHGVWCS,0.26904127,0.26904127,5,10000,496
PQASNCGSCIHKVEMAYYSWGNRSHGKRSCTHHGGSPKCDRIKSYHETPWHHNQHCHDLYHGVFMS,0.26838124,0.26838124,5,10000,496
PWTDDCGSFIHKPYMAYGVRANRSHNPGQSFHHYCVHQADVIKGNHETLWHHNHSHYDKYHGVWCS,0.26822367,0.26822367,5,10000,496
PRASNCGSCIHKVEMAYCSWGNRSHGKRSCTHHGGSPKCDRIKSIHETPWHHNQHCHDLYHGVFMS,0.26800904,0.26800904,5,10000,496
PVAGNCSDWENKEEMTMMMKIGDRLTPWSCHAIIVFHQIEPIDRAGEKKKKYGQMHFYKDIAKPNR,0.26716992,0.26716992,5,10000,496
PSAYDCGSCIHKVEMAYMSWGNRSHGKRSCTHHGGSPKCDRIKSQHETPWHHNQHCHDLYHGVFMS,0.26694727,0.26694727,5,10000,496
PHTNDCGSFIHKPYMAYTVRANRSGNPGQSFHHYCVHQADVIKGNHETLWHHNHSHYDKAHGVWCS,0.26673257,0.26673257,5,10000,496
PVAGNCSDWKNKEEMTMMMKIGDRLTPWSCHMIIVFHQIEPIDRAKEKKKKYGQMHFWKDIAKPNR,0.26595297,0.26595297,5,10000,496
PHAYDCGSCIHKVEMAYMSWGNRSHGKRSCTHHGGSPKCDRIKSSHETPWHHNQHCHDLYHGVFMS,0.2658873,0.2658873,5,10000,496
DPTASCQQQIMRRYAMAHRYWGIKLPRNNKQSQIVMICIGPKDTHHDHLFNKWHIHEKQHHARPIS,0.3438761,0.3438761,6,12000,595
DPTASCGQQIMRRYAMAHRYWGIKLPRNNKQSQIVMICIGPKSTHHDHLFNPWHIHEKQHHARPIS,0.32852745,0.32852745,6,12000,595
DPTASCGQQIMRRYAMAHRYWGIKLPRNNKQSQIVMICIGPKETHHDHLFNAWHIHEKQHHARPIS,0.31469297,0.31469297,6,12000,595
DPTASCGQQIMRRYAMAHRYWGIKLPRNNKQSQIVMICIGPKDTHHDHLFNAWHIHEKQHHARPIS,0.3096746,0.3096746,6,12000,595
DPTKSCGQQIMRRYAMAHRYWGIKLPRNNKQSQIVMICIGPKPTHHDHLFNEWHIHEKQHHARPIS,0.3085269,0.3085269,6,12000,595
DPTASCGQQIMRRYAMAHRYWGIKLPRNNKQSQIVMICIGPKPTHHDHLFNTWHIHEKQHHARPIS,0.29921913,0.29921913,6,12000,595
DPTASCQQQIMRRYAMAHRYWGIKLPRNNKQSQIVMICPGPKTTHHDHLFNAWHIHEKQHHARPIS,0.29544392,0.29544392,6,12000,595
DPTASCGQQIMRRYAMAHRYWFIKLPRNNKQSQIVMVCIGPKKTHHDHLFNAWHIHEKQHHARPIS,0.2911315,0.2911315,6,12000,595
DPTASCGQQIMRRYAMAHRYWGIKLPRNNKQSQIVMICIGPKRTHHDHLFNMWHIHEKQHHARPIS,0.29074103,0.29074103,6,12000,595
DPTASCGQQIMRRYAMAHRYWGIKLPRNNKQSQIVMICPGPKLTHHDHLFNPWHIHEKQHHARPIS,0.2901734,0.2901734,6,12000,595
DPTASCGQQIMRRYAMAHRYWGIKLPRNNKQSQIVMVCIGPKTTHHDHLFNYWHIHEKQHHARPIS,0.27912366,0.27912366,6,12000,595
DPTASVQQQIMRRYAMAHRYWGIKLPRNNKQSQIVMICIGPKQTHHDHLFNPWHIHEKQHHARPIS,0.2776016,0.2776016,6,12000,595
DPTASCQQQIMRRYAMAHRYWGIKLPRNNKQSQIVMICIGPKHTHHDHLFNYWHIHEKQHHARPIS,0.27563232,0.27563232,6,12000,595
DPTKSCGQQIMRRYAMAHRYWFIKLPRNNKQSQIVMICIGPKHTHHDHLFNKWHIHEKQHHARPIS,0.26836002,0.26836002,6,12000,595
DPTASCQGQIMRRYAMAHRYWGIKLPRNNKQSQIVMICIGPKYTHHDHLFNAWHIHEKQHHARPIS,0.26759598,0.26759598,6,12000,595
DPTASCGQQIMRRYAMAHRYWGIKLPRNNKQSQIVMICIGPKMTHHDHLFNSWHIHEKQHHARPIS,0.26631948,0.26631948,6,12000,595
DPTASCQQQIMRRYAMAHRYWGIKLPRNNKQSQIVMICIGPKKTHHDHLFNLWHIHEKQHHARPIS,0.26550043,0.26550043,6,12000,595
DPTASCGQQIMRRYAMAHRYWGIKLPRNFKQSQIVMICIGPKETHHDHLFNKWHIHEKQHHARPIS,0.26349658,0.26349658,6,12000,595
DPTASCGQQIMRRYAMAHRYWFIKLPRNNKQSQIVMICIGPKDTHHDHLFNVWHIHEKQHHARPIS,0.26112646,0.26112646,6,12000,595
DPTASVGQQIMRRYAMAHRYWGIKLPRNNKQSQIVMICPGPKNTHHDHLFNAWHIHEKQHHARPIS,0.25871444,0.25871444,6,12000,595
DPTASCRQDIMRTYAMRHRYWGIKLPRNNKTSPRDMVCPGPKHIWEDHLVNACHSHYKQHHGRPCN,0.2563201,0.2563201,6,12000,595
DPTASCRQDIMRTYAMRHRYWGIKLPRNNKTSPRDMVCPAPEHIWEDHLVNACHSHYKQHHGRPIV,0.25510162,0.25510162,6,12000,595
DPTASCGQQIMRRYAMAHRYWFIKLPRNNKQSQIVMICIGPKWTHHDHLFNEWHIHEKQHHARPIS,0.25374126,0.25374126,6,12000,595
DPTASCGQQIMRRYAMAHRYWFIKLPRNNKQSQIVMICIGPKQTHHDHLFNCWHIHEKQHHARPIS,0.25362659,0.25362659,6,12000,595
DPTASCGQQIMRRYAMAHRYWGIKLPRNNKQSQIVMICIGPKATHHDHLFNHWHIHEKQHHARPIS,0.25230584,0.25230584,6,12000,595
DPTASCGQQIMRRYAMAHRYWGIKLPRNNKQSQIVMICIGPKCTHHDHLFNDWHIHEKQHHARPIS,0.2510747,0.2510747,6,12000,595
DPTASCGQQIMRRYAMAHRYWGIKLPRNNKQSQIVMICIGPKATHHDHLFNAWHIHEKQHHARPIS,0.2502928,0.2502928,6,12000,595
DPTASCGQQIMRRYAMAHRYWGIKLPRNNKQSQIVMICIGPKMTHHDHLFNAWHIHEKQHHARPIS,0.24984697,0.24984697,6,12000,595
DPTASVGQQIMRRYAMAHRYWGIKLPRNNKQSQIVMVCIGPKPTHHDHLFNTWHIHEKQHHARPIS,0.24962485,0.24962485,6,12000,595
DPTASVGQQIMRRYAMAHRYWGIKLPRNNKQSQIVMICIGPKGTHHDHLFNPWHIHEKQHHARPIS,0.2476735,0.2476735,6,12000,595
DPTASCRQDIMRTYAMRHRYWCIKLHRNNKTSPRDMVCPAPPHIWEDHLVNVCHSHYKQHHGRPIQ,0.2473544,0.2473544,6,12000,595
DPTASCGQQIMRRYAMAHRYWGIKLPRNFKQSQIVMICIGPKKTHHDHLFNKWHIHEKQHHARPIS,0.2466134,0.2466134,6,12000,595
DPTASVGSQIMRRYAMAHRYWGIKLPRNNKQSQIVMICIGPKSTHHDHLFNSWHIHEKQHHARPIS,0.24540907,0.24540907,6,12000,595
SLADNGSAQIMTQRRAMHVTSGMTETTWQLTRQHVRPKHGSIVNAHEHLKNHWPIHHDKNHQGPCR,0.2445911,0.2445911,6,12000,595
SLCGNGSGQIMMRRRAMHVTSGMTETTPQLTRQHVYTKHGSIVNHHEHLKNHWPIHHDKDHQGPCR,0.24392818,0.24392818,6,12000,595
DPTASCGQQIMRRYAMAHRYWCIKLPRNNKQSQIVMICIGPKFTHHDHLFNEWHIHEKQHHARPIS,0.24235862,0.24235862,6,12000,595
DPTASVGQQIMRRYAMAHRYWGIKLPRNNKQSQIVMICIGPKTTHHDHLFNQWHIHEKQHHARPIS,0.24181202,0.24181202,6,12000,595
DPTASVGQQIMRRYAMAHRYWGIKLPRNNKQSQIVMICIGPKNTHHDHLFNAWHIHEKQHHARPIS,0.2392233,0.2392233,6,12000,595
DPTASCGQQIMRRYAMAHRYWGIKLPRNFKQSQIVMICPGPKSTHHDHLFNMWHIHEKQHHARPIS,0.23918736,0.23918736,6,12000,595
DPTASCQQQIMRRYAMAHRYWGIKLPRNNKQSQIVMICIGPKTTHHDHLFNIWHIHEKQHHARPIS,0.23685703,0.23685703,6,12000,595
DPTASCQQQIMRRYAMAHRYWGIKLPRNFKQSQIVMICIGPKDTHHDHLFNHWHIHEKQHHARPIS,0.2355954,0.2355954,6,12000,595
DPTASCGQQIMRRYAMAHRYWFIKLPRNNKQSQIVMICIGPKLTHHDHLFNEWHIHEKQHHARPIS,0.23235184,0.23235184,6,12000,595
DPTASCGQQIMRRYAMAHRYWGIKLPRNFKQSQIVMICIGPKTTHHDHLFNEWHIHEKQHHARPIS,0.22937214,0.22937214,6,12000,595
DPTASCGQQIMRRYAMAHRYWGIKLPRNNKQSQIVMICIGPKWTHHDHLFNCWHIHEKQHHARPIS,0.22760238,0.22760238,6,12000,595
DPTASCGQQIMRRYAMAHRYWGIKLPRNFKQSQIVMICIGPKPTHHDHLFNSWHIHEKQHHARPIS,0.22597758,0.22597758,6,12000,595
DPTASVGQQIMRRYAMAHRYWGIKLPRNNKQSQIVMICIGPKSTHHDHLFNAWHIHEKQHHARPIS,0.22499338,0.22499338,6,12000,595
DPTASCGQQIMRRYAMAHRYWGIKLPRNNKQSQIVMICIGPKLTHHDHLFNAWHIHEKQHHARPIS,0.2244841,0.2244841,6,12000,595
DPTASCGQQIMRRYAMAHRYWGIKLPRNFKQSQIVMICIGPKKTHHDHLFNHWHIHEKQHHARPIS,0.22432274,0.22432274,6,12000,595
DPTASVGQQIMRRYAMAHRYWGIKLPRNNKQSQIVMICIGPKDTHHDHLFNLWHIHEKQHHARPIS,0.22323127,0.22323127,6,12000,595
DPTASCGQQIMRRYAMAHRYWGIKLPRNNKQSQIVMICIGPKCTHHDHLFNMWHIHEKQHHARPIS,0.22256206,0.22256206,6,12000,595
DPTASCGQQIMRRYAMAHRYWGIKLPRNFKQSQIVMICIGPKKTHHDHLFNAWHIHEKQHHARPIS,0.22246659,0.22246659,6,12000,595
DPTASVGQQIMRRYAMAHRYWGIKLPRNNKQSQIVMICIGPKATHHDHLFNDWHIHEKQHHARPIS,0.22078559,0.22078559,6,12000,595
DPTASVGQQIMRRYAMAHRYWGIKLPRNNKQSQIVMICIGPKSTHHDHLFNYWHIHEKQHHARPIS,0.21795475,0.21795475,6,12000,595
DPTASVGQQIMRRYAMAHRYWFIKLPRNNKQSQIVMICIGPKTTHHDHLFNNWHIHEKQHHARPIS,0.21252859,0.21252859,6,12000,595
DPTASCGQQIMRRYAMAHRYWFIKLPRNNKQSQIVMVCIGPKITHHDHLFNAWHIHEKQHHARPIS,0.21163388,0.21163388,6,12000,595
DPTASCGQQIMRRYAMAHRYWGIKLPRNFKQSQIVMICIGPKPTHHDHLFNAWHIHEKQHHARPIS,0.21128178,0.21128178,6,12000,595
SLCHNGSAQIMTRRRAMHVTSGMTETTAFLTRQHVHTKHGSIVNHHEHLKNHWPIHHDKDHQGPCR,0.21100062,0.21100062,6,12000,595
DPTASVGQQIMRRYAMAHRYWGIKLPRNNKQSQIVMICIGPKYTHHDHLFNTWHIHEKQHHARPIS,0.21090335,0.21090335,6,12000,595
DPTASVGQQIMRRYAMAHRYWGIKLPRNNKQSQIVMICIGPKATHHDHLFNSWHIHEKQHHARPIS,0.2088521,0.2088521,6,12000,595
DPTASVGQQIMRRYAMAHRYWGIKLPRNFKQSQIVMICIGPKQTHHDHLFNPWHIHEKQHHARPIS,0.20734268,0.20734268,6,12000,595
DPTASCGMQIMRRYAMAHRYWGIKLPRNFKQSQIVMICIGPKQTHHDHLFNWWHIHEKQHHARPIS,0.20653859,0.20653859,6,12000,595
DPTASCGQQIMRRYAMAHRYWGIKLPRNFKQSQIVMICIGPKHTHHDHLFNYWHIHEKQHHARPIS,0.20448093,0.20448093,6,12000,595
DPTASVGQQIMRRYAMAHRYWGIKLPRNNKQSQIVMICIGPKSTHHDHLFNVWHIHEKQHHARPIS,0.20444272,0.20444272,6,12000,595
DPTASVQQQIMRRYAMAHRYWGIKLPRNNKQSQIVMICIGPKKTHHDHLFNIWHIHEKQHHARPIS,0.2043867,0.2043867,6,12000,595
DPTASCGQQIMRRYAMAHRYWFIKLPRNFKQSQIVMICIGPKHTHHDHLFNRWHIHEKQHHARPIS,0.20285457,0.20285457,6,12000,595
DPTASVQQQIMRRYAMAHRYWGIKLPRNFKQSQIVMICPGPKPTHHDHLFNDWHIHEKQHHARPIS,0.20226903,0.20226903,6,12000,595
DPTASCGQQIMRRYAMAHRYWGIKLPRNFKQSQIVMICIGPKKTHHDHLFNLWHIHEKQHHARPIS,0.20168693,0.20168693,6,12000,595
DPTASCGQQIMRRYAMAHRYWGIKLPRNFKQSQIVMVCIGPKLTHHDHLFNDWHIHEKQHHARPIS,0.20162112,0.20162112,6,12000,595
DPTASCGQQIMRRYAMAHRYWFIKLPRNNKQSQIVMICIGPKFTHHDHLFNWWHIHEKQHHARPIS,0.2015748,0.2015748,6,12000,595
DPTASCRQDIRRTYAMRHRYWGIKLPRNFKTSWRDMVCPAPQHIWEDHLVNVCHSHYKQHHGRPIQ,0.2013727,0.2013727,6,12000,595
DPTASCRQDIMRTYAMRHRYWGIKLPRNNKTSCRDMVCPAFFHIWEDHLVNVCHSHYKQHHGRPIS,0.20100667,0.20100667,6,12000,595
DPTASVGQQIMRRYAMAHRYWGIKLPRNNKQSQIVMICIGPKSTHHDHLFNFWHIHEKQHHARPIS,0.20087716,0.20087716,6,12000,595
DPTASCRQDIMRTYAMRHRYWGIKLPRNNKTSPRDMVCPAPQHIWEDHLVNVCHSHYKQHHGRPIV,0.20078054,0.20078054,6,12000,595
DPTASCGQQIMRRYAMAHRYWGIKLPRNNKQSQIVMICIGPKITHHDHLFNWWHIHEKQHHARPIS,0.1998772,0.1998772,6,12000,595
DPTASCGQQIMRRYAMAHRYWFIKLPRNNKQSQIVMICIGPKVTHHDHLFNYWHIHEKQHHARPIS,0.19920056,0.19920056,6,12000,595
DPTASCQQQIMRRYAMAHRYWGIKLPRNFKQSQIVMICIGPKTTHHDHLFNAWHIHEKQHHARPIS,0.19726136,0.19726136,6,12000,595
DPTASCRQDIMRTYAMRHRYWGIKLPRNFKTSPRDMVCPAPEHIWEDHLVNVCHSHYKQHHGRPIR,0.19693375,0.19693375,6,12000,595
DPTASVGSQIMRRYAMAHRYWGIKLPRNFKQSQIVMICIGPKDTHHDHLFNTWHIHEKQHHARPIS,0.19618186,0.19618186,6,12000,595
DPTASCGQQIMRRYAMAHRYWGIKLPRNNKQSQIVMICIGPKITHHDHLFNVWHIHEKQHHARPIS,0.19607814,0.19607814,6,12000,595
DPTASVQQQIMRRYAMAHRYWGIKLPRNFKQSQIVMICIGPKETHHDHLFNTWHIHEKQHHARPIS,0.19587202,0.19587202,6,12000,595
DPTASVGQQIMRRYAMAHRYWGIKLPRNNKQSQIVMICIGPKVTHHDHLFNKWHIHEKQHHARPIS,0.19348216,0.19348216,6,12000,595
DPTASCQQQIMRRYAMAHRYWGIKLPRNFKQSQIVMICIGPKVTHHDHLFNPWHIHEKQHHARPIS,0.1930873,0.1930873,6,12000,595
SLCENLGQQIDMQRRAMHVTRFMTRMKNQLTYQHVITVHGPIGNIHRHVMNHNPKHEDKAHQGWIR,0.19223543,0.19223543,6,12000,595
DPTASVGQQIMRRYAMAHRYWGIKLPRNNKQSQIVMICIGPKITHHDHLFNEWHIHEKQHHARPIS,0.19175367,0.19175367,6,12000,595
DPTASCRQDIMRTYAMRHRYWGIKLHRNFKTSPRDMVCPAREHIWEDHLVNVCHSHYKQHHGRPIT,0.19123703,0.19123703,6,12000,595
DPTASCGQQIMRRYAMAHRYWGIKLPRNFKQSQIVMICIGPKLTHHDHLFNQWHIHEKQHHARPIS,0.19047418,0.19047418,6,12000,595
DPTASCGVQIMRRYAMAHRYWGIKLPRNFKQSQIVMICIGPKSTHHDHLFNAWHIHEKQHHARPIS,0.18968345,0.18968345,6,12000,595
DPTASVGQQIMRRYAMAHRYWGIKLPRNFKQSQIVMICIGPKRTHHDHLFNKWHIHEKQHHARPIS,0.18829045,0.18829045,6,12000,595
SLCNNLGQQIDMRRRAMHVTRFMTLMKNQLTYQHVRTVHGPIGNIHRHVMNHNPKHHDKAHQGWIR,0.18729167,0.18729167,6,12000,595
SLAGNGSQQIMTRRRAMHVTSGMTETTQQLTRQHVYPKHGSIVNHHEHLKNHWPIHRDKKHQGWCR,0.18727995,0.18727995,6,12000,595
DPTKSCGQQIMRRYAMAHRYWFIKLPRNFKQSQIVMICIGPKSTHHDHLFNMWHIHEKQHHARPIS,0.18587103,0.18587103,6,12000,595
SLAGNGSCQIMMRRRAMHVTSGMTETTQQLTRQHVWTKHGSIVNAHEHLKNHWPIHRDKEHQGWCR,0.18552242,0.18552242,6,12000,595
DPTASVGQQIMRRYAMAHRYWGIKLPRNFKQSQIVMICPGPKYTHHDHLFNPWHIHEKQHHARPIS,0.18537973,0.18537973,6,12000,595
DPTASCRQDIMRTYAMRHRYWCIKLPRNNKTSPRDMVCPAPGHIWEDHLVNVCHSHYKQHHGRPIV,0.1851507,0.1851507,6,12000,595
DPTASCQQQIMRRYAMAHRYWGIKLPRNFKQSQIVMICIGPKYTHHDHLFNAWHIHEKQHHARPIS,0.18463893,0.18463893,6,12000,595
SLCGNGSWQIMTQRRAMHVTSGMTETTSQLTRQIVQPKHGSIVGIHEHLKNHWPIHRDKDHQGPCR,0.18413275,0.18413275,6,12000,595
SLCINLGCQIDMQRRAMHVTRFMTLMKNQLTYQHVHTVHGPIGNIHRHVMNHNPKHHDKAHQGWIR,0.18400823,0.18400823,6,12000,595
DPTASVGQQIMRRYAMAHRYWGIKLPRNFKQSQIVMICIGPKDTHHDHLFNHWHIHEKQHHARPIS,0.18302312,0.18302312,6,12000,595
DPTASCQQQIMRRYAMAHRYWGIKLPRNFKQSQIVMICPGPKVTHHDHLFNAWHIHEKQHHARPIS,0.18216003,0.18216003,6,12000,595
EPEYTSCGCDIVKRRLRERMHWDGFPRNQVECRRMLVGCGPKQRWDPALSMETAGLYKQFHGRGYD,0.30305132,0.30305132,7,14000,694
EPWYTSCGCDIVKRRLRERMHCDGFPRNQVECRTMLVGCGPKQRWDPALSMETAGLYKQFHGRGED,0.26500815,0.26500815,7,14000,694
EPWYTSCGCDIVKRRLRERMHTDGFPRNQVECRRMLVGCGPKQRWDPARSMETAGLYKQFHGRGGD,0.26224333,0.26224333,7,14000,694
EPWYTSCGCDIVKRRLRERMHGDGFPRNQVECRGMLVGCGPKQRWDPALSMETAGLYKQFHGRGSD,0.26221535,0.26221535,7,14000,694
EPWYTSCGCDIVKRRLRERMHRDGFPRNQVECRCMLVGCGPKQRWDPALSMETAGLYKQFHGRGSD,0.25685427,0.25685427,7,14000,694
EPWYTSCGCDIVKRRLRERMHMDGFPRNQVECRHMLVGCGPKQRWDPALSMETAGLYKQFHGRGSD,0.24147795,0.24147795,7,14000,694
EPWYTSCGCDIVKRRLRERMHQDGFPRNQVECRDMLVGCGPKQRWDPALSMETAGLYKQFHGRGYD,0.24025169,0.24025169,7,14000,694
EPWYTSCGCDIVKRRLRERMHADGFPRNQVECRHMLVGCGPKQRWDPALSMETAGLYKQFHGRGYD,0.23574318,0.23574318,7,14000,694
EPWYTSCGCDIVKRRLRERMHIDGFPRNQVECRPMLVGCGPKQRWDPALSMETAGLYKQFHGRGDD,0.23117062,0.23117062,7,14000,694
EPWYTSCGCDIVKRRLRERMHEDGFPRNQVECRGMLVGCGPKQRWDPALSMETAGLYKQFHGRGYD,0.22975568,0.22975568,7,14000,694
EPWYTSCGCQIVKRRLRERMHKDGFPENQVECRNMLVGCGPKQRWDPALSMETAGLYKQFHGRGSD,0.22956489,0.22956489,7,14000,694
EPWYTSCGCDIVKRRLRERMHRDGFPRNQVHCRYMLVGCGPKQRWDPALSMETAGLYKQFHGRGYD,0.22775133,0.22775133,7,14000,694
EPWYTSCGCDIVKRRLRERMHADGFPRNQVECRCMLVGCGPKQRWDPALSMETAGLYKQFHGRGSD,0.2272169,0.2272169,7,14000,694
EPWYTSCGCDIVKRRLRERMHWDGFPRNQVECRGMLVGCGPKQRWDPALSMETAGLYKQFHGRGYD,0.22687878,0.22687878,7,14000,694
EPWYTSCGCDIVKRRLRERMHGDGFPRNQVECRQMLVGCGPKQRWDPALSMETAGLYKQFHGRGWD,0.22624551,0.22624551,7,14000,694
EPWYTSCGCDIVKRRLRERMHFDGFPRNQVECRTMLVGCGPKQRWDPALSMETAGLYKQFHGRGSD,0.22531939,0.22531939,7,14000,694
EPWYTSCGCDIVKRRLRERMHFDGFPRNQVECRHMLVGCGPKQRWDPALSMETAGLYKQFHGRGYD,0.22275451,0.22275451,7,14000,694
EPWYTSCGCDIVKRYLRERMHDDGFPRNQVECRCMLVGCGPKQRWDPALSMETAGLYKQFHGRGND,0.22259143,0.22259143,7,14000,694
EPWYTSCGCDIVKRRLRERMHRDGFPRNQVECRCMLVGCGPKQRWDPALSMETAGLYKQFHGRGYD,0.22240223,0.22240223,7,14000,694
EPWYTSCGCDIVKRYLRERMHWDGFPRNQVHCRGMLVGCGPKQRWDPALSMETAGLYKQFHGRGQD,0.22110914,0.22110914,7,14000,694
EPWYTSCGCDIVKRRLRERMHLDGFPRNQVECREMLVGNGPKQRWDPALVMETAGLYKQFHGRGYD,0.2200052,0.2200052,7,14000,694
EPWYTSCGCDIVKRYLRERMHRDGFPRNQVECRCMLVGCGPKQRWDPALSMETAGLYKQFHGRGPD,0.21796043,0.21796043,7,14000,694
EPWYTSCGCDIVKRRLRERMHQDGFPRNQVECRCMLVGCGPKQRWDPALSMETAGLYKQFHGRGYD,0.21686687,0.21686687,7,14000,694
EPWYTSCGCDIVKRCLRERMHTDGFPRNQVECRPMLVGCGPKQRWDPALSMETAGLYKQFHGRGDD,0.21660551,0.21660551,7,14000,694
EPWYTSCGCDIVKRRLRERMHFDGFPRNQVECRCMLVGCGPKQRWDPALSMETAGLYKQFHGRGSD,0.21456605,0.21456605,7,14000,694
EPWYTSCGCDIVKRYLRERMHKDGFPRNQVECRWMLVGCGPKQRWDPALSMETAGLYKQFHGRGSD,0.21439569,0.21439569,7,14000,694
EPWYTSCGCDIVKRMLRERMHRDGFPRNQVECRWMLVGCGPKQRWDPALSMETAGLYKQFHGRGSD,0.21329735,0.21329735,7,14000,694
EPWYTSCGCDIVKRYLRERMHPDGFPRNQVECREMLVGCGPKQRWDPALSMETAGLYKQFHGRGPD,0.21147986,0.21147986,7,14000,694
EPWYTSCGCDIVKRRLRERMHYDGFPRNQVECRSMLVGCGPKQRWDPARSMETAGLYKQFHGRGCD,0.20987912,0.20987912,7,14000,694
EPWYTSCGCDIVKRKLRERMHPDGFPRNQVHCRGMLVGCGPKQRWDPALSMETAGLYKQFHGRGYD,0.20942995,0.20942995,7,14000,694
EPWYTSCGCDIVKRYLRERMHDDGFPRNQVECRQMLVGCGPKQRWDPALSMETAGLYKQFHGRGYD,0.20822994,0.20822994,7,14000,694
EPWYTSCGCDIVKRYLRERMHQDGFPRNQVECRKMLVGCGPKQRWDPALSMETAGLYKQFHGRGYD,0.20297864,0.20297864,7,14000,694
EPWYTSCGCDIVKRYLRERMHHDGFPRNQVHCRQMLVGCGPKQRWDPALSMETAGLYKQFHGRGYD,0.2025665,0.2025665,7,14000,694
EPWYTSCGCDIVKRRLRERMHTDGFPRNQVHCRSMLVGCGPKQRWDPALSMETAGLYKQFTGRGQD,0.20244025,0.20244025,7,14000,694
EPWYTSCGCDIVKRKLRERMHFDGFPRNQVHCRWMLVGCGPKQRWDPARSMETAGLYKQFHGRGHD,0.2015901,0.2015901,7,14000,694
EPWYTSCGCDIVKRRLRERMHFDGFPNNQVECRMMLVGCGPKQRWDPALSMETAGLYKQFHGRGKD,0.20116146,0.20116146,7,14000,694
EPWYTSCGCDIVKRYLRERMHWDGFPRNQVECRNMLVGCGPKQRWDPALSMETAGLYKQFHGRGYD,0.20109078,0.20109078,7,14000,694
EPWYTSCGCDIVKRYLRERMHNDGFPRNQVHCRRMLVGCGPKQRWDPALSMETAGLYKQFHGRGYD,0.1996716,0.1996716,7,14000,694
EPWYTSCGCDIVKRKLRERMHSDGFPRNQVECRLMLVGCGPKQRWDPALSMETAGLYKQFHGRGHD,0.1996647,0.1996647,7,14000,694
EPWYTSCGCDIVKRRLRERMHWDGFPRNQVHCRCMLVGCGPKQRWDPALSMETAGLYKQFHGRGYD,0.19912688,0.19912688,7,14000,694
EPWYTSCGCDIVKRYLRERMHTDGFPRNQVECRCMLVGCGPKQRWDPALSMETAGLYKQFHGRGPD,0.19896927,0.19896927,7,14000,694
EPWYTSCGCDIVKRRLRERMHIDGFPRNQVECRWMLVGCGPKQRWDPARSMETAGLYKQFHGRGSD,0.19662662,0.19662662,7,14000,694
EPWYTSCGCDIVKRRLRERMHFDGFPRNQVECRTMLVGCGPKQRWDPALSMETAGLYKQFHGRGYD,0.19621661,0.19621661,7,14000,694
EPWYTSCGCDIVKRRLRERMHVDGFPRNQVHCRTMLVGCGPKQRWDPALSMETAGLYKQFHGRGTD,0.19562942,0.19562942,7,14000,694
EPWYTSCGCDIVKRYLRERMHGDGFPRNQVHCRRMLVGCGPKQRWDPALSMETAGLYKQFHGRGYD,0.195505,0.195505,7,14000,694
EPWYTSCGCDIVKRYLRERMHSDGFPRNQVECRDMLVGCGPKQRWDPALSMETAGLYKQFHGRGYD,0.19426328,0.19426328,7,14000,694
EPWYTSCGCDIVKRRLRERMHDDGFPRNQVECRVMLVGCGPKQRWDPALSMETAGLYKQFHGRGYD,0.1910258,0.1910258,7,14000,694
EPWYTSCGCDIVKRRLRERMHLDGFPRNQVECRCMLVGCGPKQRWDPALSMETAGLYKQFHGRGSD,0.18990664,0.18990664,7,14000,694
EPWYTSCGCDIVKRYLRERMHTDGFPRNQVECRPMLVGCGPKQRWDPALSMETAGLYKQFHGRGYD,0.18963371,0.18963371,7,14000,694
EPWYTSCGCDIVKRYLRERMHADGFPRNQVECRCMLVGCGPKQRWDPALSMETAGLYKQFHGRGSD,0.18889098,0.18889098,7,14000,694
EPWYTSCGCDIVKRRLRERMHIDGFPRNQVECRCMLVGCGPKQRWDPALSMETAGLYKQFHGRGSD,0.18874924,0.18874924,7,14000,694
EPWYTSCGCDIVKRRLRERMHVDGFPRNQVHCRKMLVGCGPKQRWDPALSMETAGLYKQFHGRGYD,0.18847929,0.18847929,7,14000,694
EPWYTSCGCDIVKRKLRERMHFDGFPRNQVECRCMLVGCGPKQRWDPALSMETAGLYKQFHGRGYD,0.18775576,0.18775576,7,14000,694
EPWYTSCGCDIVKRYLRERMHSDGFPRNQVECRFMLVGNGPKQRWDPARSMETAGLYKQFHGRGYD,0.18667665,0.18667665,7,14000,694
SHCLVLSFWIDMQTVKKVPKSIVMLTTTSTQYNIVVTKFSPNRNIRERQKKHNPLNYDKENQGPNT,0.18586133,0.18586133,7,14000,694
EPWYTSCGCDIVKRRLREMMHGDGFPRNQVECRDMLVGCGPKQRWDPALSMETAGLYKQFHGRGYD,0.18576717,0.18576717,7,14000,694
EPWYTSCGCDIVKRRLRERMHFDGFPRNQVECRCMLVGCGPKQRWDPARSMETAGLYKQFHGRGYD,0.18555222,0.18555222,7,14000,694
EPWYTSCGCDIVKRRLRERMHKDGFPRNQVECRVMLVGCGPKQRWDPALSMETAGLYKQFHGRGYD,0.18510209,0.18510209,7,14000,694
EPWYTSCGCDIVKRYLRERMHEDGFPRNQVECRWMLVGCGPKQRWDPALSMETAGLYKQFHGRGYD,0.18469916,0.18469916,7,14000,694
EPWYTSCGCDIVKRYLRERMHRDGFPRNQVECRCMLVGCGPKQRWDPALSMETAGLYKQFHGRGYD,0.18469435,0.18469435,7,14000,694
EPWYTSCGCDIVKRRLRERMHFDGFPRNQVECRCMLVGCGPKQRWDPALSMETAGLYKQFHGRGYD,0.18437886,0.18437886,7,14000,694
EPWYTSCGCDIVKRRLRERMHNDGFPRNQVECRLMLVGCGPKQRWDPALSMETAGLYKQFHGRGYD,0.18427818,0.18427818,7,14000,694
EPWYTSCGCDIVKRRLRERMHADGFPRNQVHCRCMLVGCGPKQRWDPALSMETAGLYKQFHGRGPY,0.18239254,0.18239254,7,14000,694
EPWYTSCGCDIVKRRLRERMHFDGFPRNQVECRQMLVGCGPKQRWDPALSMETAGLYKQFHGRGCD,0.18094768,0.18094768,7,14000,694
EPWYTSCGCDIVKRRLRERMHLDGFPRNQVHCRCMLVGCGPKQRWDPALSMETAGLYKQFHGRGSD,0.18001388,0.18001388,7,14000,694
EPWYTSCGCDIVKRYLRERMHFDGFPRNQVECRCMLVGCGPKQRWDPALSMETAGLYKQFHGRGSD,0.17788284,0.17788284,7,14000,694
SHCLVLSFWIDMQTVKQVPKSIVMLTTTSHQYNIVVTKYEPQKNIQERQKKHWPTHYDKENQGPGT,0.17738327,0.17738327,7,14000,694
EPWYTSCGCDIVKRRLRERMHFDGFPRNQVHCRCMLVGCGPKQRWDPARSMETAGLYKQFHGRGYD,0.17583703,0.17583703,7,14000,694
EPWYTSCGCDIVKRYLRERMHADGFPRNQVECRSMLVGCGPKQRWDPALSMETAGLYKQFHGRGYD,0.17541134,0.17541134,7,14000,694
EPWYTSCGCDIVKRMLRERMHDDGFPRNQVECRYMLVGCGPKQRWDPALSMETAGLYKQFHGRGWD,0.17524496,0.17524496,7,14000,694
EPWYTSCGCDIVKRYLRERMHGDGFPRNQVECRCMLVGCGPKQRWDPALSMETAGLYKQFHGRGYD,0.17503007,0.17503007,7,14000,694
EPWYTSCGCDIVKRYLRERMHFDGFPRNQVECRKMLVGCGPKQRWDPALSMETAGLYKQFHGRGYD,0.17211396,0.17211396,7,14000,694
EPWYTSCGCDIVKRMLRERMHYDGFPRNQVECRYMLVGCGPKQRWDPALSMETAGLYKQFHGRGFD,0.1701938,0.1701938,7,14000,694
EPWYTSCGCDIVKRMLRERMHFDGFPRNQVECRNMLVGCGPKQRWDPALSMETAGLYKQFHGRGYD,0.16759008,0.16759008,7,14000,694
EPWYTSCGCDIVKRRLRERMHADGFPRNQVHCRRMLVGCGPKQRWDPALSMETAGLYKQFHGRGYA,0.16655856,0.16655856,7,14000,694
SLCLVLSFWIDMQTVKTVPKSIVMETTTSQQYNEVVTKKSPMENITERQKKHNPNHYDKENQGPGT,0.16307439,0.16307439,7,14000,694
EPWYTSCGCDIVKRRLRERMHFDGFPRNQVECRAMLVGCGPKQRWDPALSMETAGLYKQFHGRGID,0.16256113,0.16256113,7,14000,694
EPWYTSCGCDIVKRCLRERMHQDGFPRNQVHCRCMLVGCGPKQRWDPALSMETAGLYKQFHGRGAD,0.16203104,0.16203104,7,14000,694
EPWYTSCGCDIVKRRLRERMHIDGFPRNQVECRCMLVGCGPKQRWDPALSMETAGLYKQFHGRGYD,0.16144763,0.16144763,7,14000,694
EPWYTSCGCDIVKRRLRERMHVDGFPRNQVECRCMLVGCGPKQRWDPALSMETAGLYKQFHGRGID,0.1613711,0.1613711,7,14000,694
EPWYTSCGCDIVKRRLRERMHPDGFPRNQVECRLMLVGCGPKQRWDPALSMETAGLYKQFHGRGLD,0.16019994,0.16019994,7,14000,694
EPWYTSCGCDIVKRMLRERMHVDGFPRNQVECRCMLVGCGPKQRWDPARSMETAGLYKQFHGRGRD,0.15996438,0.15996438,7,14000,694
EPWYTSCGCDIVKRRLRERMHFDGFPRNQVECRVMLVGCGPKQRWDPALSMETAGLYKQFHGRGYD,0.15956824,0.15956824,7,14000,694
EPWYTSCGCDIVKRMLRERMHHDGFPRNQVHCRCMLVGCGPKQRWDPALSMETAGLYKQFHGRGVD,0.15813677,0.15813677,7,14000,694
EPWYTSCGCDIVKRRLRERMHADGFPRNQVHCRMMLVGCGPKQRWDPALSMETAGLYKQFHGRGVD,0.15756242,0.15756242,7,14000,694
EPWYTSCGCDIVKRRLRERMHFDGFPRNQVECRAMLVGCGPKQRWDPALSMETAGLYKQFFGRGRD,0.15615484,0.15615484,7,14000,694
SHCLVLSFWIDMQTVKTVPKSIVMATTTSTQYNIVVTKCSPHRNIWERQKKHNPLNYDKENQGPNT,0.15589479,0.15589477,7,14000,694
SLCLVLSFVIDMQTVKGVPKSIVMETTTSLQYNIVVTKNSPRRNIGERQKKHNPWNKDKENQGPNT,0.15391262,0.15391262,7,14000,694
SHCLVLSFWIDMQTVKYVPKSIVMATTTSSQGNEVVTKESPGKNINERQKKHWPQNYDKENQGPNT,0.15358269,0.15358269,7,14000,694
SHCLVLSFWIDMQTVKRVPKSIVMETTTSDQGNEVVTKKSPFNNIFERQKKHNPPHYDKENQGPNT,0.15327302,0.15327302,7,14000,694
EPWYTSCGCDIVKRYLRERMHADGFPRNQVECRCMLVGCGPKQRWDPALSMETAGLYKQFHGRGVD,0.15193096,0.15193096,7,14000,694
EPWYTSCGCDIVKRYLRERMHFDGFPRNQVECRCMLVGCGPKQRWDPALSMETAGLYKQFHGRGYD,0.15185878,0.15185878,7,14000,694
EPWYTSCGCDIVKRYLRERMHHDGFPRNQVECRIMLVGCGPKQRWDPALSMETAGLYKQFHGRGYD,0.15116145,0.15116145,7,14000,694
EPWYTSCGCDIVKRYLRERMHFDGFPRNQVECRCMLVGCGPKQRWDPARSMETAGLYKQFHGRGYD,0.14674841,0.14674841,7,14000,694
EPWYTSCGCDIVKRYLRERMHFDGFPRNQVECRCMLVGCGPKQRWDPALSMETAGLYKQFHGRGSY,0.14641365,0.14641365,7,14000,694
SHCLVLSFWIDMQTVKVVPKSIVMETTTSVQYNIVVTKHEPIRNIYERQKKHNPVHYDKENQGPNT,0.14631194,0.14631194,7,14000,694
EPWYTSCGCDIVKRYLRERMHMDGFPRNQVECRCMLVGCGPKQRWDPALSMETAGLYKQFHGRGYD,0.14272769,0.14272769,7,14000,694
SHCLVLSFWIDMQTVKQVPKSIVMETTTSVQGNIVVTKQEPDNNIHERQKKHNPQNYDKENQGPCT,0.14131555,0.14131555,7,14000,694
EPWYTSCGCDIVKRMLRERMHKDGFPWNQVECRIMLVGCGPKQRWDPALSMETAGLYKQFHGRGQD,0.14106317,0.14106317,7,14000,694
DPLDVQSFWIDVQYSKATSKAIRKEPKVFDWGNEDRTSLSPRETCNERVKNHGDSNGEQENAGNNH,0.2978626,0.2978626,8,16000,793
DPLEVNSFWIDVQYSKATSKAIRKLNKVKKWGNEDRTSLSPRYTCAERVKNHGDSNYKRENAGNNH,0.27712998,0.27712998,8,16000,793
DHTYWNGHCQRHAEVCLEGLHFDKTPTNSLECWGMQVRCINKGNHHTCLMYEWSRDYKEHNISMIP,0.23310904,0.23310904,8,16000,793
DPLGVESFWIDVQYSKGTSKAIRKEPKVKKWGNEDRTCLSPRDTCPERVFNHGDSNYEQWNAGNIH,0.22918972,0.22918972,8,16000,793
DWLGFSPFMINMQDGNVTTTVCRKENKVKNRGMEDRKCRSPITTCSRRVFNHWCQNGKQHNAGPKH,0.22839138,0.22839138,8,16000,793
DPLEVHSFWIDVQYSKLTSKACRKLNKVKAWGNEDRTSLSPRGTCNERVFNHGDSNYDRVNAGNNH,0.20794754,0.20794754,8,16000,793
DWTYWNGHCQRTAEVCLEGLHFDKTPTNSLECNGMQVRCINKGNHHTCLMHEWSRDYKEHNISMIP,0.20614074,0.20614074,8,16000,793
DPLGVTSFWIDVQYSFNTSKAIRKENKVSRWGNEVRTSLSPRQTCHERVKNHGDSNYKRANAGNNH,0.20597163,0.20597163,8,16000,793
DPLGVYSFWIDVQYSKGTSKACRKLNKVFEQGNEVRTSLSPRSTCSERVKNHGDSNGDRENAGNNH,0.20174439,0.20174439,8,16000,793
DPLKVTSFWIDVQYSFQTSKACRKLTKVSEQGNEVRTCLSPRNTCRERVKNHGDSNGDRYNAGPNH,0.19957498,0.19957498,8,16000,793
DPLMVQSFWIDVQYSKGTSKACRKLNKVSQQGNEDRTSLSPRKTCSERVKNHGDSNGKRSNAGNIH,0.19337136,0.19337136,8,16000,793
DATYWNGECQRNAEVCLEGYHFDKTPTNSLECPGMQVRCINKGNRHTCLMQEWSRDYKEHNISMIP,0.19327842,0.19327842,8,16000,793
DPLPVKSFWIDVQYSKVTSKAIRKETKVSWWGNEDRTSLGPRQTCPERVKNHGDSNGEQLNAGNNH,0.19245142,0.19245142,8,16000,793
DPTYWNGECQREAEKCLEGLHFDKTPTNSLECNGMQVRCINKGNHHTCLMNEWSRDYKEHNISMIP,0.18745255,0.18745255,8,16000,793
DPTYWNGECQRYAEVCLEGLHFDKTPTNSLECPGMQVRCINKGNRHTCLMHEWSRDYKEHNISMIP,0.18612105,0.18612105,8,16000,793
DATYWNGECQRHAEVCLEGLHFDKTPTNSLECWGMQVRCINKGNRHTCLMNEWSRDYKEHNISMIP,0.1827078,0.1827078,8,16000,793
DPLCVESFWIDVQYSFVTSKAIRKEPKVSQWGNEDRTSLSPRTTCTERVFNHGDSNGDRWNAGNNH,0.18007806,0.18007806,8,16000,793
DPLDVLSFWIDVQYSKNTSKAIRKENKVKQWGNEDRTSLSPRDTCDERVKNHGDSNGDQLNAGPNH,0.1788189,0.1788189,8,16000,793
DPLWVNSFWIDVQYSKGTSKAIRKENKVSGWGNEVRTCLSPRPTCEERVKNHGDSNGERANAGNNH,0.17776798,0.17776798,8,16000,793
DGTYWNGYCQRHAEVCLEGLHFDKTPTNSLECCGMQVRCINKGNHHTCLMNEWSRDYKEHNISMIP,0.17257586,0.17257586,8,16000,793
DLTYWNGPCQRRAEVCLEGLHFHKTPTNSLECSGMQVRCINKGNRHTCLMREWSRDYKEHNISMIP,0.1709691,0.1709691,8,16000,793
DPLGVWSFWIDVQYSKHTSKACRKETKVFEWGNEDRTSLSPRETCPERVKNHGDSNGEQMNAGNIH,0.17085324,0.17085324,8,16000,793
DPLMVLSFWIDVQYSKKTSKACRKLTKVSEQGNEVRTSLSPRRTCMERVKNHGDSNGKQNNAGNNH,0.1692556,0.1692556,8,16000,793
DPLLVRSFWIDVQYSFVTSKACRKENKVSDQGNEDRTCLSPRTTCPERVKNHGDSNGERYNAGNNH,0.16872142,0.16872142,8,16000,793
DPLGVQSFWIDVQYSFMTSKAIRKEPKVSGQGNEVRTSLGPRGTCTERVKNHGDSNGEQPNAGNNH,0.16785884,0.16785884,8,16000,793
DPLPVESFWIDVQYSKETSKAIRKLTKVSTQGNEVRTCLSPRHTCWERVFNHGDSNYKQSNAGNNH,0.16653107,0.16653107,8,16000,793
DPTYWNGECQRQAEKCLEGLHFDKTPTNSLECKGMQVRCINKGNHHTCLMHEWSRDYKEHNISMIP,0.16446042,0.16446042,8,16000,793
DPLAVNSFWIDVQYSKCTSKACRKENKVFEWGNEDRTSLSPRTTCRERVFNHGDSNYKQNNAGPIH,0.16434881,0.16434881,8,16000,793
DPLTVYSFWIDVQYSKMTSKAIRKLTKVSTWGNEVRTSLSPRPTCYERVFNHGDSNGDRQNAGPNH,0.16180804,0.16180804,8,16000,793
DPLPVSSFWIDVQYSFETSKAIRKEPKVSHWGNEVRTSLSPRSTCEERVFNHGDSNGEQTNAGPIH,0.16162981,0.16162981,8,16000,793
DPLDVPSFWIDVQYSKVTSKAIRKETKVSHQGNEDRTSLSPRITCTERVKNHGDSNGKRGNAGNIH,0.15994628,0.15994628,8,16000,793
DPTYWNGYCQREAEVCLEGLHFDKTPTNSLECKGMQVRCINKGNRHTCLMHEWSRDYKEHNISMIP,0.15937279,0.15937279,8,16000,793
DPLEVYSFWIDVQYSFSTSKACRKLNKVFEWGNEVRTCLSPRHTCAERVKNHGDSNGERENAGNNH,0.15552866,0.15552866,8,16000,793
PQAELGCYSNPWKVCEMFGMRKRVWDPPLTFRTNMRYGFREAVHNGPSQKGANDKLEGLEVEDPSP,0.15524632,0.15524557,8,16000,793
DPTYWNGECQREAEVCLEGLHFDKTPTNSLECDGMQVRCINKGNHHTCLMNEWSRDYKEHNISMIP,0.15502448,0.15502372,8,16000,793
DPLSVTSFWIDVQYSKPTSKACRKENKVFGQGNEDRTCLSPRDTCYERVKNHGDSNYKQHNAGNIH,0.15441217,0.15441217,8,16000,793
PQAELGCYSNPWKVCEMFGMRKRVWDPDLTFRTNSRYGFREAVHNGESQPGANDKLEGLEVKDPIP,0.15312928,0.15312858,8,16000,793
DATYWNGECQREAEKCLEGLHFDKTPTNSLECKGMQVRCINKGNHHTCLMDEWSRDYKEHNISMIP,0.15223663,0.15223591,8,16000,793
DMTYWNGECQRNAEVCLEGLHFDKTPTNSLECCGMQVRCINKGNHHTCLMEEWSRDYKEHNISMIP,0.1515483,0.15154757,8,16000,793
DPLGVMSFWIDVQYSKRTSKACRKENKVKYWGNEDRTCLSPRPTCYERVKNHGDSNGKQHNAGNNH,0.15056872,0.15056872,8,16000,793
DATYWNGECQREAEVCLEGLHFDKTPTNSLECDGMQVRCINKGNQHTCLMPEWSRDYKEHNISMIP,0.15032968,0.15032968,8,16000,793
DATYWNGECQREAEKCLEGLHFDKTPTNSLECTGMQVRCINKGNRHTCLMNEWSRDYKEHNISMIP,0.15004067,0.15004067,8,16000,793
DATYWNGECQRRAEVCLEGLHFDKTPTNSLECSGMQVRCINKGNHHTCLMNEWSRDYKEHNISMIP,0.14984782,0.14984782,8,16000,793
DPLGVTSFWIDVQYSFTTSKACRKEPKVSSWGNEDRTSLSPRRTCVERVKNHGDSNYDQTNAGNIH,0.14920276,0.14920276,8,16000,793
DPTYWNGECQREAEVCLEGLHFDKTPTNSLECYGMQVRCINKGNRHTCLMNEWSRDYKEHNISMIP,0.14899157,0.14899157,8,16000,793
DATYWNGCCQRRAEVCLEGLHFDKTPTNSLECEGMQVRCINKGNHHTCLMTEWSRDYKEHNISMIP,0.1475364,0.1475364,8,16000,793
SHLNFGTFMINMQDGMVTTTVIRKAPVVKNRGMEVRKCRSPRDSCQRRVFNHWCGNKEQPNAGNKR,0.1471003,0.1471003,8,16000,793
DPTYWNGECQREAEVCLEGLHFDKTPTNSLECRGMQVRCINKGNHHTCLMNEWSRDYKEHNISMIP,0.14587708,0.14587708,8,16000,793
DPLTVGSFWIDVQYSKVTSKACRKEPKVKMQGNEVRTCLSPRPTCVERVKNHGDSNGDRANAGNNH,0.14529634,0.14529634,8,16000,793
DATYWNGECQRMAEKCLEGLHFDKTPTNSLECSGMQVRCINKGNHHTCLMNEWSRDYKEHNISMIP,0.1443744,0.1443744,8,16000,793
DPTYWNGECQREAEVCLEGLHFDKTPTNSLECQGMQVRCINKGNHHTCLMNEWSRDYKEHNISMIP,0.14359339,0.14359339,8,16000,793
DATYWNGECQREAEVCLEGLHFDKTPTNSLECDGMQVRCINKGNHHTCLMNEWSRDYKEHNISMIP,0.14327694,0.14327694,8,16000,793
DPTYWNGECQREAEVCLEGLHFDKTPTNSLECRGMQVRCINKGNHHTCLMPEWSRDYKEHNISMIP,0.14215685,0.14215685,8,16000,793
DPTYWNGSCQRQAEVCLEGLHFDKTPTNSLECQGMQVRCINKGNHHTCLMWEWSRDYKEHNISMIP,0.14189212,0.14189212,8,16000,793
DKTYWNGVCQREAEVCLEGLHFDKTPTNSLECHGMQVRCINKGNRHTCLMHEWSRDYKEHNISMIP,0.14149721,0.14149721,8,16000,793
DPLEVKSFWIDVQYSKMTSKACRKEPKVFGWGNEVRTCLSPRKTCSERVKNHGDSNGEQHNAGNNH,0.14128797,0.14128797,8,16000,793
DPTYWNGMCQRRAEVCLEGLHFDKTPTNSLECHGMQVKCINKGNHHTCLMNEWSRDYKEHNISMIP,0.14092602,0.14092602,8,16000,793
EPEGFCHFWKTVQYSKLIGNSCRKEPKYFSQYMEVRRCLSRNPTNNNMVFNHGDSHTKRGIAGYNW,0.13978302,0.13978302,8,16000,793
FLEYFCRFWDTTQDGETHGNLCDRTISYMKQKREVRLCCNRDGRNANMVWVHGARHTYRFGCSQPW,0.13977917,0.13977917,8,16000,793
DATYWNGECQRAAEKCLEGLHFDETPTNSLECWGMQVRCINKGNHHTCLMNEWSRDYKEHNISMIP,0.13945217,0.13945217,8,16000,793
DPLQVWSFWIDVQYSFSTSKACRKLTKVSFWGNEDRTSLSPRQTCCERVFNHGDSNYDRQNAGNIH,0.1394494,0.1394494,8,16000,793
DATYWNGECQREAEVCLEGLHFDKTPTNSLECHGMQVRCINKGNHHTCLMNEWSRDYKEHNISMIP,0.13899688,0.13899688,8,16000,793
DATYWNGECQREAEVCLEGLHFDKTPTNSLECPGMQVRCINKGNRHTCLMNEWSRDYKEHNISMIP,0.1384149,0.1384149,8,16000,793
DPTYWNGECQRAAEVCLEGLHFDKTPTNSLECRGMQVRCINKGNQHTCLMTEWSRDYKEHNISMIP,0.13840988,0.13840988,8,16000,793
SVLGFYEFMINMQDGKVTSTVGRKENVVKNHGMEVRKCRGPIKSCDRHVFNHWDANHHQHNAGNKR,0.13834654,0.13834654,8,16000,793
DPTYWNGECQREAEVCLEGLHFDKTPTNSLECPGMQVRCINKGNHHTCLMNEWSRDYKEHNISMIP,0.1381137,0.1381137,8,16000,793
DATYWNGECQREAEVCLEGLHFDKTPTNSNECPGMQVRCINKGNHHTCLMAEWSRDYKEHNISMIP,0.13767378,0.13767378,8,16000,793
DPLYVTSFWIDVQYSFVTSKAIRKETKVSEQGNEDRTSLSPRPTCKERVFNHGDSNYKQKNAGPNH,0.13762222,0.13762222,8,16000,793
DPTYWNGECQREAEVCLEGLHFDKTPTNSLECYGMQVRCINKGNHHTCLMNEWSRDYKEHNISMIP,0.13732699,0.13732699,8,16000,793
DPLTVQSFWIDVQYSKWTSKAIRKETKVFEWGNEDRTCLSPRDTCHERVFNHGDSNYERLNAGNIH,0.13675497,0.13675497,8,16000,793
DHTYWNGKCQREAEVCLEGLHFDKTPTNSLECRGMQVRCINKGNRHTCLMIEWSRDYKEHNISMIP,0.13642892,0.13642892,8,16000,793
DPTYWNGECQRIAEVCLEGLHFDKTPTNSLECNGMQVRCINKGNHHTCLMREWSRDYKEHNISMIP,0.13642003,0.13642003,8,16000,793
DHTYWNGPCQRPAEKCLEGLHFDKTPTNSLECVGMQVRCINKGNHHTCLMNEWSRDYKEHNISMIP,0.13536945,0.13536945,8,16000,793
DATYWNGECQREAEVCLEGLHFDKTPTNSLECRGMQVRCINKGNHHTCLMNEWSRDYKEHNISMIP,0.1347122,0.1347122,8,16000,793
DPTYWNGECQREAEVCLEGLHFDKTPTNSLECYGMQVRCINKGNHHTCLMPEWSRDYKEHNISMIP,0.13379061,0.13379061,8,16000,793
DPTYWNGECQREAEVCLEGLHFDKTPTNSLECWGMQVRCINKGNHHTCLMNEWSRDYKEHNISMIP,0.13354498,0.13354498,8,16000,793
DATYWNGECQREAEVCLEGLHFDKTPTNSLECQGMQVRCINKGNHHTCLMNEWSRDYKEHNISMIP,0.13257617,0.13257617,8,16000,793
FLEYFCRFWDTTQDGELHGNLCDRTISYMKQGREVRLCCNRDGRNAWMVWVHGARHTYRFDCQQPW,0.13208064,0.13208064,8,16000,793
DPTYWNGCCQRVAEVCLEGLHFDKTPTNSLECDGMQVRCINKGNHHTCLMHEWSRDYKEHNISMIP,0.13033761,0.13033761,8,16000,793
EPEGFCDFWKTVQYSKLIGNSCRKEPKYFDQYIEVRRCLSRNYTNNNMVFNHGDSHTKRGIAGYNW,0.12992302,0.12992302,8,16000,793
DATYWNGECQRYAEVCLELLHFDKTPTNSLECYGMQVRCINKGNRHTCLMNEWSRDYKEHNISMIP,0.12965833,0.12965833,8,16000,793
DPLSVTSFWIDVQYSFMTSKACRKENKVSGQGNEDRTCLSPRCTCRERVKNHGDSNGDQYNAGPNH,0.12952565,0.12952565,8,16000,793
DPTYWNGECQREAEVCLEGLHFDKTPTNSLECSGMQVRCINKGNHHTCLMNEWSRDYKEHNISMIP,0.12947737,0.12947737,8,16000,793
DPTYWNGECQREAEVCLEGLHFDKTPTNSLECKGMQVRCINKGNHHTCLMNEWSRDYKEHNISMIP,0.12891987,0.12891987,8,16000,793
DATYWNGECQREAQVCLEGLHFDKTPTNSLECSGMQVRCINKGNHHTCLMHEWSRDYKEHNISMIP,0.1286443,0.1286443,8,16000,793
DPLNVDSFWIDVQYSFITSKAIRKENKVSGWGNEDRTCLSPRTTCSERVKNHGDSNYEQTNAGPNH,0.12846044,0.12846044,8,16000,793
DVLQFYVFVINMQDGNVTTTVCRKATKVKNRGMEFRKVRSPIISCGRHVKNHWCYNHEQHNAGNKR,0.12815723,0.12815723,8,16000,793
FLEYFCRFWDTTQDVETHGNLCDRTISYMKQKREVRLCCNRDGRNAWMVWVHGARHTYRFWCDQPW,0.12780425,0.12780425,8,16000,793
DPLLVQSFWIDVQYSKVTSKACRKENKVSKWGNEDRTCLSPRRTCDERVKNHGDSNYKQENAGPIH,0.1277793,0.1277793,8,16000,793
DATYWNGECQREAEVCLEGLHFDKTPTNSLECPGMQVRCINKGNHHTCLMNEWSRDYKEHNISMIP,0.12745434,0.12745434,8,16000,793
DAAYWNGECQRNAEVCLEGLHFDKTPTNSLECSGMQVRCINKGNHHTCLMHEWSRDYKEHNISMIP,0.12710166,0.12710166,8,16000,793
EPEGFCDFWKTVQYSKLIGNSCRKEPKYFKQYKEDRRCLSRNMTNNNMVFNHGDSHTKRGIAGYNW,0.12691614,0.12691614,8,16000,793
DATYWNGCCQRQAEVCLEGLHFDETPTNSLECSGMQVRCINKGNHHTCLMNEWSRDYKEHNISMIP,0.12680511,0.12680511,8,16000,793
DMTYWNGECQRHAEVCLEGLHFDKTPTNSLECVGMQVRCINKGNHHTCLMNEWSRDYKEHNISMIP,0.12592696,0.12592696,8,16000,793
DPLLVHSFWIDVQYSKVTSKAIRKEPKVFNQGNEDRTCLSPRQTCCERVKNHGDSNGDQHNAGNNH,0.12554301,0.12554301,8,16000,793
DATYWNGECQREAEKCLEGLHFDKTPTNSLECAGMQVRCINKGNRHTCLMNEWSRDYKEHNISMIP,0.12551019,0.12551019,8,16000,793
DPTYWNGVCQRRAEVCLEGLHFDKTPTNSLECHGMQVRCINKGNHHTCLMHEWSRDYKEHNISMIP,0.12475713,0.12475713,8,16000,793
DPLDVGSFWIDVQYSKVTSKAIRKENKVKPQGNEVRTCLGPRRTCGERVKNHGDSNYKRQIAGPNH,0.1238763,0.1238763,8,16000,793
DWLDFHYFMINMQTGKVTTTVIRKANKVKNQGMEDRKCRIPRITCARHVFNHWDQNHHQHNAGAKR,0.12386132,0.12386132,8,16000,793
EPEGDCEFNDNWQYVETHGNSNDRWINNMNFYQYGGLTCREDRRNAESQWGQGDKHCGRFECIHCE,0.40159798,0.40159798,9,18000,892
EPEGDCEFNDTWQYVETHGNSNDRWINNMTFYWPGCLGCREDKRNAESQWGRGQKHWGRFECIHCE,0.39027447,0.39027447,9,18000,892
EPEGDCCFNDNWQYVETHGNSNDRWINNMSFYPHGTLKCREDARNAESQWGDGFKHHGRFSCIHCE,0.35248038,0.35248038,9,18000,892
EPEGDCQFNDNWQYVETHGNSNDRWINNMFFYATGELSCREDRRNAESQWGGGNKHGGRFDCIHCE,0.3273594,0.3273594,9,18000,892
EPEGDCNFNHTWQYVELHGNSNDRWINNMRFYAMGELNCREDKRNAESQWGQGSKHMGRFWCIHCE,0.3139293,0.3139293,9,18000,892
EPEGDCRFNSNWQYVELHGNSNDRWINNMPFYGQGDLSCREDRRNAESQWGKGFKHHGRFHCIHCE,0.3139058,0.3139058,9,18000,892
EPEGDCHFNVNWQYVETHGNSNDRWINNMEFYWGGPLCCREDCRNAESQWGSGWKHWGRFCCIHCE,0.31264067,0.31264067,9,18000,892
EPEGDCEFNDNWQYVETHGNSNDRWINNMGFYMDGQLECREDYRNAESQWGHGQKHQGRFGCIHCE,0.29877552,0.29877552,9,18000,892
EPEGDCFFNLNWQYVETHGNSNDRWNNNMKFYPGGDLSCREDPRNAESQWGRGEKHGGRFFCIHCE,0.29291248,0.29291248,9,18000,892
EPEGDCEFNDNWQYVETHGNSNDRWINNMEFYYVGELGCREDRRNAESQWGCGWKHVGRFKCIHCE,0.29147443,0.29147443,9,18000,892
EPEGDCNFNDNWQYVETHGNSNDRWINNMFFYMYGVLCCREDARNAESQWGGGHKHQGRFWCIHCE,0.2852574,0.2852574,9,18000,892
EPEGDCQFNDNWQYVETHGNSNDRWINNMDFYYVGKLTCREDARNAESQWGSGIKHQGRFACIHCE,0.28150907,0.28150907,9,18000,892
EPEGDCYFNPNWQYVETHGNSNDRWINNMTFYFDGQLSCREDDRNAESQWGWGFKHVGRFSCIHCE,0.27857134,0.27857134,9,18000,892
EPEGDCLFNNNWQYVETHGNSNDRWINNMDFYNRGFLSCREDCRNAESQWGHGMKHWGRFECIHCE,0.27094284,0.27094284,9,18000,892
EPEGDCTFNRNWQYVELHGNSNDRWINNMHFYANGNLNCREDKRNAESQWGHGWKHRGRFTCIHCE,0.2682149,0.2682149,9,18000,892
EPEGDCAFNDNWQYVELHGNSNDRWINNMDFYAWGSLSCREDKRNAESQWGQGKKHFGRFGCIHCE,0.25997433,0.25997433,9,18000,892
EPEGDCIFNDHWQYVETHGNSNDRWINNMNFYNWGRLDCREDVRNAPSQWGNGLKHGGRFLCIHCE,0.25201803,0.25201803,9,18000,892
EPEGDCDFNDNWQYVETHGNSNDRWINNMIFYWVGGLSCREDIRNAESQWGSGHKHLGRFRCIHCE,0.25130337,0.25130337,9,18000,892
EPEGDCRFNNNWQYVELHGNSNDRWINNMYFYRYGTLSCREDCRNAESQWGKGWKHQGRFNCIHCE,0.24758182,0.24758182,9,18000,892
EPEGDCGFNDNWQYVETHGNSNDRWINNMMFYWIGQLGCREDCRNAESQWGSGRKHPGRFTCIHCE,0.24464515,0.24464515,9,18000,892
EPEGDCDFNDGWQYVETHGNSNDRWINNMYFYFMGALRCREDARNAESQWGHGSKHGGRFPCIHCE,0.2422049,0.2422049,9,18000,892
EPEGDCFFNHNWQYVETHGNSNDRWINNMDFYDIGSLKCREDARNAESQWGDGQKHWGRFSCIHCE,0.23938356,0.23938356,9,18000,892
EHACDGIKMDVWRNSENFGMNCLLFDPNEQFSGISTYCGRAIGGNALSQMSGNWKHCYDFVEDHIK,0.2390472,0.2390472,9,18000,892
PHAPDGIKMDVWRNSENFGMNCLLFDPNNQFSGISTYCGRAIGGNALSQMSGNWKHCGDFYEDHIK,0.23721252,0.23721252,9,18000,892
EPEGDCFFNCNWQYVETHGNSNDRWINNMWFYTTGTLPCREDKRNAESQWGQGQKHGGRFYCIHCE,0.23676239,0.23676239,9,18000,892
EPEGDCYFNDNWQYVELHGNSNDRWINNMYFYSQGTLCCREDRRNAESQWGIGPKHFGRFSCIHCE,0.23336546,0.23336546,9,18000,892
EHAYDGIKMDVWRNSENFGMNCLLFDPNSQFSGISTYCGRAIGGNALSQMSGNWKHCGDFGEDHIK,0.23017633,0.23017633,9,18000,892
PHAYDGIKMDVWRNSENFGMNCLLFDPNNQFSGISTYCGRAIGGNALSQMSGNWKHCGDFWEDHIK,0.22667606,0.22667606,9,18000,892
EPEGDCSFNDTWQYVETHGNSNDRWINNMKFYEVGKLTCREDNRNAESQWGEGWKHVGRFICIHCE,0.22550431,0.22550431,9,18000,892
EPEGDCWFNPTWQYVETHGNSNDRWINNMCFYYQGFLSCREDPRNAESQWGTGNKHRGRFFCIHCE,0.22524343,0.22524343,9,18000,892
EPEGDCGFNDTWQYVETHGNSNDRWDNNMAFYGIGHLLCREDNRNAESQWGMGPKHQGRFMCIHCE,0.22500299,0.22500299,9,18000,892
DWGGFCITWRIWTTKTLEPDHWRTAHVGQPQGGGVQKSPIHKGRWKRTVFLGNERDGHQPNNWAGR,0.22361869,0.22361869,9,18000,892
EPEGDCAFTDNWQYVETHGNSNDRWINNMMFYNIGKLWCREDQRNAESQWGEGAKHAGRFDCIHCE,0.2234925,0.2234925,9,18000,892
EPEGDCAFNDNWQYVETHGNSNDRWINNMFFYEGGRLSCREDARNAESQWGVGGKHNGRFHCIHCE,0.21699715,0.21699715,9,18000,892
PHAEDGIKMDVWRNSENFGMNCLLFDPNNQFSGISTYCGRAIGGNALSQMSGNWKHCGDFTEDHIK,0.21602358,0.21602358,9,18000,892
PHAEDGIKMDVWRNSENFGMNCLLFDPNNQFSGISTYCGRAIGGNALSQMSGNWKHCGDFMEDHIK,0.21547188,0.21547188,9,18000,892
EPEGDCPFNDTWQYVETHGNSNDRWINNMDFYIPGRLICREDERNAESQWGMGVKHRGRFPCIHCE,0.2139803,0.2139803,9,18000,892
EPEGDCAFNDNWQYVETHGNSNDRWINNMRFYWIGVLNCREDARNAESQWGPEVKHQGRFFCIHCE,0.21387061,0.21387061,9,18000,892
PHAYDGIKMDVWRNSENFGMNCLLFDPNNQFSGISTYCGRAIGGNALSQMSGNWKHCGDFVEDHIK,0.21282284,0.21282284,9,18000,892
PHASDGIKMDVWRNSENFGMNCLLFDPNKQFSGISTYCGRAIGGNALSQMSGNWKHCYDFPEDHIK,0.20997275,0.20997275,9,18000,892
PHAYDGIKMDVWRNSENFGMNCLLFDPNNQFSGISTYCGRAIGGNALSQMSGNWKHCGDFTEDHIK,0.20688581,0.20688581,9,18000,892
EPEGDCWFNDVWQYVETHGNSNDRWINNMYFYYVGKLSCREDARNAESQWGYGNKHGGRFYCIHCE,0.20587178,0.20587178,9,18000,892
EPEGDCYFNDNWQYVELHGNSNDRWINNMDFYEIGRLHCREDQRNAESQWGLGAKHWGRFPCIHCE,0.20551692,0.20551692,9,18000,892
PHASDGIKMDVWRNSESFGMNCLLFDPNNQFSGISTYCGRAIGGNALSQMSGNWKHCGDFSEDHIK,0.20501502,0.20501502,9,18000,892
PHAYDGIKMDVWRNSENFGMNCLLFDPNTQFSGISTYCGRAIGGNALSQMSGNWKHCGDFFEDHIK,0.20463394,0.20463394,9,18000,892
PHAEDGIKMDVWRNSENFGMNCLLFDPNNQFSGISTYCGRAIGGNALSQMSGNWKHCYDFNEDHIK,0.20354699,0.20354699,9,18000,892
PHARDGIKMDVWRNSENFGMNCLLFDPNNQFSGISTYCGRAIGGNALSQMSGNWKHCGLFWEDHIK,0.20300248,0.20300248,9,18000,892
EPEGDCFFNDTWQYVETHGNSNDRWINNMHFYAKGPLMCREDARNAESQWGVGFKHNGRFYCIHCE,0.20275766,0.20275766,9,18000,892
EHAYDGIKMDVWRNSENFGMNCLLFDPNYQFSGISTYCGRAIGGNALSQMSGNWKHCGDFWEDHIK,0.2007585,0.2007585,9,18000,892
EPEGDCWFNWTWQYVELHGNSNDRWINNMTFYNCGDLECREDRRNAESQWGSGGKHGGRFYCIHCE,0.20072547,0.20072547,9,18000,892
EPEGDCWFNDNWQYVELHGNSNDRWINNMRFYSIGLLSCREDSRNAESQWGYGRKHGGRFTCIHCE,0.20016806,0.20016806,9,18000,892
PHAEDGIKMDVWRNSENFGMNCLLFDPNGQFSGISTYCGRAIGGNALSQMSGNWKHCGDFAEDHIK,0.19758753,0.19758753,9,18000,892
PHAMDGIKMDVWRNSENFGMNCLLFDPNSQFSGISTYCGRAIGGNALSQMSGNWKHCYDFVEDHIK,0.19757302,0.19757302,9,18000,892
PHACDGIKMDVWRNSEDFGMNCLLFDPNNQFSGISTYCGRAIGGNALSQMSGNWKHCGDFMEDHIK,0.19601028,0.19601028,9,18000,892
EPEGDCKFNFNWQYVETHGNSNDRWINNMTFYFRGYLCCREDDRNAESQWGYGWKHHGRFFCIHCE,0.19477543,0.19477543,9,18000,892
EPEGDCHFNDNWQYVETHGNSNDRWINNMKFYFIGWLECREDERNAESQWGYGWKHMGRFGCIHCE,0.19300081,0.19300081,9,18000,892
EPEGDCSFNAMWQYVETHGNSNDRWRNNMIFYRCGYLSCREDARNAESQWGQGDKHHGRFTCIHCE,0.192304,0.192304,9,18000,892
PHAVDGIKMDVWRNSENFGMNCLLFDPNNQFSGISTYCGRAIGGNALSQMSGNWKHCGDFSEDHIK,0.1921154,0.1921154,9,18000,892
PHAEDGIKMDVWRNSENFGMNCLLFDPNAQFSGISTYCGRAIGGNALSQMSGNWKHCGDFWEDHIK,0.19199508,0.19199508,9,18000,892
DWAGFCFFWSINTTYTLEPDHSRTAHVGQNQGDGVQKSPITKGRWQRRVFTAWERDKHQPNNWAGH,0.19195539,0.19195539,9,18000,892
DWAGFCQTWSIFTTYTLEPDHHRTAHVGQDQGGGVQKSPIWIGNWNRTVFKEWERDKHQPNNYTQH,0.19139394,0.19139394,9,18000,892
EPEGDCAFNDAWQYVETHGNSNDRWINNMNFYGLGELRCREDMRNAESQWGKGMKHVGRFMCIHCE,0.19028452,0.19028452,9,18000,892
EPEGDCCFNDTWQYVETHGNSNDRWINNMFFYQWGYLYCREDDRNAESQWGDGLKHYGRFKCIHCE,0.18929604,0.18929604,9,18000,892
PHAEDGIKMDVWRNSEEFGMNCLLFDPNDQFSGISTYCGRAIGGNALSQMSGNWKHCYLFWEDHIK,0.18911502,0.18911502,9,18000,892
PHAQDGIKMDVWRNSENFGMNCLLFDPNAQFSGISTYCGRAIGGNALSQMSGNWKHCGDFGEDHIK,0.18905212,0.18905212,9,18000,892
PHAEDGIKMDVWRNSENFGMNCLLFDPNNQFSGISTYCGRAIGGNALSQMSGNWKHCGDFQEDHIK,0.18874043,0.18874043,9,18000,892
PHAYDGIKMDVWRNSENFGMNCLLFDPNNQFSGISTYCGRAIGGNALSQMSGNWKHCGLFFEDHIK,0.18789205,0.18789205,9,18000,892
DWMGFCDFWRIMTTKTLEPDHYRTAHVGQQQGYGVQKSPIMKGNWIRQVFLINERDYHQPNNKAGR,0.18631305,0.18631305,9,18000,892
EPEGDCHFNDNWQYVETHGNSNDRWINNMIFYKIGLLDCREDSRNAESQWGHGMKHVGRFDCIHCE,0.18587084,0.18587084,9,18000,892
DWSGFCNTWSIYTTYTLEPDHPRTAHVGQIQGEGVQKSPIYKGNWARNVFDHWERDYHQPNNQAAH,0.18514375,0.18514375,9,18000,892
EPEGDCAFNHNWQYVETHGNSNDRWINNMGFYANGALCCREDARNAESQWGAGWKHEGRFVCIHCE,0.18507418,0.18507418,9,18000,892
PHATDGIKMDVWRNSENFGMNCLLFDPNAQFSGISTYCGRAIGGNALSQMSGNWKHCGDFVEDHIK,0.18440099,0.18440099,9,18000,892
PHAEDGIKMDVWRNSENFGMNCLLFDPNQQFSGISTYCGRAIGGNALSQMSGNWKHCGDFREDHIK,0.18408172,0.18408172,9,18000,892
PHAEDGIKMDVWRNSENFGMNCLLFDPNNQFSGISTYCGRAIGGNALSQMSGNWKHCGDFREDHIK,0.18233815,0.18233815,9,18000,892
EHALDGIKMDVWRNSENFGMNCLLFDPNAQFSGISTYCGRAIGGNALSQMSGNWKHCGDFVEDHIK,0.18220031,0.18220031,9,18000,892
DWRGFCRFWKIITTKTLEPDHRRTAHVGSWQGMGVQKSPIHKGRWMRYVFMANERDKHQPNNETSH,0.18218726,0.18218726,9,18000,892
PHAEDGIKMDVWRNSENFGMNCLLFDPNNQFSGISTYCGRAIGGNALSQMSGNWKHCYDFDEDHIK,0.18188684,0.18188684,9,18000,892
EHAPDGIKMDVWRASENFGMNCLLFDPNAQFSGISTYCGRAIGGNALSQMSGNWKHCGDFSEDHIK,0.17965138,0.17965138,9,18000,892
EPEGDCLFNDNWQYVETHGNSNDRWINNMEFYDQGILMCREDPRNAESQWGPGWKHCGRFICIHCE,0.17824914,0.17824914,9,18000,892
PHAYDGIKMDVWRNSENFGMNCLLFDPNNQFSGISTYCGRAIGGNALSQMSGNWKHCGLFGEDHIK,0.17804381,0.17804381,9,18000,892
EPEGDCDFNFNWQYVELHGNSNDRWINNMMFYRDGWLCCREDKRNAPSQWGNGAKHPGRFVCIHCE,0.17796326,0.17796326,9,18000,892
EPEGDCCFNDNWQYVETHGNSNDRWINNMNFYAMGFLGCREDYRNAESQWGCGHKHGGRFTCIHCE,0.1772837,0.1772837,9,18000,892
PHACDGIKMDVWRNSENFGMNCLLFDPNAQFSGISTYCGRAIGGNALSQMSGNWKHCGDFWEDHIK,0.17686628,0.17686628,9,18000,892
PHADDGIKMDVWRNSENFGMNCLLFDPNNQFSGISTYCGRAIGGNALSQMSGNWKHCGLFMEDHIK,0.1767874,0.1767874,9,18000,892
PHAEDGIKMDVWRNSENFGMNCLLFDPNAQFSGISTYCGRAIGGNALSQMSGNWKHCGDFLEDHIK,0.17369086,0.17369086,9,18000,892
PHAYDGIKMDVWRNSENFGMNCLLFDPNNQFSGISTYCGRAIGGNALSQMSGNWKHCGDFDEDHIK,0.17348935,0.17348935,9,18000,892
PHAYDGIKMDVWRNSENFGMNCLLFDPNKQFSGISTYCGRAIGGNALSQMSGNWKHCGLFTEDHIK,0.17166632,0.17166632,9,18000,892
EPEGDCQFNDNWQYVETHGNSNDRWINNMVFYAIGSLSCREDCRNAESQWGKGWKHQGRFQCIHCE,0.1688233,0.1688233,9,18000,892
PHAQDGIKMDVWRNSENFGMNCLLFDPNAQFSGISTYCGRAIGGNALSQMSGNWKHCYDFNEDHIK,0.16816564,0.16816564,9,18000,892
EPEGDCSFNGYWQYVETHGNSNDRWINNMWFYDNGFLSCREDYRNAESQWGTGWKHKGRFVCIHCE,0.16813155,0.16813155,9,18000,892
DWPGFCRFWLIRTTKTLEPDHTRTAHVGQKQGRGVQKSPIMKGNWSRYVFAKNERDKHQPNNWTGH,0.16745654,0.16745654,9,18000,892
PHAQDGIKMDVWRNSENFGMNCLLFDPNNQFSGISTYCGRAIGGNALSQMSGNWKHCGDFEEDHIK,0.16676524,0.16676524,9,18000,892
PHAYDGIKMDVWRNSENFGMNCLLFDPNAQFSGISTYCGRAIGGNALSQMSGNWKHCGDFMEDHIK,0.16662455,0.16662455,9,18000,892
PHAADGIKMDVWRHSENFGMNCLLFDPNPQFSGISTYCGRAIGGNALSQMSGNWKHCGDFTEDHIK,0.16634081,0.16634081,9,18000,892
EPEGDCAFNGTWQYVETHGNSNDRWINNMVFYAAGNLSCREDARNAESQWGQGSKHGGRFNCIHCE,0.16502197,0.16502197,9,18000,892
PHAEDGIKMDVWRNSENFGMNCLLFDPNIQFSGISTYCGRAIGGNALSQMSGNWKHCGDFFEDHIK,0.1649809,0.1649809,9,18000,892
EPEGDCHFNDNWQYVETHGNSNDRWINNMRFYQIGILCCREDARNAPSQWGIGLKHGGRFECIHCE,0.16473472,0.16473472,9,18000,892
PHAEDGIKMDVWRNSENFGMNCLLFDPNAQFSGISTYCGRAIGGNALSQMSGNWKHCGDFHEDHIK,0.16348901,0.16348901,9,18000,892
PHASDGIKMDVWRNSENFGMNCLLFDPNNQFSGISTYCGRAIGGNALSQMSGNWKHCYDFEEDHIK,0.16279963,0.16279963,9,18000,892
KEDNNSPRMFYWQKKAEHLRLKRMPDPRQTYRHVMRRCCSENRPDAHRLENNNRRPRKVELRFWIR,0.55508333,0.55508333,10,20000,991
YEDNNSPRMFYWSKKAKTLRLKRWRDPRQTYRHVHRTCCSENRPDAHDLENLDRRPRKVELRFWID,0.5175629,0.5175629,10,20000,991
EPCGDCDMMIDTFYVETHGYKFSRWKPHQQPGAEMSFHNRKGRRNHPRQINYGERHGGVFGDNHIE,0.51095444,0.51095444,10,20000,991
EPCGDCDMMIDTFYVETHGYKFSRWKPHQQHNAEMSFYNRKGRRNHPRQINPGERHGGVFGDNHIE,0.49848884,0.498488,10,20000,991
YEDNNSPRMFYNSKKAEYLRLKRMRDPRQTYRHVHRRCCSENRPDAHSLENNRRRPRKVELRFWIR,0.46310422,0.46310335,10,20000,991
EPCGDCDMMIDTFYVETHGYKFSRWKPHQQKWAEMSFFNRKGRRNHPRQINMGERHGGVFGDNHIE,0.44764355,0.4476441,10,20000,991
YEDNNSPRMFYWSKKAKYLRLKRMKDPRQTYRHVHRRCCSENRPDAHSLENLDRRPRKVELRFWIR,0.44401488,0.44401404,10,20000,991
EPCGDCHMMIDTFYVETHGYKFSRWKPHQQRWAEMSFDNRKGRRNHPRQINFGERHGGVFGDNHIE,0.4384519,0.43845105,10,20000,991
EPCGDCDMMIDTFYVETHGYKFSRWKPHQQASAEMSFSNRKGRRNHPRQINNGERHGGVFGDNHIE,0.4300721,0.43007132,10,20000,991
YEDNNSPRMFYWSKKAKYLRLKRMNDPRQTYRHVMRRCCSENRPDAHSLENLDRRPRKVELRFWIR,0.42281935,0.42281854,10,20000,991
EPCGDCDMMIDTFYVETHGYKFSRWKPHQQADAEMSFGNRKGRRNHPRQINHGERHGGVFGDNHIE,0.41605854,0.4160577,10,20000,991
EPCGDCEMMIDTFYVETHGYKFSRWKPHQQHNAEMSFANRKGRRNHPRQINYGERHGGVFGDNHIE,0.4155024,0.4155024,10,20000,991
EPCGDCPMMIDTFYVETHGYKFSRWKPTQQRHAEMSFQNRKGRRNHPRQINDGERHGGVFGDNHIE,0.4111372,0.41113776,10,20000,991
DMSVMNRFWIIDNYKMLSPYHTRPWTPHNEREDGVRTCFIPKGSDHEMLVGPNARDKGEFNENPIN,0.4088073,0.4088065,10,20000,991
EPCGDCDMMIDTFYVETHGYKFSRWKPHQQEQAEMSFSNRKGRRNHPRQINYGERHGGVFGDNHIE,0.402683,0.40268216,10,20000,991
YKDNNSPRMFYWSKKAKYLRLKRMRDPRQTYRHVHRTCCSENRPDAHSLENLWRRPRKVELRFWIP,0.396997,0.39699623,10,20000,991
EPCGDCNMMIDTFYVETHGYKFSRLKPTQQNTAEMSFCNRKGRRNHPRQINYGERHGGVFGDNHIE,0.38872248,0.3887217,10,20000,991
EPCGDCHMMIDTFYVETHGYKFSRWKPHQQIGAEMSFCNRKGRRNHPRQINWGERHGGVFGDNHIE,0.38707095,0.38707095,10,20000,991
EPCGDCTMMIDTFYVETHGYKFSRWKPHQQDRAEMSFWNRKGRRNHPRQINKGERHGGVFGDNHIE,0.3863244,0.3863244,10,20000,991
EPCGDCGMMIDTFYVETHGYKFSRLKPHQQPHAEMSFINRKGRRNHPRQINTGERHGGVFGDNHIE,0.3852845,0.38528317,10,20000,991
DVSVMNRFWIIDNYKMLGPYHTRAHTTHNERDRGVRTCFIPKGSDHEMQVAPNARDKGEFNENPIN,0.3780139,0.37805957,10,20000,991
EPCGDCNMMIDTFYVETHGYKFSRWKPTQQKYAEMSFDNRKGRRNHPRQINYGERHGGVFGDNHIE,0.37131175,0.3713104,10,20000,991
YEDNNCPRMFYNSKKAKYLRLKRMRDPRQTYRHVMRRCCSENRPDAHSLENLERRPRKVELRFWIR,0.36990833,0.369907,10,20000,991
YEDNNSPRMFYWSKKATYLRLKRMRDPRQTYRHVHRRCCSENRPDAHSLENLHRRPRKVELRFWIR,0.36981207,0.3698108,10,20000,991
YEDNNSPRMFYNSKKAKYLRLKRMRDPRQTYRHVMRRCCSENRPDAHSLENLDRRPRKVELRFWIR,0.36958575,0.36958444,10,20000,991
EPCGDCHMMIDTFYVETHGYKFSRWKPHQQGAAEMSFENRKGRRNHPRQINRGERHGGVFGDNHIE,0.36926737,0.36926606,10,20000,991
EPCGDCPMMIDTFYVETHGYKFSRLKPHQQKWAEMSFPNRKGRRNHPRQINYGERHGGVFGDNHIE,0.36830366,0.36830238,10,20000,991
YKDNNSPRMFYWSKKAKYLRLKRMGDPRQTYRHVMRRCCSENRPDAHQLENLSRRPRKVELRFWIR,0.36813375,0.36813247,10,20000,991
YEDNNKPRMFYWSKKAKYLRLKRMRDPRQTYRHVHRTCCSENRPDAHDLENLPRRPRKVELRFWIR,0.36404225,0.3640409,10,20000,991
YKDNNNPRMFYWSKKANYLRLKRMRDPRQTYRHVMRRCCSENRPDAHSLENLHRRPRKVELRFWIR,0.3620668,0.3620655,10,20000,991
EPCGDCNMMIDTFYVETHGYKFSRLKPHQQQNAEMSFINRKGRRNHPRQINRGERHGGVFGDNHIE,0.360611,0.36060968,10,20000,991
YEDNNSPRMFYWSKKATYLRLKRMRDPRQTYRHVHRRCCSENRPDAHSLENLGRRPRKVELRFWIR,0.3604871,0.3604858,10,20000,991
EPCGDCQMMIDTFYVETHGYKFSRLKPHQQPWAEMSFQNRKGRRNHPRQINSGERHGGVFGDNHIE,0.35961753,0.35961622,10,20000,991
YEDNNSPRMFYWSKKAKYLRLKRMRDPRQTYRHVMRRCCSENRPDAHSLENLSRRPRKVELRFWIR,0.3585961,0.35859478,10,20000,991
DMSVMNRFWIIDNYKMLRPYHTRRATPHNERHSGVRTCFIPKGSDHEMQVGHNARDKGEFNENPIN,0.35719723,0.35719594,10,20000,991
YEDNNYPRMFYWSKKAGDLRLKRMDDPRQTYRHVMKRCCSENRPDAHSLENNWRRPRKVELRFWIR,0.35629377,0.35629246,10,20000,991
EPCGDCHMMIDTFYVETHGYKFSRWKPTQQSVAEMSFCNRKGRRNHPRQINYGERHGGVFGDNHIE,0.35561928,0.35561803,10,20000,991
YEDNNSPRMFYWSKKAKYLRLKRWKDPRQTYRHVHTRCCSENRPDAHSLENLARRPRKVELRFWID,0.35536692,0.35536557,10,20000,991
EPCGDCQMMIDTFYVETHGYKFSRWKPHQQENAEMSFRNRKGRRNHPRQINNGERHGGVFGDNHIE,0.35389477,0.35389426,10,20000,991
YEDNNSPRMFYWSKKAKYLRLKRMRDPRQTYRHVMRRCCSENRPDAHSLENLGRRPRKVELRFWIR,0.35098767,0.35098636,10,20000,991
YEDNNSPRMFYWSKKAQYLRLKRMRDPRQTYRHVMRTCCSENRPDAHSLENLRRRPRKVELRFWIR,0.34342828,0.34342697,10,20000,991
YEDNNSPRMFYWSKKAKYLRLKRMRDPRQTYRHVMRRCCSENRPDAHSLENLWRRPRKVELRFWIR,0.34132954,0.3413283,10,20000,991
YEDNNPPRMFYWSKKAKYLRLKRWRDPRQTYRHVMGRCCSENRPDAHSLENLRRRPRKVELRFWIR,0.34003478,0.34003353,10,20000,991
EPCGDCTMMIDTFYVETHGYKFSRLKPHQQGDAEMSFGNRKGRRNHPRQINPGERHGGVFGDNHIE,0.33970195,0.33970067,10,20000,991
EPCGDCSMMIDTFYVETHGYKFSRWKPTQQTGAEMSFRNRKGRRNHPRQINTGERHGGVFGDNHIE,0.33824018,0.33824018,10,20000,991
YEDNNSPRMFYNSKKAHYLRLKRMRDPTQTYRHVHRTCCSENRPDAHSLENLQRRPRKVELRFWIR,0.3368113,0.33681002,10,20000,991
EPCGDCYMMIDTFYVETHGYKFSRWKPHQQEEAEMSFCNRKGRRNHPRQINCGERHGGVFGDNHIE,0.33662522,0.33662397,10,20000,991
EPCGDCKMMIDTFYVETHGYKFSRWKPHQQCWPEMSFCNRKGRRNHPRQINVGERHGGVFGDNHIE,0.33594108,0.33594108,10,20000,991
YKDNNSPRMFYNQKKAKYLRLKRMRDPRQTYRHVMRTCCSENRPDAHSLENLGRRPRKVELRFWIR,0.33564517,0.33564392,10,20000,991
EPCGDCYMMIDTFYVETHGYKFSRLKPHQQQWAEMSFMNRKGRRNHPRQINSGERHGGVFGDNHIE,0.3356315,0.3356315,10,20000,991
EPCGDCDMMIDTFYVETHGYKFSRWKPHQQTAAEMSFINRKGRRNHPRQINGGERHGGVFGDNHIE,0.33548182,0.33548054,10,20000,991
YEDNNSPRMFYNSKKATYLRLKRMRDPRQTYRHVHRRCCSENRPDAHSLENLGRRPRKVELRFWIR,0.32870507,0.32870382,10,20000,991
EPCGDCTMMIDTFYVETHGYKFSRLKPHQQGSAEMSFRNRKGRRNHPRQINEGERHGGVFGDNHIE,0.32774195,0.32774067,10,20000,991
YEDNNSPRMFYNSKKAKYLRLKRWRDPRQTYRHVMRRCCSENRPDAHSLENLKRRPRKVELRFWIR,0.32733393,0.3273327,10,20000,991
EPCGDCSMMIDTFYVETHGYKFSRWKPHQQCRAEMSFPNRKGRRNHPRQINLGERHGGVFGDNHIE,0.3268062,0.3268062,10,20000,991
EPCGDCDMMIDTFYVETHGYKFSRLKPHQQPLAEMSFLNRKGRRNHPRQINYGERHGGVFGDNHIE,0.3265902,0.3265902,10,20000,991
EPCGDCSMMIDTFYVETHGYKFSRWKPTQQQSAEMSFMNRKGRRNHPRQINDGERHGGVFGDNHIE,0.32386538,0.32386413,10,20000,991
EPCGDCTMMIDTFYVETHGYKFSRWKPTQQTSAEMSFNNRKGRRNHPRQINIGERHGGVFGDNHIE,0.32363558,0.32363436,10,20000,991
YEDNNSPRMFYWSKKATYLRLKRMRDPRQTYRHVMRRCCSENRPDAHSLENLNRRPRKVELRFWIR,0.32220444,0.32220322,10,20000,991
EPCGDCLMMIDTFYVETHGYKFSRWKPHQQTSAEMSFPNRKGRRNHPRQINAGERHGGVFGDNHIE,0.3208372,0.32083598,10,20000,991
YEDNNSPRMFYWSKKAFYLRLKRWRDPDQTYRHVHRTCCSENRPDAHSLENLYRRPRKVELRFWID,0.32061255,0.3206113,10,20000,991
YEDNNSPRMFYNSKKAKYLRLKRMHDPRQTYRHVMRRCCSENRPDAHSLENLNRRPRKVELRFWIR,0.32044426,0.32044303,10,20000,991
YEDNNSPRMFYNSKKAKYLRLKRMRDPRQTYRHVMRRCCSENRPDAHSLENLGRRPRKVELRFWIR,0.31962457,0.31962335,10,20000,991
EPCGDCDMMIDTFYVETHGYKFSRLKPHQQEAAEMSFWNRKGRRNHPRQINDGERHGGVFGDNHIE,0.31899375,0.31899324,10,20000,991
DVSVMNRFWIIDNYKMLHPYHTRRATPHNERCPGVRTCFIPKGRDHEMQVVNNARDKGEFNENPIN,0.31575218,0.31575096,10,20000,991
EPCGDCQMMIDTFYVETHGYKFSRLKPHQQNAREMSFPNRKGRRNHPRQINCGERHGGVFGDNHIE,0.3154016,0.3154016,10,20000,991
YKDNNSPRMFYNSKKAKYLRLKRMRDPRQTYRHVMRRCCSENRPDAHSLENLGRRPRKVELRFWIR,0.3142147,0.31421348,10,20000,991
EPCGDCFMMIDTFYVETHGYKFSRWKPHQQTDAEMSFGNRKGRRNHPRQINMGERHGGVFGDNHIE,0.3136301,0.31362888,10,20000,991
DMSVMNRFWIIDNYKMLHPYHTRMATPHNEHREGVRTCFIPKGSDHEMLVNQNARDKGEFNENPIN,0.31250125,0.31250003,10,20000,991
EPCGDCYMMIDTFYVETHGYKFSRWKPHQQYIAEMSFCNRKGRRNHPRQINWGERHGGVFGDNHIE,0.31163058,0.3116294,10,20000,991
EPCGDCCMMIDTFYVETHGYKFSRWKPTQQGHAEMSFSNRKGRRNHPRQINYGERHGGVFGDNHIE,0.3108535,0.31085232,10,20000,991
EPCGDCEMMIDTFYVETHGYKFSRWKPHQQTEAEMSFLNRKGRRNHPRQINVGERHGGVFGDNHIE,0.31084615,0.31084493,10,20000,991
DVSVMNNFWIIDNYKMLCPYHTRSATTHNERCPGVRTCFIPKGRDHEMQVFVNARDKGEFNENPIN,0.31033576,0.31033456,10,20000,991
YEDNNSPRMFYNSKKAKYLRLKRMRDPRQTYRHVMRRCCSENRPDAHSLENLWRRPRKVELRFWIR,0.30769324,0.30769205,10,20000,991
EPCGDCTMMIDTFYVETHGYKFSRWKPHQQVVAEMSFCNRKGRRNHPRQINYGERHGGVFGDNHIE,0.30312964,0.30312845,10,20000,991
EPCGDCHMMIDTFYVETHGYKFSRWKPHQQFYAEMSFYNRKGRRNHPRQINYGERHGGVFGDNHIE,0.30304557,0.30304557,10,20000,991
EPCGDCNMMIDTFYVETHGYKFSRWKPTQQHGAEMSFYNRKGARNHPRQINYGERHGGVFGDNHIE,0.30271348,0.30271348,10,20000,991
EPCGDCYMMIDTFYVETHGYKFSRLKPHQQQRAEMSFNNRKGRRNHPRQINGGERHGGVFGDNHIE,0.3027045,0.30270332,10,20000,991
YKDNNSPRMFYNSKKAKYLRLKRMRDPRQTYRHVMARCCSENRPDAHSLENNWRRPRKVELRFWIR,0.30259326,0.3025921,10,20000,991
EPCGDCPMMIDTFYVETHGYKFSRWKPHQQHYAEMSFKNRKGRRNHPRQINAGERHGGVFGDNHIE,0.3025879,0.3025867,10,20000,991
DVSVMNRFWIIDNYKMLWPYHTREATTHNERCDGVRTCFIPKGRDHEMLVLNNARDKGEFNENPIN,0.30241257,0.30241135,10,20000,991
EPCGDCHMMIDTFYVETHGYKFSRWKPNQQVRAEMSFMNRKGRRNHPRQINTGERHGGVFGDNHIE,0.30179316,0.301792,10,20000,991
DVSVMNRFWIIDNYKMLHPYHTRQATTHNERISGVRTCFIPKGRDHEMQVNQNARDKGEFNENPIN,0.30064994,0.30064875,10,20000,991
DVSVMNRFWIIDNYKMLHPYHTRNATTHNEEKTGVRTCFIPKGSDHEMQVHPNARDKGEFNENPIN,0.2981575,0.29815632,10,20000,991
EPCGDCHMMIDTFYVETHGYKFSRWKPHQQFDAEMSFANRKGRRNHPRQINYGERHGGVFGDNHIE,0.29729196,0.29729152,10,20000,991
DVSVMNRFWIIDNYKMLDPYHTRVATTHNEAQGGVRTCFIPKGRDHEMLVSANARDKGEFNENPIN,0.29567444,0.29567322,10,20000,991
YKDNNSPRMFHWSKKATYLRLKRMKDPRQTYRHVHARCCSENRPDAHSLENLGRRPRKVELRFWIR,0.29548004,0.29547888,10,20000,991
YEDNNKPRMFYNSKKAKYLRLKRMRDPRQTYRHVHRRCCSENRPDAHSLENLKRRPRKVELRFWIR,0.29399043,0.2939892,10,20000,991
YKDNNKPRMFYWSKKAKYLRLKRMRDPRQTYRHVHRRCCSENRPDAHSLENLGRRPRKVELRFWIR,0.29311484,0.29311365,10,20000,991
EPCGDCEMMIDTFYVETHGYKFSRLKPHQQCTAEMSFYNRKGRRNHPRQINCGERHGGVFGDNHIE,0.29296353,0.29296237,10,20000,991
EPCGDCRMMIDTFYVETHGYKFSRWKPHQQQPAEMSFKNRKGRRNHPRQINNGERHGGVFGDNHIE,0.29171258,0.2917114,10,20000,991
YEDNNSPRMFYNSKKAKGLRLKRMRDPRQTYRHVHIRCCSENRPDAHSLENLDRRPRKVELRFWIR,0.29123023,0.29122907,10,20000,991
EPCGDCLMMIDTFYVETHGYKFSRWKPHQQSTAEMSFTNRKGRRNHPRQINAGERHGGVFGDNHIE,0.29016182,0.29016066,10,20000,991
YEDNNSPRMFYNSKKAKGLRLKRMRDPRQTYRHVMRRCCSENRPDAHSLENLGRRPRKVELRFWIR,0.28992328,0.2899221,10,20000,991
DVSVMNRFWIIDNYKMLHPYHTRVWTTHNERCNGVRTCFIPKGRDHEMQVHLNARDKGEFNENPIN,0.2886691,0.28870896,10,20000,991
EPCGDCSMMIDTFYVETHGYKFSRLKPHQQEYAEMSFFNRKGRRNHPRQINSGERHGGVFGDNHIE,0.28436297,0.28436184,10,20000,991
DVSVMNYFWIIDNYKMLNPYHTRGATTHNERCEGVRTCFIPKGSDHEMLVMINARDKGEFNENPIN,0.2837163,0.28371516,10,20000,991
DVSVMNRFWIIDNYKMLHPYHTRQATTHNERLYGVRTCFIPKGRDHEMQVGKNARDKGEFNENPIN,0.2789382,0.27893707,10,20000,991
EPCGDCSMMIDTFYVETHGYKFSRLKPTQQDSAEMSFSNRKGRRNHPRQINLGERHGGVFGDNHIE,0.27720842,0.27720726,10,20000,991
