{"run_id": "18:01:29-09/28/2020", "exp_name": "GeneticAlgorithm_pop_size=40_parents=wright-fisher_recomb=None", "model_name": "LandscapeAsModel=RosettaFolding", "landscape_name": "RosettaFolding", "rounds": 10, "sequences_batch_size": 100, "model_queries_per_batch": 2000}
sequence,model_score,true_score,round,model_cost,measurement_cost
RAQESVVANQLIPILTHLTQKMSRRFVVTPVGIPAEDIPRLVNAQVDRAVPLGTTLMPDMDKGYAA,,0.23834766,0,0,1
EAQEEVVANTEIPQETHVTQKMYRRGNRQNRTLPGEIVPRLSNPQVDRYVPQGPTLQPDIFKDYEN,0.98295194,0.98295194,1,1969,100
EAQESVVANTEIPQETHVTQKDYRKGNRQNRTLPGEQVPRLSNPQVDRYVPQGPTLQPDIFKDYEN,0.98286724,0.98286724,1,1969,100
EAQESVVANTEIPQETHVTQKMYRKGNRQQRTLPGEIVPNLSNPQVDRYVNQGPTLQPDIFKDYEN,0.982428,0.982428,1,1969,100
EENESVSANTAIPEETHVTQKMWRRGNTQSRGIYGEIVDRLSNHQIDRYVPQGPTLQPDPFKDYEL,0.9823088,0.9823088,1,1969,100
EENESVSANKAIPEETHVTQKMWRRGNTKNRGILGEIVDRLSNAQVDRYVPQGPTLQPDPFRDYEL,0.98216057,0.98216057,1,1969,100
EAQESVVANTEIPQETHVTQKDYRKGNRQNRTLPGEQVPRLSNPQVDRYVPQGPHLQPDIFKDYEN,0.982027,0.982027,1,1969,100
EAQESVVANTEIPQETHVTQKMYRKGNRQNRTLPGEIVPRLSNPQVDRYVPQGPTLQPDIFKDYEN,0.98176825,0.98176825,1,1969,100
EENESVSANTAIPEETHVTQKMWRRGNTKNRGILGEIVDRLSNAQVDRYVPQGPTLQPDPFRDYEL,0.9816403,0.9816403,1,1969,100
EAQESVVANTEIPQETHVTQKMYRKGNRQNRTLPGEIVNRLSNPQVDRYVPQGPTLQPDIFKDYEN,0.981574,0.981574,1,1969,100
EENESVSANTAIPEETHVTQKMWRRGNTQNRGILGEIVDRLSNAQVDRYVPQGSTLQPDPFKDYEL,0.981412,0.981412,1,1969,100
EAPESVVANTEIPQETHVTQKMYRKGNRQNRTLPGEIVPRLSNPQVDRYVPQGPTLQPDIFKDYEN,0.9811009,0.9811009,1,1969,100
EENESVSANTAIPEETHVTQKMWRRGNTQNRGILGEIVDRLSNAQVDRYVPQGPTLQPDPFKDYEL,0.98107386,0.98107386,1,1969,100
EAQESVVANTEIPQETHVTQKMYRRGNRQNRTLPGEIVPRLSNPQVDRYVPQGPTLQPDIFKDYEN,0.98096234,0.98096234,1,1969,100
EENESVSANTAIPEETHVTQKMWRRGNTQSRGILGEIVDRLSNHQIDRYVPQGPTLQPDPFKDYEL,0.9808334,0.9808334,1,1969,100
EENESVSANTAIPEETHVHQKMWRRGNTQSRGILGEIVDRLSNHQIDRYVPQGPTLQPDPFKDYEL,0.98073876,0.98073876,1,1969,100
EENESVSANQAIPEETHVTQKMWRRGNTQSRGILGEIVDRLSNAQVDRYVPQGPTLQPDWFKDYEF,0.9806975,0.9806975,1,1969,100
EAQESVVANTEIPKETHVTQKMYRKGNRQNRTLPGEIVNRLSNPNLDRYVPQGPGLQPDPFKDYER,0.9806459,0.9806459,1,1969,100
EENESVSANTAIPEETHVHQKMWRRGNTQSRGILGEIVDRLSNHQIDRYLPQGPTLQPDPFKDYEL,0.9805833,0.9805833,1,1969,100
EENESVSANTAIPEETHVTQKMWRRGSTQSRGIYGEIVDRLSNHQIDRYVPQGPTLQPDPFKDYEL,0.9805772,0.9805772,1,1969,100
EAQESVVANTEIPQETHVTQKDYRKGNRQNRTLPGEIVPRLSNPQVDRYVPQGPTLQPDIFKDYEN,0.9804786,0.9804786,1,1969,100
EENESVSANTAIPEETHVTQKHYRRGNTQSRGILGEIVDRLSNAQVDRYVPQGPTLQPDPFKDYEL,0.9803113,0.9803113,1,1969,100
EAQEEVVANTEIPQETHVTQKMYRRGNRQNRTRPGEIVPRLSNPQVDRYVPQGPTLQPDIFKDYEN,0.9803026,0.9803026,1,1969,100
EENESVTANTAIPEETHVTQKMWRRSNTQSRGILQEVVDRLSNHQVDRYVPQGPTLQPDPFKDYEF,0.980115,0.980115,1,1969,100
EENESVSANTAIPEETHVHQKMWRRGQTQSRGILGEIVDRLSNHQIDRYVPQGPTLQPDPFKDYEL,0.9800181,0.9800181,1,1969,100
EAQEELVAATEIPQETHVTQKMYRKGNRQNRTLPGEIVKRLNNPQVDRYVPRGPTLQPNIFKDYER,0.98001033,0.98001033,1,1969,100
EENESVSHNTAIPEETHVHQKMWRRGNTQSRGILGEIVDRLSNKQIDRYVPQGPTLQPDPFKDYEL,0.97996485,0.97996485,1,1969,100
EAQESVVANTAIPKETHVTQKMYRRGNRQNRTLPGEIVPRLSNPQVDRYVPQGPTLQPDIFKDYEN,0.9797973,0.9797973,1,1969,100
EENESVSANTAIPEETHVTQKMWRRGNTQSRRILGEIVDRLSNHQIDRYVPQGPTLQPDPFKDYEL,0.97967577,0.97967577,1,1969,100
EAQEELVAATEIPQETHVTQKMYRKGNRQNRTLPGEIVKRLNNPQVDRYVPQGPTLQPNIFKDYER,0.9795537,0.9795537,1,1969,100
EAQESVVANTEIPQETHVTQKMYRRGNRQNRTLPGEIVPRLSNPQVDRYVPQELTLQADIFKDYEN,0.9795465,0.9795465,1,1969,100
EAQESVVANTEIPQETHVTQKMYRRGNRQNRTLSGEIVKQLSQPQVDQYVPQGPTLQPDIFKDYEN,0.9794327,0.9794327,1,1969,100
EENESVTANTAIPEETHVTQKMWRRSNTQSRGILQEVVDRLSNHQVDRYVPQGPTLKPDPFKDYEF,0.9793935,0.9793935,1,1969,100
EAQEEVVANTEIPQETHVWQKMYRRGNRQNRTLPGEIVPRLSNPQVDRYVPQGPTLQPDIFKDYEN,0.9792596,0.9792596,1,1969,100
EENESVTANTAIPEETHVTQKMWRRGNTQSRGILQEVVDRLSNHQVDRYVPQGPTLQPDPFKDYEF,0.9792459,0.9792459,1,1969,100
EAQESVVANTEIPQETHVTQKMYRRGNRQNRTLSGEIVPQLSNPQVDRYVPQGPTLQPDIFKDYEN,0.97916543,0.97916543,1,1969,100
EAQESVVANTEIPQETHVTQKMYRRGNRQNRTLSGEIVKQLSQPQVDRYVPQGPTLQPDIFKDYEN,0.97899514,0.97899514,1,1969,100
EENESVSANTAIPEETHVTQKMWRRGNTQNRGILGEIVDRLSNAQVDRYVPQGPTLQPDPFRDYEL,0.97896016,0.97896016,1,1969,100
EAQEELVAATEIPQETHVTQKMYRKGNRQNRTLPGEIVNRLNNPQVDRYVPQGPTLQPNIFKDYER,0.9789458,0.9789417,1,1969,100
EENESVSANTAIPEETHVTQKHWRRGNTQSRGILGEIVDRLSNAQVDRYVPQGPTLQPDPFKDYEL,0.9789442,0.9789442,1,1969,100
EAQESVVANTEIPQETHVTQKMYRRGNRQNRTLSGEIVPQLSNPQVDRYVPQGTTLQPDIFKDYEN,0.9788936,0.9788936,1,1969,100
EENESVSANTYIPEETTVTQKMWRRGNQQSRGILGEIVDRVSNAQVDRYVPQGPTLQPDPFKDYEL,0.9788209,0.9788209,1,1969,100
EAQESVVANTEIPQETHVTQKMYRKGNRQNRTLPGEIVNRLSNPQLDRYVPQGPGLQPDPFKDYER,0.97874326,0.97874326,1,1969,100
EAQESVVANTEIPQEFHVTQKMYRKGNRQNRTLPGEIVPRLSNPQVDRYVPQGPTLQPDIFKDYEN,0.9786839,0.9786839,1,1969,100
EAQESVVANTEIPQETHVTQKMYRRGNRQNRTLSGEIVPQLSNPQVDRYVPQGPTLQWDIFKDYEN,0.97861725,0.97861725,1,1969,100
EENESVSANTAIPEETHVTQKMWRRGNTQSRGILGEIVDRLSNAQVDREVPQGPTLQPDPFKDYEL,0.97861505,0.97861505,1,1969,100
EAQEQVVANTEIPQETHVTQKMYRRGNRQNRTLSGEIVPQLSNPQVDRYVPQGPTLQWDIFKDYEN,0.9785686,0.9785686,1,1969,100
EENESVSANTYIPEETTVTQKMWRRGNQQSRGILGEIVDRVSNAQVDRYVEQGPTLQPDPFKDYEL,0.9785115,0.9785115,1,1969,100
EENESVYANTAIPEETHVTQKMWRRGNTQNRGILGEIVDRLSNAQVDRYVPQGPNLQPDPFRDYEL,0.97845984,0.97845984,1,1969,100
EAQESVVANTAIPQETHVTQKMYRRGNRQNRTLPGEIVPRLSNPQVDRYVPQGPTLQPDIFKDYEN,0.9784284,0.9784284,1,1969,100
EENESVSANTAIPEETHVTQKMWRRGNTQSRGILGEIVDRLSNAQVDRYVPQGPTLQPDPFKDYEL,0.9782687,0.9782687,1,1969,100
EENESVSANTAIPEETHVTQKHWRRGNTQSRGILGEIVDRLSNAQVDRYVPQGPTLRPDPFKDYEL,0.97825694,0.97825694,1,1969,100
EENESVSANHAIPEETHVTQKMWRRGNTQNRGILGEIVDRLSNAQVDRYVPQGPTLQPDPFRDYEL,0.97819215,0.97819215,1,1969,100
EAQESVVANTEIPKETHVTQKMYRKGNRSNRTLPGEIVNRLSNPNLDRYVPQGPGLQPDPFKDYER,0.9781486,0.9781486,1,1969,100
EENGSVSANTAILEETHVTQKMWRRGNTQSRGILGEIVDRLSNHQIDRYVPQGPTLQPDPFKDYEL,0.9781185,0.9781185,1,1969,100
EENESVSANTAIPEETHVTQKMWRRGNTQSRDILGEIVDRVSNHQVDRYVPQGPTLQPDPFKDYEL,0.97810966,0.97810966,1,1969,100
EAQESVVANTEIPQETHVTQKMYRRGNRQNRGLSGEIVPQLSNPQVDRYVPQGPTLQPDIFKDYEN,0.97804797,0.97804797,1,1969,100
EENEDVSANQAIPEETHVTQKMWRRGNTQSRGILGEIVTRLSNAQVDRYVPQGPTLQPDPFKDYEF,0.97803634,0.97803634,1,1969,100
EAQESVVANTEIPQETHVTQKMYRRGNRQNRTLSGEIVPQLSNPQVDRYVPQGPTLPWDIFKDYEN,0.9779755,0.9779755,1,1969,100
EENESVSANTAIPEETHVTQKMWRRGNTQSRGILGEQVDRLSNAQVDRYVPQGPTLQPDPFKDYEA,0.97786844,0.97786844,1,1969,100
EENESVSANQAIPEETHVTQKMWRRGNTQSRGILGEIVARLSNAQVDRYVPQGPTLQPDWFKDYEF,0.9777705,0.9777705,1,1969,100
EAQESLVAATEIPQETHVTQKMYRKGNRQNRTLPGEIVNRLNNPQVDRYVPQGPTLQPDIFKDYEN,0.9776878,0.9776878,1,1969,100
EAQESVVANTEIPQETHVTQKMYRRGNRQNRTLPGEIVPRLSNPQVDRYCPQGPTLQPDIFKDYEN,0.9776693,0.9776693,1,1969,100
EAQESVVANTEIPQETHVTQKMYRRGNRQNRGLSGEIVPQLSNPQVDRYVPQGPTLQPDIFKDYES,0.97765577,0.97765577,1,1969,100
EENESYSANTAIPEETHVTQKMWRRGNTQNRGILGEIVDRLSNAQVDRYVPQGPTLQPDPFRDYEL,0.9773786,0.9773786,1,1969,100
EENEYVSANQAIPEETHVTQKMWRRGNTQSRGILGEIVTRLSNAQVDRYVPQGPHLQPDPFKDYEF,0.9773096,0.9773096,1,1969,100
EAQERVVANTEIPQETHVTQKMYRRGNKQNRTLSGEIVPQLSNPQVDREVPQGPTLQPDWFKDYEN,0.9772918,0.9772918,1,1969,100
EAQESVVANTAIPQETHVTQKMYRRGNRQNRTLPGEIVPRLSNPQVDRYVPQGPTLQPDIFKDYDN,0.9771538,0.9771538,1,1969,100
EAQERVVANTEIPQETHVTQKMYRRGNRQNRTLSGEIVPQLSNPQVDREVPQGPTLQPDIFKDYEN,0.97715104,0.97715104,1,1969,100
EAPESVVANTWIPQETHVTQKMYRKGNRQNRTLPGEIVPRLSNPQVDRYVPQGPTLQPDIFKDYEN,0.97713757,0.97713757,1,1969,100
EENESVTANTAIPEETHVTQKMWRRSNTQSRGILENVVDRLSNHQVDRYVPQGPTLQPDPFKDYEF,0.97707474,0.97707474,1,1969,100
EAQESVVANTEIPQETHMTQKMYRKGNRQNRTLPGEIVNRLSNPQLDRYVPQGPGLQPDPFKDYER,0.97703606,0.97703606,1,1969,100
EAQESVVANTEIPQETHVTQKMYRRGNRQNRTLSGEIVKQLSQPQVDRYWPQGPTLQPQIFKDYEN,0.97695243,0.97695243,1,1969,100
EAQESVVANTEIPQETHVTQKMYRKGNRQNRYLPGEIVNRLSNPQLDRYVPQGPGLQPDPFKDYER,0.9768188,0.9768142,1,1969,100
RADESVVANTAIPEETEVTEKMWRRGETQNRGLPGEIVDRLSNAQVDRYVPQGPTLHPDIFKDYEE,0.9766351,0.9766351,1,1969,100
EENESVTANTAIPEETHVTQKMWRRGNTQSRGILQEVVDRLSNHQVDRYVPQGPTLNPDPFKDYNF,0.97660166,0.97660166,1,1969,100
EENESVSANQAIPEETHVTQKMWRRGNTQSRGILGEIVDRLSNAQVDRYVPQGPTLQPTWFKDYEF,0.97648424,0.97648424,1,1969,100
EENESVSANTAIPEETHVTQKMWRRGNTQSRDILGEIVDRVSNHQVDQYVPQGPTLQPDPFKDYEL,0.97628754,0.9762921,1,1969,100
EAQESVVANTAIPQETHVTQKMYRRGNRQNRTMPGEIVPRLSNPQVDRYVPQGPTLQPDIFKDYDN,0.97607815,0.9760828,1,1969,100
EENESVSANTAIPEETHVTQKMWRRGNTQNRGILGEIVDRLSNAQVDRYVPQYPTLQPDPFKDYEL,0.9760618,0.9760618,1,1969,100
EENESVSANTAIPEETHVTQKMWRRGNTQSRGILGEQVDRLSNAQVDRYVPQGPTLQPDPFKDYEL,0.97603035,0.97603035,1,1969,100
EAQESVVANTEIPQETHVLQKMYRKGNRQNRTLPGEIVNRLSNPQVDRYVPQGPTLQPDIFKDYES,0.97588605,0.97588605,1,1969,100
EENESVSANTAIPEETHVTQKMWRRGNTQSRGILGEIVDRVSNAQVDRYVPQGPTLQPDPFKDYEL,0.9757937,0.9757937,1,1969,100
EFNESVSANTAIPEETHVHQKMWRRGKTQSRGILGEIVDRLSNHQIDRYVPQGPTLQPDPFKDYEL,0.97569764,0.97569764,1,1969,100
EENESVSANTAIPEETHVTQKMWRRGNTQSRAILGEIVDRVSNHQVDRYVPQGPTLQPDPFKDYEL,0.97548985,0.97549474,1,1969,100
EENEYVSANQAIPEETHVTQKMWRRGNTQSRGILGEIVTRLSNAQVDRYVPQGPTLQPDPFKDYEF,0.9754765,0.9754765,1,1969,100
EENESVSANTAIPEETHVTQKMWRRGNTQSRDILGEIVDRVSNHQVDQYVPQGPTLQQDPFKDYEL,0.97538835,0.97538835,1,1969,100
EAQESVVANTEIPQETHVTQKMYRKGNRQNRTLPGEIVNRLSNPQLDRYGPQGPGLQPDPFKDYER,0.97528684,0.9752916,1,1969,100
EENESVSASQAAPEETHVTQKVWRRGNHQSRGILGEIVARLSNAQVDRYVPQGPTLQPDWFKDYEF,0.97524697,0.97524697,1,1969,100
EAQESVVANTAIPQETHVTQKMYRRGNRQNRTLPGELVPRLSNAQVDRYVPQGPTLQPDIFKDYEN,0.9752278,0.9752278,1,1969,100
EENESVSANQAAPEETHVTQKVWRRGNTQSRGILGEIVARLSNAQVDRYVPQGPTLQPDWFKDYEF,0.9752203,0.9752203,1,1969,100
EAQERVVANTEIPQETHVTQKMYRRGNRQNRTLSGEIVPQLSNPQVDRYVPQGPTLQPDIFKDYEN,0.9751833,0.9751833,1,1969,100
EENESVSANTAIPEETHVTQKMWRRGNTQSRDILGEIVSRVSNHQVDQYVPQGPTLQPDPFKDYEL,0.9750852,0.9750803,1,1969,100
RSQESVGANTAIPEETHVTQKMYSRGNPNPRGILGEIVPRLSNAQVDRYVNQGPTLQPDIFKDYED,0.97505516,0.97505516,1,1969,100
EAQESVVANTEIPQECHVTQKMYRRGNRQNRTLSGEIVPQLSNPQVDRYVPQGPTLQPDIFKDYEN,0.97491384,0.97491384,1,1969,100
EENESVSANTAIPEETHVTQKHWYRGNTQSRGILGEIVDRLSNAQVDRYYPQGPTLQPDPFKDYEL,0.97473323,0.97473323,1,1969,100
EENESVTANTAIPEETHVTQKMWRRGNTQSRGILGEVVDRLSNAQVDRYVPQGPTLQPDPFKDYEF,0.97468776,0.97468776,1,1969,100
EENESVSANTAIPEETHVTQKMWRRGNTQSRGILGEIVDRLSNAQVDRYVPQGPTLQPNPFKDFEF,0.9746816,0.9746816,1,1969,100
EENESVSANTAIPEETHVTQKMWRRGNTQSRGILGEIVDRLSNAQVDRYVPQGPTLQPDPFKDYEF,0.97467333,0.97467333,1,1969,100
EENESVSANTYIPEETHVTQKMWRRGNTQSRGILGEIVDRVSNAQVDRYVPQGPTLQPDPFKDYEL,0.97459453,0.97459453,1,1969,100
ERQESCYAQREIPEETHWTQKWCNKDKRNNRTLQGECCPRLSDPQVDRYVPEHPDLQPDIFKDYDN,0.99861073,0.99861073,2,3936,199
ERQESCYAQREIPEETHWTQKWCNKDKRNNRTLQGECCPRLSDPQVDRWVPEDPDLQPDIFKDYDN,0.9985494,0.99854916,2,3936,199
ERQESCYAQREIPEETHWTQKWCNKDKRNNRTLQTECCPRLSDPQVDRYVPEGRDLQPDIFKDYDQ,0.9985311,0.99853086,2,3936,199
ERQESCYAQREIPEETHWTQKWCNKDKRNNRTLQGECCPRLSDPQVDRYVPEGPDLQPDIFKDYDN,0.99848807,0.9984877,2,3936,199
ERQESCYAQREIPEETHWTQKWCNKDKRNNRTLQGECCPRLSDPQVDRWVPEGPDLQPDIFKDYDN,0.99848783,0.9984876,2,3936,199
ERQESCYAQREIPEETHWTQKWCNKDKRNNRTLQTECCPRLSDPQVDRYVPEGEDLQPDIFKDYDQ,0.9984686,0.9984682,2,3936,199
EEQESCYAQTDIPEEHEWTQKWCRKDKRNNRTLPGEPDPDFRNPQVDRPVPEGPDLQPDIFKDYDN,0.9984609,0.99846053,2,3936,199
ERQESCYAQREIPEETHWTQKWCNKDKRNNRTLQTECCPRLSDPQVDRYVPEGEDLQPDIFKDYDN,0.9984251,0.99842477,2,3936,199
EEQESCYAQTDIPEEHEWTQKWCRKDKRNNRTLPGEPDPDFGNPQVDRPVPEGPDLQPDIFKDYDN,0.9983802,0.9983798,2,3936,199
ERQESCYAQREIPEETHWTQKWCNKDKRNNRTLQGECCPRLSRPQVDRYVPEGPDLQPDIFKDYDN,0.99834776,0.9983474,2,3936,199
ERQESCYAQREIPEETHWTQKWCNKDKRNNRTLQGECCPRLSDPQVDRYVPEGPDLHPDIFKDYDN,0.99832445,0.9983241,2,3936,199
ERQESCYAQREIPEETHWTQKWCNKDKRNNRTLTTECCPRLSDPQVDRYVPEGEDLQPDIFKDYDN,0.9983242,0.9983242,2,3936,199
ERQESCYAPREIPEETHWTQKWCNKDKRNNRTLQGECCPRLSRPQVDRYVPEGPDLQPDIFKDYDN,0.9983026,0.9983026,2,3936,199
ERQESCRAQREYPEETHYQQKWCRKDKRNNRTLPGEGVPRLSDPQVDRYWPENPDLQPDIFKDYDN,0.99829,0.99828964,2,3936,199
ERQESCYAQREIPEETHWTQKWCNKDKRNNRTLQGECCPRLSDQQVDRYVPEGPDLQPDIFKDYDN,0.9982486,0.9982486,2,3936,199
ERQESCRAQRNYPEETHYQQKWCRKDKRNNRTLPGEGVPRLSDPQVDRYWPENPDLQPDAFKDYDN,0.99824834,0.99824834,2,3936,199
EEQESCYAQTDIPENHEWTQKWCRKDKRNNRTLPGEPDPDFGNPQVDRPVPEGPDLQPDIFKDYDN,0.99822587,0.9982255,2,3936,199
EEQESCYAQTDIPEEHEWTQKWCRKDKRNNRTLPGEPDPDFGNPQVDRPVPEGPDLHPDIFKDYDN,0.998198,0.998198,2,3936,199
ERQESCYAQREIYEETHWTQKWCNKDKRNNRTLQGECCPRLSDPQVDRYVPEGPDLQPDIFKDYDN,0.998192,0.99819165,2,3936,199
ERQESCYAQREIPEETHWTQKWCNKDKRNNRTLQGECCPRLMDPQVDRWVPEGPDLQPDIFKDYDN,0.9981686,0.9981686,2,3936,199
ERQESCRVQREIPEETHITQKWCRKDKRNNRTLPGEGTPRLSDPNVDRYVPENPDLQPDIFKDYDN,0.9981628,0.99816245,2,3936,199
ERQESCYAQREIPEETKWTQKWCNKDKGNNRTLQGECCPRLSDPQVDRYVPEGPDLQPDIFKDYDM,0.9981547,0.9981547,2,3936,199
ERQESCYAQREIPEETHWTQKWCNKDKRNNRTLQGECCPRLSDMQVDRWVPEGPDLQPDIFKDYDN,0.99814427,0.9981439,2,3936,199
ERQESCYAQREILEETHWTQKWCNKDKRNNRTLQGECCPRLSDPQVDRYVPEGPDLQPDIFKDYDN,0.99814105,0.9981407,2,3936,199
ERQESCYAQREFLEETHWTQKWCNKDKRNNRTLQGECCPRLSDPQVDRYVPEGPDLQPDIFKDYDN,0.9980903,0.9980903,2,3936,199
ERQESCRVQREIPEETHITQKWCRKDKRNNNTLPGEGTPRLSDPNVDRYVPENPDLQPDIFKDYDN,0.9980604,0.9980604,2,3936,199
ERQESCYAQREIPEETHWTQKWCNKDKGNNRTLQGECCPRLSDPQVDRYVPEGPDLQPDIFKDYDN,0.99805886,0.9980584,2,3936,199
ERQESCYAPREIQEETHWTQKWCNKDKRNNRTLQGECCPRLSRPQVDRYVPEGPDLQPDIFKPYDN,0.99804014,0.99804014,2,3936,199
EEQESCYAQTDIPEELEWTQKWCRKDKRNNRTLPGEPDPRFGNPQVDRYVPEGPDLQPDIFKRYDN,0.9980323,0.9980319,2,3936,199
ERQESCYAQREIPEETHWTQKWCNKDKRNNRTLQGECCPRLSDPQVDEYVPEGPDLQPDIFKDYDW,0.9980276,0.99802727,2,3936,199
ERQESCRAQREYPEETHYQQKWCRKDKRNNRTLPGEGVPRLSDPQVDRYWPEGPDLQPDIFKDYDN,0.9980276,0.99802715,2,3936,199
ERQESCYAQREIPEETHWTQKWCNDDKRNNRTLQGECCPRLSDPQVDRYVPEGPDWQPDIFKDYDN,0.99802375,0.9980234,2,3936,199
ERQESCRAQSEIPEETKITQKWCRKDKRNNRTLPGEGVPRLSDPRVDRYVPEGPDLQPDIFKDYDN,0.99801046,0.9980101,2,3936,199
ERQESCRAQREYPEETHIQEKWCRKDKRNNRTLPGEGVPRLSDPQVDRYVPEGPDLQPDIYKDYDN,0.9980083,0.9980083,2,3936,199
EEQESCYAQTDIPEEHEWTQKWCRKDKRNNRTLPGEPDPDFSNPQVDRPWPEGPDLDPDIFSDYDN,0.99800724,0.99800676,2,3936,199
ERQESCYAQREIPEETHWTQKWCNKDKRYNRTLQGECCPRLSDPQVDRYVPEGPDLQPDIFKDYDN,0.9980058,0.9980058,2,3936,199
EEQESCYAQTDIPEELEWTQKWCRKDKRNNRTLPGEPDPDFGNPQVDRYVPEGPDLQPDIFKDYQN,0.998004,0.99800354,2,3936,199
EEQESCYAQTDIPEELEWTHKWCRKDKRNNRTLPGEPDPDFNNPQVDRYVPEGPDLQPDIFKDYQN,0.99799687,0.9979965,2,3936,199
EEQESCYAQTDIPEELEWTQKWCRKDKRNNRTLPGEPDPDFGNPQVDRYVPEGPDLQPDIFKDYDN,0.99799275,0.9979924,2,3936,199
ERQESCYAQREIPEETHWTQKWCRKRKRNNRTPPGECVPRLSNPQVDRYYPEGPDLQPDIFKDYDN,0.9979874,0.9979869,2,3936,199
EEQESCYAQTDIPEELEWTQKWCRKDKRNNRTLPGEPDPRFGNPQVDRYVPEGPDLQPDIFKDYDN,0.99798656,0.9979862,2,3936,199
ERQESCRAQREYPEETHIQQKWCRKDKRNNRTLPGEGVPRLSDPQVDRYVPEGPDLQPDIYKDYDN,0.9979777,0.9979772,2,3936,199
ERQESCYAQREIPEETHWTQKICNKDKRNNRTLQGECCPRLSDPQVDRYVPEGPDLQPDIFKDYDN,0.9979673,0.9979673,2,3936,199
EEQESCYAQTQIPEEHEWTQKWCRKDKRNNRTLPGEPDPDFGNPQVDRPVPEGPDLDPDIFSDYDN,0.9979583,0.99795794,2,3936,199
ERQESCYAQREIPEETHWTQKWCNKDKRNNRTLQGECCPRLSDMQVDRWVPEGPDLQPDIIKDYDN,0.99795544,0.99795544,2,3936,199
ERQESCYAQREILEETHWTQKWCNKDKRNNRTLQGECCPRLSDPQVDRYVPEGPDLQPDILKDYDN,0.9979481,0.9979481,2,3936,199
EEQESCYAQTDIPEEHEWTQKWCRKDKRNNRTLPGEPDPDFSNPQVDRPWPEGPDLDPDIFDDYDN,0.99792886,0.9979284,2,3936,199
ERQESCRAQREYPEETHIQQKWCRKDKRNNRTLPGEGVPRLSDPQVDRYWPEGPDLQPDIFKDYDN,0.9979243,0.997924,2,3936,199
ERQESCYAQREIPEETHWTQKWCRKRKRNNRTPPGECVPRLSNPQVDRYYPEGPDLQNDIFKDYDN,0.9978988,0.99789834,2,3936,199
ERQESCRAQREIPEETHITQKWCRKDKRNNRTLPGEGVPRLSDPRVDRYVPEGPDLQPDIFKDYDN,0.9978981,0.99789774,2,3936,199
ERQESCYAQREIPEETHWTQKWCNTDKGNNRTLQGECCPRLSDPQVDRYVPEGPDLQPDIFKDYDN,0.99789774,0.99789774,2,3936,199
ERQESCRAQREYPEETHYQQKWCRKDKRNNRTLPGEGVPRLSDPQVDRYWPEGPDLQHDIFKDYDN,0.9978867,0.9978867,2,3936,199
ERQESCRAQREYPEETHIQQKWCRKDKRNNRTLPGEGVPDLSDPQVDRYVPEGPDLQPDIFKDYDN,0.997886,0.9978855,2,3936,199
ERQESCRAQREYPEETHIQQKWCRKDKRNNRTLPGEGVPRLSDPQVDRYVPEGPDLQPDIFKDYDN,0.9978781,0.9978776,2,3936,199
ERQESCYAQREIPEETHWTQKWCNKDKGNNRTLQFECCPRLSDPQVDRYVPEGPDLQPDIFKDYDN,0.997863,0.997863,2,3936,199
ERQESCYAQREIPEETHWTQKWCNKDKRNNRTLQGECCPRLSDPQVDEYVPEGPDLTPDIFKDYDW,0.9978371,0.9978371,2,3936,199
ERQEKCYAQREIPEETHWTQKWCNKDPRNNRTLQGECCPRLSDPQVDRWVPEGPDLQPDIFKDYDN,0.99783343,0.99783343,2,3936,199
ERQESCYAQREIPEETHWTQYWCNKDKRNNRTLQTECCPQLSDPQVDRYVPEGEDLQPDIFKDYDN,0.9978275,0.9978271,2,3936,199
EEQESCYGQTDIPEELEWTQKWCRKDKRNNRTLPGEPDPRFGNPQVDRYVPEGPDLQPDIFKDYDN,0.9978219,0.99782145,2,3936,199
ERQESCYAQREIPEETHWTQKWCRKRKRNNRTPPGECVPRLSNPSVDRYYPEGPDLQPDIFKDYDN,0.99781644,0.9978161,2,3936,199
EEQESCYAQTQIPEEHSWTQKWCRKDKRNNRTLPGEPDPDFGNPQVDRPVPEGPDLDPDIFSDYDN,0.9978083,0.9978083,2,3936,199
ERQESCSAQREVPQETHITQKWCRKDKRNNRTLPGEGVPRLSDPQVDRQVPEGPDLQPDIFKDYDN,0.997806,0.99780554,2,3936,199
EEQESCYAQTDIPEELEWTQKWCRKDKRNNRTLPGEPDPDFGNPQVDRYVPEGPDLQPDIFKDYDD,0.99780077,0.9978003,2,3936,199
EEQESCYAQTDIPEEHEWTQKWCRKDKRNNRTLPGEPDPDFGNPQVDRPVPEGPDLDPDIFSDYDN,0.99779606,0.9977956,2,3936,199
ERQESCYAQREIPEETHWTQKWCNKDKRNNRTLQGECCPRLSRPQVDRYVPEGPDLQPDIFKDYDC,0.99777716,0.99777716,2,3936,199
ERQESCYAPREIPMETHWTQKWCNKDKRNNRTLQKECCPRLSRPQVDRYVPEGPDLQPDIFKDYDN,0.997769,0.997769,2,3936,199
ERQESCRAQREYPEETHIQEKWCRKDKRNNRTLPGEGVPRLSDPQVDRYVYEGPDLQPDIYKDYDN,0.9977679,0.9977679,2,3936,199
ERQESCRAQREIPEETHITQKWCRKDKRNNRTLPGEGVPRLSDPNVDRYVPEGPDLQPDIFKDYDN,0.99776673,0.9977664,2,3936,199
ERQESCRAQREIPEETHITQKWCRKDKRNNRTHPGEGFPRLSDPQVDRMVPEGPDLQPDIFKDYDN,0.9977658,0.9977654,2,3936,199
EEQESCYAQTDIPEEHEWTQKWCRKDKRNNRTLPGEPDPDFGNPQVDRPVPEGPDLQPDIFSDYDN,0.9977647,0.9977642,2,3936,199
ERQESCRAQREIPEETHITQKWCRKDKRNNRTLPGEGVPRLSDPQVDRYVPEGPDLQPDIFKDYDN,0.99776304,0.99776256,2,3936,199
ERQESCYAQREIKEETHWTWKWCNKDKRNNRTLQGECCPRLSRPQVDRYVPEGPDLQPDIFKDYDN,0.9977622,0.9977617,2,3936,199
ERQESCRAQREVPEETHITQKWCRKDKRNNRTLPNEGVPRLSDPQVDRMVPEGPDLQPDIFKDYDN,0.997761,0.99776053,2,3936,199
ERQKSCYAQREIPEETHWTQKWCNKDKRNNRTLQGECCPRLSDPQVDRYVPEGPDLQPDIFKDYDN,0.9977549,0.9977545,2,3936,199
EEQESCYAQTDIPEEHEWTQKWCRKDKRWNRTLPGEPDPDFSNPQVDRKWPEGPDLDPDIFSDYDN,0.99774444,0.9977441,2,3936,199
ERQESCRVQREIPEETHITQHWCRKDKRNNRTLPGEGTPRLSDPNVDRYVPENPDLQPDIFKDYDN,0.9977422,0.9977422,2,3936,199
EEQESCYGQTDIPEELEWTQKWCRKDKRNNRTLPGEPDPRFGDPQVDRYVPEGPDLQPDIFKDYDN,0.9977411,0.9977406,2,3936,199
EMQESCYAQREILEETHWTQKWCNKDKRNNRTLQGECCPRLSDPQVDRYVPEGPDLQPDIFKDYDN,0.9977373,0.9977368,2,3936,199
ERQESCRAQREIPEETHITQKWCRKDKRNNRTLPGEGVPRLSDPNVDRYVPEGPDLRPDIFKDYDN,0.9977348,0.9977343,2,3936,199
ERQESCPAQREIPEETHWTQKWCNDDKRNNRTLQEECCPRLSDPQVDRYVPEGPDWQPDIFKDYDN,0.9977303,0.9977303,2,3936,199
ERQWSCYAQREIPEETHWTQKWCNKDKRNNRTLQGECCPRLSDPQVDRWVPEDPDLQPDIFKDYDN,0.99772984,0.99772936,2,3936,199
ERQESCYAQREIPEETHWTQKWCNKDKRNNRTLQGECCPFLSDPQVDRYVPEGPDLQPDIFKDYDN,0.99772936,0.99772936,2,3936,199
ERQESCRAQREYPEETHYQQKWCRKDKRNNRTLPGEGVPRLSDPQQDRYWPEGPDLQPDIFKDYDN,0.99771833,0.99771833,2,3936,199
ERQESCRAHREYPEETHIQQKWCRKDKRNNRTLPGEGVPRLSDPQVDRYVPEGPDLQPDIYKDYDN,0.99770904,0.99770904,2,3936,199
ERQESCRAQREIPEETHITQKWCRKDKRNNETHPGEGFPRLSDPQVDRMVPEGPDLQPDIFKDYDN,0.9976908,0.9976903,2,3936,199
ERQESCRAQRYYPEETHYQQKWCRKDKRNNRTLPGEGVPRLSDPQVDRYWPEGPDLQPDIFKDYDN,0.99768436,0.9976839,2,3936,199
ERQESCRAQREIPEETHITQKWCRKDKRNNRTLPGEGVPRLSDPQVDRMVPEGPDLQPDIFKDYDN,0.9976736,0.9976732,2,3936,199
ERQESCYAQREIPEETHWTQKWCNKDKRNNRTMQTVCCPRLSDPQVDRYVPEGEDLQPDIFKDYDN,0.99765116,0.99765116,2,3936,199
ERQESCRAQREFPEETHITQKWCRKDKRNNRTLPGEGVPRLSDPNVDRYVPEGPDLQPDIFKDYDN,0.9976495,0.997649,2,3936,199
EEQESCYAQTDIPEEHEWTQKWCRKDKRNNRTLCCEPDPDFGNPQVDRPVPEGPDLQPDIFKDYDN,0.99762386,0.99762386,2,3936,199
ERQESCYAQREIPEETHWTQKWCNKDKRNNRTLQGECCPRLSDGQVDRYVPEGPDLQPDISKDYDN,0.997623,0.997623,2,3936,199
ERQESCRAQSEIPEETKITQKWCRKDKRNNRTLPGEGVPRLSDLRVDRYVPEGPDLQPDIFKDYDN,0.9976192,0.9976192,2,3936,199
ERQKSCYAQREIPEETHWTQKWCNKDKRNNRTLQGECCHRLSDPQVDRYVPEGPDLQPDIFKDYDN,0.99761283,0.99761236,2,3936,199
ERQESCRAQREIPEETHITQKWCRKDKRNNRTLPGEGVPRWSDPQVDRYVPEGPDLQPDIFKDYDN,0.9976115,0.99761105,2,3936,199
ERQESCRAQREYPEETHITQKWCRKDKRNNRTLPGEGVPRLSDPQVDRYVPEGPDLQPDIFKDYDN,0.99760395,0.9976035,2,3936,199
ERQESCRAQREIPEETHITQKWCRKDKRNNRTHPGEGVPRLSDPQVDRMVPEGPDLQPDIFKDYDN,0.9976024,0.9976019,2,3936,199
ERQESCYAQREIPEETHWTQKWCRKDKRNNRTLPGECVNRLSDPQVDRYVPEGPDLQPDYFKDYDN,0.99759656,0.9975961,2,3936,199
ERQESCYAQREILEETHWTQKWCNKDKRNNRTLQGECCPRLSDPQVDRYTPEGPDLQPDIFKDYDN,0.9975931,0.9975926,2,3936,199
EEQESCYAQTDIPEELEWTQKWCSKDKRNNRTLPGEPDPRFGNPQVDRYVKEGPDLQPDIFKDHDN,0.99759275,0.9975923,2,3936,199
EEEENCQAQSDIPEEARWRQKWCNKDKRKNKTLPHEPCPDFDNKQVDRYVPEGPDLQPDWFKDYDK,0.9996123,0.9996123,3,5900,298
EEEENCQAQSDIPEEARWRQKWCNKKKRNNKTLPHEPCPDFDNKQVDRYVPEGPDLQPDWFKDYDK,0.9995635,0.9995635,3,5900,298
EEEEQCTAQTNIPEEAEWRQKWCNKDKRNNKTLTGEPCPEFGEKKYDRQVPEGPDLQPDWFKDWNK,0.99955565,0.99955565,3,5900,298
EEEENCQAQSDIPEEARWRQKWCNKKKRNDKTLPHEPCPDFDNKQVDRYVPEGPDLQPDWFKDYDK,0.9995554,0.9995554,3,5900,298
EEEENCQAQSDIPEEARWRQKWCNKKKRNDKTLPHEPCPDFDNKQVDRYVPEGDDLQPDWFKDYDK,0.9995376,0.9995376,3,5900,298
EEEENCQAQSDIPEEARWRQKWCNKDKRNNKTLPHEPCPDFDNKQVDRYVPEGPDLQPDWFKDYDK,0.99952567,0.99952555,3,5900,298
EEEENCQAQSKLPEEARWRQKWCNNDKRNNKTLPQEPCPDFDNKQVDRTVPEGPDLQPRIFKDYDK,0.9995227,0.9995227,3,5900,298
EEEENCNAQRPIPEEAEWRKKWCNKTKRNNKTLPTKPCRDPGNKQVDRYVPEGPDLQPDIFKDYDK,0.9995177,0.9995177,3,5900,298
ERQESCRAQKEIPEETRWEQKWCNKDKRNNRTLQYECCPNLSDPQVDRRVPERKDLQPDAFKDYDN,0.99951017,0.99951017,3,5900,298
ERQESCRAQKEWPEETRWEQEWCNKDKRNNRTCTYECCPNLSDPQVDRRVPERKDLQPDAFKTYDN,0.9995067,0.9995067,3,5900,298
EEEENCQAQSKIPEEARWRQKWCNNDKRNNKTLPQEPCPDFDNKQVDRTVPEGPDLQPRIFKDYDK,0.999503,0.999503,3,5900,298
ERQEQCRAQKEWPEETRWEQEWCNKDKRNNRTCTYECCPNLSDPQVDRRVPERKDLQPDAFKTYDN,0.99949205,0.99949205,3,5900,298
EEEENCNAQTDIPEEAEWRKKWCNKDKRNNKTLPHEPCPDFGNKQVDRYVPEGPDLQPDIFKDYDK,0.9994861,0.9994861,3,5900,298
ERQEQCRAQKEWPEETRWEQEWCNKDKRNNRTCTYECCPNPSDPQVDRRVPERKDLQPDAFKTYDN,0.99948525,0.99948525,3,5900,298
EEEENCNAQRPIPEEAEWRKKWCNKTKRNNKTLPTKPCRDFGNKQVDRYVPEGPDLQPDIFKDYDK,0.99947804,0.99947804,3,5900,298
EEEENCNAQTDIPEEAEWRKKWCNKDKRNNKTLPGEPCPDFGNKQVDRYVPEGPDLQPDYFKDYDK,0.9994772,0.9994772,3,5900,298
EEEENCKAQTDIPEEAEWRQKWCNKDKRNNKTLPQEDCPDFGNKQVDRYVPQGPDLQPDIFKDYDK,0.999474,0.999474,3,5900,298
EEEENCKAQTDIPEEAEWRQKWCNKDKRNNKTLPQEDCPDFGNKQVDRYVPEGPDLQPDIFKDYDK,0.99947375,0.99947375,3,5900,298
EEEEQCTAETNIPEEAEWRQKWCNKDKRNNKTLTGEPCPEFGEKKVDRQVPEGPDFQPDIFKDWNK,0.9994717,0.9994717,3,5900,298
EEEENCQAQSDIPEEARWRQKWCNKDKRQNKTLPQEPCPDFDNKQVDRYVPEGPDLQPDIFKDYDK,0.9994704,0.9994704,3,5900,298
EEEENCQAQSDIPQEARWRQKWCNKDKRKNKELPHEPCPDFDNKQVDRYVPEGPDLQPDWFKDYDK,0.9994696,0.9994696,3,5900,298
EEEEQCTAQTNIPEEAEWRQKWCNKDKRNNKTLTGEPCPEFGEKKYDRQVPEGPDLQPDIFKDWNK,0.999469,0.999469,3,5900,298
EEEENCNAQTDIPEEAEWRKKWCNKDKRNNKTLPTEPCPDFGNKQVDRYVPEGPDLQPDIFKDYDK,0.9994677,0.9994677,3,5900,298
EEEENCQAQSDIPEEARWRQKWCNKDKRNNKTLPHEPCPDFDNKQVDRYVAEGPDLQPDWFKDYDK,0.9994634,0.9994634,3,5900,298
EEEEQCTAQTNIPEEAEWRQKWCNKDKRNNKTLTGEPCPEFGEKKVDRQVPEGPDFQPDIFKDWNK,0.99946326,0.99946326,3,5900,298
EEEEQCTAQTNIPEEAEWRQKWCNKDKRNNKTLTGEPCPEFGEKKVDRQVPEGPDLQPDIFKDWNK,0.9994615,0.9994615,3,5900,298
EEEENCQAQSDIPEEARWRQKWCNKDKRQNKTLPQEPCPDFDNKQVDRYVPEGPDLQPDIFKDYQK,0.99945956,0.99945956,3,5900,298
EEEENCQAQSDIPEEARWRQKWCNKDKRNNKTLPQEPCPDFDNKQVDRYVPEGPDLQPDIFKDYDK,0.99945766,0.99945766,3,5900,298
EEEENCKAQTDIPEEAEWRQKWCNKDKRNNKTLPQEPCPDFGNKQVDRYVPEGPDLQPDIFKDYDK,0.99945563,0.99945563,3,5900,298
ERQEQCRAQKEWPEETRWEQEWCNKDKRNNRTCTYQCCPNPSDPQVDRRVPERKDLQPDAFKTYDN,0.9994553,0.9994553,3,5900,298
EEEEQCQAQTNIPEEAEWRQKWCNKDKRNNKTLTGEPCPEFGEKKVDRQVPEGPDLQPDIFKDWNK,0.99945396,0.99945396,3,5900,298
EEEEQCTAQTNIPEEAECRQKWCNKDKRNNKTLTGEPCPEFGEKKVDRQVPEGPDFQPDIFKDWNK,0.9994522,0.9994522,3,5900,298
EEEENCNAQRPIPEEAEWRKKWCNKTKRNNKTLPGEPCPDFGNKQVDRYVPEGPDLQPDIFKDYDK,0.99945086,0.99945086,3,5900,298
ERQESCRAQREIPEETRWEQKWCNKDKRNNRTCQYECCPRLSDPQVDRRVPERKDLQPDAFKTYDN,0.99944645,0.99944645,3,5900,298
EEEENCKAQTDIPEEAEWREKWCNKDKRNNKTLPQEDCPDFGNKQVDRYVPQGPDLQPDIFKDYDK,0.99943906,0.99943906,3,5900,298
ERQESCRAQREIPEETRWEQKWCNKDKKNNRTCQYECCSRLSDPQVDRRVPERKDLQPDAFKTYDN,0.9994375,0.9994375,3,5900,298
EEEENCNAQTDIPEEAEWRKKWCNKDKRNNKTLPTEHCPDFGNKQVDRYVPEGPDLQPDIFKDYDK,0.9994373,0.9994373,3,5900,298
EEEENCNAQTGIPEEAEWRKKWCNKDKRNNKTLPTEPCPDFGNKQVDRYVPEGPDLQPDIFKDYDK,0.9994336,0.9994336,3,5900,298
EEEENCNAQRPIPEEAEWRKKWCNKTKRNNKTLPGKPCRDFGNKQVDRYVPEGPDLQPDIFKDYDK,0.9994318,0.9994318,3,5900,298
EEEENCNTQTDIPEEREWRKKWCNKNKRNNKTLPGEPCPDFGNKQVDRYVHEGPDLQPDIFKDYDK,0.99942434,0.99942434,3,5900,298
ERQESCRAQKEWPEETRWEQEWCNKDKRNNRTLTYECCPNLSDPQVDRRVPERKDLQPDAFKTYDN,0.9994242,0.9994242,3,5900,298
EEEENCNAQTDIPEEAEWRKKWCNKDKRNNKTLPGEPCPDFGNKQVDRYVPEGPDLQPDIFKDYDK,0.9994241,0.999424,3,5900,298
EEEEQCTAQTNIPEEAEWRQKWCNKDKRNNKTLTGEPCPEFGEKKVDRQVPSGPDFQPDIFKDWNK,0.9994241,0.9994241,3,5900,298
ERQESCRAQREIPEETRWEQKWCNKDKRNNRTCQYECCSRLSDPQVDRRVPERKDLQPDAFKTYDN,0.999423,0.999423,3,5900,298
ERQESCRAQKEIPEETRWEQKWCNKDKRNNRTLQYECCPNLSDPTVDRRVPERKDLQPDAFKDYDN,0.9994198,0.9994198,3,5900,298
EEEENCNTQTDIPEEREWRKKWCNKDKRNNKTLPGEPCPDFGNKQVDRYVPEGPDLQPDIFKDYDK,0.9994192,0.9994192,3,5900,298
ERQESCDAQREIPEETRWEQKWCNKDKRNKRKLQVECCPRLSDPEVDRRVPEPRDLQPDIFKTYDN,0.99941254,0.99941254,3,5900,298
EEEENCNAQTGIPEEAEWRKKWCNKDKRNNKTLPTEPCPDFGNKQVDRYVPEGPDVQPDIFKDYDK,0.9994097,0.9994097,3,5900,298
EEEEQCNAQRPIPEEAEWRKKWCNKTKRNNKTLPTKPCRDFGNKQVDRYVPEGPDLQPDIFKDYDK,0.9994092,0.9994092,3,5900,298
EEEENCNAQRPIPEEAEWRKKWCNKNKRNNKTLPGEPCPDFGNKYVDRYVPEGPDLQPDIFKDYDK,0.99940777,0.99940777,3,5900,298
EEEENCNTQTEIPEEAEWRKKWCNKDKRENKTLPGEPCPDFGNKQCDRYVPEGPDLQPDIFKDYDK,0.9994073,0.9994073,3,5900,298
EEEENCNTQTDIPEEAEWRKKWCNKDKRENKTLPGEPCPDFGNKQCDRYVPEGPDLQPDIFKDYDK,0.9994066,0.9994066,3,5900,298
ERQESCRAQKEIPEETRWEQKWCNKDKRNNRTLQYECCPNLSDPQVDRRVPERKDLQPDAFKTYDN,0.99940395,0.99940395,3,5900,298
EEEDNCQAQSKIPEEARWRQKDCNNDKRNNKTLPQEPCPDFDNKQVDRTVPEGPDLQPRIFKDYDK,0.9994037,0.9994037,3,5900,298
EEEENCNTQTDIPEEAEWRKKWCNKDKRNNKTLPGEPCPDFGNKQVDRYVPEGPDLQPDIFKDYDK,0.99940217,0.99940217,3,5900,298
EEEENCNAQRPIPEEAEGRKKWCNKTKRNNKTLPTKPCRDPGNKQVDRYVPEGPDLQPDIFKDYDK,0.9994005,0.9994005,3,5900,298
EEEENCNTQTDIPEEREWRKKWCNKDKRNNKTLPGEPCPDFGNKQVDRYVHEGPDLQPDIFKDYDK,0.9994004,0.9994004,3,5900,298
EEEENCQAQSDIPEEAEWRQKWCNKDKRNNKTLPQEPCPDFGNKQVDRYVPEGPDLQPDIFKDYDK,0.9994,0.9994,3,5900,298
ERQESCRAQKEIPEETRWEQKWCNKDKRNNRTLQYECCPNLSDPQVDRRVPERKDLQPTAFKDYDN,0.99939764,0.99939764,3,5900,298
EEEENCQAQSDIPEEARWRQKWCNKDKRNNKTLGQEPCPDFDNKQVDRYVPEGPDLQPDIFKDYDK,0.9993918,0.9993918,3,5900,298
EEEENCNPQTDIPEEREWRKKWCNKDKRNNKTLPGEPCPDFGNKQVDRYVHEGPDLQPDIFKDYDK,0.9993907,0.9993907,3,5900,298
EEEENCQAQSDIPEEARWRQKWCNKDKRNNKTLTQEPCPDFDNKQVDRYVPEGPDLQPDIFKDYDK,0.99939036,0.99939036,3,5900,298
EEEENCQLQSDIPEEARWRQKWCNKDKRNNKTLPQEPCPDFDNKQVDRYVPEGPDLQPDIFKDYDK,0.99939,0.99939,3,5900,298
EEEENCQAQSDIPEEARWRAKWCNKDKRNNKTLPHEPCPDFDNKQVDRYVPEGPDLQPDWFKDYDK,0.99938977,0.99938977,3,5900,298
ERQESCRAQKEWPEETRWEQEWCNTDKRNNRTCTYECCPNLSDPQVDRRVPERKDLQPDAFKTYDN,0.99938905,0.99938905,3,5900,298
ERQESCDAQREIPEEDRWEQKWCNKDKRNKRKLQVECCPRLSDPEVDRRVPEPKDLQPDIFKTYDN,0.99938846,0.99938846,3,5900,298
ERQESCDAQREIPEETRWEQKWCNKDKRNKRKLQVECCPRLSDPEVDRRVPEPKDLQPDIFKTYDN,0.99938846,0.99938846,3,5900,298
ERQESCRAQKEIPEETRWEQKWCNKDKRNNRTLQGECCPNLSDPQVDRRVPERKDLQPDAFKTYDN,0.9993864,0.9993864,3,5900,298
ERQESCDTQREIPEETRWESKWCNKDKRNNRTFQYECCPRLSDPQVDRRVPEPKDLQPDIFKTYDN,0.9993824,0.9993824,3,5900,298
EEEENCNTQTDIPEEAEWRKKWCNKDKRNNKTLPGEPCPDFGNKQVDRYVPEGPDLRPDIFKDYDK,0.9993814,0.9993814,3,5900,298
EEEENCQAQTDIPEEAKWRQKWCNKDKRNNKTLPQKPCPDFGNKQVDRYVPEGPDLQPDIFKDYDK,0.9993801,0.9993801,3,5900,298
ERQESCDAQREIPEETRWEQKWCNKDKRNNRTLQYECCPRLSDPQVDRRVPEPKDLQPDIFKTYDN,0.9993801,0.9993801,3,5900,298
EEEENCNTQTDIPEEAEWRKKWCNKDKRNNKTLPGEPCPDFGNKQCDRYVPEGPDLQPDIFKDYDK,0.99937856,0.99937856,3,5900,298
EEEENCNAQTDIPEEAEWRKKWCNKDKRNNKTLPGEPCPDFGNKQVRRYVPEGPDLQPDIFKDYDK,0.99937844,0.99937844,3,5900,298
EEEENCNAQTDIPQEAEWRKKWCNKDKRNNKTLPTEHCPDFGNKQVDRYVPEGPDLQPDIFKDYDK,0.99937844,0.99937844,3,5900,298
ERQESCRAQREIPEETRWEQKWCNKDKRNNRTLQYECCPRLSDPQVDRRVPERKDLQPDAFKTYDN,0.99937624,0.999376,3,5900,298
EEEENCNAQTGIPEEAEWRKKWCNKDKRNNKTLPTEPCPDVGNKQVDRYVPEGPDLQPDIFKDYDK,0.99937576,0.99937576,3,5900,298
ERQESCRAQREIPEETRWEQKWCNKDKKNNRTCQYECCSTLSDPQVDRRVPERKDLQPDAFKTYDN,0.99937385,0.99937385,3,5900,298
EEEENCQAQTDIPEEAEWRQKWCNKDKRNNKTLPQKPCPDFGNKQVDRYVPEGPDLQPDIFKDYDK,0.9993736,0.9993736,3,5900,298
EEEENCNAQTGIPEEAEWRKKWCNKDKRNNKTLPTEPCRDFGNKQVDRYVPEGPDVQPDIFKDYDK,0.99937326,0.99937326,3,5900,298
EEEENCNTQTDIPPEAEWRKKWCNKDKRNNKTLPGEPCPDFGNKQVDRYVPEGPDLQPDIFKDYDK,0.9993723,0.9993722,3,5900,298
ERQESCDAQREIPEETRWESKWCNKDKRNNRTFQYECCPRLSDPQVDRRVPEPKDLQPDIFKTYDN,0.9993717,0.9993717,3,5900,298
EEEENCAAQSDIPEEARWRQKWCNKKKRNDKTLPHEPCPDFDNKQVDRYVPEGPDLQPDWFKDYDK,0.99937147,0.99937147,3,5900,298
EEEENCNAQTPIPEEAEWRKKWCNKTKRNNKTLPGEPCPDFGNKQVDRYVPEGPDLQPDIFKDYDK,0.9993678,0.99936765,3,5900,298
EEEENCQAQTDIPEEAEWRQKWCNKDKRNNKTGPQEPCPDFRNKQVDRYVPEGPDLQPDIFKDYDK,0.99936265,0.99936265,3,5900,298
ERQESCDMQREIPEETRWEQKWCNKDKRNKRKLQVECCPRLSDPEVDRRVPEPRDLQPDIFKTYDN,0.9993625,0.9993625,3,5900,298
EEEENCNAQRPIPEEAEWRKKWCNKTKRNNKTLPGEPCPDFGNKQVDRYVPEGPDLQPPIFKDYDK,0.9993612,0.9993612,3,5900,298
EEEENCQAQSDIPEEAYWRQKWCNKKKRNNKGLPHEPCPDFDNKQVDRYVPEGPDLQPDWFKDYDK,0.9993606,0.9993606,3,5900,298
ERQESCDAQREIPEETRWEQKWCNKDKRNNRTLQYECCPRLSDPQVDRRVPEPNDLQPDIFKTYDN,0.9993599,0.9993599,3,5900,298
EEEENCQAQTDIPEEAEWRQKWCNKDKRNNKTLPQEPCPDFGNKQVDRYVPEGPDLQPDIFKDYDK,0.99935716,0.99935716,3,5900,298
ERQESCDAQREIPEETRWEQKWCNKDKRNNETLQYECCPRLSDPQVDRRVPEPKDLQPDIFKTYDN,0.99935716,0.99935716,3,5900,298
ERQESCRAQKEIPEETRWEQKWCNKDKRNNRTLQYECCPNLSDPQVRRRVPERKDLQPDAWKTYDN,0.9993568,0.9993568,3,5900,298
EEEENCNAQRPIPEEAEWRKKWCNKTKRNNKTLPGKPCRDFGNKQVDRYVPEGPDMQPDIFKDYDP,0.99935585,0.99935585,3,5900,298
ERRESCDPQREIPEETRWEQKWCNKDKRNNRTHQYECCPRLSDPQVDRRVPEPWDLQPDIFKHYDN,0.99935585,0.99935573,3,5900,298
ERQESCRAQKEWPEETRWEQEWCNKDKRNNRTLTYECCPNLSDPQVDRRVPERKDLQPDAFKTYHN,0.9993555,0.9993555,3,5900,298
EEEENCNPQTDIPEEREWRKKWCNKDKRNNKQLPGEPCPDFGNKQVDRYVHEGPDLQPDIFKDYDK,0.9993543,0.9993543,3,5900,298
EEEENCNTQTDIPEEAEWRKKWCNKDKRENNTLPGEPCPDFGNKQCDRYVPEGPDLQPDIFKDYEK,0.9993524,0.9993524,3,5900,298
ERQESCRAQKEWPEETRWEQKWCNKDKRNNRTLQYECCPNLSDPQVDRRVPERKDLQPDAFKTYDN,0.99935204,0.99935204,3,5900,298
EEEENCNTQTTIPPEAEWRKKWCNKDKRNNKTLPGEPCPDFGNKQVDRYVPEGPDLQPDIFKDYDK,0.9993512,0.9993512,3,5900,298
EEEEQCPWQTNMPNEAEWRQKWCNKDKRNNKTCTPEPCPEFEEKKVDDQHPEPPDLQPDYFKDWNK,0.9997923,0.9997923,4,7863,397
EEEEDCAAQKDIPEETNWRQKWCNKKKRNNKTYPKEDCPDFDEKQVDRRVPEGPDIPPDWWKDYDK,0.99977857,0.99977857,4,7863,397
EEEEQCPWQTNMNKEAEWRQKNCNKDKRNNKTLTGEPCPEYEEKKVDDQHPENPDFQPDYFKDWDK,0.9997718,0.9997718,4,7863,397
EEEEQCPWQTNMPNEAEWRQKWCNKDKRNNKTCTGEPCPEFEEKKVDDQHPEPPDLQPDYFKDWNK,0.9997652,0.9997652,4,7863,397
EEEEQCPWQTNIPEEAEWRQKWCNKKKRNNKTYTKEPCPEFEEKKLDDQHPEEPDLQPDIFKDWNK,0.99976355,0.99976355,4,7863,397
EEEEDCAAQKDIPEETNWRQKWCNKKKRNNKTYPKEDCPDFDNKQVDRRVPEGPDIPPDWWKDYDK,0.99976176,0.99976176,4,7863,397
EEEEDCYAQKDIPEETNWRQKWCNKKKRNNKTYPHEDCPDFDNKEVDRWVPEGPDLPPDWFKDYEK,0.9997609,0.9997609,4,7863,397
EEEEDCAPQKDIPEETNWRQKWCNKKKRNNKTYPKEDCPDFDNKQVDRRVPEGPDIPPDWFKDYDK,0.9997602,0.9997602,4,7863,397
EEEDDCAAQKDIPEETNWRQKWCNKKKRNNKTYPKEDCPDFDNKQVDRRVPEGPDIPPDWWKDYDK,0.9997602,0.9997602,4,7863,397
EEEEDCPAQKDIPEETNWRQKWCNKKKRNNKTYPHEDCPDFDNKQVDRWVPEGPDLPPDWFKDYEK,0.99975795,0.99975795,4,7863,397
EEEEQCPWQTNMNEEAEWRQKNCNKDKRNNKTDTGEPCPEYEEKKVDDQHPEPPDFQPDYFKDWDK,0.9997551,0.9997551,4,7863,397
EEEEDCAAQKDINEETKWRQKWCNKKKRNNKTYPKEDCPDFDNKQVDRRVPEGPDIPPDWFKDYDK,0.99975187,0.99975187,4,7863,397
EEEEQCPWQTNMPNEAEWRQKWCNKDKRNNKPLTGEPCPEFEEKKVDDQHPEPPDLQPDYFKDWNK,0.99975055,0.99975055,4,7863,397
EEEEDCAAQKGIPEETNWRQEWCNKKKRNNKTYPKKDCPDFDEKQVDRNVPEGPDIPPDWFKDYDK,0.9997441,0.9997441,4,7863,397
EEEEDCAAQKDIPEETNWRQKWCNKKKRNNKTYPKEDCPDFDNKQVDRRVPEGPDIPPDWFKDYDK,0.9997441,0.999744,4,7863,397
EEEEQCPWQTNIPEEAEWRQKWCNKDKRNNKHYTKEPCPEFEKKKVDDQHPEEPDLNPDIFKDWNK,0.99974364,0.99974364,4,7863,397
EEEEDCYAQKDIPEETNWRQKWCNKKKRNNKTYPHEDCPDFDNKQVDRWVPEGPDLPPDWFKDYEK,0.9997429,0.9997429,4,7863,397
EEEEPCPWQTNMNEEAEWRQKNCNKDKRNNKTDTGEPCPEYEEKKVDDQHPEPPDFQPDYFKDWDK,0.99974185,0.99974185,4,7863,397
EEEEDCAAQKDIPEETNWRQKWCNKKKRNNKTYWKEDCPDFDNKQVDRRVPEGPDIPPDWWKDYDK,0.9997416,0.9997416,4,7863,397
EEEEQCPWQTNMNEEAEWRQKNCNKDKRNNKTLTGEPCPEYEEKKVDDQHPENPDFQPDYFKDWDK,0.99974006,0.99974006,4,7863,397
EEEEQCPWQTQIPEEAEWRQKWCNKDKRNNKTYTKEPCPEFEKKKVDDQMEEEPDLQPDIFKDWNK,0.99973863,0.99973863,4,7863,397
EEEEDCAAQKDINEETNWRQKWCNKKKRNNKTYPKEDCPDFDNKQVDRRVPEGPDIPPDWFKDYDK,0.9997373,0.9997373,4,7863,397
EEEEDCAAQKGIPEETNWRKEWCNKKKRNNKTYPKKDCPDFDEKQVDRGVPEGPDIPPDWFKDYDK,0.9997371,0.9997371,4,7863,397
EEEEQCPWKTNMPNEAEWRQKWCNKDKRNNKTCTGEPCPEFEEKKVDDQHPEPPDLQPDYFKDWNK,0.99973565,0.99973565,4,7863,397
EEEEQCPWQTNIPEEAEWRQKWCEKDKRNNKTYTKEPCPEFEKKKVDDQMEEEPDLQPDIFKDWNK,0.99973506,0.99973506,4,7863,397
EEEEQCPWQTNMNEEAEWRQKWCNKDKRNNKTLTGEPCPEFEEKKVDDQHPEPPDFQPDYFKDWDK,0.9997347,0.9997347,4,7863,397
EEEEDCAAQKDIPEETNWRQKWCNKKKRNNKTYPKEDCPDFDSKEVDRRVPEGPDIPPDWFKDYDK,0.99973434,0.99973434,4,7863,397
EEEEDCYAQKDIPEETNWRQKWCNKKKRNNKTYPHEDCPDFDNKQVDRWVPEGPDLPPDWFKDYDK,0.99973387,0.99973387,4,7863,397
EEEEQCPWQTNMNEEPEWRQKSCNKDKRNNKTLTGEPCPEYEEKKVDDQHPEPPDFQPDYFKDWDK,0.9997335,0.9997335,4,7863,397
EEEEQCPWQTNMPNEAEWRQKWCNKDKRNNKTGTGEPCPEFEEKKVDDQHPEPPDLQPDYFKDWNK,0.99973327,0.99973327,4,7863,397
EEEEDCYAQKDIPEETNWRQKWCNKKKRNNKTYPHEDCPDFDNKEVDRWVPEGPDLPWDWFKDYEK,0.99973303,0.99973303,4,7863,397
EEEEQCPWQTNMPNEAEWRQKWCNKDKRNNKTCTGEPCPEFEEKKVNDQHPEPPDLQPDYFKDWNK,0.99973303,0.99973303,4,7863,397
EEEEQCPWQTNMNEEAEWRQKNCNKDKRNNKTLTGEPCPEFEEKKVDDQHPEPPDFQPRYFKDWDK,0.9997328,0.9997328,4,7863,397
EEEEQCPWQTNMPNEAEWRQKWCNKDKNNNKTCTGEPCPEFEEKKVDDQHPEPPDLQPDYFKDWNK,0.99973255,0.99973255,4,7863,397
EEEEQCPWQTNIPEEAEWRQKWCNKDKRNNKTYTKEPCPEFEKKKVDDQMEEEPDLQPDIFKDWNK,0.99973243,0.99973243,4,7863,397
EEEEQCPWQTNMPEEAEWRQKWCNKDKRNNKTLTGEPCPEFEEKKVDDQHPEPPDLQPDYFKDWDK,0.99973196,0.99973196,4,7863,397
EEEEQCPWQTNIPEEAEWRQKWCNKDKRNNKTYTKEPCPEFEEKKLDDQHPEEPDLQPDIFKDWNK,0.99973196,0.99973196,4,7863,397
EEEEQCPWQTNIPEEAEWRQKWCNKDKRNNKHYTKEPCPEFEKKKVDDQHPEEPDLQPDIFKDWNK,0.99973136,0.99973136,4,7863,397
EEEEDCAAQKDINEETKWRQKWCNKKKRNNKTYWKEDCPDFDNKQVDRRVPEGPDIPPDWFKDYDK,0.99973065,0.99973065,4,7863,397
EEEEQCPWQTNMNEEAEWRQKNCNKDKRNNKTLTGEPCPEYEEKKVDDQHPEPPDFQPDYFKDWDK,0.99973017,0.99973017,4,7863,397
EEEEQCPWQTNIPEEAEWRQKWCNKDKRNNKTYTKEPCPEFEKKKVDDQMPEEPDLQPDIFKDWNK,0.99972945,0.99972945,4,7863,397
EEEEDCAAQKDIPEETNWRQKWCNKKKRNNKTYPKEDCPDFDNKQEDRRVPEGPDIPPDWWKDYDK,0.99972886,0.99972886,4,7863,397
EEEEQCPWQTNMNEEAEWRQKNCNKDKRNNKTLTGEPCPEFEEKKVDDQHPEPPDFQPDYFKDWDK,0.9997286,0.9997286,4,7863,397
EEEEDCAAQKDINEETNWRQKWCNKKKRNNKTYPKEDCPDFDNKQVDRRCPEGPDIPPDWFKDYDK,0.99972814,0.99972814,4,7863,397
EEEEDCAAQKDIPEETNWRDKWCNKKKRNNKTYWKEDCPDFDNKQVDRRVPEGPDIPPDWWKDYDK,0.9997279,0.9997279,4,7863,397
EEEEQCPWQHPMPNEAEWRQKWCNKDKNNNKTCTGEPCPEFEEKKVDDQHPEPPDLQPDYFKDWNK,0.99972767,0.99972767,4,7863,397
EEEEQCPWQTNMPNGAEWRQKWCNKDKRNNKTCTPEPCPEFEEKKVDDQYPEPPDLQPDYFKDWNK,0.99972755,0.99972755,4,7863,397
EEEEQCPWQTNMNEEAEWRQKNCNKDKRNNKTLTGEPCPEFEEKKVDDQHPEQPDFQPDYFKDWDK,0.9997274,0.9997274,4,7863,397
EEEEQCPWQTNIPEEAEWRQKWCQKDKRNNKTYTKEPCNEFEEKKLDDQHPEEPDLQQDIFKDWNK,0.9997272,0.9997272,4,7863,397
EEEEQCPWQTNIPEEAEWRQKWCQKDKRNNKTYTKEPCPEFEEKKLDDQHPEEPDLQQDIFKDWNK,0.99972695,0.99972695,4,7863,397
EEEEDCARQKGIPEETNWRQEWCNKKKRNNKTYPKKDCPDFDEKQVDRGVPEGPDIPPEWFKDYDK,0.99972695,0.99972695,4,7863,397
EEEEQCPWQTNMPNEAEWRQKWCNKDKRNNKTGTGEPCPEFEEKKVDDPHPEPPDLQPDYFKDWNK,0.99972636,0.99972636,4,7863,397
EEEEDCAAQKDIPEETNWRQKWCNKKKRNNKTYPKEDCPDFDNKQVDRRVPPGPDIPPDWWKDYDK,0.99972636,0.99972636,4,7863,397
EEEEDCAQQKGIPEETNWRQEWCNKKKRNNKTYPKKDCPDFDEKQVDRGVPEGPDIPPDWFKDYDK,0.99972624,0.99972624,4,7863,397
EEEEDCAAPKDIPEETNWRQKWCNKKKRNNKTYPKEDCPDFDNKQEDRRVPEGPDIPPDWWKDYDK,0.999726,0.999726,4,7863,397
EEEEDCAAQKGIPEETNWRQEWCNKKKRNNKTYPKKDCPDFDEKQVDRGVPEGPDIPPEWFKDYDK,0.99972504,0.99972504,4,7863,397
EEEEQCPWQTNMPEEAEWRQKWCKKDKRNNKTLTGEPCPEFEEKKVDDQCPEEPDLQPDYFKDWNK,0.9997243,0.9997243,4,7863,397
EEEEQCPWQTNMPEEAEWRQKWCKKDKRNNKTLTGEPCPEFEEKKVDDQHPEEPDLQPDYFKDWNK,0.99972314,0.99972314,4,7863,397
EEEEQCPWQTNIPEEAEWRQKWCNKDKRNNRHYTKRPCPEFEKKKVDDQHPEEPDLNPDIFKDWNK,0.99972314,0.99972314,4,7863,397
EEEEQCPWQTNMPNEAEWRQKWCNKDKRNNKTLTGEPCPEFEEKKVDDQHPEPPDLQPDYFKDWNK,0.99972135,0.99972135,4,7863,397
EEEEQCPWQTDMNEEAEWRQKWCNKDKRNNKTLTGEPCPEFEEKKVDDQHPEPPDFQPDYFKDWDK,0.999721,0.999721,4,7863,397
EEEEQCPWQTNIPEEAEWRQKWCNKDKRNNKQYTKEPCPEFEKKKVDDQMPEEPDLQPDIFKDWNK,0.9997209,0.9997209,4,7863,397
EEEEQCPWQTNIPEEAEWRQKWCNKDKRNNKTYTDEPCPEFEKKKVDDQHPEEPDLQPDIFKDWNK,0.99972075,0.99972075,4,7863,397
EEEEQCPWETNMPNEAEWRQKWCNKDKRNNKTLTGEECPEFEEKKVDDQHPEPPDLQPDYFKDWNK,0.99972075,0.99972075,4,7863,397
EEEEQCPWQTNIPEEAEWRQKWCNKDKRNNKTYTKEPCPEFEEKKLDDQHPEEPDLQQDIFKDWNK,0.99972063,0.99972063,4,7863,397
EEDEQCPWQTNMNEEAEWRQKNCNKDKRNNKTLTGEPCPEYEEKKVDDQHPEPPDFQPDYFKDWDK,0.99972063,0.99972063,4,7863,397
EEEEQCPWQTNIPEEAEWRQEWCNKDKRNNKTYTKEPCPEFEKKKVDDQHPEEPDLQPDIFKDWNK,0.99972016,0.99972016,4,7863,397
EEEEQCPWQTNMNEEAEWRQKNCNKDKRNNKTLTGEPCPEYEEKKVDDQHKEPPDFQPDYFKDWDK,0.9997193,0.9997193,4,7863,397
EEEEQCPWQTNIPEEAEWRQKWCNKDKRNNKTYTKEPCPEFEEKKLDDQHPEEPDLQNDIFKDWNK,0.9997193,0.9997193,4,7863,397
EEEEDCARQKGIPEETNWRQEWCNKEKRNNKTYPKKDCPDFDEKQVDRGVPEGPDIPPEWFKDYDK,0.9997187,0.9997187,4,7863,397
EEEEQCPWQTNMPEEAEWRQKWCNKDKRNNKTLTGEPCPEFEEKKVDDQHPEPPDLQPDYFKDWNK,0.9997181,0.9997181,4,7863,397
EEEEQCPWQTNMPEEAEWRQKWCNKDKRNNKTLTGEPCPEFEEKKVDDQHPEPPDLQHDYFKDWDK,0.99971765,0.99971765,4,7863,397
EEEEDCKAQKDIPEETKWRQKWCNKKKRNNKTYPHEPCPDFDNKQVDRYVPEGPDLQPDYFKDYDK,0.9997173,0.9997173,4,7863,397
EEEEQCPWQTNMPEEAEWRQKWCNKDKRNNKTLTGEPCPEFEEKKVDDQHPEEPDLQPDYFKDWNK,0.99971694,0.99971694,4,7863,397
EEEEDCAAQKGIPEETNWRQEWCNKKKRNNKTYPKKDCEDFDEKQVDRGVPEGPDIPPDWFKDYDK,0.9997162,0.9997162,4,7863,397
EEEEQCPWGTNMPEEAEWRQKWCNKDKRNNKTLTGEPCPEFEEKKVDDQHPEPPDLQPDYFKDWDK,0.99971586,0.99971586,4,7863,397
EEEEQCPWQTNIPEEAEWRQKWCNKDKRNNKTYTKEPCPEFEKKKVDDQHPEEPDLQPDIFKDWNK,0.99971515,0.99971515,4,7863,397
EEEEQCPWQTNMNEEAEWRQKNCNKDKRNNKTLTGEPCPEWEDKKVDDQHPEPPDFQPDYFKDWDK,0.9997149,0.9997149,4,7863,397
EEEEDCAAQKGIPEETNWRQEWCNKKKRNNKTYPKKDCPDFDEKQVDRGVPEGPDIPPDWFKDYDK,0.99971396,0.99971396,4,7863,397
EEEEDCAAPKDIPEETNWRQKWCNKKKRNNKTYPKEDCPDFDNKQEDRRVPEGDDIPPDWWKDYDK,0.99971396,0.99971396,4,7863,397
EEEEDCAAQKDIPEETNWRQKWCNNKKRNNKTYPKEDCPDFDSKEVDRRVPEGPDIPPDWFKDYDK,0.9997131,0.9997131,4,7863,397
EEEEQCPWQTNMPEEAEWRQKPCKKDKRNNKTLTGEPCPEFEEKKVDDQHPEEPDLQPDYFKDWNK,0.9997125,0.9997125,4,7863,397
EEEEDCAAQKGIPEETNWRKEWCNKKKRNNKTYPKKDCPDFDEKQVDRGVPEGYDIPPDWFKDYDK,0.99971217,0.99971217,4,7863,397
EEEEDCAAQKGIPEETNWRQEWCNKKKRNNKTYPKEDCPDFDEPQVDRGVPEGPDIPPDWFKDYDK,0.9997118,0.9997118,4,7863,397
EEEEDCAAQKDINEETPWRQKWCNKKKRNNKTYPKEDCPDFDNKQVDRRVPEGPDIPPDWFKDYDK,0.9997116,0.9997116,4,7863,397
EEEEDCYAQKDIPEETNWRQKWCNKKKRNNKTYPHEDCPDFDNKQVDRWVPEGPDLPPDWFKDQEK,0.99971086,0.99971086,4,7863,397
EEEEDCAAQKGIPEEENWRKEWCNKKKRNNKTYPKKDCPDFDEKQVDRMVPEGPDIPPDWFKDYDK,0.99971074,0.99971074,4,7863,397
EENEQCPWQTNMNEEAEWRQKNCNKDKRNNKTDTGEPCPEYEEKKVDDQHPEPPDFQPDYFKDWDK,0.9997106,0.9997106,4,7863,397
EEEEQCPWQTNMNEEAEWRQKNCNKDKRNNKTLTGEPCPEYEDKKVDDQHPEPPDFQPDYFKDWDK,0.9997105,0.9997105,4,7863,397
EEEEQCPWQTNMPNEAEFRQKWCNKDKRNNKTGTGEPCPEFEEKKVDDQHPEPPDLQPDYFKDWNK,0.9997104,0.9997104,4,7863,397
EEEEQCPWQTNIPEEAEWRQKWCNKDKRNNKTYTKEPCTEFEEKKLDDQHPEEPDLQPDIFKDWNK,0.99971026,0.99971026,4,7863,397
EEEEDCAAQKGIPEETNWRKEWCNKKKRNNKTYPKKDCPDFDEKQVDRMVPEGPDIPPDWFKDYDK,0.99971014,0.99971014,4,7863,397
EEEEQCPWQTNIPEEAEWRQKWCNKDKRNNKTYTKEDCTEFEEKKLDDQHPEEPDLQPDIFKDWNK,0.99971,0.99971,4,7863,397
EEEEDCAAQKDIPEETNWHQKWCNKKKRNNKTYPKEDCPDFDNKQVDRRVPEGPDIPPDWFKDYDK,0.9997099,0.9997099,4,7863,397
EEEEQCPWQTNRNEEAEWRQKNCNKDKRNNKTLTGEPCPEFEEKKVDDQHPEPPDFQPDYFKDWDK,0.99970967,0.99970967,4,7863,397
EEEEDCAAQKDIPEETNWRQKWCNKKKRNNKTQPKEDCPDFDNKQVDRRVPEGPDIPPDWFKDYDK,0.99970967,0.99970967,4,7863,397
EEEEDCAAQKGIPEETNFRQEWCNKKKRNNKTYPKEDCPDFDEKQVDRGVPEGPDLPPDWFKDYDK,0.9997093,0.9997093,4,7863,397
EEEEQCPRQTNMNEEAEWRQKNCNKDKRNNKTLTGEPCPEYEEKKVDDQHPEPPDFQPDYFKDWDK,0.9997093,0.9997093,4,7863,397
EEEEDCYAQKDISEETNWRQKWCNKKKRNNKTYPHEDCPDFDNKEVDRWVPEGPDLPPDWVKDYEK,0.9997093,0.9997093,4,7863,397
EEEEDCDPQKDIQEENNWRQKWCNKKKRNNKTYDKEDCPDFDNKQSDKRTKERPDCPDDQFKDYKK,0.99995744,0.99995744,5,9827,496
EEEEDCDPQKDIQEENNWRQKWCNKKKRNNKTYDKEDCPDFDNKQSDRRTKERPDCPDDQFKDYKK,0.9999516,0.9999516,5,9827,496
EEEEDCDPEKEIQEENNWRQKWCTKKKRNNKTYDKEDCPDFDNKQMDRRTKERPDCPDDQFKDYKK,0.9999509,0.9999509,5,9827,496
EEEEDCDPDKDIQEENNWRQKWCNKKKRRNKTYDKEGCRDFDNKQIDRRTNERPDCPDDQFKDYKK,0.9999449,0.9999449,5,9827,496
EEEEDCDPQKDMQEENNWRQKWCNKKKRNNKTYDKEDCPDFDNKQIDRRTKERDDCPDDQFKDYKK,0.9999422,0.9999422,5,9827,496
EEEEDCDPQKDIPEENNWRQDWCNKKKRNNKTYDKEDCPPFDNKQSDRRTQERPDCPDDQFKDYKK,0.9999409,0.9999409,5,9827,496
EEEEDCDPQKDIQEENNWRQKWCNKKKRNNKTYDKEDCPDFDNKQIDRRTKERPDCPDDQFKDYKK,0.99994075,0.99994075,5,9827,496
EEEEDCDPEKEIQEENNWRQKWCTKKKRNNKTYDKEDCPDFDNKQIDRRTKERPDCPDDQFKDYKK,0.9999399,0.9999399,5,9827,496
EEEEDCDPQKDIQEENNWRQKWCNKKKRNNKTYDKEDCPDFDNKQIDRRTKERDDCPDDQFKDYKK,0.9999386,0.9999386,5,9827,496
EEEEDCDPQKDNQEENNWRQKWCNKKKRNNKTYDKRDCPDFDNKQIDRRTKERDDCPDDQFKDYKK,0.9999372,0.9999372,5,9827,496
EEEEDCDPEKDIQEEFNWRQKWCNKKKRNNKTYDKEDCPDFDNKQSDRRTKERPDCPDDQFKDYKK,0.99993694,0.99993694,5,9827,496
EEEEDCDPPKDMQEENNWRQKWCNKKKRNNKTYDKEDCPDFDNKQIDRRTKERTDCPDDQFKDYKK,0.99993646,0.99993646,5,9827,496
EEEEDCDPQKDMQEENNWRQKWCNKKKRNNKTYDKEDCPDFDNKQIDRRTKERTDCPDDQFKDYKK,0.99993634,0.99993634,5,9827,496
EEEEDCGPQKDIQEENNWRQKWCNKRKRNNKTYDKEDCPDFDNKQVERRFKEPPDCPDDYWKDYDK,0.9999361,0.9999361,5,9827,496
EEEEDCDPQKEIQEENNWRQKWCTKKKRNNKTYDKEDCPDFDNKQIDRRNKERPDCPDDQFKDYKK,0.9999354,0.9999354,5,9827,496
EEEEDCDPQKDIPEENNWRQKWCNKKKRNNKTYDKEDCPPFDNKQSDRRTQERPDCPDDQFKDYKK,0.9999349,0.9999349,5,9827,496
EEEEDCDPQKDIQEENNWRQKWCNKKKRNNKTYDKEDCPPFDNKQSDRRTQERPDCPDDQFKDYKK,0.9999342,0.9999342,5,9827,496
EEEEDCDPQKDIQEENNWRQKWCNKKKRNNKTYDKEGCPDFDNKQIDRRTKERPDCPDDQFKDYKK,0.99993336,0.99993336,5,9827,496
EEEEDCDPQKDIQEENNWRQKWCNKKKRRNKTYDKEGCRDFDNKQIDRRTNERPDCPDDQFKDYKK,0.9999331,0.9999331,5,9827,496
EEEEDCDPQKDIQEENNWRQKWCNPKKRNNKTYDKEGCPDFDNKQIDRRTKERPDCPDDQFKDYKK,0.9999324,0.9999324,5,9827,496
EEEEDCDPQKEIQEENNWRQKWCTKKKRNNKTYDKEDCPDFDNKQIDRRTKERPDCPDDQFKDYKK,0.99993145,0.99993145,5,9827,496
EEEEDCDPQKDIGEENNWRQKWCNKKKRNNKTYDKEDCPPFDNKQSDRRTQERPDCPDDQFKDYKK,0.99993026,0.99993026,5,9827,496
EEEEDCDPQKDIQEENNWRQKWCTKKKRNNKTYDKEDCPDFDNKQIDRRTKERPDCPDDQFKDYKK,0.99993014,0.99993014,5,9827,496
EEEEDCEQQKDYQEENNWRKKWCNKDKRNNKTYDKEDCPDFDNKQADGRTKERPDCPPDRFKDYDK,0.99993,0.99993,5,9827,496
EEEEDCDPQKDIQEEFNWRQKWCNKKKRNNKTYDKEDCPDFDNKQSDRRTKERPDCPDDQFKDYKK,0.9999298,0.9999298,5,9827,496
EEEEDCDPQKDIQEENNWRQEWCNKKKRNNKTYDKEDCIDFDNKQVDNRTKERPDCPPDQFKEYDK,0.99992895,0.99992895,5,9827,496
EEEEDCDPQKDIPEENNWRQKWCNKKKRNNKTYDKEDCPPFDNKQSDRRTQERPDCPDDQFKKYKK,0.9999285,0.9999285,5,9827,496
EEEEDCDPQKEIQEENNWDQKWCTKKKRNNKTYDKEDCPDFDNKQIDRRTKERPDCPDDQFKDYKK,0.999928,0.999928,5,9827,496
EEEEDCDPQKDIQEENNCRQKWCNKKKRNNKTYDKEGCPDFDNKQIDRRTKERPDCPDDQFKDYKK,0.999926,0.999926,5,9827,496
EEEEDCDPQKDIQEENNWRQEWCNKKKRNNKTYDKEDCIDFDNKQVDNRTKERPDCPPDQFKDYDK,0.99992585,0.99992585,5,9827,496
EEEEDCGPEKDIQEENNWRQKWCNKKKRNNKPYDKEDCPDFDNKQHQRRTKERPDCPDDQFKDYDK,0.9999256,0.9999256,5,9827,496
EEEEDCGPEKDMQEENNWRQKWCNKKKRNNKQYDKEDCPDFDDKQVDRRTKERPDCPDDQWKDYDK,0.999925,0.999925,5,9827,496
EEEEDCWPQKDIQEENRWRQKWCNKKKRNNKKYDKEDCPDFDNKQVDRRTKERPDCPDDQFKDYDK,0.9999243,0.9999243,5,9827,496
EEEEDCGEQKDHQEENNWRQKDCNKDKRNNKTYDKEDCPDFDNKQVQRRTKERPDCPPDRFKDYDK,0.9999237,0.9999237,5,9827,496
EEEEDCDPQKDPQEENNWRQKWCNKKKRNNKTYDKEDCPDFDNKQIDRRTKERPDVPDDQFKDYKK,0.99992335,0.99992335,5,9827,496
EEEEDCGEQKDHQEENNWRQKWCNKDKRNNKTYDKEDCPDFDNKQVDRRTKERPDCPPDRFKDYDK,0.9999225,0.9999225,5,9827,496
EEEEDCDPEKEIQEENNWRQKWCTKHKRNNKTYDKEDCPDFDNKQIDRRTKERPDCPDDQFKDYKK,0.9999225,0.9999225,5,9827,496
EEEEDCDPQKEIQEENNWRQKWCTKKKRNNKTYDKEDCYDFDNKQIDRRNKERPDCPDDQFKDYKK,0.99992216,0.99992216,5,9827,496
EEEEDCDPQKDIQEENNWRQKWCTKKKRNNKTYDKEDCPDFDNKQIDRRTKERPDCPDDQFKDYNK,0.99992204,0.99992204,5,9827,496
EEEEDCDPQKDIQEENNWRQNWCNKKKRNRKTYDKEDCIDFDNKQVDNRTKERPDCPPDHFKDYDK,0.99992085,0.99992085,5,9827,496
EEEEDCGPEKDIQEENNWRQKWCNKKKRNNKTYDKEDCPDFDNKQHQRRTKERPDCPDDQFKDYDK,0.9999205,0.9999205,5,9827,496
EEEEDCDPQKDIQEENNFRQKWCNKKKRNNKTYDKEGCPDFDNKQIDRRTKERPDCPDDQFKDYKK,0.99992037,0.99992037,5,9827,496
EEEEDCGPEKDIQEENNWRQEWCNKKKRNNKTYDKEDCPDFDNKQVDRRTKERPDCPDDQFKDYKK,0.9999201,0.9999201,5,9827,496
EEEEDCGPEKDIQEENNWRQKWCNKKKRNNKQYDKEDCPDFDDKQVDRRTKERPDCPDDQWKDYDK,0.9999199,0.9999199,5,9827,496
DEEEDCWPQKDIQEENRWRQKWCNKKKRNNKKYDKEDCPDFDNKQVDRRTKERPDCPDDQFKDYDK,0.9999199,0.9999199,5,9827,496
EEEEDCDPQKEIQEENNWRQKWCTKKKRNNKTYRKEDCPDFDNKQIDSRTKERPDCPDDQFKDYKK,0.9999192,0.9999192,5,9827,496
EEEEDCGPQKDIQEENNWRQKWCNKRKRNNKTYDKEDCPDFDNKQVERRTKEPPDCPDDYWKDYDK,0.9999188,0.9999188,5,9827,496
EEEEDCDPQKDIQEENNWRQNWCNKKKRNRKTYDKEDCIDFDNKQVDNRTKERPDCPPDQFKDYDK,0.9999188,0.9999188,5,9827,496
EEEEDCDPQKDIQEENNWRQKWCTKKKRNNKTYDKEDCPDFDNKQIDRRTKERWDCPDDQFKDYKK,0.99991834,0.99991834,5,9827,496
EEEEDCDPQKDIQEENNWRQKDCTKKKRNNKTYDKEDCPDFDNKQIDRRTKERPDCPDDQFKRYKK,0.99991834,0.99991834,5,9827,496
EEEEDCDPQKDIQEENNWRQKWCNKKKRNNKTYDKEDCPDFDNKQIDRRTDPRDDCPDDQFKDYKK,0.99991834,0.99991834,5,9827,496
EEEEDCGPEKDIQEENNWRQKWCNKKKRNNKTYDKEDCPDFDNKQVDRRTKERPDCPDDQFKDYKK,0.9999182,0.9999182,5,9827,496
EEEEDCGEQKDIQEENNWRQKWCNKDKRNNKTYDKEDCPDFDNKQKDRRTKERPDCKPDQFKDYDK,0.9999182,0.9999182,5,9827,496
EEEEDCDPQKDIQEENNWRQEWCNKKKRNNKTYQKEDCIDFDNKQVDNRTKERPDCPPDQFKDYDK,0.9999181,0.9999181,5,9827,496
EEEEDCGQQKDDDEENNWRQKDCNKKKRNNKTYDKEDCPDFDNPQVDRRTKNGPDCPPDQFKDYDK,0.99991786,0.99991786,5,9827,496
EEEEDCDPQKDIQEENNFRQKWCNKKKRNNKTYDKEGCPDFDNKQIDRRTKERPDCPHDQFKDYKK,0.99991775,0.99991775,5,9827,496
EEEEDCDPQKDIQEENNWRQKWCQGKKRNNKTYDKEDCPPFDNKQSDRRTQERPDCPDDQFKDYKK,0.99991715,0.99991715,5,9827,496
EEEEDCEQQKDIQEENNWRKKWCNKDKRNNKTYDKEDCPDFDNKQADGRTKERPDCPPDRFKDYDK,0.9999167,0.9999167,5,9827,496
EEEEDCGPQKDIQEENNWRQKWCNKRKRNNKTYDKEDCPDFDNKQVERRTKERPDCPDDYWKDYDK,0.99991643,0.99991643,5,9827,496
EEEEDCGPEKDAQEENNWRQKWCNKKKRNNKTYDKEDCPDFDNKQVDRRTKERPDCPDDQFKDYKK,0.99991643,0.99991643,5,9827,496
EEEEDCWPQKDIQEENRWRQKWCNKKKRNNKKYDKEDCPDFDNKQVDRRTKERPQCPDDDFKDYDK,0.99991643,0.99991643,5,9827,496
EEEEDCGPQKDIQEENNWRQKWCNKKKRNNKTYDKEDCPDFDNKQVERRTKERPDCPDDYWKDYDK,0.9999162,0.9999162,5,9827,496
EEEEDCDPQKDIQEENNWRQKWCNKKKRNNKTYDKEDGPDFDNKQSDRRTKERPDCPDDQFKDYKK,0.99991524,0.99991524,5,9827,496
EEEEDCGPQKDCQEENRWRQKWCNKKKRENKTYDKEDCPDFDNKQVDRKTKERPDCPPDQFKDYDK,0.9999151,0.9999151,5,9827,496
EEEEDCDPQKDIQEENNWRQKWCNKKKRNNKTYDKEDCPDFDNKQIDRRTKDRPDVPDDQFKDYKK,0.99991465,0.99991465,5,9827,496
EEAEDCDPQKDIQEENNWRQKWCNKKKRNNKTYDKEDCPDFDNKQSDRRTKERPDCPDDQFKDYKK,0.99991417,0.99991417,5,9827,496
EEEEDCGQQKDIQEENNWRQKWCNKDKRNNKTYDKEDCPEFDNKQKDRRTKERPDCKPDQFKDYDK,0.99991393,0.99991393,5,9827,496
EEEEDCGPEKDIQEENNWRQKWCNKKKRNNKTYDKENCPDFDNKQHQRRTKERPDCPDDQFKDYDK,0.99991393,0.99991393,5,9827,496
EEEEDCGPQKDIQEENNWRQKWCNKKKRNNKTYDKEDCPDFDNKQVDRRTKERPDCPDDQWKDYDK,0.9999136,0.9999136,5,9827,496
EEEEDCDPQKDIQEENNWRQKWCNKKKRNNKTYDKEDCPDFDNKQIDRRTKERPDVPDDQFKDYKK,0.99991345,0.99991345,5,9827,496
EEEEDCGQQKDDDEENNWRQKDCNKKKRNNKTYDKEDCPDFDNPQLDRRTKNGPDCPPDQFKDYDK,0.9999132,0.9999132,5,9827,496
EEEEDCDPQKDIQEENNWRQNWCNKKKRNNKTYDKEDCIDFDNKQVDNRTKERPDCPPDQFKDYDK,0.999913,0.999913,5,9827,496
EEEEDCGPEKDIQEENNWRQKWCNKKKRNNKTYDKEDCPDFDNKQVDRRTKERPDCPDDQFKDYDK,0.99991286,0.99991286,5,9827,496
EEEEDCGEQKDHQEENNWRQKWCNKDKRNNKTYDKEDCPDFDNKQVDRRTKERPDCPPDRFKDRDK,0.9999126,0.9999126,5,9827,496
EEEEDCEQQKDYQEENNWRKKWCNKDKRNNKTMDKEDCPDFDNKQADGRTKERPDCPPDRFKDYDK,0.99991214,0.99991214,5,9827,496
EEEEDCPQQKDIQEENNWRQKWCNKKKRNNKTYDKEDCPDFDNKQKDRRTKERPDCKPDQFKDYDK,0.999912,0.999912,5,9827,496
EEEEDCDPQKDIQEENNWRQNWCNKKKRNRKTHDKEDCIDFDNKQVDNRTKERPDCPPDQFKDYDK,0.999912,0.999912,5,9827,496
EEEEDCGPQKDIQEENNWRQKWCNKKKRNNKTYDKEDCPDFDNKQVERRTKERHDCPDDWWKDYDK,0.9999119,0.9999119,5,9827,496
EEEEDCGPQKDIQEENNWRQKWCNKRKRNNKTGDKEDCPDFDNKQVERRTKERPDCPDDYWKDYDK,0.9999119,0.9999119,5,9827,496
EEEEDCGPQKDIQEENRWRRKWCNKKKRNNKTYDKEDCPDFDNKQVDRRMKERPDCPPDQFKDYDK,0.99991155,0.99991155,5,9827,496
EEEEDCGPEKDRQEENNWRQKWCNKKKRNNKTYDKEDCPDFDNKQVQRRTKERPDCPDDQFKDYDK,0.99991155,0.99991155,5,9827,496
EEEEDCGQQKDIQEENNWRQKWCNKDKRNNKTYDKEDCPDFDNKQKDRRTKERPDCKPDQFKDYDK,0.9999113,0.9999113,5,9827,496
EEEEDCDPQKDIQEENNCRQKWCNKKKRNNKTYDPPGCPDFDNKQIDRRTKERPDCPDDQFKDYKK,0.99991095,0.99991095,5,9827,496
EEEEDCGPQKDIQEENNWRQKWCNKKKRNNKQYDKEDCPDFDDKQVDRRTKERPDCPDDQWKDYDK,0.99991083,0.99991083,5,9827,496
DEEEDCWPQKDIQEENRWRQKWCNKKKRNNKKYDKEDCPDFNNKQVDRRTKERPDCPDDQFKDYDK,0.99991083,0.99991083,5,9827,496
EEEEDCGPQKDIQEENRWRQKWCNKKKRNNKKYDKEDCPDFDNKQVDRRTKERPDCQPDQFKDYDK,0.99991083,0.99991083,5,9827,496
EEEEDCGPQKDCQEENRWRQKWCNKKKRNNKTYDKEDCPDFDNKQVDRKTKERPDCPPDQFKDYDK,0.9999106,0.9999106,5,9827,496
EEEEDCWPQKDIQEENRWRQKWCNKKKRNNKKYDKEDCPDFDNKQVDRRTKERPDCPPDQFKDYDK,0.9999105,0.9999105,5,9827,496
EEEEDCDPQKDIQEENNCRQKWCNKKKRNNKTYDKEGCPDFDNKQIDRRTKERPDCPDDQFKDRKK,0.99990964,0.99990964,5,9827,496
EEEEDCDPQKDIQEENNCRQKWCNKKKRNNKTYDKEGCPDFDNKQIDRRTSERPDCPDDQFKDYKK,0.99990904,0.99990904,5,9827,496
EEEEDCGPQKDIQEENNWRQKWCNKKKRNNKTYDKEDCPDFDNKQVDRRTKERPDCPDDQFKDYKK,0.9999089,0.9999089,5,9827,496
EEEEDCGQQKDIQEENNWRQKWCNKDKRNNKTYDKEDCPDFDNKQVDRRTKERPDCPPDRFKDYDK,0.9999089,0.9999089,5,9827,496
EEEEDCDPQKDIQEENNWRQSWCNKKKRNNKTYDKEDCPDFDNKQIDRRTDPRDDCPDDQFKDYKK,0.9999082,0.9999082,5,9827,496
EEEEDCDPQKDIQEEGNWRQKWCNKKKRNNKTYDKEDCPDFDNKQIDRRTKDRPDVPDDQFKDYKK,0.9999082,0.9999082,5,9827,496
EEEEDCDPEKEWQEENNWRQKWCTKKKRNNKTYDKEYCPDFDNKQIDRRTKERLDCPDDQFKDYKK,0.9999082,0.9999082,5,9827,496
EEEEDCDPQKDIQEENNWRQKWCNKKKRNNKTYDKEDCPDFDNKQIDRRTKERPYCPDDQFKDYKK,0.999908,0.999908,5,9827,496
EEEEDCDPQKDIQEENNWRQKWCTKKKRNNKTYDKEDCPDFDNKQIDRRTKERPDCPDDQFKDYGK,0.99990773,0.99990773,5,9827,496
EEEEDCGPQKDIQEENRWRQKWCNKKKRNNKKYDKEDCPDFDNKQVDRRTKERPDCPPDQFKDYDK,0.9999076,0.9999076,5,9827,496
EEEEDCWPQKDIQEENRWRQKWCNKKKPNNKKYDKEDCPDFDNKQVDRRTKERPDCPDDQFKDYDK,0.9999076,0.9999076,5,9827,496
EEEEDCDYEKEYQEENNTRRKWCPKKKRNNKKYDKEDCPDCDNKQWDERYKERPDCPDEQWKDYEK,0.9999863,0.9999863,6,11791,595
EEEEDCDYEKEYQEEGNPRRKHCPKKKRNNKKYDKEDCPDCDNKQWDERHKERPDCPDEHWKDYHK,0.9999858,0.9999858,6,11791,595
EEEEDCDYEKEYQEEQNCRRKWCPKKKRNNKKYDKEDCPDCDNKQWDERTKEEPDCPDEQWKDYHK,0.9999856,0.9999856,6,11791,595
EEEEDCDYEKEYQEEGNPRRKWCPKKKRNNKKYDREDCPDCDNKQWDERHKERPDCPDEHWKDYHK,0.9999856,0.9999856,6,11791,595
EEEEDCDTEKEYQEERNCNRKWCPRKKRENKKCDKEDCPDCDNPQWDERTKEQPDCPDEQWKDYHK,0.99998546,0.99998546,6,11791,595
EEEEDCDYEKEYQEEGNPRRKWCPKKKRNNKKYDKEDCPDCDNKQWDERHKERPDCPDEHWKDYHK,0.99998546,0.99998546,6,11791,595
EDEEDCDPEKEYQEENNWRQNWCPKKKRRNKKYDKEDCPDCDNPKWDEKTKERPDCPDEQWKDYHK,0.99998534,0.99998534,6,11791,595
EEEEDCDYEKEYQEESNCRRKWCPKKKRNNKKYDKEDCPDCDNKQWDERTKERPDCPDEQWKDYHK,0.99998534,0.99998534,6,11791,595
EEEEDCDYEKEYQEEHNCRRKWCPKKKRNNKKYDKEDCPDCDNKQWDERTKERPDCPDEQWKDYHK,0.999985,0.999985,6,11791,595
EEEEDCDYEKEYQEENNWRQKWCPKKKRNNKKYDKEDCPDCDNKQWDERTKERDDCPDEQWKDYEK,0.99998474,0.99998474,6,11791,595
EEEEDCDTEKEYQEERNWNRKWCPRKKRENKKYDKEDCPDCDNPQWDERTKEQPDCEDEQWKDYHK,0.99998474,0.99998474,6,11791,595
EEEEDCDYEKEYQEESNCRRKWCPKKKRNNKKYDKEDCPDCDNKQWDERTKEEPDCPDEQWKDYHK,0.9999846,0.9999846,6,11791,595
EEEEDCDYEKEYQEEHNCRRKWCPKKKRNNKKYDKEDCPDCDNKQWDERTKDRPDCPDEQWKDYHK,0.9999845,0.9999845,6,11791,595
EEEEDCDYEKEYQEEGNPRRKWCPKKKRNNKKYDKEDCPDCDNKQWDERHKERPDCPDEQWKDYHK,0.99998426,0.99998426,6,11791,595
EEEEDCDYEKEYQEESNCRRKWCPKKKRPNKKYDKEDCPDCDNKQWDERTKERPDCPDEQWKDYHK,0.999984,0.999984,6,11791,595
EDEEDCDPEKEYQEENNWRQKWCPKKKRNNKKYDKEDCPDCDNPKWDERTKERPDCPDEQWKDYHK,0.9999838,0.9999838,6,11791,595
EEEEDCDYEKEYQEEGNPRRKWCPKKKRNNKKYDREDCPDCDNKGWDERHKERKDCPDEHWKDYHK,0.9999838,0.9999838,6,11791,595
EEEEDCDYEKEYQEEGNPRRKWCPKKKRNNKKYRREDCPDCDNKGWDERHKERPDCPDEHWKDYHK,0.99998343,0.99998343,6,11791,595
EEEEDCDYEKEYQEENNWNRKWCPRKKRNNKKYDKEDCPDCDNKQWDERKKERPDCPDEQWKDYHK,0.99998343,0.99998343,6,11791,595
EEEEDCDYEKEYQEEGNPRRKWCPKPKRNNKKYDREDCPDCDNKQWDERHKERPDCPDEHWKDYHK,0.9999832,0.9999832,6,11791,595
EDEEDCDPEKEYQEENNWRQNWCPKKKRNNKKYDKEDCPDCDNPKWDEKTKERPDCPDEQWKDYHK,0.9999831,0.9999831,6,11791,595
EEEEDCDYEKEYQEEGNPRRKWCPKKKRNNKKYDREDCPDCDNKGWDERHKERPDCPDEHWKDYHK,0.99998295,0.99998295,6,11791,595
EEEEDCDTEKEYQEERNCNRKWCPRKKRENKKCDKEDCPSCDNPQWDERTKEQPDCPDEQWKDYHK,0.99998295,0.99998295,6,11791,595
EEEEDCDYEKEYQEENNTRRKWCPKKKRNNKKYDKEDCPDCDNKQWDERYKERPDCPDEQWKDYHK,0.99998295,0.99998295,6,11791,595
EEEEDCDYEKEYQEENNWRRKWCPKKKRNNKKYDKEDCPDCDNKQWDERTKERPDCPDEQWKDYHK,0.9999827,0.9999827,6,11791,595
EEEEDCDTEKEYQEERNWNRKWCPRKKRENKKCDKEDCPDCDNPQWDERHKEQPDCPDEQWKDYHK,0.9999827,0.9999827,6,11791,595
EEEEDCDYEKEYQEENNWNRKWCPRKKRNNKKYDKEDCPDCDNKQWDERTKERPDCPDEQWKDYHK,0.999982,0.999982,6,11791,595
EEEEDCDYEKEYQEENNWNRKWCPKKKRNNKKYDKEDCPDCDNKQWDERTKERPDCPDEQWKDCHK,0.99998176,0.99998176,6,11791,595
EEEEDCDPEKEYQEEDNWRQKWCPKKKRDNKKKDKEDCPDCDNKQWDERTKERPDCPDEQWKDYHK,0.9999815,0.9999815,6,11791,595
EEEEDCDYEKEYQEENNWNRKWCPKKKRNNKKYDKEDCPDCDNKQWDERTKERPDCPDEQWKDYHK,0.9999815,0.9999815,6,11791,595
EEEEDCDYEKEYQEEGNPRRKWCPKKKRNNKKYDREDCPDCDNKQWDERHKERPDCPDEHWKSYHK,0.9999815,0.9999815,6,11791,595
EEEEDCDYEKEYQEENNWRQKWCPKKKRNNKKYDKEDCPDCDNKQWDERTKERPDCPDEQWKDYHK,0.9999814,0.9999814,6,11791,595
EEEEDCDTEKEYQEERNWNRKWCPRKKRENKKYDKEDCPDCDNPQWDERTKEQPDCPDEQWKDYHK,0.9999814,0.9999814,6,11791,595
EDEEDCDPEKEYQEENNWRQKWCPKKKRNNKKYDKEDCPDCDNKKWDERTKERPDCPDEQWKDYHK,0.9999813,0.9999813,6,11791,595
EEEEDCDYEKERQEENNWRQKWCPKKKRNNKKYDKEDCPDCDNKQWDERTKERDDCPDEQWKDYHK,0.9999813,0.9999813,6,11791,595
EEEDDCDYEKEYQEEGNPRRKWCPKKKRNNKKYDKEDCPDCDNKQWDERTKERPDCPDEQWKDYHK,0.99998116,0.99998116,6,11791,595
EEEEDCDYEKEYQEENNWRQKWCPKKKRNNKKYDKEDCPDCDNKQWDERHKERPDCPDEQFKDYHK,0.99998116,0.99998116,6,11791,595
EEEEDCDYEKEYQKENNTRRKWCPKKKRNNKKYDKEDCPDCDNKQWDERYKERPDCPDEQWKDYHK,0.99998105,0.99998105,6,11791,595
EEEEDCDTEKEYQEERNWNRKWCPRKKRENKKYDKEDCPDCDNPQDDERTKEQPDCPDEQWKDYHK,0.99998105,0.99998105,6,11791,595
EEEEDCDYEKEYQEENNWRRNWCPKKKRNNKKYDKEDCPDCDNKQWDERTKERPDCPDEQWKDYHK,0.9999809,0.9999809,6,11791,595
EEEEDCDPEKEYQEEDNWRQKWCPKKKRDNKKKDKEDCPDCDNKQWDERTKERNDCPDEQWKDYHK,0.9999809,0.9999809,6,11791,595
EEEEDCDYEKEYQEENNWRQKWCPKKKRNNKKYDKEDCPDCDNKQWDERTKERDDCPDEQWKDYHK,0.9999809,0.9999809,6,11791,595
EEEEDCDYEKEYQEEGNPRRKWCPKKKRNNKKYDKEDCPDCDNKQWDERTKERPDCPDEQWKDYHK,0.9999809,0.9999809,6,11791,595
EEEEDCDYEKEYQEENNWNDKECPRKKRNNKKYDKEDCPDCDNKQWDERTKERPDCPDEQWKDYHK,0.9999808,0.9999808,6,11791,595
EEEEDCDTEKEYQEERNWNRKWCPRKKRENKKCDWEDCPDCDNPQWDERHKEQPDCPDEQWKDYHK,0.9999807,0.9999807,6,11791,595
EEEEDCDYEKEYQEENNWRRKWCPKEKRNNKKYDKEDCPDCDNKQWDERTKERPDCPDEQWKDYHK,0.99998057,0.99998057,6,11791,595
EEEEDCDYEKEYQEENNWRRKWCPRKKRNNKKYDKEDCPDCDNKQWDERTDERPDCPDEQWKDYHK,0.99998057,0.99998057,6,11791,595
EEEEDCDYEKEYQEENNWRRKWCPKKKRNNKKYDWEDCPDCDNKQWDERTKERPDCPDEQWKDYHK,0.99998045,0.99998045,6,11791,595
EEEEDCDYEKEYQEESNCNRKWCPTKKRPNKKYDKEDCPDCDNKQWDERTKERPDCPDEQWKDYHK,0.99998045,0.99998045,6,11791,595
EEEEDCDTEKEYQEERNWNRKWCPRKKRENKKYDKGDCPDCDNPQWDERTKEQPDCEDEQWKDYHK,0.99998045,0.99998045,6,11791,595
EEEEDCDYEKEYQEEGNPRRKWCPKKKRNNKKYDKEDCPDCDNKQWDERHKERPDCPDEQWKDYWK,0.99998045,0.99998045,6,11791,595
EEEEDCDYEKEYQEEGNPRRKWCPKKKRNNKKYDKEDCPDCDNKQWDERHKERPDCPDEFWKDYHK,0.99998033,0.99998033,6,11791,595
EDDEDCDPEKEYQEENNWRQKWCPKKKRNNKKYDKEDCPDCDNKKWDERTKERPDCPDEQWKDYHK,0.99998033,0.99998033,6,11791,595
EEEEDCDYEKEYQEEGNPRRKHCPKKKRNNKKYDKEDCPDCDNKQWDERHKGRPDCPDEHWKDYHK,0.9999802,0.9999802,6,11791,595
PEEEDCDYEKEYQEENNTRRKWCPKKKRNNKKYDKEDCPDCDNKQWDERYKERPDCPDEQWKDYEK,0.9999802,0.9999802,6,11791,595
EEEEDCDYEKEYQEENNWNRKWCPRKKRNNKRYDKEDCPDCDNKQWDERTKEQPDCPDEQWKDCHK,0.9999802,0.9999802,6,11791,595
EEEEDCDTEKEQQEERNCNRKWCPRKKRENKKCDKEDCPSCDNPQWDERTKEQPDCPDEQPKDYHK,0.9999801,0.9999801,6,11791,595
EEEEDCDYEKEYQEENNWNRKWCPKKKRNNKKYDKEDCPDCDNKQWDERTKERPDCPDEQYKDYHK,0.99998,0.99998,6,11791,595
EEEEDCDYEKEYQEENNWNRKWCPRKKRNHKKYDKEDCPDCDNKQWDERTKERPDCPDEPWKDYHK,0.99997985,0.99997985,6,11791,595
EEEEDCDYEKEYQEENNWRQKCCPKKKRRNKKYDKEDCPDCDNKQWDERTKERPDCPDEQWKDYHK,0.99997985,0.99997985,6,11791,595
EEEEDCDTEKEYQEERNWNRKWCPRKKRENKKCDKEDCPDCDNPQWDERTKEQPDCPDEQWKDYHK,0.99997973,0.99997973,6,11791,595
EEEEDCDYEKEYQEENNWNRKWCPKKKRNNKKYDKEDCPDCDNKQWDERTKEPPDCPDEQWKDYHK,0.9999796,0.9999796,6,11791,595
EEEEDCDYEKEYQEENNWNRKWCPRKKRENKKYDKEDCPDCDNKQWDERTKEQPDCPDEQWKDYHK,0.9999796,0.9999796,6,11791,595
EEEEDCDYEKEYQEENNWNRKWCPRKKRNNKRYNKEDCPDCDNKQWDERTKEQPDCPDEQWKDCHK,0.9999795,0.9999795,6,11791,595
EEEEDCDYEKEYQEEGNPRRKWCPKHKRNNKKYDREDCPDCDNKGWDERHKERPDCPDEHWKDYHK,0.9999795,0.9999795,6,11791,595
EEEEDCDTEKEYQEERNWNRKWCPRKKRENKKCDKEFCPDCDNPQWDERHKEQPDCPDEQWKDYHK,0.9999794,0.9999794,6,11791,595
EEEEDCDYEKEYQEENNWRQKWCPKKKRNNKKYDKEDCPDCDNKQWDERTKERPDCPDEQWKNYHK,0.9999794,0.9999794,6,11791,595
EEEEDCDYEKEYQEENDGNRKWCPRKKRNNKKYDKEDCPDCDNKQWDERTKERPDCPDEQWKDYHK,0.9999794,0.9999794,6,11791,595
EEEEDCDYEKEYQEENNGNRKWCPRKKRNNKKYDKEDCPDCDNKQWDERTKERPDCPDEQWKDYHK,0.9999794,0.9999794,6,11791,595
EEEEDCDYEKEYKEENNWRQKWCPKKKRNNKKYDKEDCPDCDNKQWDERHKERPDCPDEQFKDYHK,0.9999794,0.9999794,6,11791,595
EEEEDCDPEKEYQEEDNWRQKWCPKKKRDNKKKDKEGCPDCDNKQWDERTKERPDCPDEQWKDYHK,0.99997926,0.99997926,6,11791,595
EEEEDCDREKEYQEEDNWRQKWCPKKKRDNKKKDKEDCPDCDNKQWDERTKERPDCPDEQWKDYHK,0.99997914,0.99997914,6,11791,595
EEEEDCDYEKEYQEEGNPRRKHCPKKKRNNKKYDKEDCPDCDNKQWDERHKYRPDCPDEHWKDYHK,0.999979,0.999979,6,11791,595
EEEEDCDYESEYQEEGNPRRKWCPKKKRNNKKYDREDCPDCDNKQWDERHKERPDCPDEHWKSYHK,0.999979,0.999979,6,11791,595
EEEEDCDYEKEYQEEGNPRRKWCPKKKRNNKKYDREDCPDCDNKGWDERHKERKDCPDEHSKDYHK,0.9999788,0.9999788,6,11791,595
EDEEDCDYEKEYQEENNWRQKWCPKKKRNNKKYDKEDCPDCDNKKWDERTKERPDCPDEQWKDYHK,0.9999788,0.9999788,6,11791,595
EEEEDCDYEKEYQEEDNWRQKWCPKKKRDNKKKDKEDCPDCDNKQWDERTKERPDCPDEQWKDYHK,0.9999788,0.9999788,6,11791,595
EEEEDCDYEKEPQEENNNRQKWCPKKKRNNKKYDQEDCPDCDNKQWDERHKERPDCPDEQFKDYHK,0.99997866,0.99997866,6,11791,595
EDEEDCDYEKEYQEENNWRQKWCPKKKRNNKKYDKEDCPDCDNKQWDERTKERPDCPDEQWKDYHK,0.99997866,0.99997866,6,11791,595
EEEEDCDTEKEYQEERNWNRKWCPRKKRENKKYDKEDCPDCDNKQWDERTKEQPDCPDEQWKDYHK,0.99997866,0.99997866,6,11791,595
EEEEDCDYEKEYQEESNCRRKNCPKKKRPNKKYDKEDCPDCDNKQPDERTKERADCPDEQWKDYHK,0.99997866,0.99997866,6,11791,595
EDEEDCDYEKEYQEENKWRQKWCPKKKRNNKKWDKEDCPDCDNKQWDERTKERPDCPDEQWKDYHK,0.99997866,0.99997866,6,11791,595
EEEEDCDYEKEYQEENNWRQKWCDHKKRNNKKYDKEDCPDCDNKQWDERHKERPDCPDEQFKDYHK,0.99997854,0.99997854,6,11791,595
EEEEDCDPEKEYQEESNWRQKWCPKKKRDNKKKDKEDCPDCDNKQWDERTKERNDCPDEQWKDYHK,0.99997854,0.99997854,6,11791,595
EEEEDCDYEKEYQEENNWRRKWCPKEKRNNKKYEKEDCPDCDNKQWDERTKERPDCPDEQWKDYHK,0.99997854,0.99997854,6,11791,595
EEEEDCDYEKEYQEENNWRQKWCPKEKRNNKKYDKEDCPDCDNKQWDERTKERDDCPDEQWKDYHK,0.99997854,0.99997854,6,11791,595
EEEEDCDYEKEYQEESNCRRKNCPKKKRPNKKYDKEDCPDCDNKQWDERTKERADCPDEQWKDYHK,0.99997854,0.99997854,6,11791,595
EEEEDCDYEKEYQEENNWNRKWCPRKKRNNKKYDKEDCPDCDNKQWDERTKEQPDCPDEQWKDCHK,0.99997854,0.99997854,6,11791,595
EEEEDCDYEKEYQEENNDNRKWCPRKKRNNKKYDKEDCPDCDNKQWDERTKERPDCPDEQWKDYHK,0.99997854,0.99997854,6,11791,595
EEEEDCDPEKEYQEEDNWRQKWCPKKKRDNKKKDKEDCPDCDNNQWDERTKERPDCPDEQWKDYHK,0.99997854,0.99997854,6,11791,595
EKEEDCDYEKEYQEENNWRQKWCPKKKRNNKKWDKEDCPDCDNKQWDERTKERPDCPDEQWKDYHK,0.9999784,0.9999784,6,11791,595
KEEEDCDYEKEYQEENNWRRKWCPKKKRNNKKYDKEDCPDCDNKQWDERTKERPDCPDEQWKDYHK,0.9999784,0.9999784,6,11791,595
EEEEDCDYEKEYQEEGNPRRKWCPKKKRNNKKYRREDCPDCDNKGWDERHKERPDCPDEHWKDYHP,0.9999784,0.9999784,6,11791,595
EEEEDCDYEKEYQEESNCRRKWCPKKKRPNKKYDKEDCPDCDNKQWDERTKERADCPDEQWKDYHK,0.9999784,0.9999784,6,11791,595
EEEEDCDYEKEYQEENNWNRKWCPRKKRNNKKYDKEDCPDCDNKQWDERTKEQPDCPDEQWKDYHK,0.9999784,0.9999784,6,11791,595
EDEEDCDYEKEYQEENNWRQKWCPKKKRNNKKWDKEDCPDCDNKQWDERTKERPDCPDEQWKDYHK,0.9999784,0.9999784,6,11791,595
EEEEDCDYEKEYQEENNWARKWCPRKKRNNKKYDKEDCPDCDNKQWDERKKERPDCPDEQWKDYHK,0.9999783,0.9999783,6,11791,595
EEEEDCDYEKEYQEENNWRQKWCPKKKRDNKKKDKEDCPDCDNKQWDERTKERPDCPDEQWKDYHK,0.9999782,0.9999782,6,11791,595
EEEEDCDYEKEYQEENNWRQKWCPKKKRNNKKYDKEDCPDCDNKQWDERTKERSDCPDEQWKDYHK,0.9999782,0.9999782,6,11791,595
EEEEDCDYEKEYQEEGDCRRKWCPKKKRNNKKYDKEDCPDCDNKQWDERPKERPDCPDEHCKDYNK,0.999992,0.999992,7,13752,694
EEEEDCDYEKEYQEEGDCRRKWCPKKKRNNKKYDKEDCPDCDNKQWDERPKERPDCPDEQCKDYNK,0.9999913,0.9999913,7,13752,694
EEEEDCDYEKEYQEEGDCRRKWCPKKKRNNKKYKKEDCPDCDNKQWDERPKERPDCPDEQCKDYNK,0.99999106,0.99999106,7,13752,694
EEEEDCDYEKEYQEERNCRRKWCPKKKRNNKKNDEEDCPDCDNRDWDERHKERPDCPDEQWKDPRK,0.99999106,0.99999106,7,13752,694
EKEEDCDGEKEPQEEENPKRKWCPKKKRKEKKYDDEDCPDCDNKQWDERHKERPDCPDEQWKDYRK,0.99999094,0.99999094,7,13752,694
EEEDDCDEEEENQEEDQPRNKNCPKKKRNNKKYDKEDCPDCDNKQWDERTKERKDCPDEQWKDYHK,0.9999908,0.9999908,7,13752,694
EEEDDCDEEEEPQEEDQPRNKNCPKKKRNNKKYDKEDCPDCDNKQWDERTKERKDCPDEQWKDYHK,0.9999907,0.9999907,7,13752,694
EKEEDCDGEKEYQEEENPKRKWCPKKKRKNKKYDDEDCPNCDNNQWDKRHKERPDCPDEQCKDYRK,0.9999901,0.9999901,7,13752,694
EEEEDCDDEKEYQEEGDPRRKWCPKKKRNNKKYDKEDCPDCDNKQWDERPKERPDCPDEQCKDYNK,0.9999901,0.9999901,7,13752,694
EKEEDCDGEKEYQEEENPKRKWCPKKKRKNKKYDDEDCPDCDNKQWDERHKERPDCPDEHWKDYRK,0.99998975,0.99998975,7,13752,694
EEEEDCDYEKEYQEERNCRRKWCPKKKRNNKKNDEKDCPDCDNRDWDERHKERSDCPDEQWKDPRK,0.99998975,0.99998975,7,13752,694
EKEEDCDGEKEYQEEENPKRKWCPKKKRKNKKYDDEDCPNCDNKQWDKRHKERPDCPDEQCKDYRK,0.99998975,0.99998975,7,13752,694
EKEEDCDGEKEYQEEEQPKRKWCPKKKRKNKKYDDEDCPDCDNKQPDERHKERPDCPDEHWKDYRK,0.9999896,0.9999896,7,13752,694
EKEEDCDGEKEYQEEEQPKRKWCPKKKRKNKKYDDEDCPDCDNKQWDERHKERPDCPDEHWKDYRK,0.9999896,0.9999896,7,13752,694
EKEEDCDGEKEYQEEENCKRKWCPKKKRKNKKYDDEDCPNCDNKQWDERHKESPDCPDEQCKDYRK,0.9999895,0.9999895,7,13752,694
EEEDDCDEEEENQEEDQPRNKNCPKKKRNNKKYDKEDCPDCDNKQWDERTKERKDCPDEQWRDYHK,0.9999894,0.9999894,7,13752,694
EKEEDCDGEKEYQEEENPKRKWCPKKKRKNKKYDDEDCPNCDNKQWDKRHKERPDCPDDQCKDYRK,0.99998915,0.99998915,7,13752,694
EKEEDCDGEKEYQEEENPKRKWCPKKKRKNKKYDDEDCPDCDNKQWDERHKERPDCPDEQWKDYRK,0.99998903,0.99998903,7,13752,694
EEEEDCDYEKEYQEERNWRRKWCPKKKRNNKKNDWEDCPDCDNRDWDERHKERPDCPDEQWKDYRK,0.99998903,0.99998903,7,13752,694
EKEEDCDGEKEYQEEENPKRKWCPKKKRKEKKYDDEDCPDCDNKQWDERHKERPDCPDEQWKDYRK,0.99998903,0.99998903,7,13752,694
EKEEDCDGEKEYQEEENPKDKWCPKKKRKNKKYDDEDCPNCDNNQWDKRHKERPDCPDEQCKDYRK,0.9999889,0.9999889,7,13752,694
EKEEDCDGEKEYQEEENCKRKWCPKKKRKNKKYDDEDCTNCDNKQWDERHKESPDCPDEQCKDYRK,0.9999889,0.9999889,7,13752,694
EEEEDCDYEKEYQEEGNPRRKWCPKKKRNNKKYDKEDCPDCDNKQWDERPKERPDCPDEQCKDYNK,0.9999888,0.9999888,7,13752,694
EEEEDCDYEKEYQEEGDPRRKWCPKKKRNNKKYDKEDCPDCDNKSWDERPKERPDCPDEQCKDYNK,0.9999887,0.9999887,7,13752,694
EKEEDCDSEKEYQEEQNPKRKWCRKKKDKNKKYDDEDCPDCDNKDWDERHKERPDCPDEHWKDYRK,0.9999887,0.9999887,7,13752,694
EEEEDCDYEKEYQEEGNPRRKWCPKKKRNNKKYDKEDCPDCDNKQWDERPKEDPDCPDEQCKDYNK,0.9999887,0.9999887,7,13752,694
EEEEDCDYEKEYQEEGDPRRKWCPKKKRNNKKYDKEDCPDCDNKQWDERPKERPDCPDEQCKDYNK,0.9999887,0.9999887,7,13752,694
EEEEDCDDEKEYQEEGDPRRKWCPKKKRNNKKYDKEDCPRCDNKQWDERPKERPDCPDEQCKDYNK,0.9999887,0.9999887,7,13752,694
DEEEDCDYEKEYQEETDPRRKWCPKKKRNNKKYDKEDCPDCDNKSWDERPKERPDCPDEPCKDYNK,0.99998856,0.99998856,7,13752,694
EEEDDCDEEEENQEEDQPRNKNCPKKKRNNKKYDKEDCPDCDNKQWDERTKERPDCPDEQWKDYHK,0.99998856,0.99998856,7,13752,694
EKEEDCDGEKEYQEEENPKRKWCPKKKRKNKKWDDEDCPNCDNKQWDERHKERPDCPDEQCKDYRK,0.99998844,0.99998844,7,13752,694
EKEEDCDGEKEYQEEENCKRKWCPKKKRKNKKYDDEDCPNCDNMQWDERHKESPDCPDEQCKDYRK,0.9999882,0.9999882,7,13752,694
EEEEDCDYEKEYQEERNWRRKWCPKKKRNNKKNDEEDCPDCDNRDWDERHKERPDCPDEQWKDYRK,0.9999882,0.9999882,7,13752,694
EEEEDCDDEKEYQEEGDPRGKWCPKKKRNNKKYDKEDCPDCDNKQWDERPKERPDCPDEQCKDYNK,0.9999882,0.9999882,7,13752,694
EKEEDCDGEKEYQEEENPKRKWCPKKKRKNKKYDDEDCPNCDNKQWDERHKERPDCPDEQCKDYRK,0.9999881,0.9999881,7,13752,694
EEEDDCDEEEENQEEDHPRNKNCPKKKRNNKKYDKENCPDCDNKQWDERTKERKDCPDEQWKDYHK,0.99998796,0.99998796,7,13752,694
DKEEDCDGEKEYKEEENPKRKWCPKKKRKNKKYDDEDCPNCDNKQWDKRHKERPDCPDEQCKDYRK,0.99998796,0.99998796,7,13752,694
EKEEDCDGEKEYQEEQNPKRKWCRKKKDKNKKYDDEDCPDCDNKDWDERHKERPDCPDEHWKDYRK,0.99998796,0.99998796,7,13752,694
DEEEDCDYEKEYQEEGDPRRKWCPKKKRNNKKYDKEDCPDCDNKSWDERPKERPDCPDEQCKDYNK,0.99998796,0.99998796,7,13752,694
EEEEDCDYEKEYQEERRDRRKWCPKKKRNNKKNDEEDCEDCDNKDWDERHKERPDCPDEPWKDYRK,0.99998796,0.99998796,7,13752,694
EEEEDCDYEKEYQEEGNPRRKWCHKKKRNNKKYDKEDCPDCDNKQWDERPKERPDCPDEQCKDYNK,0.99998796,0.99998796,7,13752,694
EKEEDCDGEKEYQEEENPKRKWCPKKKRKNKKYDDEDCPNCDQKQWDERHKERPDCPDEQCKDYRK,0.99998784,0.99998784,7,13752,694
EEEDDCDEEEENQEEGNPRNKNCPKKKKNNKKYDKEDCPDCDNKQWDERTKERPDCDDEQWKDYYK,0.99998784,0.99998784,7,13752,694
EKEEDCDGEKEDQEEENPKRKWCPKKKRKEKKYDDEDCPDCDNKQWDERHKERPDCPDEQWKDYRK,0.9999877,0.9999877,7,13752,694
EEEEDCDDEKEYQEEGDPRRKWCPKKKRNNKKYDGEDCPDCDNKQWDERPKERPDCPDEQCKDYNK,0.9999877,0.9999877,7,13752,694
EKEEDCDGNKEYQEEENCKRKWCPKKKRKNKKYDDEDCPNCDNMQWDERHKESPDCPDEQCKDYRK,0.9999877,0.9999877,7,13752,694
EKEEDCDGEKEYQEEENCKRKWCPKKKRKNKKYDDEDCPNCDNKQWDSRHKESPDCPDEQCKDYRK,0.9999877,0.9999877,7,13752,694
EREEDCDGEKEYQEEENPKRKWCPKKKRKNKKYDDEDCPDCDNKQWDERHKERPDCPDEQWKDYRK,0.9999877,0.9999877,7,13752,694
EEEEDCDYEKEYQEERRDRRKWCPKKKRNNKKNDEEDCPDCDNKDWDERHKERPDCPDEPWKDYRK,0.9999877,0.9999877,7,13752,694
EKEEDCDGEKEYQEEENCKRTWCPKKKRKNKKYDDEDCPNCDNKQWDERHKESRDCPDEQCKDYRK,0.9999876,0.9999876,7,13752,694
EEEDDCDEEEENQEEGQPRNKNCPKKKRNNKKYDKEDCPDCDNHQWDERTKERPDCPDEQWKDYHK,0.9999876,0.9999876,7,13752,694
EEEDDCDEEEENQEEDQPRNKNCPKKKRNNKKYDKEDCPDCDNKQWDERDKERNDCPDEQWKDYHK,0.9999876,0.9999876,7,13752,694
EEEEDCDYEKEYQEERNDRRKWCPKKKRNNKKNDEEDCPDCDNKDWDERHKERPDCPDEPWKDYRK,0.9999876,0.9999876,7,13752,694
EEEEDCDYGKEYQEERNCRRKWCPKKKRNNKKNDEKDCPDCDNRDWDERHKERSDCPDEQWKDPRK,0.9999876,0.9999876,7,13752,694
EEEEDCDYEKEYQEEGNPRHKWCPKKKRNNKKYDKEDCPDCDNKQWDERPKERPDCPDEQCKDYNK,0.9999876,0.9999876,7,13752,694
EKEEDCDGEKEYQEEENCKRKWCPKKKRKNKKYDSEDCTNCDNKQWDERHKESPDCPDEQCKDYRK,0.9999876,0.9999876,7,13752,694
EREEDCDGEKEYQEEENPKRKWCPKRKRKNKKPDDEDCPDCDNKQWDERHKERPDCPDESWKDYRK,0.9999876,0.9999876,7,13752,694
EEEEDCDYEKEYQEERNWRRKWCPKKKRNNKKNDEEDCPDCDNKDWDERHKERPDCPDEQWKDYRK,0.9999876,0.9999876,7,13752,694
EEEEDCDYESEYQEERNWRRKWCPKKKRNNKKNDWEDCPDCDNRDWDERHKERPDCPDEQWKDYRK,0.9999876,0.9999876,7,13752,694
EEEEDCDYEKEYQEERNPRRKWCPKKKRRNKKYDSEDCDDCDNKQWDERHKERPDCPDRQWKDYRK,0.9999876,0.9999876,7,13752,694
EEEEDCDYEKEYQEEGDPRRKWCHKKKRNNKKYDKEDCPDCDNKQWDERPKEEPDCPDEQCKDYNK,0.9999875,0.9999875,7,13752,694
EQEEDCDYEKEYQEERNWRRKWCPKKKRKNKKNDEEDCPDCDNKDWDERHKERPDCPDEQWKDYRK,0.9999875,0.9999875,7,13752,694
EEEEDCDYEKDYQEERNDRRKWCPKKKRNNKKNDEEDCPDCDNKDWDERHKERPDCPDEPWKDYRK,0.9999875,0.9999875,7,13752,694
EREEDCDGEKETQEEENPKRKWCPKKKRKNKKYDDEDCPDCDNKKWDNRHKERPDCPDEQWKDYRK,0.9999875,0.9999875,7,13752,694
EEEDDCDEEEENQEEGNPRNKNCPKKKRNNKKYDKEDCPDCDNKQWDERTKEKPDCPDEQWKDYHK,0.9999875,0.9999875,7,13752,694
EEEEDCDYEKEYQEEGNPRRKWCPKKKRNNKKYDKEDCPDCDNKQNDERPKERPDCPDEQCKDYNK,0.9999875,0.9999875,7,13752,694
EEEEDCDYEKEYQEEGDPRRKWCPKKKRNNKKYDKEDCPDCDNKQWDERPKERPDCSDEQCKDYNK,0.99998736,0.99998736,7,13752,694
EEEEDCDYEKEYQEERNWRRKWCPKKKRNNRKNDEEDCPDCDNKDWDERHKERPDCPDEQWKDYRK,0.99998736,0.99998736,7,13752,694
EEEEDCDYEKEYQEEGNPRRKGCPKKKRNNKKYDKEDCPDCDNKQWDERPKEDPDCPDEQCKDYNK,0.99998736,0.99998736,7,13752,694
EEEEDCDYEKEYQEERRDRRDWCPKKKRNNKKNDEEDCPDCDNKDWDERHKERPDCPDEPWKDYRK,0.99998724,0.99998724,7,13752,694
EKEEDCDGEKEYQEEENPKRKWCPKKKRKNKKQDDEDCPNCDNKQWDERHKERPDCPDEQCKDYRK,0.99998724,0.99998724,7,13752,694
EEEEDCDEEKEYQEEGNPRRKWCPKKKRNNKKYDKEDCPDCDNKQNDERPKDRPDCPDEQCKDYNK,0.99998724,0.99998724,7,13752,694
EEEDDCDEEEENQEEGQPRNKNCPKKKRNNKKYDKEDCPDCDNKQWDERTKERPDCPDEQWKDYHK,0.99998724,0.99998724,7,13752,694
EEEDDCDEEEENQEEGNPRNKNCPKKKRNNKKYDKEDCPDCDNKQWDERTKERPDCPDEQWKDYHK,0.99998724,0.99998724,7,13752,694
EEEEDCDYEKEYQEEGNPRRKWCPKKKRNNKKYDKEDCPDCDNKQWKERPKENPDCPDEQCKDYNK,0.99998724,0.99998724,7,13752,694
EKEEDCDGEKEYQEEENCKRKWCPKKKRKNKKYDDEGCPNCDNMQWDERHKESPDCPDEQCKDYRK,0.9999871,0.9999871,7,13752,694
EKEEDCDGEKEYQEEEKPKRKWCPKKKNKNKKYDDEDCPNCDNNQWDKRHKERPDCPDEQCKDYRK,0.9999871,0.9999871,7,13752,694
EEDEDCDYEKEYQEERNPRRKWCPKKKRRNKKYDSEDCDDCDNKQWDERHKERPDCPDRQWKDYRK,0.999987,0.999987,7,13752,694
EKEEDCDGEKEYQHEENPKRKWCPKKKRKNKKYDDEDCPDCDNKQWDERHKKRPDCPDEQWKDYRK,0.999987,0.999987,7,13752,694
EEEEDCDYEKEYQEERRDRRKWCPKKKRNNKKNDEEDCPDCDNKDYDERHKERPDCPDEPWKDYRK,0.999987,0.999987,7,13752,694
EKEEDCDGEKEYQHEENPKRKWCPKKKRKNKKYDDEDCPDCDNKQWDERHKERPDCPDEQWKDYRK,0.999987,0.999987,7,13752,694
EEEEDCDYEKEYQEERNPRRKWCHKKKRRNKKYDSEDCDDCDNKQWDERHKERPDCPDRQWKDYRK,0.9999869,0.9999869,7,13752,694
EEEEDCDDEKEYQEEGDPRRKWCPKKKRNNKKYDKEDCPRCDNKQWDERPKERPDCTDEQCKDYNK,0.99998677,0.99998677,7,13752,694
EREEDCDGEKEYQEEENPKRKWCPKRKRKNKKYDDEDCPDCDNKQWDERHKERPDCPDESWKDYRK,0.99998677,0.99998677,7,13752,694
EKEEDCDGEKEDQEEENPKRKWCHKKKRKEKKYDDEDCPDCDNKQWDERHKERPDCPDEQWKDYRK,0.99998677,0.99998677,7,13752,694
EKEEDCDGEKEYQHEENPKRDWCPKKKRKNKKYDDEDCPDCDNKQWDERHKKRPDCPDEQWKDYRK,0.99998677,0.99998677,7,13752,694
EEEDDCDEEEENQEEGQCRNKNCPKKKRNNKKYDKEFCPDCSNKQWDERTKERPDCPDEQWKDYHK,0.99998665,0.99998665,7,13752,694
EKEEDCDGEKEDQEEENPKRKWCPKKKRKEKKYDDEDCPDCDNKQWDERHKERPDCPDQQWKDYRK,0.99998665,0.99998665,7,13752,694
EKEEDCDGEKEYQEEENPKRKWCPKKKRKNKKYDDEDCPNCDNTQWDERHKERPDCPDEQCKDYRK,0.99998665,0.99998665,7,13752,694
EKEEDCDGEKEYQHEENPKRDWCPKKKRKNKKYDDEDCPDCDNKQWDERHKERPDCPDEQWKDYRK,0.99998665,0.99998665,7,13752,694
EKEEDCDGNKEYQEEENCKRKWCPKKKRKNKKYDDEDCPNCDNMQWDERKKESPDCPDEQCKDYRK,0.9999865,0.9999865,7,13752,694
EEEEDCDYEKEYQEERNWRRKWCPKKKRNNKKNDWEDCPDCDNRDWDERHKERPDCPDSQWKDYRK,0.9999865,0.9999865,7,13752,694
EEEEDCDYEKEYQEERNDKRKWCPKKKRNNKKNDEEDCPDCDNKDWNERHKERPDCPDEPWKDYRK,0.9999864,0.9999864,7,13752,694
EKEEDCDGEKEYQEEENPKRKWCPKKKRKNKKYDDEDCPNCDNKQWDERSKERPDCPDEQCKDYRK,0.9999864,0.9999864,7,13752,694
EEEEDCDYEKEYQEERNDRREWCPKKKRNNKKNDEEDCPDCDNKDWNERHKERPDCPDEPWKDYRK,0.9999864,0.9999864,7,13752,694
EREEDCDGEKEYQEEENPKRKWCPKRKRKNKKPDDEDCPDCDNHQWDERHKERPDCPDESWKDYRK,0.9999863,0.9999863,7,13752,694
EKKEDCDGEKEDQEEENPKRKWCPKKKRKEKKYDDEDCPDCDNKQWDERHKERPDCPDEQWKDYRK,0.9999863,0.9999863,7,13752,694
EEEDDCDEEEENQEDDQPRNKNCPKKKRNNKKYDKEDCPDCWNKQWDERTKERKDCPDEQWKDYHK,0.9999863,0.9999863,7,13752,694
EKEQDCDGEKEYQEEEQPKRKWCPKKKRKNKKYDDEDCPDCDNKQWDERHKERPDCPDEHWKDYRK,0.9999863,0.9999863,7,13752,694
EKEEDCDDEDEPQEEENPKRKNCRKKKRKEKKRDDEMCPDCDDKQWDERHKKRPDCEDEQWKDYDK,0.999997,0.999997,8,15715,793
EKEEDCDDEDEPQEEENPKRKNCPKKKRKEKKRDDEMCPDCDDKQWDERHKKRPDCEDERWKDYDK,0.9999969,0.9999969,8,15715,793
EKEEDCDDEDEPQEEENPKRKWCKKKKRKEKKYDDEDCPDCDNKQHDERHKKRPDCTDEQWKDYDK,0.9999964,0.9999964,8,15715,793
EKEEDCDDEDEPQEEENPKRKNCPKEKRKEKKRDDEMCPDCDDKQWDERHKKRPDCEDERWKDYDK,0.9999962,0.9999962,8,15715,793
EKEEDCDDEDEPQEEENPKRKNCPKKKRKEKKRDDEMCPDCDDKQWDERHKKRPDCEDEQWKDYDK,0.9999962,0.9999962,8,15715,793
EKEEDCDDEDEPQEEENPKRKDCKKKKRKHKKYDDEDCPDCDNKQHDERHKKRPDCTDEQWKDYDK,0.9999958,0.9999958,8,15715,793
EKEEDCDDEDEPQEEENPKRKWCKKKKRKHKKYDDEDCPDCDNKQHDERHKKRPDCTDEQWKDYDK,0.9999957,0.9999957,8,15715,793
EKEEDCDDEDEPQEEENCKRKWCPKKKRKEKKYDDETCPDCDNKQWDERHKKRPDCTDEQWKDYDK,0.9999957,0.9999957,8,15715,793
EKEEDCDDEDEPQEEENPKRKNCPKKKRKEKKRDDEHCPDCDDKQWDERHKKRPDCTDEQWKEYDK,0.9999956,0.9999956,8,15715,793
EKEEDCDDEDEPQEEENPKRKNCPKKKRKEKKRDDERCPDCDDKQWDERHKKRPDCTDEQWKDYDK,0.99999535,0.99999535,8,15715,793
EKEEDCDDEDEPQEEENPKRKNCPKKKRKEKKRDDEHCPDCDDKQWDERHKKRPDCTDEQWKDYDK,0.99999535,0.99999535,8,15715,793
EKEEDCDDEDEPQEEENCKRKWCPKKKRKEKKYDDETCPDCDNKQWDERHKKRPDCTDEQWKDYDR,0.9999951,0.9999951,8,15715,793
EKEEDCDDEDEPQEEENPKRKNCHKKKRKEKKRDDERCPDCDDKQWDERHKKRPDCTDEQWKDYDK,0.9999951,0.9999951,8,15715,793
EKEEDCDDEDEPQEEENPKRKWCPKKKRKEKKYDKEQCPDCDNKQWDERHKKRPDCTDEQWKDYDK,0.999995,0.999995,8,15715,793
EKEEDCDDEDEPQEEENPKRKWCPKKKRKEKKYDDEDCPDCDNKQHDERHKKRPDCTDEQWKDYDK,0.999995,0.999995,8,15715,793
EKEEDCDDEDEFQEEENPHRKHCRKKKRKEKKRDDERCPDCDDKQWDERHKKRPDCTDEQWKDYDK,0.999995,0.999995,8,15715,793
EKEEDCDDEDEPQEEENPKRKWCPKKKRKEKKYDDERCPDCDDKQWDERHKKRPDCTDEQWKDYDK,0.99999475,0.99999475,8,15715,793
EKEEDCDDEDEPQEEENPKRKWCPKKKRKEKKYDDETCPDCDNKEWDERHKKRPDCTDEQWKDYDK,0.99999475,0.99999475,8,15715,793
EKEEDCDDEDEPQEEENPKRKWCPKKKRKEKKYDDEHCPDCDNKQWDERHKKRPDCTDEQWKDWDK,0.99999475,0.99999475,8,15715,793
EKEEDCDDEDEPQEEENPKRKWCPKKKRKEKKYDDEHCPDCDNKQWDERHKKRPDCTDEQWKDYKK,0.99999475,0.99999475,8,15715,793
EKEEDCDDEDEPQEEENPKRKNCPKKKRKEKKRDDEMCPDCDDKQWDERHKKRPDCTDEQWKDYDK,0.99999464,0.99999464,8,15715,793
EKEEDCDDEDEPQEEENPKRKWCPKKKRKEKKYDDEHCPDCDNKQWDERHKKRPDCTDEQWKDYDK,0.99999464,0.99999464,8,15715,793
EKEEDCDDEDEPQEEENPKRKWCPKKKRKEKKYDKDQCPDCDNKQWDERHKKRPDCTDEQWKDYDK,0.99999464,0.99999464,8,15715,793
EKEEDCDDEDEPQEEENPHRKNCPKKKRKEKKRDDERCPDCDDKQWDERHKKRPDCTDEQWKDYDK,0.99999464,0.99999464,8,15715,793
EKEEDCDDEDEPQEEENPKRKWCPKKKRKEKKYDDERCPDCDNKQWDERHKKRPDCTDEQWKDYDK,0.99999464,0.99999464,8,15715,793
EKEEDCDDEDEPQEEENPKRKWCPKKKRKEKKYEDEHCPDCDNKDWDERHKKRPDCTDEQWKDYKK,0.99999464,0.99999464,8,15715,793
EKKEDCDDEDEPQEEENCKRKWCPKKKRKEKKYDDETCPDCDNKQWDERHKKRPDCTDEQWKDYDR,0.9999945,0.9999945,8,15715,793
EKEEDCDDGDEPQEEENPKRKWCPKKKRKEKKYDDERCPDCDDRKWDERHKKRPDCTDEQWKDYDK,0.9999945,0.9999945,8,15715,793
EKEEDCDDEDEPQEEENPKRKWCPKKKRKEKKYDDESCPDCDNKQWDERHKKRPDCTDEQWKDYKK,0.9999945,0.9999945,8,15715,793
EKEEDCDDEDEPQEEENPKRKWCPKKKRKEKKYDDEHCPDCDNKQWDERHKKRPDCTDEQWKDYRK,0.9999945,0.9999945,8,15715,793
EKEEDCDDEKEPQEEENPKRKWCPKKKRKEKKYDDEDCPDCDNKKPDERHKERPDCPDEQWKDYRK,0.9999945,0.9999945,8,15715,793
EKEEDCDDEDEPQEEENPKRKNCPKKKRKEKKRDDELCPDCDDKQWDERHKKRPDCTDEQWKDYDK,0.9999944,0.9999944,8,15715,793
EKEEDCDDEDEPQEEENPKRKWCPKKKRKEKKYDDETCGDCDNKEWDERHKKRPDCTDEQWKDYDK,0.9999944,0.9999944,8,15715,793
EKEEDCDDEKEPQEEENPKRKWCPKKKRKEKKYDDETCPDCDNKRWDERHKKRPDCPDEQWKDYDK,0.9999944,0.9999944,8,15715,793
EKEEDCDDEDEPQEEEDPKRKWCPKKKRKEKKYDDERCPDCDNKQHKERHKKRPDCTDEQWKDYDK,0.9999944,0.9999944,8,15715,793
EKEEDCDDEDEPQEEENCKKKWCPKKKRKHKKYDDETCPDCDNKQWDERHKKRPDCTDEQWKDYDR,0.9999944,0.9999944,8,15715,793
EKEEDCDDEDEPQDEENPKRKWCPKKKRKEKKYDDEHCKDCDNKQWDERHKKRPDCTDEQWKDYDK,0.9999944,0.9999944,8,15715,793
EKEEDCDDEDEPQEEENPKRKWCPKKKRKEKKYDDETCPDCDNKQWDERHKKRPDCTDEQWKDYDK,0.9999944,0.9999944,8,15715,793
EKEEDCDDGDEPQEEENPKRKWCPKKKRKEKKYDDERCPDCDDKKWDERHKKRPDCTDEQWKDYDK,0.9999944,0.9999944,8,15715,793
EKEEDCDDEDEPQEEENPKRKWCPKKKRKEKKYDDERCPDCDNKQHDERHKKRPDCTDEQWKDYDK,0.9999944,0.9999944,8,15715,793
EKEEDCDDGDEPQEEENPKRKWCPKKKRKEKKYDDERCLDCDDKKWDERHKKRPDCKDEQWKDYDK,0.9999943,0.9999943,8,15715,793
EKEEDCDDEDEPQEHENCKRKWCPKKKRKEKKYDDETCPDCDDKQWDERHKKRPDCTDEQWKDYDK,0.9999943,0.9999943,8,15715,793
EKEEDCDDEDEPQEHENCKRKWCPKKKRKEKKYDDETCPDCDNKQWDERHKKRPDCTDEQWKDYDK,0.9999943,0.9999943,8,15715,793
EKEEDCDDEDEPQEEENPKRKWCPKKKRKEKKYDDEHCPDCDNKQWDERYKKRPDCTDEQWKDYKK,0.9999943,0.9999943,8,15715,793
EKEEDCDDGDEPQEEENPKRKWCPKKKRKEKKYDDERCPDCDDRKWDERHKKRPDCTDEQWKDYRK,0.9999943,0.9999943,8,15715,793
EKEEDCDDEDEPCEEENCKRKWCPKKKRKEKKYDDETCPDCDNKQWDERHKKRNDCTDEQWKDYDK,0.9999943,0.9999943,8,15715,793
EKEEDCDDEDEPQDEENPKRKWCPKKKRKEKKYDDEHCKDCDNKQWDNRHKKRPDCTDEQWKDYDK,0.9999943,0.9999943,8,15715,793
EKEEDCDDEDEPQEEENPKRKWCPKKKRKEKKYEDEHCPDCDNKQWDERHKKRPDCTDEQWKDYKK,0.99999416,0.99999416,8,15715,793
EKEEDCDDEDEPQEEENNKRKWCPKKKRKEKKYDDEHCPDCDNKQWDERHKKRPDCTDEQWKDYDK,0.99999416,0.99999416,8,15715,793
EKEEDCDDEDEYQEEENPKRKNCPKKKRKEKKRDDERCPDCDDKQWDERHKKRPDCTDEQWKDNDK,0.99999416,0.99999416,8,15715,793
EKEEDCDDEKEPQEEENPKRKWCPKKKRKEKKYDDEDCPDCDNKKYDERHKERPDCPDEQWKDYRK,0.99999404,0.99999404,8,15715,793
EKEEDCDDEDEPQEEENPKRKWCPKKKRKEKKYDDEHCHDCDNKQWDERHKKRPDCTDEQWKDYKK,0.99999404,0.99999404,8,15715,793
EKEEDCDDEDEPQEEENPKRKWCPKKKRKEKKYDDEHCPDCDNKQWDERHKKRPNCTDEQWKDYDK,0.99999404,0.99999404,8,15715,793
EKEEDCDDEDEPQEEENDKRKWCPKKKRKEKKYDDEHCPDCDNKQWDERHKKRPDCTDEQWKDYKK,0.99999404,0.99999404,8,15715,793
EKEEDCDDGDEPQEEENPKRKWCPKKKRKEKKYDDERCPQCDDRKWDERHKKRPDCTDEQWKDYDK,0.9999939,0.9999939,8,15715,793
EQEEDCDDEDEPQEEENPKRKWCPKKKRKEKKYDDERCPDCDNKQWDERHKKRPDCTDEQWKDYDK,0.9999939,0.9999939,8,15715,793
EKEEDCDDEDEPQENENPKRKWCPKKKRKEKKYDDEHCPDCDNKQWDERHKKRPDCTDEQWKDYDK,0.9999939,0.9999939,8,15715,793
EKEEDCDDEDEPQEEENPKRKWCPKKKRKEKKYDKDQCPDCDNKQWDERHKKDPDCTDEQWKDYDK,0.9999939,0.9999939,8,15715,793
EKEEDCDDGDEPQEEENDKRKWCPKKKRKEKKYDDERCPDCDDKKWDERHKKRPDCTDEQWKDYDK,0.9999939,0.9999939,8,15715,793
EKEEDCDDEDEPQEEENPKRKWCPKKKRKEKKYGDEHCPDCDNKQWDERHKKRPDCTDEQWKDWDK,0.9999939,0.9999939,8,15715,793
EKEEDCDDEDEPQEEENPKRKWCPKKKRKEKKYDDEFCPDCDNKQWDERHKKRPDCTDEQWKDYDK,0.9999939,0.9999939,8,15715,793
EKEEDCDDEDEPQEEENPKRKWCPKKKRKEKKYDDEDCPDCDNKQHDERHKKRPDCTYEQWKDYDK,0.9999939,0.9999939,8,15715,793
EKEEDCDDEDEPQEEENPKRKWCPKKKRKEKKYDKEQCPDCDNKQWDERHKKRPDCTDEQNKDYDK,0.9999938,0.9999938,8,15715,793
EKEEDCDDEDEPQEEENPKRKNCPKKKRKMKKRDDEMCPDCDDKQWDERHKKRPDCEDEQWKDYDK,0.9999938,0.9999938,8,15715,793
EKEEDCDDENEPQEEEQPEHKWCPKKKRKEKKYDDETCPDCDNKQWDERHKKRKDCPDEQWKDYDK,0.9999938,0.9999938,8,15715,793
EKEEDCDDEDEPQDEENPKRKWCPKKKRKEKKYDDEHCKDCDNKQDDERHKKRPDCTDEQWKDYDK,0.9999938,0.9999938,8,15715,793
EKEEDCDDEKEPQEEENPKRKWCPKKKRKEKKYYDEDCPDCDNKQWEERHKKKPDCPDEQWKDYRK,0.9999938,0.9999938,8,15715,793
EKEEDCDDEDEWQEEENPKRKNCPKKKRKEKKRDDEMCPDCDDKQWDERHKKRPDCTDEQWKDYDK,0.9999938,0.9999938,8,15715,793
EKEEDCDDESEPQEEENPKRKWCPKKKRKEKKYDDEDCPDCDNPKYDERHKERPDCPDEQWKDYRK,0.9999938,0.9999938,8,15715,793
EKKEDCDDGDEPQEEENPKRKWCPKKKRKEKKYDDERCPDCDDKKWDERHKKRPDCTDEQWKDYDK,0.9999937,0.9999937,8,15715,793
EKEEDCDDEDEPQEEENPKRKWCPKKKRKEKKYDKEQCKDCDNKQWDERHKKRPDCTDEQNKDYDK,0.9999937,0.9999937,8,15715,793
EKEEDCDDEDEPQEEENPKRKWCPKKKRKEKKYDDETCHDCDNKQWDERHKKRPDCTDEQWKDYDK,0.9999937,0.9999937,8,15715,793
EKEEDCDDEDEPQDEENPKRKWCPKKKRKEKKYDDEHCKDCDNKQWDERHKKRPDCTDEGWKDYDK,0.9999937,0.9999937,8,15715,793
EKEEDCDDEDEPQEEENPKRKWCPKKKRKEKKYDDEDCPDCDNKQQDERHKKRPDCTYEQWKDYDK,0.9999937,0.9999937,8,15715,793
EKEEDCDDEDEPQEEENPKRKWCPKKKRKEKKEDDEHCPDCDNKQWDERHKKRPDCTDEQWKDYDK,0.9999937,0.9999937,8,15715,793
EKEEDCDDEDEPQEEENCKRKWCPKKKRKEKKYDDETCPDCDNKQWDERHKKRPDCTDWQWKDYDK,0.9999937,0.9999937,8,15715,793
EKEEDCDDEDEPQEEENPDRKWCPKKKRKEKKYDDETCPDCDNKQWDERHKKRPDCTDEQWKDYDK,0.9999937,0.9999937,8,15715,793
EKEEDCDDEDEPCEEENCKRKWCPKKKRKEKKYDDETCPDCDNKQRDERHKKRNDCTDEQWKDYDK,0.9999937,0.9999937,8,15715,793
EKEEDCDDEDEPQEEENPKRKWCPKKKRKEKKYDDERCPDCNNKQWDERHKKRPDCTDEQWKDYDK,0.9999937,0.9999937,8,15715,793
EKEEDCDDEDEPQEEENPKRKWCPKKKRKEKKYDDEHCPDCDNKQDDERHKKRPDCTDEQWKDYRK,0.9999937,0.9999937,8,15715,793
EKEEDCDDEKEPQEEENPKRKWCPKKKRKEKKYYDEDCPDCDNKQWDERHKKKPDCPDEQWKDYRK,0.99999356,0.99999356,8,15715,793
EKEEDCDDEKEPAEEENPKRKWCPKKKRKEKKYDDEDCPDCDNKKPDERHKERPDCPDEQWKDYRK,0.99999356,0.99999356,8,15715,793
EKEEDCDDEKEPQEEENPKRKWCPKKKRKEKKYDDERCPDCDNKQWDERHKKRPDCPDEQWKDYDK,0.99999356,0.99999356,8,15715,793
EKEEDCDHEDEPQEEENCKRKWCPKKKRKEKKYDDETCPDCDNKQWDERHKKRPDCTDEQWKDYDK,0.99999356,0.99999356,8,15715,793
EKEEDCDDEDEPQEEENPKRKWCPKKKRKEKKYDDERCPDCDNKTWDERHKKRPDCTDEQWKDYDK,0.99999356,0.99999356,8,15715,793
EKEEDCDDEDEPQEEENPKRKWCPKKKRKEKKYDDEHCPDCDNKQWDERHKKRPTCPDEQWKDYDK,0.99999356,0.99999356,8,15715,793
EKEEDCDDEDEPQEEENHKRKWCPKKKRKEKKEDDEHCPDCDNKQWDERHKKRPDCTDEQWKDYDK,0.99999356,0.99999356,8,15715,793
EKEEDCDDEDEPYEEENPKRKWCPKKKRKEKKYDDERCPDCDNKQWDERHKKRPDCTDEQWKDYDK,0.99999356,0.99999356,8,15715,793
EKEEDCDDEDEPQEEEKPKRKWCPKKKREEKKYDDETCPDCDNKQWDERHKKRPDCTDEQWKDYDK,0.99999344,0.99999344,8,15715,793
EKEEDCDCEDEPQEEENPKRKNCPKKKRKEKKRDDEMCPDCDDKQWDERHKKRPDCEDNRWKDYDK,0.99999344,0.99999344,8,15715,793
EKEEDCDDEDEPQEEENPKRKWCPKKKRKEKKYDDEHCPDCDNKQWDERHKKPPDCTDEQWKDWDK,0.99999344,0.99999344,8,15715,793
EKEEDCDDESEPQEEENPKRKWCPKKKRKEKKYDDEDCPDCDNPKYDERHKPRPDCPDEQWKDYRK,0.99999344,0.99999344,8,15715,793
EKEEDCDDEDEPQEEENPKRKNCRKKKYKEKKRDDEMCPDCDDKQWDQRHKKRPDCEDRQWKDYDK,0.99999344,0.99999344,8,15715,793
EQEEDCDDEKEPQEEENPKRKWCPKKKRKQKKYDDETCPDCDNKQWEERHKKRPDCPDEDWKDYDK,0.99999344,0.99999344,8,15715,793
EKEEDCDDEDEPADEENPKRKWCPKKKRKEKKYDDEHCKDCDNKQWDERHKKRPDCTDEQWKDYDK,0.99999344,0.99999344,8,15715,793
EKEEDCDDEKEPQEEENPKRKWCPKKKRKEKKYDDEDCPDCDNKQWDERHKERPDCPDEQWKDYRK,0.9999933,0.9999933,8,15715,793
EKEEDCDDENEPPEEKQPEHKWCPKKKRKEKKYDDETCPDCDNKQWDERHKKRKDCPDEQWKDYDK,0.9999933,0.9999933,8,15715,793
EKEEDCDDEKEPQEEENPKRKWCPKKKRKEKKYDDETCPDCDNKQWDERHKKRPDCPDEQWKDYDK,0.9999933,0.9999933,8,15715,793
EKEEDCDDEDEPYEEENPKRKWCPKKKRKEKKYDDETCPDCDNKQWDERHKKRPDCTDEQWKDYDK,0.9999933,0.9999933,8,15715,793
EKEEDCDDEDEPQEEENCKKKKCTKKKRKKKKPDDEGCPDCDNKQWDPKHKKRPDCDDEQWKDYDK,0.99999785,0.99999785,9,17678,892
EKEEDCDDEDEPQEEENCKRKWCKKKKRKEKKPDDEGCPDCDNKQWDERHKKRPDCDDEYWKDYDK,0.99999774,0.99999774,9,17678,892
EKEEDCDDEDEPQEEENCKRKWCKKKKRKEKKPDDEGCPDCDNKQWDERHKKRPDCDDEYWKDYRK,0.9999976,0.9999976,9,17678,892
EKEEDCDDEDEPQPEENCKRKWCKKKRRKEKKPDDEGCPDCDNKQWDERHKKRRDCDDEYWKDYDK,0.9999976,0.9999976,9,17678,892
EKEEDCDDEDEPQEEENCKRKWCKKKKRKEKKPDDEECPDCDNKQWDERHKKRPDCEDETWKDYPK,0.9999976,0.9999976,9,17678,892
EKEEDCDDEDEPQEEENCKRKWCKKKKRKEKKPDDEGCPDCDNKQWDERHKKRPDCDDETWKDYDK,0.9999976,0.9999976,9,17678,892
EKEEDCDDEDEPQEEENCKRKKCPKKKRKEKKHDYEGCADCDEKRWDERHKKRRDCDDEEWKDQDK,0.9999976,0.9999976,9,17678,892
EKEEDCDDEDEPQEEENCKRKWCKKKRRKEKKPDDEGCPDCDNKQWDERHKKRPDCDDEYWKDYDK,0.9999976,0.9999976,9,17678,892
EKEEDCDDEDEPQEEENCKKKKCPKKKRKEKKPDDEGCPDCDNKQWDERHKKRPDCDDEQWKDYDK,0.9999975,0.9999975,9,17678,892
EKEEDCDDEDEPQEEENCKRKWCKKKKRKEKKPDDEGCPDCDNKQWDERHKKRPDCEDETWKDYPK,0.9999975,0.9999975,9,17678,892
EKEEDCDDEDEPQEEENCKRKWCPKKKRKEKKPDDEGCPDCDNKRWDERHKKRPDCDDKQPKDYDK,0.9999975,0.9999975,9,17678,892
EKEEDCDDEDEPQEEENCKRKWCPKKKRKEKKHDYEGCPDCDNKRWDERHKKRRDCDDEQWKDQDK,0.9999975,0.9999975,9,17678,892
EKEEDCDDEDEPGEEENCKRKWCKKKKRKEKKPDDEGCPDCDNKQWDERHKKRPDCDDENWKDYPK,0.9999975,0.9999975,9,17678,892
EKEEDCDDEDEPDEEENCKRKWCKKNKRKEKKPDDEGCPDCDNKQWDERHKKRPDCDDEYWKDYRK,0.9999975,0.9999975,9,17678,892
EKEEDCDDEDEPQEEENCKRKKCPKKKRKEKKHDYEGCADCDEKRWDERHKKRRDCDDEQWKDQDK,0.9999975,0.9999975,9,17678,892
EKEEDCDDEDEPQEEENPKRKWCPKKRRKEKKYYDEDCPECDNKKHDERHKKRRDCRDEDWKDYDK,0.9999974,0.9999974,9,17678,892
EKEEDCDDEDEPQEEENCKRKWCKKKKRKEKKPDDEGCPDCDNKQWDERHKKRPDCDDETWKDYPK,0.9999974,0.9999974,9,17678,892
EKEEDCDDEDEPQEEENPKRKWCPKKRRKEKRYYDEDCPDCDNKKHDERHKKRRDCRDEDWKDYDK,0.9999974,0.9999974,9,17678,892
EKEEDCDDEDEPQEEENCKRKWCPKKKRKEKKPDDEGCPDCDNKRWDERHKKRPDCDDEQPKDYDK,0.9999974,0.9999974,9,17678,892
EKEEDCDDEDEPQEEENPKRKWCPKKRRKEKKNYDEDCPDCDNKKHDERHKKRRDCRDEDWKDYDK,0.9999974,0.9999974,9,17678,892
EKEEDCDDEDEPQEESNCKRKWCKKKKRKEKKPDDEGCPDCDNKQWDERHKKRPDCDDEYWKDYRK,0.9999974,0.9999974,9,17678,892
EKEEDCDDEDEPQEEENCKRKWCKKKRRKEKKPDDEGCGDCDNKQWDERHKKRPDCDNEYWKDYDK,0.99999726,0.99999726,9,17678,892
EEEEDCDDEDEPQEEENCKRKWCPKKKRKEKKHDHEGCPDCDNKQWPERHKKRPDCDDEPWKDYDK,0.99999726,0.99999726,9,17678,892
EKEEDCDDEDEPQEEENCKKKWCPKKKRKEKKPDDEGCPDCDNKQWDERHKKRPDCDDEHWKDYDK,0.99999726,0.99999726,9,17678,892
EKEEDCDDEDEPQEEENCKRKWCPKKKRKEKKPDDETCPDCDNKRWDERHKKRPDCDDEQPKDYDK,0.99999726,0.99999726,9,17678,892
EEEEDCDDEDEPQEEENCKRKWCPKKKRKEKKHDDEGCPDCDNKQWPERHKKRPDCDDEPWKDYDK,0.99999726,0.99999726,9,17678,892
EKEEDCDDEDEPQEEENPKRKWCPKKRRKEKKYYDEDCPDCDNKKHDERHKKRRDCRDEDWKDYDK,0.99999726,0.99999726,9,17678,892
EKEEDCDDEDEPQEEENCKRKWCPKKKRKEKKPDDEGCPDCDNKRWDERHKKRPDCDDEQPKDHDK,0.99999726,0.99999726,9,17678,892
EKEEDCDDEDEPQEEENCKRKWCKKKKRKEKKPDDEGCPDCDNKQWDERHKKRPDCDDEYWKPYRK,0.99999714,0.99999714,9,17678,892
EKEEDCDDEDEPQEEENCKRKWCKKKKRKEKKPDDEGCPDCDNKQWDERHKKRPDCDDETWKPYDK,0.99999714,0.99999714,9,17678,892
EKEEDCDDEDEPQEEENCKKKWCPKKKRKERKPDDEDCPDCDNKQWDERNKKRPDCDDEQWKDYDK,0.99999714,0.99999714,9,17678,892
EKEEDCDDEDEPGEEENCKRKWCKKKKRKEKKPDDEGCPDCDNKQWDERHKKRPDCDDETWKDYPK,0.99999714,0.99999714,9,17678,892
EKEEDCDDEDEPQEEENCKKKKCPKKKRKEKKPDDEGCPDCDNKQWDPRHKKRPDCDDEQWKDYDK,0.99999714,0.99999714,9,17678,892
EKEEDCDDEDEPQEEENCKRKWCKKKKRKEKKPDDEGCPDCDNKHWDERHKKRPDCEDETWKDYPK,0.99999714,0.99999714,9,17678,892
EKEEDCDDEDEPEEEENCKRKWCPKKKRKEKKPDDEGCPDCDNKQWDERHKKRPDCDDETWKDYDK,0.99999714,0.99999714,9,17678,892
EKEEDCDDEDEPQEEENPNRKWCPKKRRKEKRYYDEDCPDCDNKKHDERHKKKRDCRDEDWKDYDK,0.99999714,0.99999714,9,17678,892
EKEEDCDDEDEPQEEENPKRKWCPKKRRKEKKYDDEDCPDCDNKQHDERHKKRRDCRDEDWKDYDK,0.99999714,0.99999714,9,17678,892
EKEEDCDDEDEPQEEENHKRKWCPKKRRKEKKYDPEDCPDCDNKQHDERHKKRRDCRDEDWKDYDK,0.99999714,0.99999714,9,17678,892
EEEEDCDDEDEPQEEENCKRKWCPKKKRKEKKHDHEGCPDCDNKQWNERHKKRPDCDDEPWKDYDR,0.99999714,0.99999714,9,17678,892
EKEEDCDDEDEPQEEENCKRKWCKKKKRKEKKPDDEGCPQCDNKQWDERHKKRPDCDDETWKDYPK,0.99999714,0.99999714,9,17678,892
EKEEDCDDEDEPQEEENCKKKWCPKKKRKEKKPDDEGCPDCDNKQWDERHKKRPDCDDEQWKDYDK,0.99999714,0.99999714,9,17678,892
EKEEDCDDEDEPQEEENCKRKWCPKKKRKEKKHDYEGCADCDEKRWDERHKKRRDCDDEQWKDQDK,0.99999714,0.99999714,9,17678,892
EKEEDCDDEDEPQEEENCKRKWCKKKKRKEKKPDDEGCPDCDNKHWKERHKKRPDCEDETWKDYPK,0.99999714,0.99999714,9,17678,892
EKEEDCDDEDEPQEEENCKRKWCKKKKRKEKKPDDEGCPDCDNKQWDERTKKRPDCDDEYWKDYDK,0.99999714,0.99999714,9,17678,892
EKEEDCDDEDEPQEEENCKRKWCKKKKRKEKKPDDEICPDCDNKQWDERHKKRPDCDDEYWKDYDK,0.99999714,0.99999714,9,17678,892
EKEEDCDDEDEPQEEENCKKKKCPKKKRKEKKPDDEGCPDCDNKQWDERHKKRPDCDDEQWRDYDK,0.99999714,0.99999714,9,17678,892
EKEEDCDDEDEPQEEENCKRKWCPKKKRKEKKPDDEGCPDCDNKQWDERHKKRPDCDDEQWKDYDK,0.999997,0.999997,9,17678,892
EKEEDCDDEDEPQPEENCKRKWCKKKRRKEKKPDDEGCPDCDNKQWDERHKKRPDCDDEYWKDYDK,0.999997,0.999997,9,17678,892
EKEEDCDDEDEPQEEENCKRKWCKKKRRKEKKPDDEGCPDCDNKQWDERHKKRPDCDPEYWKDDDK,0.999997,0.999997,9,17678,892
EKEEDCDDEDEPGEEENCKRKWCKKKKRKNKKPDDEGCPDCDNKQWDERHKKRQDCDDETWKDYPK,0.999997,0.999997,9,17678,892
EEEEDCDDEDEPQENENCKRKWCPKKKRKEKKPDDETCPDCDNKRWDERHKKRPDCDDEQPKDYDK,0.999997,0.999997,9,17678,892
EKEEDCDDEDEPQEEENCKRKWCKKKKRKEKKPDDECCPDCDNKHWDERHKKRPDCEDETWKDYPK,0.999997,0.999997,9,17678,892
EKEEDCDDEDEPQEEENCKRKWCKKKRRKHKKPDDEGCGDCDNKQWDERHKKRPDCDNEYWKDYDK,0.999997,0.999997,9,17678,892
EKEEDCDDEDEPQEEENCKKKKCPKKKRKEKKPKDEGCPDCDNKQWDPRHKKRPDCDDEQWKDYDK,0.999997,0.999997,9,17678,892
DKEEDCDDEDEPQEEENPKRKWCPKKRRKEKKYYDEDCPDCDNKKHDERHKKRRDCRDEDWKDYDK,0.999997,0.999997,9,17678,892
EKEEDCDDEDEPGEEENCKRKWCKKKKRKEKKPDDEGCPDCDNKQWDERHKKRQDCDDETWKDYPK,0.999997,0.999997,9,17678,892
EKEEDCDDEDEPQEEENCKRKWCKKKKRKEKKPDDEGCPDCDNKQWDERSKKRPDCEDETWKDYPK,0.999997,0.999997,9,17678,892
EKEEDCDDEDEPQEEENCKRKWCKKKKRKEKKPDDEGCPDCDNKQWDERHKKRPDCDDTYWKDYDK,0.999997,0.999997,9,17678,892
EKEEDCDDEDEPQEESNCKRKWCKKKKRKEKKPDDEGCPDCDNKQWDERHKKRPDCPDEYWKDYRK,0.999997,0.999997,9,17678,892
EKEEDCDDEDEPQEEENCKRKWCKKKKRKEKKPDDEGCPKCDNKQWDERHKKRPDCEDETWKDYPK,0.999997,0.999997,9,17678,892
EKEEDCDDEDEPQEEENCKRKWCKKKKRKEKKPDDEGCPDCDNKQWDERHKKRPDCDDEMWKDYRK,0.999997,0.999997,9,17678,892
EKEEDCDDEDEPQEEENCKRKWCKKKKRKEKKPDDEECPDCDNKQWDERHKKQPDCEDETWKDYPK,0.9999969,0.9999969,9,17678,892
EKEEDCDDEDEPQEEENCKRKWCKHKKRKEKKPDDEGCPDCDNKQWDERHKKRPDCDDETWKDYDK,0.9999969,0.9999969,9,17678,892
EKEEDCDDEDEPQEEENCKRKWCPKKKRKEKKPDDEGCPDCDNKQWDERHKKRPDCDDEQPKDYDK,0.9999969,0.9999969,9,17678,892
EKEEDCDDEDEPQEEENCKRKWCKKKKRKEKKPDDEGCCDCDNKQWDERHKKRPDCDDETWKDYDK,0.9999969,0.9999969,9,17678,892
EKEEDCDDEDEPQEEENCKRKWCPKKKRKEKKHDYEGCPDCDKKRWDERHKKRPDCDDEQWKDQDK,0.9999969,0.9999969,9,17678,892
EKEEDCDDEDEPGEEENCKRKWCKKKKRKNKKPDDEGCPDCDNKQWDERHRKRQDCDDETWKDYPK,0.9999969,0.9999969,9,17678,892
EKEEDCDDEDEPQEEENCKGKWCKKKKRKEKKPDDEGCPDCDNKQWDERHKKRPDCDDETWKDYPK,0.9999969,0.9999969,9,17678,892
EKEEDCDDEDEPEEEENCKRKWCPKKKRREKKPDDEGCPDCDNKQWDERHKKRPDCDDETWKDYDK,0.9999969,0.9999969,9,17678,892
EKEEDCDDEDEPQEEENCKRKWCKKKKRKEKKPDDEGCQDCDNKQWDERHKKRPDCDDETWKDYDD,0.9999969,0.9999969,9,17678,892
EKEEDCDDEDEPQEEENCKRKWCKKKRRKEKKPDDEGCGDCDNKQWDERHKKRPDCPNEYWKDYDK,0.9999969,0.9999969,9,17678,892
EKEEDCDDEDEPQEEENCKRKWCPKKKRKEKKHDYEGCADCDNKRWDERHKKRRDCDDEQWKDQDK,0.9999969,0.9999969,9,17678,892
EKEEDCDDEDEPQEEENCKKKWCPKKKRKEKKPDDEGCPDCDNKQWDERNKKRPDCDDEQWKDYDK,0.9999969,0.9999969,9,17678,892
EKEEDCDDEDEPQEEENCKRRWCKKKKRKEKKPDDEGCPDCDNKQWDERHKKPPDCDDEYWKDYDK,0.9999969,0.9999969,9,17678,892
EKEEDCDDEDEPQEEENCKRKWCPKKKRKEKKHDDEGCPDCDNKQWDERHKKRPDCDDEQWKDYDK,0.9999969,0.9999969,9,17678,892
EKEEDCDDEDEPQSEENCKRKWCKKKKRKEKKPDDEGCPDCDNKQWDERHKKRPDCDDEYWKDYRK,0.9999969,0.9999969,9,17678,892
EKEEDCDDEDEPQEEENCKRKKCPKKKRKEKKHDYEGCADCDEKRWDRRHKKRRDCDDEEWKDQFK,0.9999969,0.9999969,9,17678,892
EKEEDCDDEDEPQEEENCKRKWCPKKKRKEKKHDYEGCPDCDNKRWDERHKKRPDCDDEQWKDQDK,0.9999969,0.9999969,9,17678,892
EKEEDCDDEDEPQEEENCKRKWCPKKKRKEKKHDDEGCPDCDNKQWPERHKKRPDCDDEPWKDYDK,0.9999968,0.9999968,9,17678,892
EKEEDCDDEDEPGEEENCHRKWCKKKKRKEKKPDDEGCPDCDNKQWDERHKKRPDCDDETWKDYPK,0.9999968,0.9999968,9,17678,892
EKEEDCDDEDEPQEEENCQRKWCKKKKRKEKKPDDEICPDCDNKQWDERHKKRPDCDDEYWKDYDK,0.9999968,0.9999968,9,17678,892
EKEEDCDDEDEPQEEENPKRKWCPKKRRKEKRYYDEDCPDCDNKKHDERHKKRRPCRDEDWKDYDK,0.9999968,0.9999968,9,17678,892
NKEEDCDDEDEPQEEENCKRKWCKKKKRKEKKPDDEGCPDCDNKQWDERHKKRPDCDDEYWKDYRK,0.9999968,0.9999968,9,17678,892
EKEEDCDDEDEPQEEENPKRKWCPKKRRKEKRYYDEDCPDCDNKKHDERWKKRRDCRDEDWKDYDK,0.9999968,0.9999968,9,17678,892
EKEEDCDDEDEPQEEENCKRKWCPKKKRKEKKHDDEGCPDCDNKQWDERHKKRPDCDDEWWKDQDK,0.9999968,0.9999968,9,17678,892
EKEEDCDDEDEPGQEENCKRKWCKKKKRKEKKPDDEGCPDCDNKQWDERHKKRPDCDDETWKDYPK,0.9999968,0.9999968,9,17678,892
EDEEDCDDEDEPQEEENCKRKWCPKKKRKEKKHDDEGCPDCDNRQWDERHKKRPDCDDEQWKDQDK,0.9999968,0.9999968,9,17678,892
EKEEDCDDEDEPQEEENCKKKWCPKKKRKERKPDDEGCPDCDNKQWDERNKKRPDCDDEQWKDYDK,0.9999968,0.9999968,9,17678,892
EDEEDCDDEDEPQEEENCKRKWCPKKKRKEKKHDDEGCPDCDNKNWDERHKKRPDCDDEQWKDFDK,0.99999666,0.99999666,9,17678,892
EKEEDCDDEDEPQEEENCKKKKCPKHKRKEKKPDDEGCPDCDNKQWDERHKKRPDCDDEQWKDYDK,0.99999666,0.99999666,9,17678,892
EKEEDCDDEDEPQEEENPKRKWCPKKRRKEKKYYDEDCPDCDHKKHDERHKKRRDCRDEDWKDYDK,0.99999666,0.99999666,9,17678,892
EKEEDCDDEDEPQEEENCKRKWCPKKKRKEKKHDDEGCPDCDNKQWDERHKKRPDCDDEQWKDQDK,0.99999666,0.99999666,9,17678,892
EKEEDCDDEDEPQEEENCKRKWCPKKKRKEKKPDDEGCPDCDNKQWDERHKKRPDCDDETWKDYDK,0.99999666,0.99999666,9,17678,892
EKEEDCDDEDEPQEEENCKRKWCKKKKRKEKKPDDEGCPDCDNKQWDERHKKRPDCDDETWPDYDK,0.99999666,0.99999666,9,17678,892
EKEEDCDDEDEPHEEENCKRKWCPKKKRKEKKHDQEGCPDCDNKQWDERHKKRPDCDDEQWKDYDK,0.99999666,0.99999666,9,17678,892
EKEEDCDDEDEPDEEENPKRKWCPKKRRKEKKYDDEDCPDCDNEQHDERHKKRRDCRDEDWKDYDK,0.99999666,0.99999666,9,17678,892
EKEEDCDDEDEPQEEENPKRKNCRKKKRKEKKRDDELCPDCDDKQWDERHKKRPDCDEEQWKDYDK,0.99999666,0.99999666,9,17678,892
EKEEDCDWEDEPQEEENCKRKWCKKKKRKEKKPDDEGCPDCDNKQWDERHKKRPDCDDEEWKDYPK,0.99999666,0.99999666,9,17678,892
EKEEDCDDEDEPEEEENCKRKWCPKKKRREKKPDDEGCSDCDNKQWDERHKKRPDCDDETWKDYDK,0.99999666,0.99999666,9,17678,892
EKEEDCDDDDEPQEEENCKKKKCTRKKRKKKKPDDDGCPDCDNKKWRPKHKKRPDCDDEPCKDYDK,0.9999987,0.9999987,10,19644,991
EKEEDCDDDDEPQEEENCKKKKCRRKKRKKKKPDSDGCPDCDNKQWRPKHKKRPDCDDEPWKDYDK,0.99999857,0.99999857,10,19644,991
EKEEDCDDDEEPQEEENCKKKKCPKKKRKKKKPDDEGCPDCDNKNWDEKHKKRPDCDDEQWKDYDK,0.99999857,0.99999857,10,19644,991
EKEEDCDDDEEPDEEEQCKKKKCPKKKRKKKKPENEGCPDCDNKDWDPKHKKRPDCDDEQWKDYDK,0.99999845,0.99999845,10,19644,991
EKEEDCDDEDEHQEEEQCKKKKCRKKKRKKKKHDRECCPDCDNPQWDGKHKKRPDCDDEHWKDYDK,0.99999845,0.99999845,10,19644,991
EKEEDCDDDEEPDEEEQCKKKKCPKKKRKKKKPENEGCPDCDNKQWDPKHKKRPDCEDEQWKDYDK,0.99999845,0.99999845,10,19644,991
EKEEDCDDDEEPDEEEQCKKKKCPKKKRKKKKPEDEGCPDCDNKQWDPKHKKRPDCDDEQWKDYDK,0.99999845,0.99999845,10,19644,991
EKEEDCDDDEEPQEEENCKKKKCPKKKRKKKKPDDEGCPDCDNKQWDEKHKKRPDCDDEQWKDYDK,0.99999845,0.99999845,10,19644,991
EKEEDCDDDEEPDEEEQCKKKKCPKKKRKKKKPKNEGCPDCDNKQWDPKHKKRPDCDDEQWKDYDK,0.99999845,0.99999845,10,19644,991
EKEEDCDDEDEHQEEEQCKKKKCRKKKRKKKKHDRELCPDCDNPQWDGKHKKRPDCDDEHWKDYDK,0.99999833,0.99999833,10,19644,991
EKEEDCDDEDEHQEEEQCKKKKCRKKKRKKKKHDRECCPDCDNPQWDGKHKKRPDCDDENWKDYDK,0.99999833,0.99999833,10,19644,991
EKEEDCDDDDEPQEEENCKKKKCTRKKRKKKKPDDDGCPDCDNKQWRPKHKKRPDCDDEPCKDYDK,0.99999833,0.99999833,10,19644,991
EKEEDCDDEDEPQEEEQCKKKKCRKKKRKKKKHDDECCPDCDNPQWDGKHKKRDDCDDEHWKDYDK,0.99999833,0.99999833,10,19644,991
EKEEDCDDDEEPQEEENCKKKKCPKKKRKKKKPEDEGCPDCDNKQWDEKHKKRPDCDDEQWKDYDK,0.99999833,0.99999833,10,19644,991
EKEEDCDDDEEPQEEENCKKKKCKHKKRKKKKPDDEGCPDCDNKQWDPKRKKRPDCDDEHWKDYDK,0.99999833,0.99999833,10,19644,991
EKEEDCDDEDEPQEEEQCKKKKCRKKKRKKKKHDDECCPDCDNPQWDGKHKKRPDCDDEHWKDYDK,0.99999833,0.99999833,10,19644,991
EKEEDCDDDEEPDEEEQCKKKKCPKKKRKKKKPENEGCPDCDNKQWDPKHKKRPDCDDEQWKDYDK,0.99999833,0.99999833,10,19644,991
EKEEDCDDDEEPQEEENCKKKKCPKKKRKKKKPDDEGCPDCDNKQWDPKRKKRPDCDDEQWKDYDK,0.99999833,0.99999833,10,19644,991
EKEEDCDDDEEPDEEEQCKKKKCPKKKRKKKKPENEGCRDCDNKDWDPKHKKRPDCDDEQWKDYDK,0.99999833,0.99999833,10,19644,991
EKEEDCDDEDEPQEEEQCKKKKCRKKKRKKKKPDDEGCPDCDNRQWDGKHKKRPDCDDEHWKDYDK,0.99999833,0.99999833,10,19644,991
EKEEDCDDEDEPQEEEQCKKKKCRKKKRKKKKPDDEGCPDCDNKQWDGKHKKRPDCDDEHWKDYEK,0.99999833,0.99999833,10,19644,991
EKEEDCDDEDEPQEEEQCKKKKCRKKKRKKKKHDDEGCPDCDNKQWDGKHKKRPDCDDEHWKDYDK,0.99999833,0.99999833,10,19644,991
EKEEDCDDEDEPQEEEQCKKKKCRRKKRKKKKHDDECCNDCDNKQWDGKHKKRPDCDDEHWKDWDK,0.99999833,0.99999833,10,19644,991
EKEEDCDDDDEPQEEENCKKKKCTKKKRKKKKPDDEGCPDCDNKQWRPKHKKRPDCDDEPWKDYDK,0.9999982,0.9999982,10,19644,991
EKEEDCDDDEEPQEEENCKKKKCPKKKRKKKKPDDEGCPDCDNKNWDEKHKKRPDCRDEHWKDYDK,0.9999982,0.9999982,10,19644,991
EKEEDCDDEDEPQEEEQCKKKKCRRKKRKKKKHDDEKCNDCDNKQWDGKHKKRPDCDDEHWKDWDK,0.9999982,0.9999982,10,19644,991
EKEEDCDDEDEPQEEEQCKKKKCRKKKRKKKKPDKEGCPDCDNKQWDRKHKKRPDCDDWHWKDWDK,0.9999982,0.9999982,10,19644,991
EKEEDCDDDDEPQEEENCKKKKCTKKKRKKKKPDDEGCPDCDNKQWKPKHKKRPDCDDEPWKDYDK,0.9999982,0.9999982,10,19644,991
EKEEDCDDEDEPQEEEQCKKKKCRKKKRKKKKHDDECCPDCDNKQWDGKHKKRPDCDDEHWKDYDK,0.9999982,0.9999982,10,19644,991
EKEEDCDDEDEPQEENQCKKKKCRKKKRKKKKHDDEGCPDCDNKQWDGKHKKRPDCDDEHWKDYDK,0.9999982,0.9999982,10,19644,991
EKEEDCDDDEEPQEEENCKKKKCPKKKRKKKKPDDEGCPDCDNKNWDEKHKKRPDCDDEQWKDEDK,0.9999982,0.9999982,10,19644,991
EKEEDCDDEDEHSEEEQCKKKKCRKKKRKKKKHDRECCPDCDNPQWDGKHKKRPDCDDEHWKDYDK,0.9999982,0.9999982,10,19644,991
EKEEDCDDEDEPQEEEQCKKKKCRRKKRKKKKHDDECCPDCDNKQWDGKHKKRPDCDDEHWKDYDK,0.9999982,0.9999982,10,19644,991
EKEEDCDDDDEPQEEENCKKKKCTRKKRKKKKPDDEGCPDCDNKQWRPKHKKRPDCDDEPWKDYDK,0.9999982,0.9999982,10,19644,991
EKEEDCDDEDEHQEEEQCKKKKCRKKKRKKKKYDRECCPDCDNPDWDGKHKKRPDCDDEHWKDYDK,0.9999982,0.9999982,10,19644,991
EKEEDCDDEDEHPEEEQCKKKKCRKKKRKKKKHDRELCPDCDNPQWDGKHKKRPDCDDEHWKDYDK,0.9999982,0.9999982,10,19644,991
EKEEDCDDDEEPQEEENCKKKKCPKKKRKKKKPDDEGCPDCDNRQWDPKRKKRPDCDDEHWKDYDK,0.9999982,0.9999982,10,19644,991
EKEEDCDDEDEHQEEEQCKKKKCRKKKRKKKKHDRECCPDCDNPQWDYKHKKRPDCDDEHWKDYDK,0.9999982,0.9999982,10,19644,991
EKEEDCDDDEEPQEEENCKKKKCPKKKRKKKKPDDEGCPDCDNKQWDEKHKKRPDCDDEQHKDYDK,0.9999982,0.9999982,10,19644,991
EKEEDCDDDDEPQEEENCKKKKCTRKKRKKKKPDDDGCPDCDNKQWRPKHKKRPDCDDEPWKDYDK,0.9999982,0.9999982,10,19644,991
EKEEDCDDEDEPQEEEQCKKKKCRKKKRKKKKPDDEGCPDCDNKQWDGKHKKRPDCDDEHWKDYDK,0.9999982,0.9999982,10,19644,991
EKEEDCEDEDEHSEEEQCKKKKCRKKKRKKKKHDRECCPDCDNPQWDGKHKKRPDCDDEHWKDYDK,0.9999982,0.9999982,10,19644,991
EKEEDCEDEDEPQEEEQCKKKKCRRKKRKKKKHYKECCNDCDNKQWDGKHKKRPDCDDEHWKDWDK,0.9999982,0.9999982,10,19644,991
EKEEDCDDDDEPQEEENCKKKKCTKKKRKKKKPDDEGCPDCDNKQWRPKRKKRPDCDDEPWKDYDK,0.9999982,0.9999982,10,19644,991
EKEEDCDDEDEPQEEEQCKKKKCRKKKRKKKKHDDECCPDCDNPQRDGKHKKRPDCDDEHWKDYDK,0.9999982,0.9999982,10,19644,991
EKEEDCDDDEEPQEEENCKKKKCPKKKRKKKKPDDEGCPDCDNKQWDPKHKKRPDCDDEQWKDYDK,0.9999982,0.9999982,10,19644,991
EKEEDCDDDEEPQEEENCKKKKCPKKKRKKKKPDDEGCPDCDNKQWDPKRKKRPDCDDEHWKDYDK,0.9999982,0.9999982,10,19644,991
EKEEDCDDEDEPQEENQCKKKKCRKKKRKKKKHDDEGCPDCDRKQWDGKHKKRPDCDDEHWKDYDK,0.9999981,0.9999981,10,19644,991
EKEEDCDDDEEPQEEENCKKKKCPKKKRKKKKPEDEGCPDCDNKQWDPKHKKRPDCDDEQWKDYDK,0.9999981,0.9999981,10,19644,991
EKEEDCDDDDEPQEEENCKKKKCTRKKRKKKKRDDDGCPDCDNKQWRPKHKKRPDCDDEPWKDYDK,0.9999981,0.9999981,10,19644,991
EKEEDCDDEDEPQEEEQCKKKKCRKKKRKKKKPDKEGCPDCDNKQWDRKHKKRPDCDDWWWKDWDK,0.9999981,0.9999981,10,19644,991
EKEEDCDDEDEPQEEEQCKKKKCRKKKRKKKKPDDEGCPDCDNKQWDGKHKKRPDCDDETWKDYDK,0.9999981,0.9999981,10,19644,991
EKEEDCDDEDEPQEEEQCKKKKCRKKKRKKKKHDDECCPDCDPKQWDGKHKKRPDCDDEHWKDYDK,0.9999981,0.9999981,10,19644,991
EKEEDCDDDEEPQEEENCKKKKCTKKKRKKKKPDDEGCPDCDNKQWDPKHKKRPDCDDEQWKDYDK,0.9999981,0.9999981,10,19644,991
EKEEDCDDEDEPQEEEQCKKKKCRRKKRKKKKHDDECCPDCDNKQWDGKHKKRPDCDDEHPKDYDK,0.9999981,0.9999981,10,19644,991
EKEEDCDDEDEPQEEEQCKSKKCRKKKRKKKKHDNEGCPDCDNKQWDGKHKKRPDCDDEHWKDYKK,0.9999981,0.9999981,10,19644,991
EKESDCDDDDEPQEEENCKKKKCTRKKRKKKKPDDDCCPDCDNKKWRPKHKKRPDCDDEPCKDYDK,0.9999981,0.9999981,10,19644,991
EKEEDCDDEDEPQEEEQCKKKKCRKKKRKKKKDDDECCPDCDNPQWDGKHKKRPDCDDEHWKDYDK,0.9999981,0.9999981,10,19644,991
EKEEDCDDDEEPQEEENCKKKHCPKKKRKKKKPDDEGCPDCDNKQWDPKRKKRPDCDDEHWKDYDK,0.9999981,0.9999981,10,19644,991
EKEEDCEDEDEPQEEEQCKKKKCRRKKRKKKKHYDECCNDCDNKQWDGKHKKRPDCDDEHWKDWDK,0.9999981,0.9999981,10,19644,991
EKEEDCDDEDEPQEEEQCKKKKCRKKKRKKKKPDKEGCPDCDNKQWDRKHKKRPDCDDWHWKDYDK,0.9999981,0.9999981,10,19644,991
EKEEDCDDDEEPQEEENCKKKKCPKKKRKKKKPDDEGCPDCDNKNWDEKHKKRPDCRDEQWKDYDK,0.9999981,0.9999981,10,19644,991
EKEEDCDDEDEPQEEEQCKHKKCRKKKRKKKKHDDEGCPDCDNKQWDGKHKKRPDCDDEHWKDYKK,0.9999981,0.9999981,10,19644,991
EKEEDCDDDDEPGEEENCKKKKCTKKKRKKKKPDDEGCEDCDNKQWKPKHKKRPDCDDEPWKDYDK,0.9999981,0.9999981,10,19644,991
EKEEDCDDDEEPQEEEQCKKKKCPKKKRKKKKPEDEGCPDCDNKQWDPKHKKRPDCDDEQWKDYDK,0.9999981,0.9999981,10,19644,991
EKEEDCDDEDEPQEEEQCKSKKCRKKKRKKKKHDDEGCPDCDNKQWDGKHKKRPDCDDEHWKDYKK,0.9999981,0.9999981,10,19644,991
EKEEDCDDEDEHQEEHQCKKKKCRKKKRKKKKHDRELCPDCDNPQWDGKHKKRPDCDDEHWKDYDK,0.9999981,0.9999981,10,19644,991
EKEEDCDDEDEPQESEQCKKKKCRKKKRKKKKHDDEHCPDCDNPQWDGKHKKRDDCDDEHWKDYDK,0.9999981,0.9999981,10,19644,991
EKEEDCDDEDEHSEEEQCKKKKCRKKKRKKKKHDRECCPDCDNKQWDGKHKKRPDCDDEHWKDYDK,0.9999981,0.9999981,10,19644,991
EKEEDCDDDEEPQEEENCKKKKCPKKKRKKKKPDDEGCGDCDNKQWDPKRKKRPDCDDEHWKDYDK,0.9999981,0.9999981,10,19644,991
DKEEDCDDDEEPQEEENCKKKKCPKKKRKKKKPDDEGCPDCDNKQWDPKHKKRPDCDDEQWKDYDK,0.9999981,0.9999981,10,19644,991
EKEEDCDDDEEPQEEENCKKKKCPKKKRKKKKPDDEGCPDCDNKQWDPKKKKRPDCDDEQWKDYDK,0.9999981,0.9999981,10,19644,991
EKEEDCDDEDEPQEEEQCKKKKCRKKKRKKKKHDDECCPDCDNKQDDGKHKKRPDCDDEHWKDYDK,0.9999981,0.9999981,10,19644,991
EKEEDCDDDEEPQEEENCKKKKCPKKKRKKKKPEDEGCPDCDDKQWDPKHKKRPDCDDEQWKDYDK,0.9999981,0.9999981,10,19644,991
EKEEDCDDDEEPQEEENCKKKKCPKKKRKKKKPEDEGCPDCDNKQWDPKNKKRPDCDDEQWKDYDK,0.9999981,0.9999981,10,19644,991
EKEEDCDDDDEPQEEENCKKKKCTRKKRKKKKPDDDMCPDCDNKQWRPKHKKRPDCDDEPWKDYDK,0.999998,0.999998,10,19644,991
EKEEDCDDEDEPQEEEQCEKKKCRKKKRKKKKHDDECCPDCDNKQWDGKHKKRPDCDDEHWKDYDK,0.999998,0.999998,10,19644,991
EKEEDCDDDDEPQEEENCKKKKCTKKKRKKKKPDDEGCPDCDNKQWDPKHKKRPDCDDEQWRDCDK,0.999998,0.999998,10,19644,991
EKEEDCDDEDEPQEEEQCKSKKCRKKKRKKKKHDDEGCPDCDPKQWDGKHKKRPDCDDEHWKDYKK,0.999998,0.999998,10,19644,991
EKEEDCDDDEEPQEEENCKKKKCPKKKRKKKKPEDEGCPDCDNKQWDPKHKKRPDCDEEQWKDYDK,0.999998,0.999998,10,19644,991
EKEEDCDDDDEPGEEENCKKKKCTKKKRKKKKPDDEGCPDCDNKQWKPKHKKRPDCDDEPWKDYDK,0.999998,0.999998,10,19644,991
EKEEDCDDDDEPQEEENCKKKKCTKKKRKKKKPDDEGCPDCDNKHWKPKHKKRPDCDDEPWKDYDK,0.999998,0.999998,10,19644,991
EKEEDCDDDEEPQEEENCKKKKCSKKKRKKKKPDDEGCPDCDNKQWDHKHKKRPDCDDEQWKDYDK,0.999998,0.999998,10,19644,991
EKEEDCDDDDEPQEEENCKKKKCTKKKRKKKKPDDEGCPDCDNKQWRPKHKKRPDCDDEPWKDYDR,0.999998,0.999998,10,19644,991
EKEEDCDDEDEPQEEETCKKKKCRKKKRKKKKHDDEGCPDCDNKQWDGKHKKRPDCDDEHWKDYDK,0.999998,0.999998,10,19644,991
EKEEDCDDEDEPQEEEQCKSKKCRKKKRKKKKHDDEGCPDCDNKQWDGKHKKRPDCDDEHWKDYDK,0.999998,0.999998,10,19644,991
EKEEDCDDDEEPQEEENCKKKKCPKKKRKKKKPDDEGCPDCDNKQWDTKHKKRPDCDDEQWKDYDK,0.999998,0.999998,10,19644,991
EKEEDCDDDDEPQEEENCKKKKCTRKKRKKKKPDDEGCPDCDNKQWRPKHKKNPDCDDEPWKDYDK,0.999998,0.999998,10,19644,991
EKEEDCDDEDEPQEEEQCKKKKCRKKKRKKKKPDKEGCSDCDNKQWDRKHKKRPDCDDWHWKDYDK,0.999998,0.999998,10,19644,991
EKEEDCDDDDEPQEEENCKKKKCTKKKRKKKKCDDEGCPDCDNKQWKPKHKKRPDCDDEPWKDYDK,0.999998,0.999998,10,19644,991
EKEEDCDDDEEPDEEEQCKKKKCPKKKRKKKKPENEGCPDCDNKQWDPKHKKPPDCEDEQWKDYDK,0.999998,0.999998,10,19644,991
EKEEDCDDEDEPQEEEQCKKRKCRKKKRKKKKPDKERCPDCDNKQWDRKHKKRPDCDDWHWKDYDK,0.999998,0.999998,10,19644,991
EKEEDCDDDDEPQEEENCKKKKCTRKKRKKKKPDDEGCPDCDNKQWRPKHKKRPDCDREPWKDYDK,0.999998,0.999998,10,19644,991
EKDEDCDDEDEPQEEEQCKKKKCRKKKRKKKKPDKEGCPDCDNKQWDRKHKKRPDCDDWHWKDYDK,0.999998,0.999998,10,19644,991
DKEEDCDDDEEPQEEENCKKKKCPKKKRKKKKPDDEGCTDCDNKQWDPKHKKRPDCDDEQWKDYDK,0.999998,0.999998,10,19644,991
EKEEDCDDDEEPQEEENCKKKKCPKKKRKKKKPGDEGCPDCDNKQWDPKHKKRPDCDDEQWKDYDK,0.999998,0.999998,10,19644,991
EKEEDCDDDEEPQEEENCRKKKCSKKKRKKKKPDDEGCPDCDNKQWDHKHKKRPDCDDEQWKDYDK,0.999998,0.999998,10,19644,991
EKEEDCDDDDEPQEEENCKKKKCTKKKRKKKKPDDEGCEDCDNKQWDPKHKKRPDCDDEQWKDYDK,0.999998,0.999998,10,19644,991
EKEEECDDDEEPQEEENCKKKKCPKKKRKKKKPDDEGCPDCDNKQWDEKHKKRPDCDDEQHKDYDK,0.999998,0.999998,10,19644,991
