{"run_id": "20:41:02-09/28/2020", "exp_name": "DynaPPO_Agent_10_8", "model_name": "LandscapeAsModel=RosettaFolding", "landscape_name": "RosettaFolding", "rounds": 10, "sequences_batch_size": 100, "model_queries_per_batch": 2000}
sequence,model_score,true_score,round,model_cost,measurement_cost
MAQASVVFNQLIPINTHLTLVMMRFEVVTPVGCPAMDIPRLVSQQVNRAVPLGTTLMPDMVKGYAA,,0.3239406,0,0,1
PVKTPSDDQRTNQNWNHHQPKIVDNTAKKPWDMQHQGLKDNNDDITDSQFRKKIRGRFSGANSHWS,0.7943497896194458,0.7943498,1,2000,45
MQIHCHDGGETWEDDTDEKNWRGFDNEEDDELYEGDERGQANRPTDDFQDMFEKKGFWCSEKCMWT,0.6215548515319824,0.62155485,1,2000,45
EIRQSLNTGDHWNSKHYGNEYADAHQTERTLFWNDAWKHRADHELCDDHGSDFRWYNFQYANYQVT,0.5954920053482056,0.5955403,1,2000,45
PKSRMPGHQWQEDEKALMHHRPRFRLERELECMDPNGHYSGDEQHTHKQMRVEDHTWPPVPHWYHH,0.590164065361023,0.59016407,1,2000,45
EEQYAEEHRDAWTSSMWYPSHKTTPSEDKSEFWCFWDFGYESLSQEATDHKWDHDAHTLWYQSPDT,0.5626713037490845,0.5626713,1,2000,45
DVYAQHYHAERMANKAVCMTRYAPMGRQLRGANMWAQCGDCTKWTPKPFKRESNDQECQTHTPKKR,0.558291494846344,0.5582915,1,2000,45
PYDCRRNVFRPNDEQLHHHNSPKGGTRPKHGGFPWGTPIERGYGDGPEAEGMGRGGWQHKDHWESG,0.5432422161102295,0.5432422,1,2000,45
DLLPQYWYSSPQCLFLHWHHQKMHHCWQKSEKGGAWRPHPEGKGENQMDEGRFKKNHDRNWDKTHE,0.5173526406288147,0.51740265,1,2000,45
NEITFGWAGSMKSMDKDGLKDWLWYVNDDYMGTMPSCNDEEPPHQCQPPWAVQCWGKPECQTWWEH,0.5168977975845337,0.5168978,1,2000,45
DKNESRTSQQYVNSMHKKQQRPRHGPKDHQDDIDITDSCYETLRPPAKNNDIYWRIKNELCESVIQ,0.5114720463752747,0.51147205,1,2000,45
KLRDRFLYKDVMAVPTRSMDECGSSAEWTKEDTTCTHLRTRWDHRQEWQKKEMTHTMKEDYWDGTQ,0.479865700006485,0.4798657,1,2000,45
GGDPEWGWTRRGIVGMNQHEDHNQSPVCSRGQYEFPDTSTHTQMYSQEAYWYPGHFDATHFPMWGA,0.4619064927101135,0.4619065,1,2000,45
DQTMTCSMNQTYMYHQNGKKWNDRAVKDNSDACIEWLHEADEPWIQRHGFETCPDVERDPMSNHEA,0.44885683059692383,0.44885683,1,2000,45
TDNQPKLYSAYWQHRKQCRNDFCAEMPRLSPPDNCVHQVLDHMGEMDSRHHMDLEDNNACQMLNQE,0.44202810525894165,0.44202816,1,2000,45
SALIPKGWNWHHANKDMDWSWRHAKPTYNAGSTFPCDQPSWSPNYHKWNCYSRPASSEKYPMRPPR,0.4321520924568176,0.4321521,1,2000,45
WSDYKGYPPADPTMMKAWLGEPTECHYRLEDMLDCHDDYWRQWTGNGKTYQESRDLHAPMQANMQD,0.43071505427360535,0.43071505,1,2000,45
EDSPTEQRTSPVDLSTNDVMCTWWGAWPGQYYDGWQPPRHAAESKIKATPKPEEATYSIWQSQKKK,0.42398497462272644,0.42398497,1,2000,45
HQDCYNRNRPDKEIGAQWNWLWWMENMMYEGKRQCKHGKIHPKEIFGIPQQCGEMQCENQPGDPKF,0.40520042181015015,0.40520042,1,2000,45
WLSPQNDPWFDTQHPTQKEGFTGCSAIYDMCGWTEHMHWRDPWSGEWEPPMDDHHDGKSQGKDSSK,0.4038383364677429,0.40383834,1,2000,45
VWADKGEFPRPVSLPKTKNNQYWHDQTKDYHSWNDGNSLHLYGMTLSHNVEQYSEAWTYLQQSFWH,0.39301493763923645,0.39301494,1,2000,45
RNDVCRWFFDHHTYEIPCPEDADNAKWMSSSAYDIHMSRELGASPCGGDGPPPSQFMCRGAHFATT,0.39191946387290955,0.39191946,1,2000,45
DPNFNPCSTFDMDWRINMKPECCMNQDWNTAPPRPMKQNNALSAPCMGNIGHGTYGCDPVNEMSRA,0.39184921979904175,0.39184922,1,2000,45
WNSKNQSECDELGSLPEFEFNMWQMYLWFEGQRWCGAETHLVWRYYHSMMRTRSNYPKDWWMKDYD,0.3783252239227295,0.37832534,1,2000,45
NKAYEDRANPQKEVNGSISKYEVHMDPWQEMFSNVPQDHKPKTPMIALMYRERDWSNMLPIIQDDQ,0.37715980410575867,0.3771598,1,2000,45
PHMMYDLTCGAKSYKRDQQTMDYCPWGIKRMRYMYWAVCDTSDDDPKENPPPAPHFAMPNDCQFHH,0.3732251822948456,0.37322518,1,2000,45
MRLRRCEDGHHHHRRHDKDTDQYRYLVQVHIQHYHHRHKDQHVMPCIRDMWVQPECEQGYWWNMHQ,0.3683115541934967,0.36831155,1,2000,45
RWDPPEQMSDACYAKQFHERWKYAMTQASMERPGWSMTEICVSSEEHWWCDHNLWYQMFWGEHEDT,0.36467084288597107,0.36467084,1,2000,45
FLDMCFGRHAWFDLNDIAHNDCNKKCEHYCNMHPQQMEEWWKKYRHSPMWKGDHRTECSRHHDCSW,0.36318787932395935,0.36318788,1,2000,45
SFMGMCNHKHEFEHGWFFDYINCDLLDNDMAHRLTREFQDCVWIARKSHEDFEEICWGKRCDDRTL,0.3579144775867462,0.35791448,1,2000,45
THWAHNNVLDMDEKKCRNGKPKWGQSNWNSFIAREPYDDLEDAHWKHGWDSSWPKFVGRMRKDTTD,0.3561946153640747,0.35619462,1,2000,45
SNRWAMAELHPGAPDNNDFKNNGYAESMAGHYPHQLSPLCGQFARWQKEGESCYKYWADPTRNKDS,0.3552339971065521,0.35523474,1,2000,45
MEKPLAMDMREPMQYVGQHEEVMSEVSVAQRFPEWLSHSQPLHDTTQGSSSDNHPHMSDNKGAVDN,0.3533153533935547,0.35331535,1,2000,45
TRDAYYQCSRNCNKKIVRKASSTGAHIRLNMMSWFYGHSNWQTPNWKDIWMGMLYMQYNEDHHNDC,0.35053300857543945,0.350533,1,2000,45
KMQKEEYWCERRQVTLKQLGLKYFPMRPQKHKDSSSEDKIYCTWVKRDAVMPPTWPDDPHAAYYWQ,0.3385304808616638,0.33853048,1,2000,45
MDPMTVYFSSPCQIGDKIGTNEHHPHEHWKIYDPDDRFWQTMEYRCPNPKSPKFTEGYGWFEEDWD,0.3304745554924011,0.33047456,1,2000,45
NWKKAAHMKSKISSWKAGAARCMMDDPHNRDEPQGVTREPPRQTHRYIATPDTHIVLEGRHEHQNE,0.3277225196361542,0.32772252,1,2000,45
KSKECMENDRWNTWGAQGWIGHGGYCKTDGGMPFLEWYDMNNDCHQWWDDWYHWWYKWHPGSSNWV,0.32039737701416016,0.32039738,1,2000,45
SMHSGIVCRDQEDWLNVEFNDHCSQAGIQVMPGMRQIWKQGGSKYHQKQGYAHVYLQSQWHTQRQW,0.3203175365924835,0.32031754,1,2000,45
NGQEASYTHYNTGTYKAPMEEQLGPDKWTNAEHAAIKYMWIQRHCYRYENSQEQRGSWTDGKNGMW,0.31682464480400085,0.31682464,1,2000,45
KDEGGHRMIARGIECNQCNHEMQEHRRRKKPPVFWIPTMISWYHCYPGVSTKPPNDHAPVPNCSGF,0.31231746077537537,0.31231746,1,2000,45
EGIKHDVAYRTSKGPCNLHPKTPFDDHEDSHMHWKMSINACDDDKEKHHGWANCDYLNNFYNSFEK,0.3070419430732727,0.30704194,1,2000,45
EAMPMMPQYFIYDPQLDPADQQWKWCWAKDMHGRPHEPMKNKCKEMMVTLSDKWSNNYQKQKITCR,0.3052175045013428,0.3052175,1,2000,45
DYRLMAMWRSFKKHMIAGYRREKEAMHKEQAKEPIGCPKDGQQEAHEEGEEPKWQPHWWMEHQHYA,0.30512160062789917,0.3051216,1,2000,45
EAVDMCGQWMQDNCNDHVEPEPSNTWPSPAEGEAVVHSCWMNHPQSRLLNQHRRAVRSPNHDHQGE,0.3011612892150879,0.3011613,1,2000,45
HLHNMLIMDRNGHNEDPKGNENVMSDDQRNARDISKKRMQERNGHVHHDEPDMYGDSVQTNQQCNN,0.5724682807922363,0.5724193,2,4000,94
TYCKGYHKWGDIFHNEMTSNWTVRFAKHCKGQYGENTIDKMDNEKWNKWHGCDHMRDTGDNEHNQR,0.5323979258537292,0.5323481,2,4000,94
QRHHQGYHQFNHHSYGMKKGEKMHDHEQGDCELAKPTSVMQQFPNHTCWHHDPEDCNMQAYHGNAH,0.531673789024353,0.53162396,2,4000,94
EETRPGIWINDQQQEFQVNEDEDCGKRIDSDHCCGPSRCCKMDALQYKKNPWRMGDIGHTPEQCEK,0.5220904350280762,0.5220404,2,4000,94
KCLHKMKTCFEGMMGKSEGNRKSAEECKEDEENGDQWTGDFGDPRSEDDPEKNHGFGTDPLDHVTD,0.4836307466030121,0.4835807,2,4000,94
SHFRQGGRSRDAIMHPKDFDDAQNRWQQWDHQTRRQCKMGAMMHNWQHWWRHQVSATYHGCGQHQS,0.4793572425842285,0.4793073,2,4000,94
MNSYNYGRPERKPPYPQWGNRNPPEVPDAIWEEDGNWYMGMPKWNLENHISPEDPQWCHNTFTWKI,0.4660617411136627,0.46606174,2,4000,94
WNFAGDGYKDFEIFPMDQGQEKNLNSQEPQLRASMHPHKMWWQHYHSRKHDKDDIPEDPTLEMPTM,0.4553322196006775,0.45528254,2,4000,94
DKSGEVQFAHDRWISSDQIPEGPHNQDRQGWIIWNIRCSKLTVPHYFKEWSHWEQVPGDHYNNGCT,0.45497405529022217,0.45492437,2,4000,94
EQNNVHPDRCGQDKDVSTVSARPAWDKEKVRCPPQLYHMQFRSWYDKKVGQATKFKINRDTECEMR,0.448832631111145,0.44878393,2,4000,94
QVKCDPWNDLKPCSHHHKSGGNDEKPANRWHMRPLGEENFRTRRKMNFSTNKCIICDTRTDDNDTW,0.44517019391059875,0.44512072,2,4000,94
GHTADETYYTGDGTKPKGGLYVKPYCQTFWTTPTRLNHQDNTKNEYENNRVDYYHTWQGRSVFEQS,0.42638295888900757,0.426334,2,4000,94
TPEHGNADQTKETKDIHTSEYYENHHKRCAMYFHFVESETIEHKAPSTEMEPPHRMANLPQWRWNE,0.4139319658279419,0.41388342,2,4000,94
EWTEFWAGGFMACGMKRGGPVNIETENTYDVPYELQRHQNQAKHGIPENVHSGPNDQVPFLEPDKD,0.4134601056575775,0.41341153,2,4000,94
NRNFGKKPQPWGGMDQKWMMDWVDPHQSQNFDHQDTMHHNYQCPACEWVNGSCKAGSGDKDGNFMD,0.40975844860076904,0.40971002,2,4000,94
TTGRPWEDNQGKKNYFEWMLGENMCNIWAQIHCRRWTWQNEKQDPRMYHEDKAHYYRNAIHDNQEG,0.40475425124168396,0.40470684,2,4000,94
ACTLLDTFTRKCPRCPDHWRTEAHLGKAWKTVCGMQKPEIQDPPPPEQQQSENEYGDFPDLQRGWW,0.3998691737651825,0.3998211,2,4000,94
DKRHKCKFDLSDEQLHTHKLSNDLHDMERSHYRGRGTFLPIPEHLKGNQSQDNDGYVMKECWIFEQ,0.39797329902648926,0.39792532,2,4000,94
GKDKGGWDQYDAAPFTDPAGQNMNAWQQESECQYGRETQMDKPYCQDGDFTHNNYAHPAARTCMDN,0.392313152551651,0.39226544,2,4000,94
PNCNSPWCTNGMFSFHTTNNKHEECNPEHNINQENPLQYVITNKRGQRSRFQCAYQAYLEWDDPPE,0.3919401168823242,0.39189318,2,4000,94
ATNDMLHEKGRKNMHRNGNHSEHMHWESIRFKCYRGNMRDEEWDPSYDENYCNMCESDKAQEQEQR,0.38250309228897095,0.3824558,2,4000,94
KFYAMCMRCKDMQAETDNIATCPGWHEGEHTTTDQPAPDDPKHYHKKKMINKTNMAYWVDHRDRHN,0.36833426356315613,0.36833426,2,4000,94
HWPPARIFWGINEYNSDTQKETCEEADFADGSNVKTECMDAEDIYPPDRHTEIDKHGRNRQHCGWH,0.36756739020347595,0.3675208,2,4000,94
FTQYYFLQKCVYDRNCWPDESTNDTKQNTEFAYHQNRILRWQNSAGWETDNKTTRRWYMHMTKGWE,0.36687666177749634,0.36683014,2,4000,94
WNDVDFGMMEQMDDTPTISDSHHTANMNNNQDGSSVELLSQTDTRERTQTPPEHGAKELQQTGVWW,0.35864678025245667,0.3586007,2,4000,94
ELADYWEAPEVTHNTGRYMQYDQKFPHCKLCECRHAMNERPVRRMDHKGQKKHTEMCPTRLGEHTT,0.3548927903175354,0.35484698,2,4000,94
TKHCVSRNKFAMRHYGTVLADECPCEGWHGKYMSLFQCNGGSQAHGEVPCDQEQDFHDPHTWHHLN,0.3495740294456482,0.34952864,2,4000,94
EGESQNGMRQFQPTECKSDFQHWMEGGMWPRHCLKISDYTTANQNDPQARWAWTYPLHDFFMRYKA,0.3494158387184143,0.34941584,2,4000,94
CVDWEHYIEGSQFMDDLEAESLESQNEHRRHGANMGWSDERQFDREEGEQDFYPVDGNPIHPFHHQ,0.34874626994132996,0.34874627,2,4000,94
QNEKDYMTKSWCLQHHGRGEMYYLARNNPGEHNISTICRAPQNTYISRKIENWTEHFCKCQPEHKT,0.3448433578014374,0.34484336,2,4000,94
DNTYDEADDSSADPADMWMASQAEYVPASEKGWGNHGFSSIFDRAHCNKLMQAENWWDYHFWDVCQ,0.3444766402244568,0.34447664,2,4000,94
RWGTAEEKTQGLPFDQECSAAQDHGNHQTHWMRRRSVSEMTWDFWSNWFNRIDNENTYPGGTDPSD,0.34178605675697327,0.34183112,2,4000,94
PRTLHHIAIEPVSQTRRWTTGDWLYIRPNKLAREKQSTYQCSRMERTAISKTNQNCHEENNWNEEH,0.33196091651916504,0.33196092,2,4000,94
FHVYDNNQEDYNKRSWKMVPSWVYDVADNNTCQGMPTPDHQEKTDHVYQHDDPEYQHKRDTYWPCQ,0.33028435707092285,0.33028436,2,4000,94
SRDDACNVPVQTFDPTSNTKTHAAPEQHMDAKGMDPDRGLAEYRTRHKSYSCCHDMNWRSYSAQVM,0.3299023509025574,0.32990235,2,4000,94
IIAADSKKETPYHHYQNVHQQTSTGPYNPRREPKPFWVFSPEDKELHGIMGYNDYQRHPLSMKWAT,0.3286842703819275,0.32868427,2,4000,94
EREQNGADHGEYPHTDACNAGMWCLNHWFAAHHFDKNVTHMGHCGEINEGTKTWICTEEQMCEHKC,0.3202572166919708,0.32025722,2,4000,94
RRWLHHSMDDKPVNGPVEWWKVNHDQDNDNNWTRAAYTEMFRAFAPQKKEACHPVYNTESGVYACH,0.3125618100166321,0.3125618,2,4000,94
YNKKFSVYPDLIILQTYDKTKSYKDMCSRQTPKTQSKEEEVQNLSLDQFPEHVQCTQCTVSDFYTN,0.30986887216567993,0.30986956,2,4000,94
AMMMCHEFDDYSCCNAKDTQAEPHLKSGIQPYTGITVKERKEQEDHPHQYHYHELDDKWRDGYNWW,0.3079700171947479,0.3080127,2,4000,94
EQEPFSFFCHIFKMKGDYKWLSCEGAVKAVRWWGAQPHTNMDMCTKQMAGCQMATIAWRWPDPKLP,0.30705422163009644,0.30709687,2,4000,94
NFWLEKWKQDQKTPNETEAPYKEWKEDNQIRYRYGEFNTWFTDNESAMNVNKFNCVDQRRAQGKED,0.3021620810031891,0.30216208,2,4000,94
IDQVRHGDFGGKTGATWQMIIYNDYHGYAEQFHSDNEMWGCSEKHCNTKHNKQESHDEGWNPYVFY,0.29718318581581116,0.29718333,2,4000,94
ADMPNDDSRDTNCIPAFLPEMEYNWDHMKDYPLDGERIKRHSKGIAHLGTHSHCNVNYHHTPSWYW,0.29056936502456665,0.29057005,2,4000,94
SGSHDSASHNHQGMPNCRFEYSWYHETPQPRHWKPPPTFKNYEVKGRTPQATVNCNDIKYMGVQTI,0.28593987226486206,0.28593987,2,4000,94
MHTDWQDRGNFFYTMTWHNNDHNHEKSKIKSFSPNKTWSIPIPEHIHMDDCCNDTKMTKITRKEYD,0.2822229862213135,0.282223,2,4000,94
RKNTHGRAQAELGGAWCPCMRGRYWASDDHQEIVQTHCHQYTYEIEPEKSENKKQQAKENYWHDEG,0.282036691904068,0.2820367,2,4000,94
STWHCMMMPETEYNDKQCDKMHPQSEMRNMYIAHTFTDFHPDAGEATAKLRFNKAKKDWCHGEGPQ,0.2781398296356201,0.27813983,2,4000,94
LHKDPHAHCCRLQHHPDQWIIAFHEPNFMWEKQWKRDNMERERDPRFIPKHAWEQWPPGIQNDDHE,0.27666518092155457,0.27666518,2,4000,94
MNFKGDGHCDKGMKMKNQYSAHVHGRDQGKPDMLEWEHQPRQPGDWEHPMMRHVDMDHEMYRQCDC,0.6559292078018188,0.6559286,3,6000,148
SEDPRSTHGGVNNEQDRWRSHYSPQMGTGDHVDGWYDHTMRAHAWNQQHSCEMDQNPDCFCCWPQQ,0.6492832899093628,0.6492826,3,6000,148
SEMDFVGTSSFKQHNCQDDPIPEHQGHRWDWNEWQDFHKGWGWKDEQAHWTHTQHNEGRVRHEKVD,0.6121885776519775,0.6121878,3,6000,148
EPYHHEPKKEPHDCKANVQENDQEAPQYPIVRPMEGKNRQMEICHPVRNMPQQHIWDHTGCIEHNW,0.6100525259971619,0.6100992,3,6000,148
FNKTYRCWTHMARGDPKWDANERVRSRAVEGDGYSKCDKAGKWGDRSHNKDYTIWGKQSWNWKAAQ,0.6078333854675293,0.6078326,3,6000,148
GRPQNTPYRVEYTRCCDVCECEEGDQYASTRQMDYSNPLNWKPNKNKESIKTGSPWPMKNDCSPTD,0.6069732904434204,0.60697246,3,6000,148
PEERDPGYDSVLQAGVPVEDDDNGDWEITTRSAGNGHHAIYDDEHWNESHLEHCPTWWSWCDVNGR,0.5922606587409973,0.5923082,3,6000,148
WMPWCCSTKKWHMENKEYNTNSFRQGQEMERPDNIQEKPTPGKKFWKFDGCPHNLRCNAYYEGARK,0.5737526416778564,0.5737518,3,6000,148
CIDKHNPRPKTSIECHDWKHCYNKTADHQHNRHWSCEETLSKQKNATYTTHPRSPHSWWLPKYPDR,0.5627439618110657,0.5627431,3,6000,148
AKRKLCTSWDPLYKIPRLKQHDGEHCPKEMANQYMQAQQTRDQEMCPSYRKEMQSCHRAENPEGKF,0.5591645836830139,0.55916387,3,6000,148
KTKEKLPMYAPIHGYAAMYEEYPWFMKRFDTHWYPHGHEHEHPYQIPQYACHDWEHETPGWENPKP,0.5545610785484314,0.55456024,3,6000,148
PPVDESRYLNRFHHQLDKEESHGARFDMEWGFGTRRPLMTHDHQSMKQMSENHNYYTRCDEHRMQE,0.5472589135169983,0.5472581,3,6000,148
TQKQLNANGDWYAGEQYGYTKMNDPAEQPVFSTIDSDMFDNDETNPQEPKRWHYQGDGETSHMDWL,0.5429530739784241,0.54299974,3,6000,148
PYPQEEKINKSCNYTYRCFIRNKQKPCRCKYWGWYIEGYWPVGGEEDKQPQTQETTPEREEQQWKK,0.5196223258972168,0.5196215,3,6000,148
KVRTEPYECYQPGREIKRSHTHSWYCSYDFTPPISGMSGSTGEPQWDFGSMKGVQGFARDGRNEQD,0.5135462284088135,0.51354533,3,6000,148
AHLPHHFENMDHILRAENNEHYTMRDMMIDPSYDHIPDHESEQCSTQRCDTNLCMPPRPLDGENHR,0.5065373778343201,0.50653654,3,6000,148
LHNRMKPSKTMVCQNTAENTECHKNWPNNRNGQTWDGHKANDDFCKYDPTEEPPCCYGDPAQQQCN,0.505270779132843,0.5052708,3,6000,148
ALHQDRHMLSRRNKTDCEHNISDGNDQETGWNAWNPENIQFAQYNQVDELNQDNTKPHGFCKRVNW,0.5044035911560059,0.50440276,3,6000,148
NQCGMGDYNNWMQPGEEYEMSKNSGDQDQVHHDLHWQEIDGCKAKWGLMQSRLKWRDFDCDESIWD,0.5024397373199463,0.5024389,3,6000,148
KESEFYMGFTHMPNGLSQTSIEMELSNFPDFPHYCAHYPSSEQESHTTGHTHSWDMDEEWQPCCFQ,0.49245336651802063,0.49245253,3,6000,148
NEKFQTWLHTPSRAQYQYGQKHSHMTRDMKHNEVSANITNGFEGPSPSMHQNVVYQKQPYTQWGLF,0.4881805181503296,0.48817965,3,6000,148
SEWDCLYSRDRSLLQKSYPCHNETAEKQPNQACTKSNMRCHAFENDNTPTTHALQKNHYPGREHNG,0.4705193340778351,0.4705185,3,6000,148
DIGRHKYDQTPCNISSGQYQRRNTDTDQRCLDKGEWWNYEMIKGARMNSTMDEHWEQSPFQGSTGV,0.4696929454803467,0.4696921,3,6000,148
ENQRHMAEFQRQPQRCPYIGPQISSEEFEMKQLQQYNGFKYGKDYSQEKDEEVYHPVKEFRNLNYR,0.46269914507865906,0.46269834,3,6000,148
SVPADYEANQPYCINGQHKYHYTDMKHNQAAQWHDTAGGQQKVAKFGRHHPKPFWDKKNDIDAHWN,0.4613114893436432,0.4613603,3,6000,148
DLFIPRLMPHWWWMNQDKKTERQHKWGNRIQLEFHTMECPDETQDSNDPHKEHLQEEPKRPLTECE,0.44929927587509155,0.44934586,3,6000,148
SFSLTMNNWQKNMGHFENAHYPGPLDQTHRLWKCHWYPELNHFDNWDAVEMWRDSPEPCENNDYHE,0.44904443621635437,0.4490932,3,6000,148
EGKEHCWRHERFQACWQYNKWRHYIPYKSNHGNWCDCLIMTMPVYWRDNHAGPHKPWQSCFRDTDA,0.44367942214012146,0.44367942,3,6000,148
PDCQCTGMSAQIDREQTMSENVQLLDQFDHWQQGSDMCHHHKNYRWPDEARHNNNRDYKFNKRPCI,0.4349408745765686,0.43494087,3,6000,148
FSTGNHNDSPEYKVGMVSNKPQHDYSHDQRIGRVTMTKYFWNYCQNYPCHKWYPYGHHPQSTACTW,0.4316304922103882,0.4316305,3,6000,148
DRDNTKPQTNIDLHAHQAYWKKSTSHEMCYKTPNEFKHETTDDHCYMWEEKGTPSNLWVYYMPDQE,0.42959004640579224,0.42954093,3,6000,148
GTMDGECNNFHKFYQHLDDCTQAENGKDQTRPTWMNDSWQNDARHWDCLPTPPIDRNIMRHDEHDN,0.4286203980445862,0.42857134,3,6000,148
EVPPKMKNFQNQSQWKSKFKGMFPDLSHYCPNPYGPPNKYWSNQWERSPKRSPFIWQIQFEQEYSN,0.42109742760658264,0.42104867,3,6000,148
KGSPYDEAKGVTDQDWRFWPAQLHEWPRHRVTSHWFRWYGNWRWSQAQFNEQAQPRSNGCPQERDA,0.4103126525878906,0.41026434,3,6000,148
DCSWEMTDTTPEMNKHHGSTDMDHNYMHHWIEGIHDYREKQELGKHPPLMKRDHHQQRKLHYFTKV,0.4051460921764374,0.40509778,3,6000,148
EKKDHEPWEQRDEWYSEIWRMHWETCCDSWRAQKNTLGDHRPCMGIGQDTPCEDHQETTSADGDLD,0.40438929200172424,0.40434107,3,6000,148
NPRSNSANRKWIMAAGTKNHQEERHQEKNFTNHNTTKTIYENYAKELPVNYGRNKENQFYHTSHCN,0.4028737545013428,0.40282553,3,6000,148
GREVEDKKIPEYWATHNVIKYWYDTKPINTLNDSNWRDDYIENQKKKFRHNDPINWKQNWNKDHNC,0.396608829498291,0.39656088,3,6000,148
EHIASGDFKHWHDQQQRDQQKGFHIKWKHKNIIHSDMGQEYKIHKCHCPWNMVPDNNAQDQWQPNL,0.3964231610298157,0.39637524,3,6000,148
QMTCEDRCSDDCMTGLFVSPQLGDKLDQWRNKAHGTRTLFQNVMDTEKEHNCMNHPNRQEKWGLSE,0.39612284302711487,0.39607492,3,6000,148
NRQHWSMGNNRMDGTWHQTHNDLVTNWEADKENSWHINMNMDKWPAPWPQEQGWEICGHCPPIPLT,0.3905467092990875,0.39049903,3,6000,148
KGNRTERWSKGIWHDVYMCAQFWLDDTKWTRNDEDTGKYQPEKKTVARVECSVREGNGHTRRDAMG,0.3867381811141968,0.3866907,3,6000,148
DSCDWSWRRRHWTKFHFGCQMTPPPADWFRSKETERPDPFYEKQDLPPDQGWWMWDHPITKDNGDP,0.3864022195339203,0.38635468,3,6000,148
HEFCWNLNDMEDYHHQCARREHHAWIHFERERSVTSEWDHKPGNSIWHRDGGNTPDHGTHKPLSDN,0.3848172426223755,0.3847698,3,6000,148
HGDEWTAAQEMLTWTRKVDPIDFGSKEDDDQEYGHLGCDDGCHEEDDSDVKKPTEDCYRGHERDTH,0.3806305229663849,0.38063037,3,6000,148
PKNANECTKNYTVFENPKMESHRLNCNHDSFNCFMQSPMGWPDELYPIKRFERSMHHIGPKTNGEK,0.37843868136405945,0.37839153,3,6000,148
THGIVLRQNEDFMLQGHCANNYNQFIELDDNAYVWHCECNFVNTDNDQDIDCDRKREQRTYTDVRK,0.3681652247905731,0.36811864,3,6000,148
DEPQLASYAEDVMWYYHWCHWGQDNHAHNRDNFTADWHTECDIQQGRFICDTDNVEGYWVYEQWPK,0.3644757568836212,0.36442938,3,6000,148
GSYCEVWYRTKFYNSYHEREPPKINCQEDVWRFENGGWGAVRWSNRDDEDYQKWTALLTDCKKDPD,0.3550104796886444,0.35501048,3,6000,148
TYKFLEWYMDYDWKYRGQLRDMNEQAAPKQILPGESNHQEYEHQRDGSPIYCDHRDRFEDQAWHHD,0.35211658477783203,0.35207093,3,6000,148
YEHALCQHDHWQLGMNLTKGQMHNQKEDMDTANLSTKGQNQQYDIQESHTHAHGLWGHRQEAAGPD,0.35144516825675964,0.3513995,3,6000,148
KDTWKVDRYYFPPEPPNWMNIELKNEHNEGAASQEKNIDDGVRSHWLADWRDINPGQFRIHPHINK,0.35067540407180786,0.3506754,3,6000,148
EYGKLTDEYPMDLLNDEWCHRQGNWEVMDGQWRIVDKPRPIGEDKRAQPAYKQNCYKENCHWDRWY,0.3497692942619324,0.34972376,3,6000,148
SPWQRLLQYNSWTTEFPTQEHRHACRENGQIEALCQWQHGPQQQSKSTPTTNNTKDVNYRTMHDLH,0.3448592722415924,0.34481403,3,6000,148
DGIATRIHWEYQFSEQDEAEAKDIEQQGGEKPMRKIKPYHKKQTRNTTFIGRDGNEETKPDQGEVG,0.7835118174552917,0.7835118,4,8000,207
KGTHCHTHFDAMILGKWDDRGNDWYDQMDHCDRLRFTVNYPDDHRPKRGMHKQAGHHNNMDPRYEQ,0.7828345894813538,0.7828672,4,8000,207
HNNWYNHNKADWWTNDMTTECQHFDNGFNDESHRQYPDDYLHIQVCNHTGSKKQGEPSQHGQTHWS,0.7419390082359314,0.7419773,4,8000,207
NGNNQHTKTRCVAEKDMNNFNEEANWNDKYSGWEKLHNQYYLTRPCNRKASVGRHKTQNWPQQGQD,0.6799581050872803,0.6799581,4,8000,207
EPSHADHKWARSQKKCSPCMHYDASHCSGIPQQPQAEHPDKINQDETKLRYEQMGNQGRKTNEEAE,0.648826539516449,0.64882654,4,8000,207
YQPQDDMMPWYTPDWNISRKTCHAPRNSMQELNSYSDQKSTHHHKWPKPMDQQQGGTSTKTWRCDG,0.6272866725921631,0.6273315,4,8000,207
TNGSPSTFPGPQDEFYYIENGDTMQRYPNHPFEGGQVHDKCLTQEGKKHIDDGGKGTYRMCTEYEG,0.6266676783561707,0.6266677,4,8000,207
YSEQEGENWWPAACSGHTHGNYGTTPQNAMDKNYSMGHVDMCKRKGSKPWKAEWTMEPQQATEFSK,0.6154448986053467,0.6154449,4,8000,207
FWDDTMPWKKMTRHHNERNMAQHKEWMPPEGHSKEPKYMPGQNVNHENQVQPGQWMLCDRWHWCNG,0.5898752808570862,0.5898766,4,8000,207
HREHWEYPAAKHKQIPPNFGWKWEPFGGCQPHHYAHIFDDPFQDDGEWWYTVTKPTKDSTHPTQRE,0.5817322134971619,0.5817322,4,8000,207
SDKRDRISYEEMNAHDDIRFRNHKQETSHQDVQDQQWQACKDLPGYWQRTRRGDDVTDAGQSHNHW,0.5714258551597595,0.57142586,4,8000,207
ESEKVNKKSKGWPRTSLHSDRNECIGDHDGHDPVHNNYNHWPVDRSFDKEQQMLIYSFTKGSDNEP,0.5494328141212463,0.5494328,4,8000,207
SDRTWNDSNGRDMIPPGAAAETDPDANNNWARQGRSISEKAHGQHDPNDTEKSMAQKNGDPCYHAA,0.543270468711853,0.54327047,4,8000,207
FIEHNKVTEGNKQGSDNNKLKMDCETSPHECCETTQHNYQEFNHRHQAPYKAQYMREYPDPHHDFY,0.5429778695106506,0.54297924,4,8000,207
DCCPHSWFHHKFCNNDKENDTRQNVMNRHNDWCHMLENNIYQSGDEPRDFTRKDKGTLQPLDRLWW,0.5382586717605591,0.5382587,4,8000,207
KWDYFGCFNKPHGIEDEYQSHMCGQQDDTICKSWYWNGEQIEQYHWSHYDHATRPDAYDGYQGAWM,0.5316376090049744,0.5316376,4,8000,207
VPEPERKTGDVRNMGRVNCHQSFMRDEELHDKKPHGIYQDNPVHGDFQYEQEKNQDAMEDQGSQMP,0.5302653312683105,0.5302667,4,8000,207
TWPDTHMWHRHRYEDIMTADNDPIREGWSISCDKLTDDHGQHLWTNTNYRPDQINYCTGRKHEDMT,0.5210464000701904,0.5210464,4,8000,207
EKYMAPGHGYSDVEKKAEGVIHHEWMEEDTHWDIDSGKMRPENPTWKEDGEQNEKVHGYGEDNPMW,0.5173521041870117,0.5173521,4,8000,207
IHRNDVHNGVQDPADTIHGDIRSTPLERSAMNHWSKRTQQEQTPETARKQRNDYRDLKYWNDDDSW,0.5160483121871948,0.5160483,4,8000,207
LRFEGCNEAPMPCNGDHDQKWNWKDNTHKWLDCTTGGQKYWEGHWWHESNSYINASRFMRYEDLHM,0.513255774974823,0.5132558,4,8000,207
YPTEVIHDHKLPWKSQGSSHDSGICDYDITQYLGWGMPAMWWEGPQKKHARRHKGDRSEDRQPRHA,0.49860048294067383,0.49860048,4,8000,207
HGNKAFPREPRDDWRTQEPQDHWKSQRTRGTAYPIRYWYKAWQGFRPGMENYRKQYPMYCVMQANW,0.49212199449539185,0.49212286,4,8000,207
MTMEDSRSQYDHWDGGATMDWRDRVDTRNRAVRPENTPGRRAGHRVEMRGHTREGYMTHEERLCEH,0.48689448833465576,0.4868945,4,8000,207
HYTTPEDGKKDSDMQVMAMGRGYPYQGQLDIDHHKCYEEPDQPMDACCMNETKDRWGRMNWEEWKE,0.4735901653766632,0.47359017,4,8000,207
AEYDTQGWKSDCDQRDCKSTDSGQQTGPCEIPMNGMYSKVNDHHYSDMCDPKHVYLDYKHFLNPGR,0.46909236907958984,0.46909237,4,8000,207
YVDDFPDKPDDVEQQGKCEPDQPNMDACDFCKNPTGGTSETNTPHPPLPNRKMIPMVRFIHHHADD,0.4655180871486664,0.4655181,4,8000,207
SWYHHMGSGEDGEYNFSYVPRMLHTGGCKKYHDDWDKFDEQPQDPWWMLDKHKMAEHNEWTHDHQV,0.4652816653251648,0.46528167,4,8000,207
NGTYQDGMSTDGQNPTNDADDTCQKQEEECREKIYHDYNENHATTEFVKPHPASDTKRTCGGAYYF,0.4603060483932495,0.46030605,4,8000,207
NMCPHSMQDSTQDTQEMDEQPLNSPDVKDRRDRIACVEYYEENDRMDAVDNDPPTGEDGMWKDGVP,0.45954394340515137,0.45954394,4,8000,207
AAITQGGRGLRQVEHEPDKWPWWYWPPKQNAKHRATIGSHQRPPRIAKNCAPKNNHDGKSHGWPSQ,0.44598960876464844,0.4459896,4,8000,207
MCKQKTSDHDPDNHHMVEGDAQEQGFNYFFKRKENKRYEHNQSAGFHWDHRFSEDGPNTFQRHCRE,0.443774551153183,0.44377455,4,8000,207
ELKEDTRDNPPYRLMWPHWDHAMRGGEMVNKYHWEECSDGHSSKYLINHYKPDFKDRGPWGKFNQV,0.438884973526001,0.43893418,4,8000,207
INGCHHNGTGCCDQLDKSHDRFGKESPPKWKGKRMHSDMVHTANEYPLLANGMQDSNGDLDGAQKH,0.4386201500892639,0.43862015,4,8000,207
PREEQGPQRTAAMNQHAYPGKSPVDTKYHPMAENTDYEALKTQPSCYPRRDYYSDFDWDHGGNVMP,0.43669795989990234,0.43674508,4,8000,207
YLYEYQEAMRGQEDVQYDPNSGIIMWEDDQKFCYSDQMDQQYKQQYHELTDIRRNSTLYQTKEMED,0.42650771141052246,0.4265077,4,8000,207
SASAGNSHRYTDVETEEMCTNLMHRRHNGRKTDPQKSDHMVKWHDHSAEGRAVFNSTWNFHQSDQW,0.42529401183128357,0.425343,4,8000,207
EFQEFMDMHAWNRAEGWFMEKLFKFDHGHPKIHNMSWCKWKYQFRATPYMREPAWFQMDKQSSWWW,0.42351076006889343,0.4235107,4,8000,207
PNPAPVQHYWSMSEVMHSYADTAEPKLSGDTNHENTDQIKPTQHRGTHDDYGTKPNWNHLDDTDNT,0.41993406414985657,0.41993487,4,8000,207
DANRMLKNTRHICSKNAPGEYENQCMQLYAGIVDWSHQRWQEEVAHEAGLDEEEHQHMHGTREPEN,0.4178137183189392,0.41781372,4,8000,207
FWMTDLSHIKPNFQRHVMSNKNQQTNQPKDVHLCFWDYWANMFNSHKIRYCNHHPAHHDWWTHDKP,0.41717419028282166,0.4171742,4,8000,207
GMNNWYMDYYCELSNGPEWTDDYIMEACSPQVTFGQYHTQWNHTKPCNDQKDENQREWQHCCMDQN,0.4144223630428314,0.41442236,4,8000,207
WGRPPKCHPMHSMAEKTGHQKHKAHNPETSNERYWNNHKSGNQAQDYWHQHICQHEHFEMVCLKRC,0.4124894142150879,0.4124894,4,8000,207
HEWSIEWDQNKGNPVNHDAANQRRGLIKVEEETEDPAQAPRYKGGEHENGDMPPCKPPWFHLWDPP,0.408078670501709,0.40807867,4,8000,207
EEEHLCHNINHGTYTKEITEIVFEDWRADPVLIDHFWWYPDKQRGEAPEHGGWEVGGRTKDTDPTQ,0.4064970016479492,0.406497,4,8000,207
YNKNSAKLKDRQYIDSYNYEGSILDKGDKNFDRQPHKQWHWEAGAPGDENWLADHCRGDRKQGRGP,0.4037633240222931,0.4038094,4,8000,207
KSSAHASGERGQRTGGFSGQMPHDNDGWCEARNQHGFGEDCPDRPFYEVSNWEVENPETESHETWW,0.39893025159835815,0.39893043,4,8000,207
PNGKWHYGMEMVYNFELFHEQLQKCNTWHTHHTNCTPWVCWMKQEVFRELSDNNGFHEGGCRDQIR,0.39244869351387024,0.39244866,4,8000,207
LAQDPNTSDYKIHPNLYEEYKPEWPNNVNEMHHAQEFMDSTRIIQSRGHIQETQESPGGEVRDQWS,0.38609936833381653,0.38609937,4,8000,207
VNYGDWYNTYKQASNTGYYDNTVNTNGPTHAMAVMRNYTWMEKLEGKECTDRPMAGGQICANDASP,0.3857138156890869,0.38571382,4,8000,207
EEVVPCCRELDWDMDMTHNKQRWTKQLYRMHQGEWYMHMNIADSFGEDRRQFQHDDRDEQCFQENI,0.3854628801345825,0.38546288,4,8000,207
NAKFQFSDSQSIDNPWDHPYESPRCDQDRYQWDQPPVIQPMNNRIVGPTCWRDQVKMCMKQQEDAS,0.3813590109348297,0.381359,4,8000,207
YDIWYPFLGNYHGWGYSPGMECHLTQMEQKHGNTHDNWYPVEENQHSTQPKDLLNKQPKKYFTQKH,0.3807576894760132,0.3807577,4,8000,207
GMPQYYYQQPVWYEPPMCQDHFQEKHCQWNRYTWSAYRANQVVHTEKPRDQSIEMQKQGPCVNAKK,0.37317097187042236,0.37317097,4,8000,207
KWYDNTGGMNEMHPHHNITNHGHNDPLELFGHYAWECWMVGHHVNMDSHEWAAPCFQKYHHKRNHH,0.36924219131469727,0.3692422,4,8000,207
QLGNRHNHYDDQTQWMPEFNHEQMCKYHHNGASHLMYENRTANHDPLDKWWFQQYWALQGETPQNE,0.36786597967147827,0.36786598,4,8000,207
DEENWCRVFETWLAKYDQCEWQDPKWPQGGHCHQSHEHWSEFEQQWGYENEGHEGDCKVFCSNHHN,0.36725661158561707,0.3672566,4,8000,207
CTDSRWRYSPDYIKDCEDMTHPYKFFDMDCDEWNGGSEGKYFGLTIWQSCNGDQYKPGQFWGPHFQ,0.36658409237861633,0.3665841,4,8000,207
KGKSRRDSKHAIVKDKNWSCDDIRHKAHHCRWETNDCHSRPNQAQLNAKIPKWFRTRDTTQHCQHT,0.3664662837982178,0.36646628,4,8000,207
SSEHIRVHDDFWQRPKDDWKSKDDRMDENRQEQCNANDSSKHQKSPEEHIDDMPTVDHPYPNDGFS,0.9190031290054321,0.9190031,5,10000,271
NSWDRRDFFYFNQRIHAQAKPQRQKCDENDMWMEENCDPPKEEEEHNHEKPHACENRRWYYPKWAD,0.814974844455719,0.814974,5,10000,271
SSNSLDQEHSSTPAKDRKYHNDAHQKYGEHMQYPEDNHIDRLDNEEPASWEPQHNYDDDKIHRHAG,0.8016785383224487,0.80167854,5,10000,271
TEAEQPNDYHCGSKSKNPNRQHKYQQYRDQWFDRMQDHMTDEMTKGVGYGGCKSDGDKDDYDQVGN,0.7787630558013916,0.77876204,5,10000,271
NKRGPHYNSKGQPLRMVHDDWQQPKTDKRFMDCTKKFEQYNAHDHTTHRREQKYGECCPSEGETRP,0.7718675136566162,0.7718665,5,10000,271
MEAHGWWGCPYREEDPDRMTSVKTNNQWNEDMNKLNRYNERIEDQHYAASIYPDNARQQNEPEHED,0.7408840656280518,0.74088293,5,10000,271
LEPPHKTLTGAKRPQDDAKDEHHYKDDSGEQGYCDKLDRMCGQCWHQDCGKHQEQDKYHRGNRNDD,0.7340167760848999,0.7340168,5,10000,271
RKGMDDPVHYLCRIAAEYRMHKTNCAQEDENHADVWSNNKLMTQRNPKACPKHFHHGGEDGEEEDK,0.7201701402664185,0.72017,5,10000,271
PIMELPNFRPFCNEENCNERDCMGDDWPWYRGRKQMGDDQNHNPKGVYGMPDRNQGNRTGRKGHHK,0.7180148959159851,0.7180149,5,10000,271
NQNTHDYDGTSGRGACTKKYSYQAATIHQQRTTSYAQAIMPQSTQSVNGNERPSGSKPKERQTNRT,0.7072179913520813,0.7071765,5,10000,271
AEWSNHVNKDRERGKEKGPHIWYWDSYNDSYWSWTENDWSNEPCSPMGPPPRNEFGQGNNMSNSEF,0.6994541883468628,0.69945234,5,10000,271
GHRRPWLWFWSSGKEPKMQNRIYKFQNMKHFGHHESDETNQNKPPKVPHIQQPMDEKSQGQHEKPN,0.694222629070282,0.6942226,5,10000,271
MMKNKRIQNRSMSGQTGEPTYCDHDHPWNVEINTHENGKEDWHFRYEMPAHQEYQPRGQCQPYERE,0.687357485294342,0.68731636,5,10000,271
TMPSYTHPNKWDGKHITVNNPRPEETCYHMNRFIHTEHWLPPYRKDNTAGDPTTHYESAHSNSEKQ,0.6777920126914978,0.6777514,5,10000,271
EKNSDDSSFAGRDNEPHSGSDFNEYTMSNELVTWPKDLWPPHTHFDCNKCDNNNPSGEEYWQATEW,0.6691884398460388,0.669146,5,10000,271
ECGYMCDWTSTWTEGMDLKTDRSMYRMCEHTDKPWCDHNHEAKYNDDERGEKEKIHPHRSPQEFRE,0.6518139243125916,0.6517705,5,10000,271
RTYKAHSMRRPQYWNKNKKRYENEKEQYTDDNRSGEDYQPLGQQDNNCTCQGSEHQLQPTVNHTYE,0.6515754461288452,0.651532,5,10000,271
QKKEAMWHPRRELKDLNLADNQQMNGRHSKDRKPTDSDYFMKMFKWPAEWHIPPKASIQCWEAQKS,0.6512086391448975,0.6511652,5,10000,271
GRAREHSMWHRGMHGQGLRRMGVTEEAYQMVEPWDKCGEQPGESDHPNDMDDGTRFQKYEIRTLQK,0.6493772864341736,0.64933366,5,10000,271
APQSSMSNTECVDPDCESSIPKHEYKQVMHDKEEYGQRKMWNDEGQPPLEEKRIQMKTDQKKQHYK,0.6219019889831543,0.62190396,5,10000,271
ADLEDANWCAGSNHDRVQGSSNSHKEPEIKRNHGDWRSQAQNGETGKWHHQKNYADRISEQEGWSA,0.6073654890060425,0.60731983,5,10000,271
RNSTVDARQIEKEKNPEHSQGADMPFGDPEEKCPENINRHFEDKPPSQPCPQKPHDIVCDPTPTQH,0.5974899530410767,0.5974438,5,10000,271
PGDDDLRWKKACDWQSDAHGESHYGINYEGKDEHDPEAMTHHESRHQERFMHNTVWNKMKWCSAFT,0.5974764227867126,0.59747833,5,10000,271
TNQHPSKADWYSHGNHTVTYKHNDDTPGADEEESNHWFPMVRDDSSKSHTNWMRTWCYQPPGFFEP,0.5868013501167297,0.58675486,5,10000,271
HDYSIRSIDDRPNTATNRSEKFYFHPRKQLFDDPWWPYDDAKQDKDDDLDKWGRPKDQGTYTPWAN,0.5739291310310364,0.5738823,5,10000,271
CKDQIEWCVDNGCEHTHDNGTAMREPYEEKRMTGDTINRRGPGRSNGHSSWHMKQNAPKKHPPLHE,0.5727051496505737,0.5726584,5,10000,271
RDDRASSVNISQTKPVTPYNGPNSQKCEASQWESNNHSGLSKNQWQDYRNHQKHTYHDSGDYRHEP,0.5522282123565674,0.5521808,5,10000,271
WRNWRQSWGIPHGQGDRCDAEFHQELFQDKGKIGPICDDTDFDMSPWKKMNTHEDDTWPSHDDWYW,0.548859179019928,0.5488118,5,10000,271
SKGGERLENERWTTFRDRWDKSWHRDQKQSFPQEARGSNNYFLRGHCGDSSMKKFLPTKGSRTPAY,0.5470848679542542,0.5470374,5,10000,271
NTQQCCVCKGEHESWGEGKIKHVNYHDFHNSTSQWLQSPTPRMGNSERDVEDSWSQCMARDSMWRN,0.5268806219100952,0.5268828,5,10000,271
THYQKEPDGLSMCWSPQARDRVYDDGEKDNWAQAPDTKNGRRWQPQYGGRLQKFHQYNEAHPGTRC,0.5090051889419556,0.5089573,5,10000,271
GTLHKEYDNTPCGHKPGVTMWNTGSNTPNGNHTHWTHRGYCNAIKDDGHPKNTMQNTSPLQSNQHR,0.50291907787323,0.5028712,5,10000,271
GLPHKKDCEHDWNGQESQWEHWNTTADKGMKDSNMFILQTNELEKISQKMKHELKQDQDMQLQTGQ,0.502139151096344,0.5020913,5,10000,271
YSPQNERIQLQCHGNRFTFNNQYYAHHQSCPGWNAFKNWKQNCERTPCDFWCDWHPKYECCDRENE,0.49819859862327576,0.4981986,5,10000,271
MPDIYENNLQHDKDDDQVHCKYNEGKQPNEDGIREMNGWTLADWECHSPNNIQDTIWSSHLSETNR,0.4977585971355438,0.4977586,5,10000,271
QQTKHTVPKYQMTPMEGTKHPWCPSNKMKWWSPISDSHQFHECISTNWKFEDPSDWQYMMWTIVER,0.4976169764995575,0.49761698,5,10000,271
LGLYNHGKSGPTHSSRMFVEFDDQNEHWNGQHENQQCIHKPHKIPSPGEGKDHCAHEVDTYWEKFR,0.4963613450527191,0.49636218,5,10000,271
WWEQKYVDVCQKPSDRQMDRWQRHQHCTYQNANEWTDNHDTAVMTHDEGDHDPNSHRDAKRDNMHS,0.49388766288757324,0.49388766,5,10000,271
DPVSGWANHEESKHNCSEAYFTMSSQNNLIMADHSKHDEQSADGPPNQENQPKDFIAQNAIEQHHK,0.48505932092666626,0.48505932,5,10000,271
MWSKQDKGWRQNCFKKAQDLTQLGTCIQARQDQEDQTCLPNGRQRWEGHNGPGEMHKDNDELFREE,0.4825628399848938,0.48256367,5,10000,271
AVCEWPDDYDVYECRLHHFEKCINNPDTKTSQHNQERKNPWPPEPPPKMMYYGQPDQWPICLDSPQ,0.48081135749816895,0.48081136,5,10000,271
NWKQETPSGKTEYMKECWSGGLRRAHPGNEPTVQTQRELKIDAGMYRRLSVPRDHGVHEYQGHTYD,0.47091275453567505,0.47091275,5,10000,271
HTRIDYGANMWMESQPCKFTPKSMKKCSGRHNNGLRHANLDAFPHEKDAWHNEFDWDKKDQNCGDD,0.4691568613052368,0.46915686,5,10000,271
LHKDEPNLDGDKGLRNADGGDHSTQEYKQMGNRDTDGLHIWETDTQPHDIHGVKHFPDNVEQNGEW,0.46877235174179077,0.46877235,5,10000,271
IIREEHSYYRNYDNRGPFDRVEWSMYFKPHKFYQIPMNYGLQTLTDNRWNHDHDNRDFGNDQGMMR,0.46757590770721436,0.4675759,5,10000,271
KTCQWSCRAPASGNDGITQQYMYAEAFWDTHHQTLGAKHTEEHQSQGSGLSKQDHAQQDDTQNDAQ,0.46644720435142517,0.4664486,5,10000,271
EMDDSYVVQVNGNHGMIYPQMCMGMGAPGQKDSQHARHTKMRKSCKFRKHDSAPHDKMQWDDQYIN,0.4654539227485657,0.46545392,5,10000,271
EKWWSEIWHRNSTDHKTHIKCEDYQGYNGEMEHRDSFRVKSLIMSDGMPPHLMPQKSDNRHHHWPT,0.4624345898628235,0.4624346,5,10000,271
YADHKCDMMEHHRTNVRPCGTERTSGKDHHQHWGTKKNGHQTQHHHCYHRTHHAPRRHEVGWRFKF,0.4504556357860565,0.45045564,5,10000,271
MKRMYAYMEIIDFQDQHRRWPLHHAQSANDPASYTMWDAIYNERWEYKHKMPRTKAHHEWNPKHLK,0.4473414719104767,0.44734147,5,10000,271
GWAKENNEQNEPYECRIEDYEYYKKWTYEDTNPPQCFHYPRHWHYWCAGEMHRVATRNPVWEKPER,0.44464191794395447,0.44464192,5,10000,271
NIVSYTNCAVSMSSKINHNNQYPDGSEMTRDREWQKYPVMQTWYHQHHAWEIYLDSDGESREWPTP,0.44040367007255554,0.44040367,5,10000,271
PPKLLPGPKSQWDDQTMMHKLDKSDGNASEWWAREWPCWQEAEEELNKENGGDPRGAQHMMYWWQD,0.4382316768169403,0.43823168,5,10000,271
QNPRLEMTSPSNGSKTNRFHGGQRKNPPYMQPKWDWTQVWGKHCTQYMTHWKDEMYGKTDGPQQPP,0.432536244392395,0.43253624,5,10000,271
GHQKMNYQGVGNHHSPKQGQNLEQNNSFNYHSMFPPSLPANSSAQNMASDPTWVLEFTNHSSEYRN,0.43214869499206543,0.4321487,5,10000,271
GKGRYPSYKNKPKNVKDFDFEWYEEEQYAGPHDFCGLLAEHHHLDNPKLCGMFWYDYEHKEPPQKC,0.42670682072639465,0.42675367,5,10000,271
NHPNQARCDVCDTGDQEMWQKGPDHTMPITHSWFLLWPYTQEEYYEHMNCVPEHQNGFWDLHYQQR,0.42481571435928345,0.4248157,5,10000,271
RKKNKWDDKRWQVEFHGLVQTKLYWAFEYQDGDKDINVEGEPWHKKWNRKRRHFNYHWHDSHRDSN,0.424562007188797,0.42456204,5,10000,271
WNWNDWFQEEQISLNCQWGTQRSSEQWGENTNDTVRVQVKADTNQCQTFWNPTSDVQNTVHEIELF,0.4236776530742645,0.42367682,5,10000,271
SEEVDRNGCFQHHKGPKPNTHPYHSEDKKPWNYSTSHWQHAKINRPFRRTEHVTQVPVQAHWFAPH,0.423357218503952,0.42335638,5,10000,271
SEDPAWTQACYHHISKKKLWHDFALEEPNDTTNIHHRYYDPPYKWDYGDHYYNWEQQRRPCYDYAE,0.4196189045906067,0.4196647,5,10000,271
SKDMGGLWADGHHKHPPCQDSQTKYMTMNTSVWPEVMDCHSKVFMCQDDKEEKWNGIVLCAGYKEN,0.416273295879364,0.41627383,5,10000,271
ITRKQEDQFQRNWWHQNSQPWFDEKGKAKPCPTGQWGYSTDNYEIHRPKGAGAKNTPPNSHRQDLN,0.41479864716529846,0.41479915,5,10000,271
MINSHCANYHDNQKDCDSVRTNFCCLAMGDRTATDQAWDHQAHWKCTQEDGKNNEKNHTREQVHIQ,0.4136020839214325,0.41360265,5,10000,271
TQGDTPMNICRCLEHQQRERRHNEKDRQTPRYCCEEKNNKHTKQKHQYNQESMLMWSEDPPPETEH,0.9005234241485596,0.90054053,6,12000,340
DKDMRPTESCGFACDKSNEEMCHQPQDLKWQWSDCKFWDCNPDDEQKFLRHYQPRQQVDMQTPEKN,0.8368195295333862,0.83681995,6,12000,340
DQRCGSYHTNPTQEDSDYVHQWMVYEFDHDAPCQVAPDQQYSRESNGHYTNHDANPDYQPDAKNEK,0.821778416633606,0.8217784,6,12000,340
GGDHPSFKNHYDMDTPSSNSTRTNSQHWCANEQDQDGQDANNEHKNFSNYYFHKHWRHPSQQDYND,0.8097624778747559,0.8097625,6,12000,340
NDTRDQYSDKKHDFKQKHENKTEQDENGDGRDDLSDDGPDRDFNHYAIDTHMNNNSCDRKLRPDFI,0.8004276156425476,0.8004276,6,12000,340
SRSSDDGWQHIHPTHTDYDNQPKFDSNNNDPNHQKENEEPPRLSNQFYVWMPKENTGPSNVRFKLI,0.7926595211029053,0.7926595,6,12000,340
ESEEHKSKDQVNCKDNWNHDMMLNQDNGGWDTQPQTDMGITNEAQNPSDHQQRRQWKRYQNNIQGD,0.779667854309082,0.77966785,6,12000,340
SHHDHSCTHQPWPQRPVEQNKQWSEYSWFEPIDRDVRKPENEAQQQVNENPEAFHQEPPSHENYCT,0.7620809674263,0.76208097,6,12000,340
CIKRESACYREPPTGQQKWQGHHYGTRRDGYDERRETSGDEVGRPHGPDQWERMWYHNKMHKRPGS,0.7490689158439636,0.7490689,6,12000,340
NECYYKCRSQTDNREQRPGQKQDDACMNMHWRGYEIDATEFVRSHADIDDEQSGVGPAEKHTQEED,0.7391785979270935,0.73917925,6,12000,340
NPITHRLLQRQQTTWKDDSDQRQHRKQGMDAPESEKFHWPTQQELDNPANQNVGEDPDDWHDLDEK,0.7333532571792603,0.73335326,6,12000,340
NNGYKTYTGMMKKDRKKEEDLMNMPSRSQEQHEKQQQGGGAWDYECTHDNSSDTQFLWEWHDNLMH,0.7277784943580627,0.7277785,6,12000,340
KCAWFADMKNRVWQRYDGGPDEWHGKDDRFNGREPNKKEGCREKELRDPGHWEHDELQKGQGNPPE,0.7190768122673035,0.7190768,6,12000,340
KDRPYDCDFRPPENQIHNEVTPWKHYHDKPDISYDWQEAARWYHWARCEWGKWWKHGWDWSPTDKH,0.7084457278251648,0.7084062,6,12000,340
PKNHEHHNPDRRHVEQSAKHQLDDGGYHQFPNNMPWSRADLPLSEDLHQEHWYNDGTDAPCRADDQ,0.707784116268158,0.7077445,6,12000,340
DEEHPDNEMGDWMRNLMKHTLGHALNHHWRWQTKCSIEYTQIKQSWREHDQKKYHDNHRQYYLRQD,0.6937646865844727,0.69372416,6,12000,340
RWTHEDWHEDTKGKQRQNMKNMPNYEKQPYCSYNHNAAGEPEEQPYQTKAPKIQYTCKEDKWYCLQ,0.6859917640686035,0.6859506,6,12000,340
HQNMREDDTDSWQLRTSQTECAPFHSWQDEHKDWHHTYEPNHQEQMMPEHDPILEEPKMDEQHHGR,0.6834057569503784,0.6833643,6,12000,340
WDYPHTRKPDQGVYQKKPKNELWHKKWRWWWRWGFQCCYNPKGSWNQQDYQKKQNQDQDTSHWYNQ,0.6821823120117188,0.68214077,6,12000,340
DWSCMPDMRQRDRTEDNIDWNDMVSIGTPNAKYQCMYRQDHYKSGHDGANEHHQMFKHQEEDGHDN,0.6755377054214478,0.6754958,6,12000,340
PPPMKSGMDRRWFKMSKGQKKDNPHNHWDDGDFCYPKPYVPCHQRDKGNEPDPVMGPWPKKTPQMP,0.6743723154067993,0.6743303,6,12000,340
RMPHHRSKGCGDQPPKRDHDAWTEIQWHESHWWDKDCHNRMEESPTKMWHFQQDVEQNIWELYGQH,0.6735526323318481,0.67351055,6,12000,340
MVYIMLGPPTEDEDEDTDDPIKFWPKGNAWEKEFYSDYSIHDDMQEDWAEHKEDNQDREHYSDNEP,0.6664426326751709,0.6664001,6,12000,340
MDKYAYAETNKNYGQPEEVMQATCMKSTDTYGREEEEHNEENWRQAYIRDPQQREKPTERRPDNVR,0.6617618203163147,0.6617618,6,12000,340
SQHRRGDKYTDEGNTIGEVPFTQDIRDTDTSDCDIKRHKKCGMNKPSNTTKQLHRMNQADQDDYWQ,0.6575550436973572,0.65755504,6,12000,340
QHENRENKIRAQYRPVPNPKDVWGVEPDDRDTSDINPPMYRPTMMPQEWSASKVFNQQDCENSMSH,0.654901385307312,0.65494466,6,12000,340
VVGSNHFMQPQWTHEWDCPHDYNTDNNAWSEHHRESPPRWIKWHHKMKKHMTHKRESSPAHRTLDS,0.6521528363227844,0.652154,6,12000,340
GIEAEEWVQSTHVSNDTRWWEWSWLEFQKHTNKHPDGNTQPYDSQDDTQAIEHEREASENDCHQRQ,0.6403355002403259,0.6403355,6,12000,340
KINRGGCDGQLTGPKLEQQQNWLDEDMKYEQQEQNNVYTDVFKREQWKGKRNGESQDHQKLNTGNG,0.6383537650108337,0.63835377,6,12000,340
GDKRIDHTWPSRNQCKNVLDDMKWWQTKKGRPGPDQMQQSDAQTVHQKPDESKDEETTDQEANDLT,0.6315882802009583,0.6315883,6,12000,340
SDSNDFYIGCPQRGCSMNSRERPQHKWDINENHRWIAEKQDMESQGEPWNHEEAPWWKPNDGEGEN,0.6280405521392822,0.62804055,6,12000,340
KIKCKSHWHQYQLCDWWHNQQYPGQMDPHMGPEHKNYQEEGDDHHGRAMHQLLPHEMEPTPTRPMC,0.6242391467094421,0.62423915,6,12000,340
HEHHWNRKKLAHKYACKAPADANRYYPIHLQHHPDGSGPQEIHPWHRHAFRSMQHHPQSDGDDPDR,0.6153047680854797,0.61530477,6,12000,340
EFEFKEEFRNKHPNCKWRVQENGREPQCNKDQTSNCMNCTHTFMPQWDWPGQENWGETPKGCTEKE,0.6087586879730225,0.6087586,6,12000,340
QWYHVPHFFYRGEKSETREWYVCSNFKEPQGHYPDWGHSQFGHERYGHPVKWMTWWIGEEQPQGHE,0.598486065864563,0.59848624,6,12000,340
KQKKMHCTIQQCNDQHDWNCLQGKNNKVKQNHPSCDFYWQMPKCGAEEAPCQMRDQGQPDVPNHIP,0.597467839717865,0.59746784,6,12000,340
WTDENWITSDELDGEPYGYANQMMMSQMPKNEDWHIGDSDGTDPNNNYSTDQQAMALSKDHPNRTG,0.5814169049263,0.5814183,6,12000,340
GTKNLHVWCRYNRMDNTKYRPGRGVAKQQTFEIDEKDEERYHRPNQNINDMEWNWETQEKFECRRE,0.5751562714576721,0.5751577,6,12000,340
SVKQTMDQQSQDAFKNKLQGNYGSNNCQYGRNQDCEIYWNNDNTGVGAKENGGPQSQIVQWQRDQQ,0.5700539350509644,0.57005394,6,12000,340
SMCIHPFYQNMMPHHKQWQSGFWENPDCARMQPPNHESANVYQCAFHKRTPEKQWCNPHRPHGTGK,0.5680850148200989,0.568085,6,12000,340
DMVEDSNSIKKRYKGLTQRQYMWPEDDDQHDHVHFRNNKPIEMEHIEMDVDKKEYERDYGGTGFDQ,0.5679614543914795,0.5679615,6,12000,340
PPCMWHKEENIGLMRCHVKPSQPPADYEWEDNDCHEEEKLANNITHFELIREDNNYRWDIWQGYQP,0.5674892663955688,0.56748927,6,12000,340
HESWEFWSHPYVFPNTPADYDSWMWHEGAPKWSEHEIHPRHALHNNPWEPLKDWGAEKDYCANWPW,0.5623595118522644,0.5623595,6,12000,340
KLNYYADHIEGHYDATTCNIYDDAAQAKNDRFQQGTHENNTNHSTDEWCMYEHYPGYLTYHQEGTR,0.5610435605049133,0.56104356,6,12000,340
NDCKYYAMFENDDAWHTNIYDTRFHNESYKKECDVYQWDMEPKHPRDELTQKPPNQEHNFWRQRLT,0.5578266382217407,0.55782664,6,12000,340
TMDKRPMFDSADTYDVGQPEDEVMLNNETCYCDREKNFRKFPKDSTKDVKEEDKKSIKTEQKFYEE,0.5519729852676392,0.5520204,6,12000,340
KPFWTDRNNTTNESRNSFDKDCRPMWHRTPECDNPQAANEADKTLHCKKNIGSVNGRGRYKQQWLH,0.5504313707351685,0.5504314,6,12000,340
NKSMSCVVSGWWCLTPNSHPGPCDKNSNNKQRFWGDYWEWGPNSDPDTYQPWLGSQQTMPMINFQR,0.5483312010765076,0.5483312,6,12000,340
RRKFFWVGYEQHIHGPPWRHQDPYIADSGEPAWSSNCQDMWENLQVSRDIYSRHKDNHEWMMKDWF,0.5421228408813477,0.54212284,6,12000,340
DNHKPAYSNFFNAPQRPQTHNITHDIRRWSWIKGDNKCYSNDYDEWHDRPEWLQHMEDAKSSEPLE,0.5418087244033813,0.5418101,6,12000,340
PENPCMNDKCPTTDYWIASDDHSGCEEDSYHGPVAESDQDMQAQHQGRQCDEVHFQPTRQHGSYVG,0.5363449454307556,0.53634495,6,12000,340
KPTEHMYDKDDWMTKHAGQTEMYEWMASEYRRDRDFLPCPRDHCVWIFSNTSGDDGDANADYPYPT,0.5342426300048828,0.5342889,6,12000,340
HDCNDDNNAEQDCWQNVDAKHEVNPKHYGPGIEQVYNKGPKQNGTGMPKDPYEKWSENNYDPSHID,0.533543586730957,0.53354216,6,12000,340
NDTPVPSKSPWAQQGREGYSIQHYRQQEGQDWCSQWCNCPGSDEDPMKESWCMGKQQCDNKEENIA,0.5255563259124756,0.52555573,6,12000,340
NNANYQPQHLGIQSAPSDAESDHIIKNSWFNSHTRPDPDETSDEPTPRYGRWAKDRMDEAGMRPAQ,0.5243375301361084,0.5243361,6,12000,340
EQPDRCDRWEGHNEWDWVSHMEYTPCYQSNEENIKEECPNSSNQTAPMQHWDHDVDEVDHQQHIKL,0.5202901363372803,0.52033657,6,12000,340
TWVIHEEYCGNSDIHKNPQAYRFDANGNHYIQRCCKYWGGHGQHQSTRKGQPCCHVDTKHDNTEEN,0.5181496143341064,0.5181483,6,12000,340
DHFESFNYMANHDDPDKSNSTSLHHRYHQKYGGCTAEKNIIPHQYNTTHKYHHTFHGAGEQYNGRH,0.5179685950279236,0.5179686,6,12000,340
PGNPNDPQMILRRLAWQAQPPKVTDGTECEGRDEEPYWANNPESHSGQEHEDPCRAGHHHDRRTAQ,0.5118662714958191,0.5119127,6,12000,340
WNMEKSSHYRYNQQQWAYWDEHDYIEPALQQHWAKQDEKDRSDHHQPHGYWAAQHLGAWVEQKPSE,0.5027356743812561,0.50273424,6,12000,340
MMRGDTTVNCQAEDEVMHGTFRNMTKTKEIYNKDQWEQLEYPSRPNSRHDGSRLANDHDDGTDTFE,0.5027108788490295,0.5027574,6,12000,340
NYAWWCDYDNKGNPELMWKTNWYSNTRATVMRNNTANWMHHWSQDEGWGEHEKWEIKRRYQQQTYN,0.5016574263572693,0.5016562,6,12000,340
EISQDCEDVPRYRMSVWNQWNMCHGVPQKDWNQPTKNTGPHHHTDKNTYGGWMTEEGYLDPGGDPP,0.4992087483406067,0.49920732,6,12000,340
SKHRQNNRYETTTAWHENPGHECQTQDIETAFGGHGEGWDPEIQTGENPHYCAYNQNRSCRVTNGM,0.4990687966346741,0.49911526,6,12000,340
MDQVMDEKDGQAEKSHCTADKQGPDWPNEKNSDHGPNRQPGDNASGEFCTQGPGREYYKWRWFDLF,0.49846383929252625,0.4984624,6,12000,340
KMQDTETPDNNPNGDFDWLHKAHKAYNPGKEVIKARHDKCGTDPCKWWVDGSKQKKPMQWPKDQGA,0.4980292320251465,0.49802786,6,12000,340
HCKGQKDHDKDWLLPTFCYDWENEHYCNCEFNGDDCWYHMQPEHKRKQLHGPNNCNMPKGTTSPND,0.4947951138019562,0.4947937,6,12000,340
KPCEIHRYNNQNGMMYNHNHVCFNNDSESAYNVPFTQKWEEGDCWMQTNCIESPYANFRYPPDPGH,0.4944489896297455,0.4944955,6,12000,340
GSECKQNYAMRGDNQRDDRFQRPKDSRRHHCWSEEKSAYSFQNADKPKTIEQEHGTVDTPSDYWSL,0.49270662665367126,0.49270523,6,12000,340
KLWDGADHKSDQPLDTEQSDDEDHDDDDRQQGGDDDKHCDDHNMPQENEDEHKDGFQTEQHNCQCE,0.9545755982398987,0.9545756,7,14000,414
TPPTGNATPDIDHQKTPDKPYFCEKHSHKERDNMDQRRMANNDRETSWNDPHEDTNESDRKHYGSR,0.9319389462471008,0.93193895,7,14000,414
TNMDDGNQTTKSHSWCEFTSLMQTEKKPERQPHWDKNTRHKWQDSHEEKHPYNECDEQAQGHGQND,0.9083400964736938,0.9083401,7,14000,414
WYGSSSKENQDRQMGELEPNEQDEINEWPQPWHSDMHKTQRQIECHRRKPDKRYPQFLPDDLGDIS,0.8935146927833557,0.8935147,7,14000,414
NLTSYCHWPEKQEGQDDQNWDTHVTPMMEHPYGFPFEVPGHEKKYEETNAEKINPPYGFHDHENQP,0.8478992581367493,0.8478997,7,14000,414
HKTHHNNYTYPNIDMSRCHEEPWHDTQENGYSVNYSTPGKGFMGHNKTFQQQTTETSPKTNHDNAH,0.8224580883979797,0.8224582,7,14000,414
RDVSRPNHDGFDASDYIDEYHQYWSDEYKPNKQSDTNHEKTPCSGPKNTRREDRCEVGRDRGDWQP,0.798291027545929,0.798291,7,14000,414
TKEQFGKNTLVPHRMMEGHPLHHDHHKEMKWKRQREEKQACRRENMFKKWTIDKWDDPEYWDQLDG,0.7961165308952332,0.79611695,7,14000,414
KPYDQEWDSCHWPQNDDKEDEHMEIWKQVCLWNDVLQWAQHKHNTSPDHERMQNDSIEKHRQHRHQ,0.7851760387420654,0.78517604,7,14000,414
QNNDQSADHNGCDWEFDNRLHEFNHKSETFNRWHAGDYPMKPESRQWTQPGWEQPWEGNKNGDWEY,0.7752841114997864,0.7752841,7,14000,414
GRECTHMQWQYAEYSHPNHHHCCQHPCRQPDQCYDNSHGPHHKKARKEFLESGNRHPPTDAPKWWW,0.7538638114929199,0.7538638,7,14000,414
QESQFVYPKHDWSYSAHMNQGHMWPKWGKDEHGNSGPPIPMGWHPHGANVRRQGQSKRCMAYDCSQ,0.7512882351875305,0.75128835,7,14000,414
HWEDMNVPLNHFPYNKEPEEYGEDHKKADQQFPEKSDQDEQTHDRLADEQREGQSPWRHPESDKYA,0.7429373264312744,0.7429373,7,14000,414
PIMMKCKNKSDPATSHVHHMKSCEDEGEDKTEDKKDRNYAWQITHWQYCIFNPWHHKHGRQPNDGQ,0.7402500510215759,0.74025065,7,14000,414
NHGYDTGPDGHDGGNHDHKEDIQFQHCKNKSTVTNSYWGNGWNDGNQGQYEHKTDNQKMRVFLKDK,0.7395122647285461,0.73951226,7,14000,414
HQLATQLRRRRGPSPHCPEKITEEDDVCDSHKKRQNGDNPQNWTDPGYKDKRYRDMDEVEDSEQNH,0.7285235524177551,0.72852355,7,14000,414
PGDHQDTNKEMKSHRCHTRWDQGQNCCELHRWNQTFYQNKYDWDHYKAFLNKHHYDHADRAEPDAR,0.712557315826416,0.7125573,7,14000,414
NNTKDGTSFTMINPQWEASHSGDTGDDNQNEEASNTWNMMCQKKYHQQTHKPDQEQETHKCELKDY,0.7101551294326782,0.7101551,7,14000,414
HMRKGHLNPTPSDFSECGKRHNKTKEIYHFNYAGENHKEEYDRANKKYPQEPKNWKFAQTGYKRDK,0.6997383832931519,0.6997384,7,14000,414
HSQQPYEQNKQADDEAYNCKYHFNTKDHQTREPGLWDWWHADGLFNAQQPATWQHGDRDYTDSADS,0.6992446780204773,0.6992448,7,14000,414
PKEGRHMMQHCTVRNMSAQTEHMPEYQFCKNKDCKDLIKEETWQDVNNETHDWLSDTYKQTAQKEK,0.6963251829147339,0.6963252,7,14000,414
EMERQCINCIGQNKEWSENHHSHCETSNEGYHSAIHRRGWRFNWRKHEGRMQNQRNNRNASKSHER,0.6955655813217163,0.6955655,7,14000,414
SQHAAGNRKQYWEQKHQWIHHTKYTCGENRTQWPHVKHDPHHLRPQWKNNNPDGGMNWRFQDLQQE,0.6779660582542419,0.67796606,7,14000,414
ELNNDEGKQGQENQCHIHHHRISQKLRRAKEHHPFDNSITKWKYCGREANYNQRWGEWGEEKGEKP,0.675946831703186,0.67594683,7,14000,414
NFTAHDYLNRTQPEQWPYFDTWKQWMIFRAERHKSDDTRGTKDDCNNMKKWTEPSPPECQQDEKGR,0.6749902963638306,0.6749903,7,14000,414
AMYVNPDDDHRMRKPSHDESHCREYDFPHVGKREQIQAPWPDEHVRQGCYDMKSQNMSRQYDAGPQ,0.6729613542556763,0.6729621,7,14000,414
ETETHCPTAFQGNASTWRQNQPRPNYEDDGTDTKTTKIIQGRYRYEPRTPQHDHHEQVTKTHNTPN,0.6698727607727051,0.66987276,7,14000,414
DLRSMAWGYRYQNGWWERECHHNHPHNEVEQDQDRPWFHFMDEPAGRQHLKKMPKDHHNYPRDERE,0.669052243232727,0.66905224,7,14000,414
MHAEQSSWQMIEQEENKNSRRDHQNTMNDKPQNREYKWFQTMKPTNQHRVWNKLPPYPYMCWGQRN,0.6675388813018799,0.6675396,7,14000,414
PHFCDNNIKRKLGSKTEHSDPAEYELDERGWRNRHFQMHDEDDEYHPKCKSDESRPYQQEMYYGEQ,0.6663130521774292,0.66631305,7,14000,414
WLKGRSGWDDVRYPPQTRKHVQSEPMSHEYSRYNGPCPCPHDTYCQTNQDPENDHSSTHGCDREYW,0.6662487983703613,0.6662488,7,14000,414
DGSESIFESPWEAMRNGNTYQGHWSNWKAGKRSQCNGAHAHDQKSHSDIGRTQHPDPHDAPDQQND,0.6642228960990906,0.6642229,7,14000,414
FKRMGEWYESNMNSVKEPGRACGNAVQHVTCQHHAHHGGHRDGNMKDNDQGSHVVYMDHHHKHHDR,0.663750410079956,0.6637504,7,14000,414
HWENLQWDDIQNEYHTNRDENVNGAQKQHSKAQCASNRLNQRWTCCCDPPQKSKNTQTTRPRQGDT,0.6615764498710632,0.66157645,7,14000,414
PHENGMPRESSHITNPVNTTELDNTDDHPHQHHQDAQKMFNMWIELSDKEDDHEWHGPKACIDPYN,0.6611703038215637,0.6611703,7,14000,414
EPTLQQSHSANNMNWDLHQSKEEQYEDKDGQACHYTNGNRKHYGECHNGDTQMHYEKNGPMRCEPP,0.6564961671829224,0.65649617,7,14000,414
NDNWHMSNHEPGNHEHKAADQDGWKQRMYEEQTFQKSRQKHTGGLHGWKWHDQSFQEDITGDIYHA,0.6522748470306396,0.652275,7,14000,414
SATVRCSEEVKERFPKRMHRCRNYSHTDEETMCWDQIVTKCDSEAIRPDDDDKNQPQMQTRKCVQD,0.6522713899612427,0.65231687,7,14000,414
DSEKIHNHNSKSSKECMLNSYGNNQQNKNSEEGYMAWRFDVVPNTNNQYPPHHTAGFPPCDRNEYE,0.651372492313385,0.6513725,7,14000,414
AHIPPDSNKHHDNHKGKPNEKHKHPIKGQNTHSLYDHLQNGGWHTQRQDFQPVPSEKDMTIKQKPP,0.6449650526046753,0.64496505,7,14000,414
RMDWYEQGEVDHQQHNKNIELHNYQPYQDKEWPTWIQEKAPKCHSGQLEDRIWQPFGEWWGNKSRI,0.6442819833755493,0.644282,7,14000,414
NTCKHGFHKKEWWDAYGTVFDGMPDPENSAGHGVCTWRTSKYDYYWEYGWQQNQWGGLTHERDFWT,0.6437859535217285,0.64378613,7,14000,414
HKDHQCQYERNQIKDPENGYEKNNDNQIEWPQEYDQQNTNLSIHASCCNCNGNHGHGRPSEKGCQE,0.6432555317878723,0.64325553,7,14000,414
IEYTKDGKSVFPNLHRVQQEFGVQKQMPRWKNHRQNGNHNHSEEDWQKVHVGRETQGDNQSDEIDD,0.6395032405853271,0.63950324,7,14000,414
KCADQTKDAKQDGSHIAHQGPWPVTKCWTHPASIEWRKKDGEYYERRENMQKEDQHTGYHEEQKWE,0.6275196075439453,0.6275196,7,14000,414
RPKGRERSKWCWDESNMHHKWQSWQCMHGCMDYHECRCDTQESFRTQEHKEVPKTNRPTDWQTDQN,0.6259574294090271,0.6259574,7,14000,414
LDDTLDNGGVRGHNKDTKKDWDHSTQPKSTYHNASSHRMRTSKYAEFNVTDSGHNIGFVNPRSGDN,0.6238924860954285,0.6238926,7,14000,414
DNESHKLTDESPGGPCDCQEPHDTRPAFRKATPNQNVPTIGYNGHTKQSRPTYAIPSPDHKVPIQH,0.6207152009010315,0.620716,7,14000,414
TQKPREDYDETETKCNSMKHDAPRKDEKHCAVKNHLDDRDEGIQCIDQYQNGQWKGEQDYPGGPNH,0.6150219440460205,0.61502194,7,14000,414
MFKEEGLFVKQHGPGNDDPDKHSFSYDREDRRKHWEHTIQTYNMNDYDPHINEKRGPGTDWCFPTC,0.6005050539970398,0.6005059,7,14000,414
EIQHCCSWNWRSEDKNHGNRKTDKMFKMMLQDIKWHRPCLQEKSHMNKHQHAKQVHGNNPCEKAPT,0.599128007888794,0.599128,7,14000,414
DGHISEVNETFNPNVVANTDDGTGYNGDQGHHEDQHTKMPHELYSNEDGWDLRDLHHKSDMHHPNR,0.5960628390312195,0.59606284,7,14000,414
TGVQWTDHGEGMDTQQIPIEDDNRGNCWLDITLNVNTDYEGRAPTHRRTCRDGDPSCLNCERCEKC,0.5953130722045898,0.5953131,7,14000,414
EPHHMGLQCSRRSPQNTLAMKRQYHPQGDQDHWAHEQWTAHHSYYGDEQGDYTQHQSNHAYVLRYQ,0.5893213152885437,0.5893213,7,14000,414
RWEGASGHEPSQFWPGKHTDVDYMQMRTMHHGGGQDKYTMYRTAGEEGNVWGHNGWHYSNHPEKDR,0.5889101624488831,0.58891016,7,14000,414
SIEHNNHWDQWTKTAPSGHARWNSKNMMDPGRKFKQKCQNNTHKSPQEDNHLIIDQNNHPTAAIGW,0.588839054107666,0.5888377,7,14000,414
GLQYWEDHQKNMVVAWEICWCNHRKNEHPRQTKDPQTRPKQQSPTGCEQWDNDNWGWEHIIFSWNN,0.5845288634300232,0.58452755,7,14000,414
CGCEGKHAWHSSDSKIRDYQYKPELDGHKEEGKNPSDDHPMHANPDEHRLTGQEDQQWSKEGGKYP,0.582435667514801,0.58243567,7,14000,414
AVNSTQYHTDDEKHSDKGYKFPGDDCMDKMPEIYHKNHHPQEDFGPAWAQEYEDWWMYMFRHDRPA,0.5773774981498718,0.5773783,7,14000,414
CGSQNDARDPQTVQERTSEFMYDWLAQSDTEPRRHPSHQEYRRENCGIDDEYNMRRFQENHVDSID,0.5736792087554932,0.5736792,7,14000,414
NEWLKNDSHEKPDVCNFLHNDPNERWPSKIGDRNYPGNKMTHLHMETTRFSPHDMVFTDHHKKDEK,0.5697663426399231,0.56976634,7,14000,414
HRQDPEYKVTKNHTHLKDKPQKQSPDQGFDGYTSWDMGQVGKCWDQHYDYHHAHYRDPGAFQPKKQ,0.5688683390617371,0.5688684,7,14000,414
PYAEEVTPLGGRGCKNPNDRFVPYDGQDTRDKEHTCMEYYQQENEDNTQYKNQPWPEDAFHQKMLA,0.5566574931144714,0.55665755,7,14000,414
KYIANDYCDQFPRITIQFSKFRHKIIAHQENAPRPWEEPKCNQWNFGENPHNMLNWKKRLHPSSPE,0.5559255480766296,0.55592555,7,14000,414
KNRAHQSKQEHDEKNNLGYAHKDGKKFPDEWPPPQMNGAHMRHQGFVYQDCDWNASKLEAPEKDYG,0.5481439232826233,0.54814476,7,14000,414
PKWTMNELDPNTDMGTNITNDENHWEHLQWGSRNQTPDPDGGRAHCQGDHDYKPKWSAKPEEVSWE,0.5469322800636292,0.5469323,7,14000,414
KGRMTNLNSAFWVYQYTDLPKPWWEWDPVNVQSFRDHADKQHYREHQDEPMNPFFHEDHHNHIYWN,0.545038640499115,0.54503864,7,14000,414
GEVWDPQMPSHHRDKNGAGHWATPWVGMDESMPDLWNYDDHHREQHKSPCSAHQDDPIDTMHWKEG,0.5419946312904358,0.54199463,7,14000,414
VWWTHKVDNGREGDQSFRPSDTNGDSQELKYSHENPAMIMYKSCYYSSDHHHQKWTKEEQQVSISE,0.5416364669799805,0.5416373,7,14000,414
LKQVLDAGPCSHRGWPRNGMYPWRRTQHEIMKNKCPQKETHFEPGEWHETQVRNGDEEFEQSEVGE,0.5389730334281921,0.53897303,7,14000,414
KGQYASAEYHTPSFQNNKQRHHFGQEERQHVYNSDLTCFFWSTYGPPDRPYDNWTTPEQNDQSGTA,0.5388311147689819,0.5388311,7,14000,414
DVKFDLIPETQPHEPFAHRDDRWEREDVEATKEQRNGQAMPTFKTGQMWRNRQPKPQENTNYDMQP,0.5376039743423462,0.537604,7,14000,414
VEKDAFDWLSYDWHNHKHRQYNWCHQHGDMKCDDEQRCTQNDDDKMHGNAISNKHQKHLENHWGPD,0.5316159725189209,0.5316168,7,14000,414
QSPKSPPWASMDKGGNGVLHDDQHLENNTEHDSPWCPDSNSPMDETYLDWKYTDDLLHNQDKPTEE,0.5306680202484131,0.530668,7,14000,414
IESTDNGSHHNHTCDKQHPKDDHEQLDRHDKDQDPMTDGCHPDEAQDNNYEQMPDCVNRNHQPRNS,0.9504216909408569,0.9504217,8,16000,493
RWKCCTEYGQYHHQLALDQDDNNKQTDRDSQYGWQKTETENEKKHDPKQCDSEHHQEQVHWPEKNG,0.9435257315635681,0.9435256,8,16000,493
TIDYEWNNDNPEPESGYNPQRDDDQKDDIQDLYYQEHADKKEKRYYREQYHDRWHPDPRYMSQCRY,0.9342881441116333,0.9343004,8,16000,493
ETETDCEMPKTKYKDTDLQGTRNFPSHQDRHKPKDDECHMHGLPTNREFDGHQPPHNDKWKNSEGH,0.8937737345695496,0.89377403,8,16000,493
QHGEEHNSKSINTSRWCSGPSNHHYMEDNPWEPLNEYYKNDAQKDNNELWKSQEADRDDTGNDDHN,0.8849526643753052,0.88495266,8,16000,493
NSLDQDDPWPICGPKCDHPKLYKDRRHHWNGNNHQWKYMVDHDYRNWQDNQPHDQNNHSPAQGDGY,0.8840144872665405,0.8840144,8,16000,493
DPSVSDDPFEALFGDNTDKGPGYKKIDKCTDHEENNMHQKQPDQEMDKTDDGKDHRDTMYRHKENW,0.8696843385696411,0.8696842,8,16000,493
KYDRKDPQEINKYKQQKPTNTDGRTTHDDEYSPDYVHDPRVGWPWGKLFMHKKEKEKHTEMGEPEH,0.8688439130783081,0.8688439,8,16000,493
KNMDFPKGMNRQNTGNHVHYKHPHNYANKGDDSNFCEADRKGEGDKPDKDDPDHQDQQHGDDSDKQ,0.8677446246147156,0.86774457,8,16000,493
TDKWIWTNEDDQHGKHIHSKDDSTPDWPEWQCEDEPKYKQQDYYDDADSRHPGETTRGHPPNSDYN,0.8646098971366882,0.8646099,8,16000,493
DRMKVNEWFKPPSDKQDEDQHEGRHMKQHPPQHTHHEGALRTREVCQPGQGHPNEGERYQEKDYHE,0.8641505241394043,0.8641505,8,16000,493
KYEANKNPWYEHDKKQWEIYYHAQRKDHNHVHEGYCKKDGPHTDYKDNHRKKAYDDPQPQNRWSQE,0.8598302602767944,0.85983086,8,16000,493
VLRYAFHTWDDNRPQNTKWQQWQRDRWMEKEEKECKQFSFQQQPQEHAHNDEPPQPRRQHPNRQET,0.8521519899368286,0.8521519,8,16000,493
SLSWGNSKKAGEDYWQHDKPDDGNEWQNKWNPRRYDWKKHFWRDEHGHHWPQHCPSGESMKHPHEA,0.849581778049469,0.84958166,8,16000,493
DQATDCEPPCDYNDNKTDLEGKLKSIHKYQAPPKADNNEMGHSYDNGCHPHVQNRKQEQHHKENTG,0.8430312871932983,0.8430577,8,16000,493
NYKDREFQGDVCGDHAEREDNWQERQWKWTPHNWDEQGCTQTTANKKCPTKPTYEDHQKHFNNKHE,0.8200478553771973,0.82007724,8,16000,493
EVEELGGEYPSHHLHHTDIDKCQWHPMANKRKYVCEPALSSTRPDWYHHNPYTKPDEDPNQQPQDP,0.7966384887695312,0.7966383,8,16000,493
FEHHHTAHWPMACITGHDCNSDWRDSDNDHSQQHGPDNWWEDEQHEQKGLQNDCHPDHNCHHRPFP,0.7934671640396118,0.79346704,8,16000,493
KWSNEDNMRDMDRSNHHVDEHQNCEYEQDRPEEHQNWGHHCDQWRDDIPEVHLTHRREAQTGKHGY,0.7855939269065857,0.78559434,8,16000,493
SSKCTCWQHRKDDPKDFNCTELDTCNDDRQENFQSTTQSIRPEFGKQYHHKKEQMWHGPDKPDNHK,0.7803846001625061,0.7804188,8,16000,493
NQRHHTHNPVPWDKLSETLCQHKKRRKEIDCSQPKHDHQLETWNQQWENWHQEWNQQHAGHPDHPC,0.7751739621162415,0.77517384,8,16000,493
RKNRGNPHERHHNRTEMPYEEVHWVKTKSKFKQSPYMCDDGDQQRHWMDVHCHVWFRQDHHHPQSN,0.7746836543083191,0.7746836,8,16000,493
WGHPDMQQNRNSKDGRLVPCDQDGIEIKPQNPEHFDYQYMRAQYSYKSDWKPKCPNEETPSGHWET,0.7722520232200623,0.7722519,8,16000,493
KSRIHPSEEISGQRRSCMEHCWTMCDDQQQDQDMQGCHPDQEGKSQDGDNDMGMYHHRHERFQDHH,0.7698356509208679,0.7698355,8,16000,493
NSNDHHKELEEKDKHIIYGDTKPETKEPTYTKEENCEQMDPSANNIDKPHEWEVDTQFWTMPPRNY,0.7658247947692871,0.76582474,8,16000,493
DDKNKDDSSVTSKWDIQGENGMCGQRQIWANGQWFHMHNQHSLTNNTDHPKKDHDHTGESREKHDQ,0.7653176784515381,0.7653177,8,16000,493
ITDNHSTWHREDKKNFQGNHRPKSMHHFKLASNGWLSHKNQTRQEPPYETFEHNNMGHKNEQKMRH,0.7624141573905945,0.76241416,8,16000,493
TEVATGHDKDQIEQPHATMGEGQDIRSKNKAQQDWEYQHIHQFFEGYADSDNDLDRWTAHRQNQNE,0.7509986758232117,0.7509987,8,16000,493
PDSVCRFQCIMSNQRGPMEKEQSTWQEGCSDHNWWKQWNKQTSTDNNNERHHEYFAEDWDHRNHQN,0.7490975856781006,0.7490976,8,16000,493
FSLHANHCPFMLTTDRNKNKPATYEGTNHTTPENIRERRPDGQAPEKFRWLEEPPKPHNPNHPPWK,0.7477476596832275,0.74778545,8,16000,493
EDLKQTLPDINAYAKMEKNMRQQQPHERHQSQMNWPPTKDEYRYENNEGGTWHHYEWTHNCNDQWS,0.7438390254974365,0.743839,8,16000,493
KKDYSQWAIVKSEWNELHEFEDNQQFNDTTEPLDHEFPGVGRRGPDRRDGEDNPHKKWLRTNNTHK,0.740351140499115,0.74035114,8,16000,493
MEWCWKDWSESVVDAGEYKVEFWYWSFPRQSDEREDHDPDHESQHWPHKDELDKKEHDHDRRWKGP,0.7360289692878723,0.73606616,8,16000,493
QEVDYELHMDADFPHKDHWTDNYDTDEAARKWEMGSKSFWNDENDGDSVHWNHWPDHKNDPMMNMR,0.7327467203140259,0.7327469,8,16000,493
HQQTHDISKSKPADEKEEAHNPHNQNPSCWPQNVAKKCKNKDGKQNLNSDKKNIKITLKWYWHEQE,0.7318422794342041,0.7318423,8,16000,493
DDSPKCKTKKEAESERHPAHDHMWNHNTPREPICSDIVAMNGDQGSDEPHKGGHMQDHQDYAMLEW,0.7315952777862549,0.7315953,8,16000,493
PVTKMSNNVQAWDRIHNNNKHCGAQQKNHWTFNYGPRRPKPPPRDYGDTTTWDYHCQHVPNDQDCY,0.7271510362625122,0.7271517,8,16000,493
REQDRVERNESSFLPTEGHNIESHGDHHQKNELSPVSHEPSNMNDNGEGVHKHYMNLHRHARSMNQ,0.7232540845870972,0.72325426,8,16000,493
NCHIKPMEPVQHDKGKDSLEEAEEKHPDEKPNCQRGVIQKDSHKKHHPEGRMHWDEHPQPSWPKQN,0.7163521647453308,0.71635216,8,16000,493
GVHRTDSSERRRTKMFGNCKYFEQNEDNKRDGMVMRWTEEKPYEEDHFEFQLCNDDPGDRNQESER,0.7127804756164551,0.7127805,8,16000,493
GPHGLDDTPFASPDAWANHTFYEHAGDHRDQNAPCSNNLKSSERDTKDEGTPHHHGGPRPDPYPFR,0.6946219205856323,0.69462126,8,16000,493
PPPESNSYLEDNDDNGQDHNTKNWNGFDQEMYPHTHRNGPNHCQPIDDKNQLQINQFWVAGHEVDI,0.6791927814483643,0.6791928,8,16000,493
HPCRNSKEVKPCATTGDNCYPNWFQIEWGRHPDQNDKEHELANQPHTQLHNDTQYHHYPTLPPQRN,0.6776774525642395,0.67767745,8,16000,493
LPSDWYHSELPDHMDWHFHGRASNQWLEPADMHDIKCQYPHPNDPNGKQHWQYKRHMQDEQGPWWH,0.6771159172058105,0.67711514,8,16000,493
PTADFHPENEGECNPPNSNRENEGCMSIRHHERWNVQEWTHEDQNTHQGEYWREPSGQPEINQYEQ,0.6604852676391602,0.6604845,8,16000,493
EPWKRHRYRHWNGANQQNFFPKDVLNQRFKWNGEHDNPWKTPDPENRHFRMDTSVDCIDGQRTHTW,0.6571276783943176,0.6571719,8,16000,493
CRMPIDPQATATRKDQTMGPAKHDQQQHGKTRDQAKDSGKMWTETGWEWTDDIGYDEHQHPKEPYT,0.6545931100845337,0.6545923,8,16000,493
EVDTRDDPDKRPQEPQHVHQMGYTKPHMKPDDPKRFEVGNQHQSIEEQTQCHMDDLGPNHVHTDHQ,0.6525378823280334,0.65253705,8,16000,493
NDQPSSEADGRDQPDEDSVPPRNLGYQWISPPQQDDKQQSEIQPKGWSVQTEDDEHKTCWGWFHYD,0.6517647504806519,0.651764,8,16000,493
TLTYCNHGGKAQPTANSFYPTYSRRDGKFNDDNARQGRRHCRHRDENMHKCEQHEDHKQLYAQPHN,0.651519238948822,0.65151846,8,16000,493
QDGKCLNEDKSGRNSTKMDGNHVYQTQEDENFTNRQSGDPDNQMWATDTLKNTAHHNSGASHCPYE,0.6440044045448303,0.6440036,8,16000,493
PEQQDYFMCSHDHWDIKYFHMEDNYTNQENNPITQAGNNWVPGKPGPRQHMNPQMKSGEYENKWTN,0.6432997584342957,0.643299,8,16000,493
DKDRWPEDPSNNVHNGYMNEQKYRGQHRPHTAQNPQVVDQYEPRYQIMKWEKIAETTRGDTGRTTP,0.6383124589920044,0.6383117,8,16000,493
NDSEGKIAHQDGDEHKNGDNQTCAMISNKDKHHAGKGGEFAWFTEDETDWPNIADMNDMNYNCLET,0.6284440159797668,0.62844324,8,16000,493
LEEQDSKWKTDPKSWTNENSTTNNWCIQQKHMGDRCIFNHHSPDPKNHGQQKQQQKWNDDYKCQDN,0.627670407295227,0.6276697,8,16000,493
FKTMASHTCSSHHWHLDSRFDNRESHNFGEMCKTAHEQRDRQPHSPRPNWQTPNNWPCQWNNNTID,0.6267990469932556,0.62684304,8,16000,493
DKSVTGPGCQYMTQSSNQMPNPRDLWQSMECDWPEWRSMGGESNCGMERRDRPPNEPRMCTYNCED,0.6240877509117126,0.6240883,8,16000,493
PMKRGLHDDKLHYCNEENQIRDHFGSREFHTDWWDVMWTRNHEDDGYPPWDRSTTFGVGCDWQTHD,0.6205629110336304,0.6205621,8,16000,493
GEPLINEPGDIRNQDTTPFNHVADKHFRQEGEYPDENDRGDMSHNGGMTDSESLWVNQRMNSGYDK,0.6197009682655334,0.61970097,8,16000,493
DNIHRRWGYDKSMVGETMLEDDYRRWPRHTNMGPEAAPEGAPDEEWPSAEEHCQWSQQEWEAPWWW,0.6181739568710327,0.6181732,8,16000,493
DYSMEHGTQRQGDFASDAHPWCQGWNSRPHVHEENVKFKDGHPWINHKHRGQGYYPHRHPTTQHHG,0.6162459850311279,0.6162452,8,16000,493
WKFETWSDFQEEWLTHEWKQDCCERHDPDRPICHDAPRKQLYEEHQRENFQNGTLCNIHDYAWTPG,0.6160406470298767,0.6160852,8,16000,493
TDPRMHFNDEFGIKNNKEYEAHYDENDKWDHRQYKHGAFYRGHYTPHQTDYSNNRDCETQYDWEGR,0.6124804615974426,0.6124797,8,16000,493
GGQTPMCMNSNWHTSAEKAKQPYRDNSIRPPCTKTHETFEPWKAQLQQWQPTDFENTQEHDAKTAK,0.6033551096916199,0.6033543,8,16000,493
MLPDSETEIWIGNRYYMKTDEQKKKPIQEQDTEENSPWRDKQTNCQEPIDPSKTNNEYHHMGWQYD,0.5987867712974548,0.5988341,8,16000,493
QVQCSRDCDYCKKFHNHTNNDHEHQHNGPQQGENIHQQHPDGGQTQIQQNCHEHRQDEDHSMVEDW,0.597652018070221,0.597652,8,16000,493
ERQYITNPEYMKHINGISEKNPQDQGPRNIPVHYDEYKDLNQPYDQNEDMEDQHWCAHHGHWRHLW,0.594122588634491,0.5941227,8,16000,493
GHTRNWECNMDHHNSSKENGHLDKEAEEQMDAIHWPLKVRDAREQEKPWKDHNNSFQIDPSHFNRT,0.5939469933509827,0.59389883,8,16000,493
MVVHPWYCCMGVNKGWHNKKACHTDNPPQDHCPGGQNESTDRYIDSEWRLDTHENPQSDTPHRGAH,0.5926175713539124,0.5925693,8,16000,493
NMRGCCHFYWDNDSQSMDRDGQWQKTQRMETMPSDCNSYFSKGEKDTQTRNGWWRDLPDNRARECP,0.590796947479248,0.5907486,8,16000,493
HHETRTCYEYAYRGPSQSDGHTQAGCTSTMAGHCKSNETELWTPCDPTDAPQRPWYKEKTQRQQKT,0.5848686099052429,0.5848686,8,16000,493
QTYEMRYHQIPMMRHRAIEETHNWRPQNPQEDQAEPYWIVLYERWWPHNERRSRDPNNEYSKESWQ,0.5819709897041321,0.581971,8,16000,493
GYLGDPRPNWSDCDLRENFRVNKESHAGTKGDETETKHQKNTIWDSWSEKHDNQNRATSDEHHPDI,0.5811370015144348,0.581137,8,16000,493
HKNDKCNCEDHKLTVWWTKCPMRHYSKMPPAPDHKDSHNRKTYNPNYWDPRQNALEEPDSEPNGRE,0.580899715423584,0.5808997,8,16000,493
SEAEQNNFLGDKGISHESPSPSHDKCNDRKMDDHPQPYLYWQRHWMAREQMQTGDILKDGLKCHEN,0.5803031325340271,0.58030313,8,16000,493
GDQSWSRDHRVRNDSWHNKKKEKENSNTMWNSWFPKPMWEEMKEIWCSWQWTAKEEEHQCKRWHTE,0.5792984962463379,0.5792985,8,16000,493
ESIHKVYHHYRFDDDFHDSDDTEKQHDDMDHQEPWCEARWKETQKCYKTAMDDQYGRWAIASWQYD,0.5774306654930115,0.57743067,8,16000,493
DHCYDDNCCEDWRTITYEPEMQMSENDDQEHDLKPRKEMIDDTQDHHEKDIYRPKVDGVPDHDHGQ,0.5773082375526428,0.5773091,8,16000,493
NTMTDHAVEPDKTHHNTDKPDDLFQQNTVYHCDMHDNHSRNDGSHMKGHCPQKGDNIYTSDTPDVH,0.5721743702888489,0.5721745,8,16000,493
HDQGDPPGTPEKHKHVWNQDKMDKWMWKEDCCNMPPTKWQNDNDHWPEEWNEQNHTPQYHGQNHWR,0.9535982012748718,0.95358974,9,18000,577
NEEQEDGNKSNDNPQEDRINKSHMECHSQREFDPFQWHYQPDCQNPFQQDNHGNDHRMIDKNEWPE,0.9520055055618286,0.95199674,9,18000,577
QYQNDENHERDCHHWNEQQWTYTAQHDKEGKCSYDCCDEMREKNKASHQRHKDNHRSHPGQHHHPH,0.9373722672462463,0.93736124,9,18000,577
KKKYYKFQAQNCENTDGDKTNPCHPHQIEYHSHNSAPCCNGNSETQKNKMCGQWTCHHRQNNRNSH,0.9341985583305359,0.9341868,9,18000,577
ECHTMNHPGKEIEESGHHHQQNDGDRPREQEKNPSSNDGDLRSDDDDWQIKNHQSCNCKVMNGGDE,0.9255139827728271,0.9255008,9,18000,577
NERPHWQNDDYHEKNNNEHDGWCDKEGTTTESRGINWPNGGEDPMQAHNRHFDDSHHCHPYPGYGH,0.9147317409515381,0.9147168,9,18000,577
MSPMGRQTENENDEQQEEAKDFRKNKNHHPRAPDNPQQTDTWHWMEQEEDPEFRQWHAPDENNYNE,0.8985435962677002,0.8985262,9,18000,577
EVHYHPKVNWKEERRHNTHPMREQDTKNNMGNKWGNIMRHLDEGDEGKEDTRPTWKQQEQWGKGPN,0.895218014717102,0.8952,9,18000,577
DSWSSSRKEQEHDHHGHYVNRNKRDTPMCGSLQDSIIEPHHDHPHDDRSHADEPKQEITHYQQQLN,0.8848994374275208,0.88488054,9,18000,577
GMWKEQTSNLSYADNHDPDTGDKGGDGQDHHTDKQEDICDTDEETQSKKHHHGLDECKARWRRQPD,0.8770219683647156,0.8770012,9,18000,577
HPENRACYGRYNGKCNQPQYQGDQDQEPEYMGDWENEPPQKESEPQRTIVFKSQWNSKQHDNQPMQ,0.8760829567909241,0.87608296,9,18000,577
NNNHPDGRGSYWNNSDIQDDNGCKRMIEINEYHGCDKYNTQNEHKDSFNAETEEHYPDTAEEHSSS,0.8708035349845886,0.87082607,9,18000,577
MEHHWDQKWPPWNPGTTKPPTEHNQTLQKVNFRKPPGDPAPEQWKPHREQQQMHEDMGDMGEAEFK,0.8657037019729614,0.8657037,9,18000,577
KLNSPQNSKAGDGNPDDMPQHKRWRLGRGPDTCRDWPEAYQDRQRQTGYKMHPPNQPPFELPHHPS,0.8634132742881775,0.8634133,9,18000,577
SPMMHPCCAECMHPSKENGGKTSAAQEGQKRLWDNQTERRDHHHYHKEDPDWRRYDGQQHHHHPHG,0.8530057072639465,0.8530057,9,18000,577
NHPQWHHNPNHNDYNHQWKVTCRWDDSNKTQRRSHDWKYHHHEEPPAHKDPMQSINCEPQMGDTTY,0.8403017520904541,0.8403024,9,18000,577
NSKNIHEQSKQNRRECGKPVPQRLKNWHGMNQYDEETYLPQQGRRYRKEKTQKPEWYDLTPTQYDE,0.8325626850128174,0.8325627,9,18000,577
NDQRNSGTKYWVRNSDCQNDNFNERFNKYDQNDDWHSQPMHHTWQKHGHGRQQENHCPGTQQNHQI,0.8302960395812988,0.83029604,9,18000,577
HEAGHDAHTRDAEKNHPSSSKCYNKENVWDGSSHPGGKDQDWKWASQWHNANNHDCEDDHEGCNRH,0.8291627764701843,0.8291628,9,18000,577
PENYWDNAFTPHMHNAQQCRDQHKAHDWSWIRHQPHWDPQEDQCQEQNIHDHPGHDQAIHGHGTTP,0.824856698513031,0.8248567,9,18000,577
EPKEDNHWSTHWCNRQALWGNHDNRTDKEDWEWAHPFGAPQQGTTVTEYRLQGWKHCWNEEQDDQT,0.8218808174133301,0.8218808,9,18000,577
PGQRHTYDRVEHPPACRAQTREDKCKKEHGDHQDHSCHDQDDHWQPWEREHCEQERGETQTNGWGN,0.8162374496459961,0.81623745,9,18000,577
TESKDREDSKQLNPPHHDIDLYQHNDQGGIEHPTGYKHDNQHEMGEAEHSGRRNECQEMHSETQCN,0.8119218945503235,0.81192195,9,18000,577
EMRTEKNWGQDEEWDHRPDDFPMPRQTRHSDRFSSYKDHIHRDVHTDANDLNSSKMPEQGDNWTDK,0.8102185130119324,0.8102186,9,18000,577
SHLMQVHDDDNEANESKCNHRPRRKPRHKEHFFNGGCREAYGADRGWTNIGQHNHHRHGRELAREK,0.8096555471420288,0.80965555,9,18000,577
DPLHCNKRDDLCEWPDSRGSEEHNHEHSDKDHESETSESQDNREDQNTGWPCRCLRSDSEESQEGY,0.8013309240341187,0.8013309,9,18000,577
TQKEHNTIDGDLGKQHWGRPGEPISVPPEHAKNKSPMRLDIPEDERREQEQCCERDDNEDFHDDEE,0.8001736998558044,0.8001737,9,18000,577
TIEMQDHDMIWDTSETWWDSPWSGMDPQTSRMSHHKPCNYEHESKVRHGHSKNIHKEDGRQDNRYK,0.8000917434692383,0.80009174,9,18000,577
TEGDDRNNYERSWHYGADADQKGWGKDDNNNFNENEVSSNLKMYNGDTKCVHDENKHPDYSTAKIS,0.797796368598938,0.79779637,9,18000,577
KFMDENHNSSAHKGTTPDIKGCHTEWHWQMHSYHPPIDDPSKFWTDSNDGRENKSWRDNDNVEFPR,0.7927259206771851,0.79275876,9,18000,577
SEDREQRNQHHENDNKLKGWQRNNPTMQRKMETRPEKEYEHQEYTEHDMREVNTKCTWNEKGWHGL,0.790702760219574,0.79070276,9,18000,577
DNDMQSGDARKQRQQMCENSYRSQYHFRQTGDGFWKKSETKQVSQPNEDEESEWDFNRHQIDTNED,0.7897821664810181,0.7897831,9,18000,577
PDSSAGNNHGNSSGQTDQWHENEEQEVWHHNHKNQRVDAEQPRNDQTNQNYRYPAPHAWWKKERAL,0.7851619720458984,0.785162,9,18000,577
DHRDDFTDHSPWKGDNEEMDTSGQDTMMKIGGDPTHIGWKMNNEDKHERYQHDHECNPPTKNEHYC,0.782342255115509,0.78234226,9,18000,577
GKNMYYDPNQDMHPWRNASHDPHQQCCQDWHMCEEFNPDDGWSYMQHGQHHKGGMWIQDGFPQLNK,0.7817865014076233,0.7817865,9,18000,577
FMKDTESQEGLNHMAEDKSFNAKKHHWTPEHWYPKSWKRQPIKQPNWRGEPKDMMEDHHDDHPWGK,0.778721272945404,0.7787213,9,18000,577
MYKCQNWADKDSEGRENHEEMEPIKSNEGCEDDHSGNGEPTWAPDSVHPHSKYRWQQPAWHTWPRQ,0.7728017568588257,0.77280194,9,18000,577
ETIASGQNQAYGTSAINIQPQEHFWDDRENPHGDHDNATGHQKIPSGEDPREHRETHRDQQDGQPP,0.7662227153778076,0.7662229,9,18000,577
KNSLRWHMEFSQVYEGTNAQGNCLDEDHEQTAMPEDNQAPSTHDQWGRQPISNEEYDPEPKKERIE,0.7659064531326294,0.7659074,9,18000,577
WHYENPNHPSDLQVPHNCEDDGWQRFPNQGQKGQHQYDHLHCDFSPTQQINEQEQKVQRNHQVRWG,0.7627530694007874,0.76275307,9,18000,577
SDDCSPEWPRNDQQIWQNPPGEQKLHTENKEGKEERKPVEFKLWRMPYHLHNRSSPDKKDEDIHSK,0.7613821029663086,0.7613821,9,18000,577
GLKQWCYYQQNPCTMTQNYQNHGKPKPTGQDWCDAQKTGHAHPQHDNDRPGGPCNIKCIWDDCWEH,0.7580208778381348,0.7580209,9,18000,577
FKIGHRNAQADDADAWDKQPRSDEQPGSSGMEPDRHQTPVPWKFPHKHQQKENCCFKFMNDTEHNP,0.7552488446235657,0.75524884,9,18000,577
HMMDTNHVSNFEYHQDVHHDGSYEWKYNDENGNDNQQDKPHKHLSGTDDNGDDRTLTCLTQPHDKG,0.7510673999786377,0.7510674,9,18000,577
EMCEGPCNPEGDTVTKTHQESNMHGNAEMSWGKKDKAHGDVQSKPSASEEAYQQNYTQSKPQNGMD,0.7503184676170349,0.75031847,9,18000,577
MEPPREWQTYYGTMGKQPVQPWAEAPTFERWTEGCQTEKKPGDRDMNQYEPPDLWMENQTNWKAEK,0.7421709299087524,0.7421326,9,18000,577
GDTDMPSLPSSNWGDTGCANMNRRGQSQDEEKQDEENTRGHDIPPTEKYIEMNANHDDCYEPDCQP,0.7414016723632812,0.7413633,9,18000,577
GKIDFKVDFQGWQTGPDERTMHHGGDNENNRRQCKNTNAQDEGYADQDEPYNEECPHKHTKEGPNP,0.7408913373947144,0.74085283,9,18000,577
NRHDFWNLRDESNKHHHPQGHGHKKQKANWNENPRDKQETPTYCDNASRYAFTQITHENPMQKQLW,0.7389082908630371,0.73886967,9,18000,577
SPKSGTSSSPWFNDPNHNYRDAVIRDGGQRQDEMNYEQDDRQNWNTTGPWWQSNKDSKGVDTSWPQ,0.7322114109992981,0.7321722,9,18000,577
DFGKWFIWPCGKENHHQHHREQHKDRKKKHMHMPMHKQHNQHEEQSDSRREFDKSKNHQGPWPRYK,0.7309428453445435,0.73090345,9,18000,577
HYHTHEGGVKLKEKTGDSMYDGHSHKYHTHHKLKFDPDPPHTRMSDHKQDGKLGPMDWNDCEPGDN,0.7298337817192078,0.72979534,9,18000,577
GGWQHQDQDEDEAWNNPHNACKRKQTTATYNACGSNKDAPEHTGKDEHSSSSNQHSKAWMHEMGQK,0.7293322086334229,0.7292927,9,18000,577
EHEKEPPHLDLPGQKIMYWMHMNKWLEMPDSRYRYHMNEDFEHDYHSRGYDRKPNTEFQDYLRTDT,0.7211584448814392,0.7211193,9,18000,577
CRKDRLWPTEHSGLISRHGTPQWNWKQDANQQCEGQPCDDKEHKNWQPPQLTRGISSTHQDRSHPK,0.7191557288169861,0.7191153,9,18000,577
AQEEQDLHQMPYYGEDICADEAPHNNCCKKNHEHDKHYNNEEPESAQPEFKPDRNHWQKGEPWPNT,0.7189715504646301,0.71893114,9,18000,577
DNNTPVFMETFQMPPKDQRDNGNHRDKCDGRQCKQNNGKQEPRARAQPHKHDTEWWYMTGHDNRSQ,0.717002272605896,0.71696156,9,18000,577
NMGYAKQDQDQKPCMIHDQPNFQMNCSDHRECKDDNYPMKDNKEPHPANYDWDDNNLWSEPYGQED,0.7169913053512573,0.71695065,9,18000,577
DTDQFNNSSMTTLDKSAFQNQRATDRKNPNHKPTKWHWKLQCKDAHDEDEDPKKFGWANSPHSWTE,0.7127851843833923,0.7127441,9,18000,577
IENPDWFEMGHDKGDTMPATEDHAENMNMGQQPKYDDHECQHCGCTSQWKKPHDNGFNKPHEKDNG,0.709043562412262,0.7090022,9,18000,577
NENRPYCHKEMCSQTANDIKDHHNKCDDVGDGPDEHPHGLEMPQHDHPQWDMRFQKEMRVKPTCDF,0.7033412456512451,0.70334125,9,18000,577
ENDDHHPSFKREWQKDKQDSREAKMCMECFYKVDPRWNGTWHHPWDMNGTPEKQRWQQQQDHHWRD,0.7018502354621887,0.70185024,9,18000,577
SRLYEDFHGNHSTRSNVSQHKQGQCDWPEDKHYKEGAHNLTLVMQMNKQPEEGYPFDYSNGNAPKF,0.6927916407585144,0.69279236,9,18000,577
NIKRFYPDKDDDAWTCYSTWCSQRNPNWWMQEFLYNPYREHEHKDGQEQPSFEQNHPTERYKQQHD,0.6922720670700073,0.6922722,9,18000,577
NDHMHDYSLRPYPCEPRDTQSEWESYNHKCVTNAKSNNEQDKNSQNKFKEQFLRMCRHNVPFDKDK,0.690352737903595,0.690354,9,18000,577
DMNQTGWKWYTHHPPHHPKRDHRDMNSWSQANWKMDAYPWIGRAEDEWYCEPNPMEWCKHGDWLPA,0.6901041269302368,0.6901041,9,18000,577
MPTYRDWNFEMLLNDMYTSKDAIKHHQTHNYDNDNQPFPPAPPDNQDTDMWDQPEKMRQDTTRNAS,0.6873277425765991,0.68732774,9,18000,577
MLFTHWGDWRYMRTHHHGGHNKMEKEPHFRCTHEYFAENERQDKNEYERSTEETAKGVMRHENDWK,0.6863939166069031,0.6863939,9,18000,577
NELLDQINEDGKEKDDLDHCHKPFEEMWKDMGSKHYCTCDGDDWDSKQRDIPKPGFNAGDADDQNA,0.6837490200996399,0.683749,9,18000,577
WTEPLDDHGEHKQTEQEFDQPRPNWTANRQHLEPKNRKTNNPAHYSWIHADATKEKFPEQDERWLD,0.6836593151092529,0.6836593,9,18000,577
GMNYDGTYQWKWPDNNNNDKGPWGIHHRCRWGVKLMDMADNDDDLQDYRWPRGPPDGDFSDPWPQE,0.6796310544013977,0.67963105,9,18000,577
GREPPGSRHPQKEHDGCHDTVWISPAMFHGFSNAHQQMDCAKANPDQEKNTGNDPTRKTHHQRDNW,0.675993025302887,0.675993,9,18000,577
ENHENNHHDNQKTQNMDPGLHTDQNELFNIYGAYWPHEEQGGSPPHRLRTESDKHPRKPSEDQLVC,0.675815761089325,0.67581576,9,18000,577
DLYIGPGTSEWIAQHDYSMGPVWNQKEDRAEAQFQDTYDSKGQDDAQETHHDSTGKTNDNDQQYQE,0.6731762290000916,0.6731764,9,18000,577
DWTASELKKMRHQTPKHPDSDHNWRDNDQNDQWINPPCVNTRPPTHHNDISSLMYSEDHEWQCMPQ,0.669885516166687,0.6698855,9,18000,577
HTKSCCSVHKKTQYATDEEECWYHQCDDHTPHQQGSQGQADSQGPGNHNTKQQRPDMKTQRQQQHD,0.6696668267250061,0.6696668,9,18000,577
SITFHNQKETQNDTQKEEHNYQMKSKEETPENAAPTQEYKMMDKLYHDSMEQRMSYQDPVTDDPYH,0.6676654815673828,0.6676655,9,18000,577
WSMGSVDWTAHGMWWFRTFDQRNPTNENENHGNRNNLEEEDSYESHTSQTHPRESCDDHEEEESMH,0.6661150455474854,0.66611505,9,18000,577
DEYSQISNGKGQNFWIRQHQINKRDHPRAGWTNHPEWHNYRNQGPWRYRGNQDFRQYGGWNHNQFE,0.6657581925392151,0.6657136,9,18000,577
DGQGQTHNQRRRATPHGHVFEETSLEEPRHGWTARRNFTPSKDCMSEGGEPPAQWPQSQNHNAIGI,0.6632373332977295,0.66319263,9,18000,577
ELCHRCGTPDQRISPEEWDHYMEEDPCQHAMPYYQRHPSMGFEDRQFDEHNREDPHHFCCMTEHHT,0.6627710461616516,0.6627263,9,18000,577
QKRDTNHARSNHEEMFLDMNQMPNRRQLEPISNHNNDFWPHPPKKHDELMHDQSIMGNFTRWHQQP,0.6627417802810669,0.6626971,9,18000,577
QHEPGWNSTDKQSGQPKHACEWSDFQINHATDYQGKEDTNSKKCWYCTPPDWHWWQQEDWEPYPNW,0.6603619456291199,0.660317,9,18000,577
DHHCESWKGPHSYNHDPLTDHHCYHDFEENVSWCITGKWHQPHRKSQTHPNEKPRQDGNPWPWYFG,0.6584482789039612,0.6584033,9,18000,577
MEDHAKWHMRYEAGRTHDNDHDRHQKPKKPQGDGKYEDGYDEDHDKEEFKHWEQHDGDYYDDREDQ,0.9720681309700012,0.97206813,10,20000,666
MPTNYDRNGQKQVPHNRGQGYWERKKERRKQRPENNKKKFNPHSDIDSGKNRPDPSGPETKTRHSY,0.9563592672348022,0.9563674,10,20000,666
MPQHKHNESDNDPEELLPDKQHPNTKAEIQQDDPDSHEGEFDEKSQWLWPQGKTHEHMNKIKNMDE,0.9320644736289978,0.93206406,10,20000,666
EHRRKDENHVRDDPTEWHSDYMLHSNQYPGQDKPGNRHEDEHHHHAFNHRKTHMQQRDMNEEFQQQ,0.9140962958335876,0.91409594,10,20000,666
KNPTNMWNHRDNLKENENMGMWAPETYTNRENEPHNMNYDPNPKAHKTNQTSHTFNRHTWQEDIAR,0.9135992527008057,0.9136146,10,20000,666
QNKHREHNEKSRDQCDPHRTNPEGGQNKDQKKSTWMGDQVNQNNDDHDDFDDNPDKVRLFSYIYPQ,0.9130390882492065,0.91303873,10,20000,666
DGPDIHWTYWTVRRNSEHHHPLQQYTNQDHWSEHEQWDPENEDSEHEDYSNPQEDYFGYNHHHHHN,0.9121078252792358,0.9121074,10,20000,666
NNQYEHEYERWRAKRGPSMDESPDHDRRDSTMDKWKCQDNGLQRHPHDSPSHKELSYGQQLGQYID,0.910294234752655,0.91030943,10,20000,666
EYADHQTWQDPHGQNTDWGVKRPEDQTFKWDRGMISNHNPNQMPYDKNMREPREYQMEDEFRGDQN,0.9096744060516357,0.9096739,10,20000,666
RHASSQDRQKPYNKWDMNGDAGDSCECKNGEDHEPERDTGQIPKEHKRKPCAHPHDSNEYWDNNKA,0.899109423160553,0.89910895,10,20000,666
EDCQQTRKTSKMTKDQNNNDHDHPRDCEYDATQQHLHKQCQRKNYTKETQNNTKLKQQNKRPMKQT,0.8978056907653809,0.8978052,10,20000,666
QRERYRWTKNYKEQATMIDNMRRTKYRREHRLRPKCNPEEEKPNQTSNRYSQPPRWCVRPDDREED,0.8942707777023315,0.89427024,10,20000,666
VENGDRTCNQDHNPMDDDARFDFSQQQENQTHHGDLALEDYYHDDQDTVNEHDESEHRQYRDNKTH,0.8941153287887573,0.8941148,10,20000,666
KDTMRDGSWANANWGQNKKDQYDPVKFDNNTEGRVWKTSQMRDPQNKGENNPQENWHPMGPDASRN,0.8900569677352905,0.8900564,10,20000,666
ESDMNRCDNRWENVMSTNDKPNNLLQGEKPEENGPSHMESKEQDHDKEEQHQEKDPSLMPWNKEGR,0.8787093162536621,0.8787087,10,20000,666
HKSNESRWFSWNWKETQGEENWVPTRKQEEHSPKPMKMDDEATCVTHRENPTPWPNPPIDCPEKDS,0.8762831687927246,0.8763042,10,20000,666
SNYSKCSAGEQHWNGFKEAGKNDDESGHDACPPDTWKPHKKAPRQSDKSHKQDKRYERERDDWHWN,0.8712652325630188,0.87126464,10,20000,666
NTNPHFTHHRPHKNENPAGKEESHHKHSMFGQCDKHEIDNKHRYDCTKPDRPAIHHVQKPDYQYDH,0.8710920810699463,0.8710914,10,20000,666
NEGPNHGNFKYTDMPWTDHKDGENDNHDIQKPRDQPHHNLPMNEHGTDDQTQHEKIHNHYHRLEHN,0.869839072227478,0.8698384,10,20000,666
HEMHKMTTKEHTASNRNNMSEGHYRDNDQDNKDDTDTYWSIGHWGTEEQQFPDMTHQFPQTDPWQD,0.865919828414917,0.86591923,10,20000,666
PQHDEQRCSETTMEETHHKENWWDWQIGKDKTPPDAPDNHAKNAQENTKGNKSHNQHQMIGDDRSH,0.860719621181488,0.8607189,10,20000,666
RWKEMKQGYDREWHAMQQQKCDNEQEQVHTGPQHHDDDKAHHVEIPPEGQQNKTGDSHNPMQQDEQ,0.8565820455551147,0.85658133,10,20000,666
EHTTRDMYMTTKHPKDMPHDREEPKKHDLQGHGSFGVWNDNSQMNVEKDVGNDAYNDPEYTQQTSQ,0.8553497791290283,0.8553491,10,20000,666
EIDHWCDHECGHFTHDPDCKWQKADPMWQENNYKMRACPKWQSHDNTFSHQHQCNHRIMHCDECSD,0.8545829057693481,0.8545822,10,20000,666
RRMEEQMNNNPPIKDCYGYGKRHTPGDHDKKKYQYNADREMKEYNIEATHQMTVEHQKDKKHDQYP,0.8471064567565918,0.8471057,10,20000,666
GTWAESGNGHKPVHNAEHPEDHKPPDDDPNPEQMQRHMHQPKRECDSWHQHPEQRRMKCKQDYGGP,0.8470553755760193,0.8470805,10,20000,666
RPHWFGDDYQGRVDHAKGEQDGHMPAQSNHGFDAACSHEGRREQENEYDRPDRDQWWRAHGCQHDR,0.846540093421936,0.84656537,10,20000,666
KNWDTPIASEMQKMDHHWGDVRWRDGAPEDDEEWPGHDEDEDEFQGKAEPDAKHYSPKGRTQTQIK,0.8448441624641418,0.8448434,10,20000,666
PDNSFHFDSKGHRYGTNPMQEEHPKQEKKEQGTWRFINMDDGMERHQAENDCNDPWPTDGNFRHQT,0.8433728218078613,0.8433728,10,20000,666
NLSHHQHQPPQWTVDCGHDLVRDDTEQLVTTSWCRNGDEHNGENSETGDPNEPHEHKNGPEDCRKH,0.8374190926551819,0.8374191,10,20000,666
TRIFERGEDKFRSTPSNEGNMDNEHNEQETHRQMQQEQWNLARPGWNCDKSRGKQADDNEYHHDDH,0.8374070525169373,0.83740705,10,20000,666
TEKGQSNRCPDNQAFDPQYKDPHRDPMEPWDHLHTTGMSDGDQEQDEKPNQQVDMGYNQEHEDNVQ,0.8370591998100281,0.8370592,10,20000,666
DKWEPDINNGPHLSKRSPHAMNTRYEKHMHKNPKDQQAELKEPCRDTFENRNRSTFPDQSRNEDQE,0.8324787616729736,0.83247876,10,20000,666
MLMPNWEMEHDKNHPDDNQHEPTKGTPSTTKPMPNTVDVTEDDKEDHQCNGHIDRRKHRLADEPQN,0.8306577205657959,0.8306577,10,20000,666
DQVDEKTHDEGNKMNDGYWKYNSHQHKWNVYQNIPDHHQWCGFQYCDGPHYTQDRDKEWDDPNNQD,0.8269021511077881,0.82690215,10,20000,666
DHPHERSWGKDIQAHNNHTNDEHPMVYTTCTYKLWHNNRYHHQWYEHPDQKDVQEHDDGQPDQPHQ,0.8263262510299683,0.826355,10,20000,666
MDDTSSQHNSQEPHDNRNSKREDMWRDKEEFTWIKDQMRKSSNDTPEEMSEHWITPDNEWADIQEN,0.8258208632469177,0.8258496,10,20000,666
MQEKKDSQQHDPDGQGDTLDCGSYHHPQEYEQQGFRKPQQRQHIIEHEHGSHAEGQHQKRDWGTPQ,0.8167278170585632,0.8167278,10,20000,666
MGKQTQDCMEFKEVRTPQNNKNDYDEGKWGEQPRPGWHHNGQERMGADGYERYKGPHDGGHQRPPH,0.8159302473068237,0.81593025,10,20000,666
GWQMQYEFQDIYESDSGHGGRDWGRKSKNNAQTHDNEEQVNDMIDREENKAERFRETWPPRHRQDE,0.815456211566925,0.8154562,10,20000,666
TDPEKDQEADCQKHSYPEFLQKEPTHGKYFNNRVTHKGTTRDHDNPHKEKKPDDISDNTKHYHERT,0.8153150677680969,0.81531507,10,20000,666
GQHQAGCQTEGYDNKRHRDETSNQEHEHLKDNEDAKEHAQYSNMGDDTYEYDSRKNPMWRWNPSFG,0.8142189383506775,0.81421894,10,20000,666
KPDPQRCHGTKQQYDPEWGKQHNNGNNYPFRHHWVIQLCPYQDDRTPQREWGTFCNYWCCRPDQPS,0.8117399215698242,0.81177056,10,20000,666
PYNKDECNDDQKNEYCEEQHDKCQMTIQSEIRENIGTWEHPSSQKFDQSDNQPDNARNPRMQHPRA,0.8084185123443604,0.8084185,10,20000,666
DMKPPLPHVKRCYAHAGEWNEAHRHRLWNQGGKHGPDRDHQGEDPGQRGQSQQNQENPDNQGDDQT,0.8033655285835266,0.8033655,10,20000,666
WGNPYRHYMARSRKNQKGGFQLFMNTLSQFQQEQEYEWNDHHNDPDEQAQQPDVSQQQYDAPDRKQ,0.798516571521759,0.7985474,10,20000,666
NKQGPDYNGWSGASDYDIEEAAPMPVMKTHSRSKMNTPAHSPEKHHRNLEPRAQPYQDFHDTEHKD,0.7961781620979309,0.7962092,10,20000,666
FHCHWKHHHGQSHEDEKRKEKFNYMNNCDMYNQANQWPHPGPRHKRWMRHHKDTSDRMNGQYQAKN,0.7946985960006714,0.7946986,10,20000,666
TPVGFKWWRDRNQHPSVSRHRGEEEEKWEHRWVDKADDPQVEHNIADPWKNNEDYAEYKMEHPEDQ,0.7934180498123169,0.79341805,10,20000,666
EDHDDQYKKEFDCRQANKSKTHRVNPQQRQIYRDWWAFRENQEHATKDTVMDMQHPQPLPNWKDNS,0.7926632761955261,0.7926633,10,20000,666
DEFYKLGNNTDTINQRYHKRDGESQVSHGNMNRRSWNKHPGDERQPKRWSWQIEQHHHDNTEWNNH,0.7922576069831848,0.7922576,10,20000,666
DHYNWACTFADWYEEGARLNEENWNNRQKHETCFQQWNWSNEQDKESDECPNEEHECPWPFERDFP,0.7874571681022644,0.78749067,10,20000,666
DQWEQNTLSAKDYRQCDTPDANLETDNKESWYRQDPVSRHYKGNTDLWRRWRDQRNFHQQWETNDN,0.7772690057754517,0.77730364,10,20000,666
GMDQEDNFGINIQENDCPCKYYSRDSGQNLMNPHKHRDQGWQPGNFSDDWCMDNYDVLHDWDYDDD,0.7764392495155334,0.77643925,10,20000,666
EEPAMGTFHPKNNPDDSPTSAKSMDEKEYRAWARNDKHELTKQKDNAWQPHDHSTEWPDQDHTWMA,0.7736746668815613,0.77367467,10,20000,666
NHKDCKNQANGPRAHHPQNWDQNCHNQKMDPPDWHTHSFHSDGNIDNWEHNDQEEQLFDHPETTLR,0.7732794284820557,0.7732794,10,20000,666
TGSSHPEDENLRKQSPCQSENIQYHFSRGDKEDGTDELHEWGPSSHPAPQQNHHHYHCHPCHNHDT,0.7694171071052551,0.7694171,10,20000,666
QNNYDEPKDESQSQHGQRGVWWGYCEPWNNDQFPYEWHGDKSWWKSNSKEMHQHSEKWQSQTQHLQ,0.769355297088623,0.7693893,10,20000,666
DYNTPTWGNQETNPNQDYLTTALKFDQQRWQSRFHSKCWWDEEQRNEHQIGTRHRDHKTEDNPEDY,0.7636396288871765,0.7636742,10,20000,666
HEHMSEQNGDDKTMQDNNKQYKDQKPQGEGVDDLQHDDGNMPKHHETIWEDIDDMQWHPRHWDTIH,0.7602876424789429,0.76028764,10,20000,666
TDWQNYQNFSHEVSHHDNITNDRSWHHFNQAPKNESNEGEDSGQNCDEEGNRKKQNDRNHPVTNGM,0.7564518451690674,0.7564872,10,20000,666
QRQDMLKGNHHGNEDPRWKHEHIFKKGTMQPHDIHQKVGDTMFDPPEPWYVNQPHRPEKLQKHKKG,0.7550404667854309,0.75504047,10,20000,666
HDENSHYGHLIIHVHFSDKERKPIGKEYYKKEQDPPSRMTSPKQQMQSETLPQDNKGHDSEDHWEK,0.7527281045913696,0.7527281,10,20000,666
DPLDTDNPDVPMNRNQHKMQQCKHIYEKDWEREQSVSFHGHDNWQEYGEEHPQGGRPDEISQHQEE,0.7525063753128052,0.7525064,10,20000,666
DEHTKECNYGSQDLDNDTHFESMNNRDKSDIGRCGNHMKGNEGPLVEHRRHDWPPPRKSKNETHRE,0.748910665512085,0.74891067,10,20000,666
QHKWRTHDMDKKTQDQPHECEKQLYKTNRRFQMERQIWWSMSEQQRYRDQEENYVITMADNDDDDQ,0.7478105425834656,0.74781054,10,20000,666
FTNNMQGTYPDWQDNKNDWTEEQQQRSKGATGISNIPGHMCNSRPNKKGQDEKWMDVSEDHRTELG,0.7433693408966064,0.74336934,10,20000,666
SDTQRMRWHKDSKLTEPTNVIGDDPMYNNSSYGLHDEIHQMDKPKNANRKDTHTNWHSPTMQGPQN,0.7415267825126648,0.7415652,10,20000,666
DDRQANGRFKIWPQDEDWKPRMEWHLKEQPMNRESNWPGQAHHNKWPDADWPHVPDCKWWPTKFET,0.7412663698196411,0.7412664,10,20000,666
QPWIDNWWQDLTNEDVWEQGERRCLELRNGTVDHKKYNEESPRGQPEKEYDHTHPTPNEMERPGCN,0.7362133264541626,0.7362133,10,20000,666
DTQKSDNTWPHIVHPPKCYQCSGPHRTADGHYEHEDDPRQFHGLSQEDNQPDYMQKAPITSKEMKK,0.7313528060913086,0.7313922,10,20000,666
NWTPSPSRTWNGPRWDHKKWSCGQWGTADPKYNEDTWFKANHDHRSENEMDKNTNKHKSTTRNKMM,0.7310622334480286,0.73110163,10,20000,666
YREQGSLTHKSFKPRTWAYNDPVEPDQEQPKGNVHGKNWFHKSHQLAHTRQTDNPNDNDNHHAPNH,0.7288994193077087,0.7288994,10,20000,666
NTDYEGRHMTADSYQFHDAPQAWRHHDPSCQPPWDPKDIKKTQLKNENERRQPWKKRAGRHKIDWE,0.7286731004714966,0.7286731,10,20000,666
ADVSFPFGQCHQNEENFSLHDKDKNECACDTDSNVRRKSHSDDYEQEKQGKDFWSEHAHNPSHRND,0.7269359230995178,0.7269359,10,20000,666
FNHHHENIGWSHKERQNCDRDVEFRQPDHKWTEHDQTDTKESDPPTEWVKSAMKKPRPGDTDKFKL,0.725682258605957,0.72568226,10,20000,666
NWKKNESYIPIQPSGKETAGKNRDRVTNQTQCYEVEQEQQFISNNEDEDGPPAKPEDQQPMADEAQ,0.7240070700645447,0.72400707,10,20000,666
NLNDRDAGTHHMQLEEYNGWQLPDDSQDHSDRCWQGCHTGHHKADMKEGCQINQRSKVPDGNENHK,0.7219138741493225,0.7219139,10,20000,666
EPKPRHQEHNWIETEHEKYYNERDHTQMKKECAQMGPAMKVCHQTGYHKEESRQEHCDPNNEHEED,0.7209802269935608,0.7210188,10,20000,666
IHRSLQDEKWWRHQDNMEKIRDPQMDFWGNNRGPPTHYSIYFDGKNHNRKPTKTTPMERNSQNWSP,0.720681369304657,0.72072166,10,20000,666
SYEHYGDGGHHDESQQESNAQQDDGWRYQKRPRENTPRAYPYDDHDDCQVKNPQEYYYREYTYCMC,0.71940678358078,0.71944726,10,20000,666
TDASSQMEVEKMSDDDAMKKQLSAQNHKVRNDGEGGHYSKHRDTDSKTGDSPCDNHHWPRDQEKYW,0.7188407778739929,0.7188408,10,20000,666
DHHSQSEQEISENPENGKQHKKATLSEQVDQMEKGMWKHDDMSMNRMYDNKPPTCHKELSHQQQNK,0.7173070311546326,0.71730703,10,20000,666
WRKHDQWTKVPSQWSKKPSILFMREGKEKKQKNDEQWEPSQHKMMSDDEQDEQQGSQNAEWPSEWQ,0.7170326709747314,0.7170327,10,20000,666
NHMMRKVHQWCGRQEELSLSFDNNGTEDPHWGQDASRMPKHGYCRDCTYRGHDTRCQRHWDKNCNE,0.7164598107337952,0.7164598,10,20000,666
SRQNIDFTHDHHETHYRQQMGTKCEMNWATPKETWQKKGPRKKTDKMNGIAYKCPNDKDEPHQQGR,0.7133840918540955,0.7133841,10,20000,666
WKKKEDQLKTHDPGEQSACDKPHHDYPSDPFQDQSREPAQPWKDFDWKHWDQRCNHCNHAPPEITH,0.7131019830703735,0.713102,10,20000,666
HEEKSSGGSPLSRYQSHNTFPENYHDWDRMQFWEWRLNYRNYPHHDAHGWLRNRMNPKHFRLDWKS,0.6974884867668152,0.6974896,10,20000,666
EEPEKYYPICHIERNDKEMTMDNEGWIEDMGHDQHDHENDAWTRNHYQRWPTSHTDPQEDDTACPK,0.6969719529151917,0.69697195,10,20000,666
