{"run_id": "18:46:55-09/28/2020", "exp_name": "CbAS_Q=0.8_generator=VAE_latent_dim=2_intermediate_dim=250", "model_name": "LandscapeAsModel=RosettaFolding", "landscape_name": "RosettaFolding", "rounds": 10, "sequences_batch_size": 100, "model_queries_per_batch": 2000}
sequence,model_score,true_score,round,model_cost,measurement_cost
MAQASVVANQLIPINTHLTLVMMRSEVVTYVHIPAEDIPRLVSMDVNRAVPLGTTLMPDMVKGYAA,,0.39779314,0,0,1
WMGNHIFRENEVKPQWNDRDRWGDLQVDGPNCHAIYLSNEVKKRHPEYMPWMTQHTLYEVYAESWN,0.37673455,0.37673455,1,2000,100
WMGSHIFRENEVKPQWNDRDRAWDLQWDGPNCHAIYLSNEVKKRHPEYMPWMTWHTLYEWYAASWN,0.37336302,0.37336302,1,2000,100
WMGSHIFNENEVKPQWNDRDRWGDLQWDGPNCHAIYLSMEVNKRHPEYMPWMTWHTLYAWYAESWN,0.37046206,0.37046206,1,2000,100
WMGNHIKRENEVYPQWNDRDRWGDLQDDGPNCHAIYLSMEVKKRHPEYMPWMTWHTLYAWYAASWN,0.35715804,0.35715804,1,2000,100
WMGSHIFRENEVKPQWNDRDRWGDLQDYGPNLHAIYLSNEVKKRHPEFMPWMTQHTLYEWYAYSWN,0.3564682,0.3564682,1,2000,100
WMGNHIFRENEVKPQWNDKDKAGDLQDDGPNCHAIYLSMEVKKRHPEYMPWMTQHTLYAWYAYSWN,0.35023633,0.35023633,1,2000,100
WMGNHIFRENEVKPQWNDRDRWGDLQWDGPNCHIIYLSMEVKKRHPEYMPWMTWDTLYAWYAESWN,0.3234621,0.3234621,1,2000,100
WMGNHIFRENEVKPQWNDRDRWGDLQWDGPDCHAIYLSMEVKKRHPEYMPWMTGHTLYAWYAASWN,0.30519414,0.30519414,1,2000,100
WMGNHIFRENEVKPQWNDRDRWGDLVDDGPNCHQIYLSMEVKKRHPEYMPWMTWHTLYAWYAYSWN,0.30172232,0.30172232,1,2000,100
WMGSHIFRENEVKPQWNSRDRWGDLQDDGPNCHQIYLSMEVKKRHPEYMPWMTQHTLYAWYAYSWN,0.29954162,0.29954162,1,2000,100
WMGSHIFRENEVKPQWNDRDRWGDLQDDGPNCHAIYLSMEVKKRHPEFMPWMTQHTLYAWYAYSWN,0.29331058,0.29331058,1,2000,100
NLFIHFKQYQEYPSGWNERLQVPGLDVGLTDKYYISGYMMFYARYHNRQPQWSCSTDCDDAGHWWY,0.29245403,0.29245403,1,2000,100
KMGSHIFRENEVKPQWNDRDRAGDLVWDGPNCHQIYLSMEVKKRHPEYMPWMTWHTLYAVYANSWN,0.29168412,0.29168412,1,2000,100
WMGSHIFRENEVKPQWNDRDRWGDLQWDGPNCHAIYLSMEVKKRHPEYMPWMTGHTLYAWYAYSWN,0.29095358,0.29095358,1,2000,100
WMGSHIFRENQVKPQWNDRDRWGDLQWDGPNCHAIYLSMEVKKRHPEYMPWMTWHTLYAWYAYSWN,0.28804588,0.28804588,1,2000,100
WMGSHIFRENEVKPQWNDRDRWGDLQWDGPNCHAIYLSMEVKKRHPEYMPWMTWHTLYAWYAYSWN,0.28563562,0.28563562,1,2000,100
WMGSHIFRENEVKPQWNDRDRWGDLQWDGPNCHAIYLSMEVKKRHPEYMPWMTQHTLYAWYAASWN,0.28237513,0.28237513,1,2000,100
WMGSHIFRENEVKPQWNDRDRWGDLQWDGPNCHAIYLSMEVKKRHPEYMPWMTWHTLYAWYAASWN,0.27601448,0.27601448,1,2000,100
WMGSHIFRENEVKPQWNDRDRAGDLVWDGPNLHAIYLSMEVKKRHPEYMPWMTGHTLYAVYAESWN,0.27285352,0.27285352,1,2000,100
WMGNHIFRENEVKPQWNDRDRWGDLQWYGPNLHAIYLSMEVKKRHPEYMPWMSWHTLYAWYAYSWN,0.27233604,0.27233604,1,2000,100
WMGNHIFRENEVKPQWNDRDRWGDLQVDGPNCHAIYLSMEVKKRHPEYMPWMTQHTLYAWYAASWN,0.26927608,0.26927608,1,2000,100
REMPHFDIYQELITKPSPEYNVMGPSCAHTGQSFDIRYPNDTVRFWNAVLHHKTYYIMHESDTKNK,0.26821634,0.26821634,1,2000,100
RRMPLCDIYQELITKPRPEYWVMGPSCAHTLQSFDSHYPNDEVRFWNAVLHHKTYYIMHESDTKNK,0.26715204,0.26715204,1,2000,100
NLNYHFPWYQEYPSGWLGRLQQPSLEEYLTDKASIIQYMLFYARYHNRQPQFTCATDCDDAGHWWY,0.26332468,0.26332468,1,2000,100
WMGSHIFRENEVKPTWNDRDRWADLQWDGPNCHQIYLSNEVKKRHPEYMPWMTQHTLYAWYAVSWN,0.26111388,0.26111388,1,2000,100
WMGNHIFRENEVKPQWNDRDKWGDLQWDGPNLHAIYLSMEVKKRHPEYMPWMTWDTLYAVYARSWN,0.25872147,0.25872147,1,2000,100
WMGSHIFRENEVKPQWNDRDRAGDLQWDGPNCHAIYLSMEVKKRHPEYMPWMTWHTLYAWYAASWN,0.25818717,0.25818717,1,2000,100
NYMPHFDIVQHADRKWHPHCNVMGLSCIHTDQWYISYYPIFEARYWNAGLQVKTYGDCHDMGHWNK,0.2573693,0.2573693,1,2000,100
WMGSHIFRENEVKPQWNDRDRWGDLQWDGPNCHIIYLSMEVKKRHPEYMPWMTQHTLYAWYAASWN,0.25731775,0.25731775,1,2000,100
WMGSHIFRENEVKPTWNDTDRWGDLQWDGPNCHAIYLSMEVKKRHPEYMPWMTWHTLYAWYAYSWN,0.2554647,0.2554647,1,2000,100
RETALCWITAGAVTKPRQETNFMKGSIAHDRQFRQTYVKGLEDCFWMAVMHGATYFISGEMDTKNK,0.25412902,0.25412902,1,2000,100
WMGSHIFRENEVKPQWNDRDRWGDLQWDGPNCHAIYLSMEVKKRHPEYMPWMTQHTLYAWYAVSWN,0.25161606,0.25161606,1,2000,100
WMGSHIFRENEVKPQWNDRDRWGDLQWDGPNCHAIYLSMEVKKRHPEYTPWMTQHTLYAVYAYSWN,0.24828269,0.24828269,1,2000,100
WMGSHIFRENEVKPQWNSRDRAGDLQWDGPNLHAIYLSMEVKKRHPEYMPWMTWHTLYAWYAASWN,0.24813835,0.24813835,1,2000,100
WHNNHFAWYQERPHGWNYRCKMNRLDVENTDKAYIIQEMPFYTRYHERGPQETCSTGCDDAGHWWY,0.24712917,0.24712917,1,2000,100
WMGNHIFRCNEVKPQWNDKDRWGDLQWDGPNCHAIYLSMEVKKRHPEYMPWMTGHTLYAWYAYSWN,0.24631064,0.24631064,1,2000,100
WMGNHIFRENEVKPQWNDRDRAKDLQWDGPNCHIIYLSMEVKKRHPEYMPWMTWHTLYAWFAESWN,0.244144,0.244144,1,2000,100
WMGSHIFRENEVKPQWNDRDRWADLQDYGPNCHIIYLSNEVKKRHPEYMPWMTQHTLYEVYAYSWN,0.24336024,0.24336024,1,2000,100
WMGNHIFRENEVKPQWNDRDRAGDLQWYGPNCHAIYLSMEVKKRHPEYMPWMTQHTLYAVYAESWN,0.2424004,0.2424004,1,2000,100
NLLIHFAWYQERPSGWNYRCQQNRLDEYLTDKAMISGEMMFYARGHNRQFNWTCAGDDDDHGHWWG,0.2392436,0.2392436,1,2000,100
KMGNHIFRENEVKPQWNDRDRAGDLQWCGPNCHIIYLSMEVKKRHPEYMPWMTWHTLYAWYAYSWN,0.23877598,0.23877598,1,2000,100
WMGNHFFRENEVKPQWNDRDRWADLQVCGPNCHAIYLSMEVKKRHPEYMPWMTQHTLYAVYAESWN,0.2375002,0.2375002,1,2000,100
WMGNHIFRENEVKPQWNDRDRWKDLQWDGPNCHAIYLSMEVKKRHPEYMPWMTWHTLYAWYAYSWN,0.23713243,0.23713243,1,2000,100
WMGSHIFRENEVKPQWNDRDRWGDLQVYGPNCHAIYLSMEVKKRHPEYMPWMTQHTLYAVYAESWN,0.23431395,0.23431395,1,2000,100
WMGSHIFRENEVYPQWNDRDRWGDLQWDGPNCHAIYLSNEVNKRHPEYMPWMTWHTLYAVYARSWN,0.23160684,0.23160684,1,2000,100
RRMPHCDIYQELITKPSPEYNKMGPSCAHTGQSFDSRYPNDTVVFWNAVLQHKTYGIMHDSDTKNK,0.22917636,0.22917636,1,2000,100
HLNIPTHWWRQIPSACLYLSAMCKYDVENKSWFYGCMWNPPFFPKMTGDEMWWCAMGWDTNGRHDY,0.2289392,0.2289392,1,2000,100
HMDLPLHWWLVRPSACLYLSAMCKYDVEEKVWFYNCMWNPPCFEKMREDEMWVCSQDWETNGRHDY,0.22813481,0.22813481,1,2000,100
RYMPHCDIYQELITKPSPEYNVMGPSCAHTGQWFDIRYPGDTVVFWNAVLQHKTYGPMHDSDTKNK,0.22781222,0.22781222,1,2000,100
WMGSHIFRENEVKPQWNDRDRWGALQDYGPNCHAIYLSNEVKKRHPEYMPWMTQDTLYAWYAASWN,0.22709505,0.22709505,1,2000,100
WMGNHIFRENIVKPQWNDRDRWGDLQDYGPNCHAIYLSNEVKKRHPEYMPWMTWTTLYAWYAASWN,0.22661781,0.22661781,1,2000,100
KMGNHIFRENEVKPQWNDTDRAADLQWDGPNCHAIYLSMEVKKRHAEYMPWMTWHTLYAVYAVSWN,0.2260174,0.2260174,1,2000,100
WMGSHIFRENEVKPQWNDRLRAGDLQDDGPNLHQIYLSREVKKRHPEYMPWMTGHTLYAWYAASWN,0.22592741,0.22592741,1,2000,100
WMGNHIFRENEVKPQWNDRDRWGDLQWDGPNCHAIYLSNEVKKRHPEYMPWMTGHTLYAVYAASWN,0.22340678,0.22340678,1,2000,100
NLNYHFAWYQERPSGWNYRLQQWGLLVGETDKAYICGEMLFYTRGINRQPQWTCATDCADAGHWWY,0.21990074,0.21990074,1,2000,100
WMGNHIFRENEVYPQWNDRLRWGDLVWDGPNCHAIYLSMEVKKRHPEYMPWMTWHTLYAWYAESWN,0.219112,0.219112,1,2000,100
WMGNHIFRENEVKPQWNDRDRWGDLQWDGPNCHAIYLSNEVKKRHPEYMPWMTWHTLYAVYAASWN,0.21894217,0.21894217,1,2000,100
WMGNHIFRENEVKPQWNDRDRWGDLQVCGPNCHAIYLSMEVKKRHPEYMPWMTGHTLYAWYAYSWN,0.21892735,0.21892735,1,2000,100
WMGNHIFRENEVYPQWNDRDRWGDLQVDGPDCHAIYLSMEVNKRHPEYMPWMTWHTLYAVYARSWN,0.21823409,0.21823409,1,2000,100
WHNNHFAWYQEYPHGWNYRCKVNRLDVERTDKAYIIQKMPFYTRYHNRGPNWTCSTDCDDAMHWWG,0.2179125,0.2179125,1,2000,100
KLPIHFKWYQERPQGKLYRCQVPRLLVGETDKYMIIGYMLFYFRYINRQPNWTCALGCDDAGHWWG,0.21743454,0.21743454,1,2000,100
WMGNHIFRENQVYPQWNDRDRWGDLVWDGPNCHAIYLSMEVKKRHPEFMPWMTQHTLYAWYAASWN,0.21688561,0.21688561,1,2000,100
KLPYHMAWYQEYPQGWLERCQVPALDVGLTDKYYICQEMPFYARYHNRQPQWTCATHDNDAGHWWG,0.21653292,0.21653292,1,2000,100
HLNIPTNWWRQIPSACLYLSAMCKYDVGNKSWFYGCMWNPPFFPKMTGDEMWWCAMGWDTNGRHDG,0.21598335,0.21598335,1,2000,100
TETALCDITAGAVTKPRLETNFMKGSCAHDRQFRQTYVKGDEDCFWMAVMHGATYFISHEMDTKNK,0.21402308,0.21402308,1,2000,100
NYVPHCDIYQELITKPSPEYNVMGPSCAHDLQSFDSHYPNDEVVFWNAVLQHKTYGIMWESDTKNK,0.21339552,0.21339552,1,2000,100
RETALCDITAGAQTKPRLETNFMKGSCAHDRQFRQTYVKGDEDCFWMAVMHGATYFISLEMDTKNK,0.21282434,0.21282434,1,2000,100
KMGNHIFRENEVKPQWNDRDRAGDLQVYGPNCHIIYLSNEVKKRHPEYMPWMTWHTLYAWFAASWN,0.21214974,0.21214974,1,2000,100
RETALCDITAGAWTKPRLETNFMKGSCAHDRQFRKTYVKGDEDCFWMAVMHGATYFISHEMDTKNK,0.21064031,0.21064031,1,2000,100
RETALCDYTWCAWTKPRQETNFMKGSCAHDRQFRQTYVKGDEDCFWMAVMHGATYFISPEMDTKNK,0.20959164,0.20959164,1,2000,100
WMGNHIFRENEVKPQWNDRLRWGDLVWDGPDCHAIYLSMEVKKRHPEYMPWMTWHTLYAWYARSWN,0.2091691,0.2091691,1,2000,100
WMGSHIFRENEVKPQWNDRDRWWDYQWYGPNCHQIYLSMEVKKRHPEYMPWMTWHTLYAVYAASWN,0.20893374,0.20893374,1,2000,100
RETALCDITAGGQTKPRQETNFMKGSCAHDRQFRKTYVKNDEDCFWMAVMHGATYFISHEMDTKNK,0.20852214,0.20852214,1,2000,100
WMGNHIFRENEVKPQWNDRDRWGDLQWDGPNCHIIYLSNEVKKRHPEYMPWMTGHTLYAVYAYSWN,0.20744628,0.20744628,1,2000,100
RETALCDITAGAQTKPRQETNFMKGSCAHDRQFRKTYVKGDEDCFWMAVMHGATYFISHEMDTKNK,0.20586099,0.20586099,1,2000,100
REMPHFDIYQELITKWRPEYNVMGPSCAHTLQWFDIRYPGWEVVFWNALLQHKSYGIMHDSDTKNK,0.20432112,0.20432112,1,2000,100
HLNIPTHWWRQRPSACLYLSAMCKYDVGEKSWFYGCMWNPPFFPKMTGDEMWWCARGWDTNGRHDY,0.2039053,0.2039053,1,2000,100
RETALCDITAGAQTKPRQETNFMKGSCAHDRQFRQTYVKGDEDCFWMAVMHGATYFISHERDTKNK,0.2035871,0.2035871,1,2000,100
WMGSHIFRCNEVYPTWNDRDRWGDLQVCGPNLHAIYLSMEVKKRHPEYMPWMTQHTLYEWYAASWN,0.2035347,0.2035347,1,2000,100
HLNIPTHWWLQIPSACLYFSAMCKYDVENKSWFYGCMWNPPFFPKMTGDEMWWCAMGWDTNGRHDY,0.20343614,0.20343614,1,2000,100
HMDLPLHWWLVRPSSCLYLSAMCWYDVEEKVWFYNCMWNPPCFEKMRGDEMWVCSQDWDTNGRHDY,0.20333767,0.20333767,1,2000,100
RETALCDITAGAWTKPRLETNFMKGSCAHDRQFRQTYVKGDEDCFWMAVMHGATYFISLEMDTKNK,0.20313646,0.20313646,1,2000,100
HMDLPLHSWLVRPSECLYCSAMEKYDVENKVWFYNCYWNPPCFEKMRGDEMWVCSQDWETNGRHTY,0.20311329,0.20311329,1,2000,100
KMGSHIFRENEVKPQWNDRDRWADLQVDGPNCHAIYLSMEVKKRHPEYMPWMTWHTLYAVVAYSWN,0.20270756,0.20270756,1,2000,100
WMGSHIFRENEVKPQWNDRDRWGDLQWDGPNCHAIYLSMEVKKRHPEYMPWMTGHTLYAVYAASWN,0.20217162,0.20217162,1,2000,100
WMGSHIFRENEVKPQWNDRFRWGDLQWDGPNLHIIYLSMEVKKRHPEYMPWMSWHTLYAVYAESWN,0.20174655,0.20174655,1,2000,100
NLNTHFAWYQEWPSGWNYRCQVPRLDVGLTDKAYIIQYMMFYARYINRGPNWTCATDDDDAGHWWY,0.2015201,0.2015201,1,2000,100
HLNIPTHWWRVIPSACQYLSAMWKYDVGEKSWFYGCMWNPPFFPKMTGDEMWWCAMGWDTNMRHDY,0.20003903,0.20003903,1,2000,100
NLNYHMAWYQERPHGWLYRLQQNRLDVELTDKYYIIQYMLFYTRYINRQPNETCATWDDDAGHWWY,0.19855395,0.19855395,1,2000,100
WMGSHIFRENEVKPQWNDRDRWGDLQWDGPNCHAIYLSMEVKKRHPEYMPWMTWHTLYAVYAASWN,0.19802321,0.19802321,1,2000,100
KMGSHIFRENEVKPTWNDRLRAGDLQDYGPNLHIIYLSMEVKKRHPEYMPWMTGHTLYAWYAASWN,0.19764453,0.19764453,1,2000,100
RETALCDITAGAWTKPRQETNFMKGSCAHDRQFRQTYVKGDEDCFWMAVMHGATYFISLEMDTQNK,0.1975296,0.1975296,1,2000,100
RYMPLCDIYQELITKWRPEYWVMGPSCAHTGQSFDSRYPGWEVRFNNAVLHHKVYGQMHESDTKNK,0.19723508,0.19723508,1,2000,100
RETALCDITAGAQTKPRLETNFMKGSCAHDRQFRKTYVKGDEDCFWMAVMHGATYFISLEMDTKNK,0.19716518,0.19716518,1,2000,100
TETALCDITAGAQTKPRQETNFMKGSCAHDLQFRQTYVKGDEDCFWMAVMHGATYFISHEMDTKNK,0.19710043,0.19710043,1,2000,100
HLNIPTHWWRSIPSACLYLSAMCKYDVGNKSWFYGCMWNPPFFPKMTGDEMWVCAMGWDTNGRHDY,0.19706142,0.19706142,1,2000,100
TETALCDITAGAQTKPRLETNFMKGSCAHDRQFRQTYVKGDEDCFWMAVMHGATYFISLEMDTKNK,0.1968115,0.1968115,1,2000,100
METALCDITAGAQTKPRQETNFMKGSCAHDLQFRQTYVKGDEDCFWMAVMHGATYFISHEMDTQNK,0.19580258,0.19580258,1,2000,100
HLNIPTHWWRQIPSACLYLSAMCKYDVEEKSWFYGCMWNPPFFPKMTGDEMWWCAMGWDTNGRHWY,0.19573632,0.19573632,1,2000,100
NSFNMFWEESEFFQWWHQHTEEKDYRTYHDDKGCHQLEVIWKNRYRNKLPNSKAHKGCDRKLDWST,0.45866823,0.45866823,2,4000,199
FNCRMMDYEPIVYPWWNRHDEQARQKQPLTHWGSIYYSCSFRADSSNQTPHKTQHMDDNNPMTEKF,0.37500983,0.37500983,2,4000,199
KKYNHMKYTQEMFPQMWLFQRMNDSDTTHIDKHPIWASCEFKIRLINQMFHVVHRFEDDDPAGRSR,0.3216493,0.3216493,2,4000,199
PKFFIDNDSWQMPQQQSWQAAMADQCEYHTKAHDRQDMCHFDGEHGYQQPGHAPPKEDNWPQAPVF,0.28134564,0.28134564,2,4000,199
KKYNHIWQEQEMFPGWWGFCRENDQDTTHPDKHWRWNNMKVKIRYINQTCHVVKRFEDQRPNGISR,0.2793274,0.2793274,2,4000,199
WKMDPFLMYRNAKFGGNHRFDQWPAIQGTMWQFTLHWKNQECSPGMSDFYKNSQCTPDAVLHKQNK,0.27545407,0.27545407,2,4000,199
NQFNMFWEEQEFFDGWANNCEMVASLTYHTKKRPHADSVIVATRMRNKTPQSKAQFGCNREQTSQT,0.27050945,0.27050945,2,4000,199
WHMDPFLMYRNAKFGGNHRFDQWPAIQGTMWQFTLHWKRQECSPGMSDFYKDSQWTVYAVLHKQNK,0.26937696,0.26937696,2,4000,199
WKMDPFLMYRNAKFDGNHRFDQWPAIQGTMWQFSLHWKNQECSPGMSDFYKMSQQTPWAVLHKQNK,0.2667282,0.2667282,2,4000,199
WAMDPFLMYRNAKFGGNHRFDQWPAIQGTMWQFTLHWKMQECSGGMSDFYKDSQWTPYAVLHKQNK,0.2666649,0.2666649,2,4000,199
WQMDPFLMYRNAKFGGNHRFDQWPAIQGTMWQFTLHWKNQECSPGMSDFYKESQCTVYAVLHKQNK,0.26350635,0.26350635,2,4000,199
WQMDPFLMYRNAKFDGNHRFDVWPAIQGTMWQFSLHWKNQECSGGMSDFYKMSQCTPYAVLHKQNK,0.24645701,0.24645701,2,4000,199
WDMDPFLMYRNAKFDGNHRFDQWPAIQGTMWQFTLHWKIQECSPGMSDFYKSSQCTPDAVLHKQNK,0.24385789,0.24385789,2,4000,199
WHMDPFLMYRNAKFGGNHRFDQWPAIQGTMWQFTLHWKIQECSPGMSDFYKSSQCTPYAVLHKQNK,0.24348038,0.24348038,2,4000,199
WHMDPFLMYRNAKFDGNHRFDQWPAIQGTMWQFTLHWKNQECSPGMSDFYKMSQATPYAVLHKQNK,0.24127287,0.24127287,2,4000,199
NSCNESADESEFFQRVHGNTQMVTSRTYHLDKGCHQDSMIWATRYINQLPNSKHPFGGDRKLWWQT,0.23937517,0.23937517,2,4000,199
NSDNESWEVQEKFQRMWGHMEMPDSLTYHTVKGPHWLNMIGKNRYINQLPNSKPPKGCDDELTSQT,0.23588488,0.23588488,2,4000,199
WAMDPFLMYRNAKFAGNHRFDQWPAIQGTMWQFQLHWKNQECSGGMSDFYKDSQCTPYAVLHKQNK,0.23196384,0.23196384,2,4000,199
KSYNHMWQVQEMFPQMWAFVRENDQDTTHPDEHPIWDEMEVAIVHINQTCHVVGRGEDDRKNGRKR,0.23115914,0.23115914,2,4000,199
WAMDPFLMYRNAKFGGNHRFDQWPAIQGTMWQFTLHWKNQECSPGMSDFYKKSQCTPYAVLHKQNK,0.22972181,0.22972181,2,4000,199
WHMDPFLMYRNAKFGGNHRFDQWPAIQGTMWQFTLHWKNQECSPGMSDFYKMSQCTPYAVLHKQNK,0.22897425,0.22897425,2,4000,199
WHMDPFLMYRNAKFDGNHRFDVWPAIQGTMWQFTLHWKHQECSPGMSDFYKSSQCTVYAVLHKQNK,0.22426991,0.22426991,2,4000,199
KKYNHIKYEQEMFPVWWLNQREYGSPTTHSDDHPIWDSCKVAIRHINQTFHVVHRFECQWELWISR,0.224021,0.224021,2,4000,199
WMMDPFLMYRNAKFGGNHRFDQWPAIQGTMWQFTLHWKNQECSPGMSDFYKMSQCTPYAVLHKQNK,0.21965432,0.21965432,2,4000,199
WFMDPFLMYRNAKFGGNHRFDQWPAIQGTMWQFTLHWKNQECSPGMSDFYKDSQCTVYAVLHKQNK,0.21658808,0.21658808,2,4000,199
WDMDPFLMYRNAKFDGNHRFDQWPAIQGTMWQFTLHWKNQECSPGMSDFYKMSQCTVYAVLHKQNK,0.21582179,0.21582179,2,4000,199
WKMDPFLMYRNAKFGGNHRFDQWPAIQGTMWQFTLHWKNQECSPGMSDFYKMSQCTVYAVLHKQNK,0.21577018,0.21577018,2,4000,199
WFMDPFLMYRNAKFGGNHRFDQWPAIQGTMWQFTLHWKSQECSPGMSDFYKNSQWTVDAVLHKQNK,0.20513412,0.20513412,2,4000,199
WTMDPFLMYRNAKFDGNHRFDQWPAIQGTMWQFTLHWKNQECSPGMSDFYKASQGTVYAVLHKQNK,0.20465674,0.20465674,2,4000,199
WQMDPFLMYRNAKFGGNHRFDQWPAIQGTMWQFTLHWKNQECSPGMSDFYKMSQCTVYAVLHKQNK,0.2046219,0.2046219,2,4000,199
INDWDDWMSQTGWGQQNQGLQQVTQPITDDDKGGMQAERIWVARSYHSMCNPTFHMVGNNHITWVF,0.20422864,0.20422864,2,4000,199
WMMDPFLMYRNAKFDGNHRFDVWPAIQGTMWQFTLHWKNQECSPGMSDFYKESQATVDAVLHKQNK,0.2034558,0.2034558,2,4000,199
WKMDPFLMYRNAKFGGNHRFDVWPAIQGTMWQFTLHWKNQECSPGMSDFYKMSQCTVYAVLHKQNK,0.20245981,0.20245981,2,4000,199
WAMDPFLMYRNAKFGGNHRFDQWPAIQGTMWQFTLHWKNQECSPGMSDFYKNSQCTVYAVLHKQNK,0.19846793,0.19846793,2,4000,199
WSMDPFLMYRNAKFGGNHRFDQWPAIQGTMWQFTLHWKNQECSPGMSDFYKNSQCTVGAVLHKQNK,0.19732863,0.19732863,2,4000,199
WRMDPFLMYRNAKFDGNHRFDQWPAIQGTMWQFTLHWKLQECSPGMSDFYKMSQLTVDAVLHKQNK,0.19712082,0.19712082,2,4000,199
WTMDPFLMYRNAKFGGNHRFDQWPAIQGTMWQFTLHWKNQECSPGMSDFYKGSQCTVYAVLHKQNK,0.19699797,0.19699797,2,4000,199
WAMDPFLMYRNAKFDGNHRFDVWPAIQGTMWQFTLHWKNQECSPGMSDFYKNSQCTVYAVLHKQNK,0.1968733,0.1968733,2,4000,199
WKMDPFLMYRNAKFGGNHRFDVWPAIQGTMWQFTLHWKNQECSPGMSDFYKNSQETVYAVLHKQNK,0.19622296,0.19622296,2,4000,199
WRMDPFLMYRNAKFFGNHRFDQWPAIQGTMWQFTLHWKNQECSPGMSDFYKNSQCTVYAVLHKQNK,0.19596693,0.19596693,2,4000,199
WYMDPFLMYRNAKFDGNHRFDVWPAIQGTMWQFTLHWKNQECSPGMSDFYKMSQNTPYAVLHKQNK,0.19499047,0.19499047,2,4000,199
WQMDPFLMYRNAKFGGNHRFDVWPAIQGTMWQFTLHWKNQECSPGMSDFYKMSQCTVYAVLHKQNK,0.19183102,0.19183102,2,4000,199
WTMDPFLMYRNAKFQGNHRFDVWPAIQGTMWQFTLHWKNQECSPGMSDFYKNSQCTVMAVLHKQNK,0.19147009,0.19147009,2,4000,199
WNMDPFLMYRNAKFNGNHRFDVWPAIQGTMWQFTLHWKPQECSYGMSDFYKMSQMTVDAVLHKQNK,0.19117089,0.19117089,2,4000,199
WKMDPFLMYRNAKFDGNHRFDVWPAIQGTMWQFTLHWKNQECSGGMSDFYKMSQCTVDAVLHKQNK,0.19085221,0.19085221,2,4000,199
NNYRMIKHTSERFSGISPHKEENISPTIGFNKGCILYNSSFATDSKEQRFWKQRQYEMGDKCGRSN,0.18960023,0.18960023,2,4000,199
TDKDLCLCFRNAKTKGIHETDIMPASCGSRRQFHPTWVKQECDCNMMDFYRRDYYHMKPEMDKQYK,0.18928309,0.18928309,2,4000,199
KSNSPFWMCWCVFLQMYANERMKRSKDTMTHWGSIDLSMKVVMESPNRQFHSKQHGERQVENAIKN,0.18855913,0.18855913,2,4000,199
TEPDLCLCYRNAKTKGIEETDDMPASCGSRGQQKPTWVKQECDCNMMDFYRRDYYHMKPEMDKQYK,0.18790697,0.18790697,2,4000,199
WKMDPFLMYRNAKFGGNHRFDVWPAIQGTMWQFTLHWKNQECSCGMSDFYKNSQCTVDAVLHKQNK,0.1876496,0.1876496,2,4000,199
NKYNHMFDEQCMFGWWWLNQREPGSDTTHPDEHPIWASMKVAIRYINQGCNVVGMFEDQWENGSSR,0.18687262,0.18687262,2,4000,199
WTMDPFLMYRNAKFGGNHRFDQWPAIQGTMWQFTLHWKNQECSPGMSDFYKMSQCTPDAVLHKQNK,0.1862593,0.1862593,2,4000,199
WQMDPFLMYRNAKFHGNHRFDQWPAIQGTMWQFTLHWKCQECSPGMSDFYKMSQCTVYAVLHKQNK,0.18496332,0.18496332,2,4000,199
WKMDPFLMYRNAKFDGNHRFDVWPAIQGTMWQFTLHWKNQECSPGMSDFYKNSQKTVDAVLHKQNK,0.1845753,0.1845753,2,4000,199
THPDLCLCFRNAKTKGIHETMIMPASCGSRGQQRPTWVKDECDCNMMDFYRRDYYHNKPEMDKQYK,0.18071596,0.18071596,2,4000,199
WAMDPFLMYRNAKFWGNHRFDVWPAIQGTMWQFTLHWKNQECSEGMSDFYKNYQVTVYAVLHKQNK,0.17986582,0.17986582,2,4000,199
WAMDPFLMYRNAKFGGNHRFDVWPAIQGTMWQFTLHWKNQECSPGMSDFYKNSQCTVYAVLHKQNK,0.1794233,0.1794233,2,4000,199
WAMDPFLMYRNAKFGGNHRFDQWPAIQGTMWQFTLHWKLQECSPGMSDFYKSSQCTVYAVLHKQNK,0.17933244,0.17933244,2,4000,199
WAMDPFLMYRNAKFGGNHRFDQWPAIQGTMWQFHLHWKNQECSPGMSDFYKMSQCTPDAVLHKQNK,0.17920929,0.17920929,2,4000,199
WAMDPFLMYRNAKFDGNHRFDQWPAIQGTMWQFTLHWKNQECSPGMSDFYKMSQCTVYAVLHKQNK,0.1784573,0.1784573,2,4000,199
WMMDPFLMYRNAKFGGNHRFDVWPAIQGTMWQFTLHWKNQECSGGMSDFYKSSQCTVMAVLHKQNK,0.17810726,0.17810726,2,4000,199
WLMDPFLMYRNAKFDGNHRFDQWPAIQGTMWQFTLHWKNQECSPGMSDFYKMSQCTVYAVLHKQNK,0.1770603,0.1770603,2,4000,199
WFMDPFLMYRNAKFGGNHRFDQWPAIQGTMWQFLLHWKNQECSPGMSDFYKMSQCTPYAVLHKQNK,0.17656383,0.17656383,2,4000,199
THKDLCLCFRNAKTKGIEETDGMPASCGSRGQQSPTWVKQECDCNMMDFYRRDYYHNKPEMDKQYK,0.17558727,0.17558727,2,4000,199
WTMDPFLMYRNAKFYGNHRFDQWPAITGTMWQFTLHWKWQECSPGMSDFYKQSQNTPYAVLHKQNK,0.17462002,0.17462002,2,4000,199
WAMDPFLMYRNAKFGGNHRFDQWPAIQGTMWQFTLHWKIQECSPGMSDFYKSSQCTVYAVLHKQNK,0.1735431,0.1735431,2,4000,199
NSYNQIKYEQEMFLRWWLNQRENDSPTTHSDKHCRWDSMEVAIRLINQGPHVVKRFEDWRKNGRKR,0.17328434,0.17328434,2,4000,199
WAMDPFLMYRNAKFCGNHRFDQWPAIQGTMWQFTLHWKNQECSPGMSDFYKDSQLTVYAVLHKQNK,0.170589,0.170589,2,4000,199
NKYNHMKYEQEMFPRMWLFQREPGSPTTGPDKHPIYNNMIVAIRHINQTCNVVGMFEDCWELHIKR,0.17036381,0.17036381,2,4000,199
WPMDPFLMYRNAKFGGNHRFDQWPAIQGTMWQFTLHWKIQECSPGMSDFYKMSQCTPDAVLHKQNK,0.17028789,0.17028789,2,4000,199
WKMDPFLMYRNAKFGGNHRFDVWPAIQGTMWQFTLHWKNQECSPGMSDFYKMSQPTVAAVLHKQNK,0.16814004,0.16814004,2,4000,199
WTMDPFLMYRNAKFDGNHRFDQWPAIQGTMWQFTLHWKMQECSKGMSDFYKMSQGTVMAVLHKQNK,0.16782665,0.16782665,2,4000,199
WMMDPFLMYRNAKFDGNHRFDVWPAIQGTMWQFTLHWKDQECSPGMSDFYKMSQCTVDAVLHKQNK,0.16683622,0.16683622,2,4000,199
WAMDPFLMYRNAKFMGNHRFDQWPAIQGTMWQFTLHWKIQECSPGMSDFYKDSQLTVYAVLHKQNK,0.1664741,0.1664741,2,4000,199
WGMDPFLMYRNAKFGGNHRFDVWPAIQGTMWQFDLHWKNQECSPGMSDFYKMSQCTVYAVLHKQNK,0.16623357,0.16623357,2,4000,199
WAMDPFLMYRNAKFGGNHRFDQWPAIYGTMWQFTLHWKLQECSPGMSDFYKMSQCTPYAVLHKQNK,0.1658889,0.1658889,2,4000,199
WGMDPFLMYRNAKFDGNHRFDQWPAIQGTMWQFTLHWKIQECSPGMSDFYKMSQCTVYAVLHKQNK,0.16528524,0.16528524,2,4000,199
NSYNHMWDTQCMFLQWWGNQRMKDSDTTHPDEHCIWAEMKFAIMLINQGPHVVHRFECNWKNGISR,0.16443853,0.16443853,2,4000,199
WAMDPFLMYRNAKFGGNHRFDQWPAIQGTMWQFSLHWKNQECSPGMSDFYKMSQCTVYAVLHKQNK,0.16407935,0.16407935,2,4000,199
WAMDPFLMYRNAKFGGNHRFDQWPAIQGTMWQFTLHWKNQECSPGMSDFYKMSQCTVYAVLHKQNK,0.16230972,0.16230972,2,4000,199
WQMDPFLMYRNAKFGGNHRFDVWPAIQGTMWQFTLHWKNQECSKGMSDFYKMSQVTVDAVLHKQNK,0.16150439,0.16150439,2,4000,199
NCCNMFKMESSKYQRAHKNMQEPDSLTYHDDDRPICLCMMVKNRPRNKTPQVKGPFGCDWELTWQT,0.15977462,0.15977462,2,4000,199
NSFNMSAEVQEKFQWMWRHMEEAASRTYHTKDGPKWDYMVFANHPRNKLPQSKPHKGCNDPLWSQT,0.15908326,0.15908326,2,4000,199
TDMDLCLCFRNAKTKGIHETMGMPASCGSRGQFIPTWFKQECDCNMMDFARRDYYHNKPEMDKQYK,0.15641871,0.15641871,2,4000,199
NSFNHIKYEQQMFGGWWGFQRENDSDTIHSDKHCIWASMEVAIEYINQTFHVVHRGEDQDKNNSKR,0.15367287,0.15367287,2,4000,199
NKYNHIFQEQEMFPWWWANCREYDSDTTHPDDHWIWDNMEVKIRHINQLPHVVWMFEDWRKNHSKR,0.15363891,0.15363891,2,4000,199
TDKDLCLCFRHAKTKGIEETDYMPASCGSRGQFSPTWVKQECDCNMMDFYRRDYYHNKPEMDKQYK,0.15260169,0.15260169,2,4000,199
NSYNHMKMESEMFPWWWANQREPGQDTIHPDDHCIWAYMEFKIMYINQLPHVVGMFECQDKNGISR,0.15249687,0.15249687,2,4000,199
TDPDLCLCFRHAKTKGIHETMIMPASCGSRGQQSPTWVKQECDCNMMDFYRRDYYHNKPEMDKQYK,0.15175535,0.15175535,2,4000,199
WAMDPFLMYRNAKFDGNHRFDVWPAIQGTMWQFTLHWKCQECSPGMSDFYKNSQCTVDAVLHKQNK,0.15175319,0.15175319,2,4000,199
WAMDPFLMYRNAKFGGNHRFDVWPAIQGTMWQFTLHWKNQECSPGMSDFYKMSQCTVYAVLHKQNK,0.15165943,0.15165943,2,4000,199
WAMDPFLMYRNAKFGGNHRFDVWPAIQGTMWQFSLHWKNQECSPGMSDFYKASQCTVRAVLHKQNK,0.15084,0.15084,2,4000,199
WSMDPFLMYRNAKFGGNHRFDVWPAIQGTMWQFTLHWKNQECSPGMSDFYKMSQCTVDAVLHKQNK,0.15008277,0.15008277,2,4000,199
TKPDLCLHIRNAKIFGWHETMDWPASHGSRCQFSPRWVYQECVCNMQHFYRDYDGLMKAEMDKQNK,0.14961565,0.14961565,2,4000,199
KKYNHMKDEQEMFLQMWGFQREKISDTTHPDKHCIWNECEVAIMHINQTFHVVHRGEDWRKNGRSR,0.14922728,0.14922728,2,4000,199
WKMDPFLMYRNAKFMGNHRFDVWPAIQGTMWQFTLHWKNQECSPGMSDFYKMSQCTVDAVLHKQNK,0.14757448,0.14757448,2,4000,199
WWMDPFLMYRNAKFEGNHRFDQWPAIYGTMWQFTLHWKVQECSPGMSDFYKNSQETVYAVLHKQNK,0.14714447,0.14714447,2,4000,199
WQMDPFLMYRNAKFPGNHRFDQWPAIQGTMWQFTLHWKNQECVPGMSDFYKSSQCTVDAVLHKQNK,0.14675747,0.14675747,2,4000,199
KKYNHIAYTQCMFPQWWLNCRENGSDTTHPDDHPIYANMKFAIRYINQGFHVVKMGEDDRKNWSSR,0.14546542,0.14546542,2,4000,199
NEGYKYHDVSFFWRSSAYNCQKKRTCKYMDDEASHQDRPHYQRCQRNKAINGVAPYEENWKQEAKM,0.43084034,0.43084034,3,6000,298
NDHHMYFMHTESFRWIEFGTQMAIHLVYDMNDWGRAARPHFKNDMYEQDQNNVAWYDGDDKQDASF,0.32886118,0.32886118,3,6000,298
KFGSMDAMHQEFPRPIDIHTEWHRWKVHDPMHWCWCAPVLMRHDYYVQDIQLTHEFDSCDNQTIKF,0.28612506,0.28612506,3,6000,298
GSFHHAFDCDEKWRDLNYHVQEGMYHKYFPDDWDWCLCPMMQTQMWMQTQGKTAWFDSDMRQEMGM,0.2785241,0.2785241,3,6000,298
RDGHMATYVWEKFEALEAHCQEHMHHCHDDDEHCWAHHMIMTRCSIEMLIQGAAQFDGDRNQEVQM,0.27074698,0.27074698,3,6000,298
ERLYIKWMPNTFGQAQHMRMEDIVAGYLKTSRGTVNIESSHYHQTNRHMLQTNLGDLPEIAEEWST,0.2509006,0.2509006,3,6000,298
NIGYHDHECQSFFRDIWQNTEEGRQAKHFPDDWDMAARWRFRIHSKEQDKKVTAVYPEDGRQNAQM,0.24644543,0.24644543,3,6000,298
ERLYIKWMPNKFGQAQHMRMEDIVAGYLKTSRGTVNIESSHYHQTKRHMLQTNLGDLPEIADEWST,0.23361053,0.23361053,3,6000,298
GDYFMSKYEDSMPQWMHPNTQEGKFLTYHLVDWCKWDESIFQRRMIMQTFQSQKPFPGNWKLDSKT,0.22737506,0.22737506,3,6000,298
ERLYIKWMPNKFGQAQHMRMEDIVAGYLKTSRGTVNIESSHYHQTNRHMLQTNLGDLPEIAREWST,0.22217233,0.22217233,3,6000,298
ERLYIKWMPNTFGQAQHMRMEDIVAGYLKTSRGTVNIESSHYHQTNRHMLQTNLGDLPEIASEWST,0.21219714,0.21219714,3,6000,298
ERLYIKWMPNTFGQAQHMRMEDIAAGYLKTSRGTVNIESSHYHQTNAHMLQTNLGDLPEIADEWST,0.21214393,0.21214393,3,6000,298
ERLYIKWMPNTFGQAQHMRMEDIVAGYLKTSRGTVNIESSHYHQTNRHMLQTNLGDLPEIAGEWST,0.20945941,0.20945941,3,6000,298
KFGYHWTDSFWMPRRSAQGLEMARTHVFHIDKHDLVLYQRMRIHNKEQANPGAWWFPGNCRQDAKM,0.20839603,0.20839603,3,6000,298
GDGHMATYVWEKFEALWYHTQEHMWHCHDHDHHMWAHEMIGTNHAYMMLQQGAHQFDGNRNQTVQM,0.20540462,0.20540462,3,6000,298
RQHSKDADETFKPRPWNANTKWHRFHKFDAVKADICAMMLVTNQNRMQDRPVAGEKGGNCRQEMSM,0.19813396,0.19813396,3,6000,298
GSFSHIEYHSSGPRASNDHCEIHNWHYHFHAEADMLLHVIVRNDQYNMKKMNQHQFDSDWHLTRKF,0.1951262,0.1951262,3,6000,298
ERLYIKWMPNTFGQAQHMRMEDIVAGYLKTSRETVNIESSHYHQTNRHMLQTNLGDLPEIAPEWST,0.19467728,0.19467728,3,6000,298
FDDSMWHDVDFMFRPLNMHTKEHMQKYHDPALACWQDHPAYGIMQIMQAPNLVGWYGEQRHQEMGM,0.19287334,0.19287334,3,6000,298
NSFFMSALVSERFQRADGFMQEAAFCYYHDDKRPVTLSQVGHRHAYNQDIGVQHPYEGNVNQTSKT,0.1911852,0.1911852,3,6000,298
ERLYIKWMPNTFGQAQHMRMEDIVAGYLKTSRGTVNIESSHYHQTNYHMLQTNLGDLPEIAEEWST,0.18710005,0.18710005,3,6000,298
ERLYIKWMPNDFGQAQHMRMEDIVAGYLKTSRETVNIESSHYHQTNRHMLHTNLGDLPEIATEWST,0.18431057,0.18431057,3,6000,298
NCDFMWFEEWEKWQRADAHCQEKISCYYHTKKGCVWYYQIGKRCSYMKLFGSQHPFPDNRRQDVGT,0.18405308,0.18405308,3,6000,298
ECLYIKWMPNQFGQAQHMRMEDIVAGYLKTSRGTVNIESSHYHQTNRHMLSTNLGDLPEIAEEWST,0.18219084,0.18219084,3,6000,298
RDGHMATYVWEKFEALWYHTQEGMHHCHDHDEHMWWHEVIGHNHSIEMLFQGAAQFGGNANQTVQM,0.17960979,0.17960979,3,6000,298
ECLYIKWMPNTFGQAQHMRMEDIVAGYLKTSRGTVNIESSHYHQTNRHMLQTNLGDLPEIAEEWST,0.17898594,0.17898594,3,6000,298
ERLYIKWMPNTFGQAQHMRMEDIVAGYLKTSRGTVNIESSHYHQTKRHMLQTNLGDLPEIATEWST,0.17645372,0.17645372,3,6000,298
ERLYIKWMPNTFGQAQHMRMEDIVAGYLKTSRGTVNIESSHYHQTNLHMLQTNLGDLPEIAQEWST,0.17001162,0.17001162,3,6000,298
ERLYIKWMPNFFGQAQHMRMEDIVAGYLKTSRGTVNIESSHYHQTNQHMLQTNLGDLPEIATEWST,0.16930608,0.16930608,3,6000,298
KQGHHITWHHEFFDSSAAHVEMHIQLCHDHDHHGKWHHMSGVNDMYMMAIIGVWVFPSDMRLWAGM,0.1672554,0.1672554,3,6000,298
ECLYIKWMPNTFGQAQHMRMEDIVAGYLKTSRGTVNIESSHYHQTNRHMLQTNLGDLPEIAQEWST,0.16703838,0.16703838,3,6000,298
GSDFMFKEVWSFFDGMDKNTEEVISRYYHTDDGPSCLNCIWDRHPYNLDIQSQPHFPGNRNQDSST,0.16540529,0.16540529,3,6000,298
ESHYKWATCHFFWRSWEYNLEMGIQAKHHAWHHCMLLPCAMFNVYWNQKPQGTPVYEGQCALNAKF,0.16459613,0.16459613,3,6000,298
FFGYMIHYEWEFFRRIDNFLKKGNQHVHFDMDRFHWARVKMQNQAYNQLPNKAAPLDGDCAQTASF,0.16414137,0.16414137,3,6000,298
RRHHHAKTETSKWRDSANFTQMANYHKFFDWDWMRWHCYSKHCDPWELTFGNTWPYGGDWAQWMQF,0.16397461,0.16397461,3,6000,298
RQGHMATWVWEKFEALWYHCQEHMYHCHDDDHHFWAHHVIPHNHSIMMLFQGAHVFDGDRNLDVGM,0.16275436,0.16275436,3,6000,298
KIYSHYFWTSFMPRGSQIGLQWHRFDAFHMVDRMWLDHWLYATCSINMMINGQWVFESDANQNRSM,0.16229218,0.16229218,3,6000,298
ECLYIKWMPNKFGQAQHMRMEDIVAGYLKTSRGTVNIESSHYHQTNRHMLQTNLGDLPEIAPEWST,0.16151628,0.16151628,3,6000,298
ERLYIKWMPNPFGQAQHMRMEDIVAGYLKTSRETVNIESSHYHQTNLHMLQTNLGDLPEIAQEWST,0.15878594,0.15878594,3,6000,298
KRDWMDHWVQFKFRWSESFTQMHRWAKHFDMHACIQAEVMGRIHNINMAQQNTAWYGGCMRQPAQM,0.1566729,0.1566729,3,6000,298
ECLYIKWMPNEFGQAQHMRMEDIVAGYLKTSRGTVNIESSHYHQTNRHMLQTNLGDLPEIAPEWST,0.1556081,0.1556081,3,6000,298
FEDWHAFYEDEMPRGVDDNCKWKMCHKHDHMLHDMAMRQIYDTMSIVMNPEKVAQYGDCMALDAQF,0.15347432,0.15347432,3,6000,298
ECLYIKWMPNEFGQAQHMRMEDIVAGYLKTSRGTVNIESSHYHQTNRHMLQTNLGDLPEIASEWST,0.15260082,0.15260082,3,6000,298
ECLYIKWMPNTFGQAQHMRMEDIVAGYLKTSRGTVNIESSHYHQTNTHMLQTNLGDLPEIAEEWST,0.14950374,0.14950374,3,6000,298
ECLYIKWMPNFFGQAQHMRMEDIVAGYLKTSRGTVNIESSHYHQTNRHMLQTNLGDLPEIAEEWST,0.14928842,0.14928842,3,6000,298
ECLYIKWMPNTFGQAQHMRMEDIVAGYLKTSRGTVNIESSHYHQTNRHMLQTNLGDLPEIASEWST,0.14916687,0.14916687,3,6000,298
ERLYIKWMPNDFGQAQHMRMEDIVAGYLKTSRGTVNIESSHYHQTKRHMLITNLGDLPEIASEWST,0.1483681,0.1483681,3,6000,298
RCDSHIKWEQSFWRRLAMNTKMHMYDYHLMMDHGRQLRPLFTMCSINMTIMWTGEKDSNDHQTMQF,0.14832069,0.14832069,3,6000,298
ERLYIKWMPNEFGQAQHMRMEDIVAGYLKTSRETVNIESSHYHQTNDHMLQTNLGDLPEIAWEWST,0.14760941,0.14760941,3,6000,298
ECLYIKWMPNTFGQAQHMRMEDIVAGYLKTSRGTVNIESSHYHQTNRHMLQTNLGDLPEIAREWST,0.14759868,0.14759868,3,6000,298
NSYFMIWQEWEMPDSIEGHMEEGMFLTYHDVDWPKTYNQVFQNHSYMLDFQSQHNFGCNRNLDVGT,0.14745253,0.14745253,3,6000,298
ECLYIKWMPNTFGQAQHMRMEDIVAGYLKTSRGTVNIESSHYHQTNTHMLQTNLGDLPEIADEWST,0.14678262,0.14678262,3,6000,298
NIFFMWWQTWEGFDRWAGNMAKGMSLTYHDDKRPRWLEPMWDRHSYNLDPQSQPQKECQRRQTSST,0.14569485,0.14569485,3,6000,298
ECLYIKWMPNTFGQAQHMRMEDIVAGYLKTSRGTVNIESSHYHQTNRHMLQTNLGDLPEIAKEWST,0.14441483,0.14441483,3,6000,298
ECLYIKWMPNTFGQAQHMRMEDIVAGYLKTSRGTVNIESSHYHQTNTHMLQTNLGDLPEIAKEWST,0.14232638,0.14232638,3,6000,298
ECLYIKWMPNTFGQAQHMRMEDIVAGYLKTSRGTVNIESSHYHQTNNHMLITNLGDLPEIANEWST,0.14222795,0.14222795,3,6000,298
NRYYHWHDEDWFPRWSQQNVEKSIQLKHDIVRAFHVLRRMFKTMSRMMLQEGVHEKPSQRNLTMGM,0.1420404,0.1420404,3,6000,298
RQGHMATYVWEKFEPLWDHCQEGMHHCHDDDEHFWAHECIGHNHAIMMLQQGAHQFDGNRNQTVQM,0.14129944,0.14129944,3,6000,298
GDGHMATWVWEKFEALWFHTQEHMFHCHDDDHHFWAAHCIMTNCAYMMLIQGAAQFPGNRNQEVQM,0.14081866,0.14081866,3,6000,298
ECLYIKWMPNPFGQAQHMRMEDIVAGYLKTSRGTVNIESSHYHQTNTHMLQTNLGDLPEIAGEWST,0.14029466,0.14029466,3,6000,298
NDDFMGWWEQEVWQSWWQHMEIVMSRTYHDVLGCKQLNQMGKNCPVMQLQQSQPQKEDDWRLTSGT,0.14016567,0.14016567,3,6000,298
ERLYIKWMPNTFGQAQHMRMEDIVAGYLKTSRGTVNIESSHYHQTNLHMLQTNLGDLPEIAAEWST,0.14006864,0.14006864,3,6000,298
KIGHHIAYVQSYFRPQWMFVQEAIYHKHDDMEWFKCHRCRYNHDHINMAFGWTHEYGCNWAQDMSM,0.14006592,0.14006592,3,6000,298
ECLYIKWMPNEFGQAQHMRMEDIVAGYLKTSRETVNIESSHYHQTNRHMLQTNLGDLPEIAPEWST,0.13913247,0.13913247,3,6000,298
RIGHMATYVWEKFEALNDHCQEHMYHCHDHDHRMMAAHMIGHNHSIEMLQEGAAVFDGNRNLEVQM,0.13912296,0.13912296,3,6000,298
GSYHKATEHTSMWRGVAYHTEIHRMKKHDIMDWSRLLEPSVGRDSWMAKPEKVHVYPCNMRLTAKM,0.1369293,0.1369293,3,6000,298
ERLYIKWMPNYFGQAQHMRMEDIVAGYLKTSRGTVNIESSHYHQTNQHMLQTNLGDLPEIAFEWST,0.13670416,0.13670416,3,6000,298
NIFFMSAYEWERFDYSWAHMQIGASRTYHDKDRPSQYNMIFQTRNRNLDPNSQGQFECNDKQDSQT,0.13615207,0.13615207,3,6000,298
NIFFMWAYEWESPPRMDPFMQNPKYRTYFLKLRCRQYEMVWHTCAINQTPGSQHNYEGNRRLTSQT,0.13610694,0.13610694,3,6000,298
ECLYIKWMPNKFGQAQHMRMEDIVAGYLKTSRGTVNIESSHYHQTKRHMLQTNLGDLPEIAREWST,0.1351625,0.1351625,3,6000,298
ECLYIKWMPNQFGQAQHMRMEDIVAGYLKTSRGTVNIESSHYHQTNRHMLQTNLGDLPEIAYEWST,0.13464908,0.13464908,3,6000,298
ERLYIKWMPNIFGQAQHMRMEDIVAGYLKTSRGTVNIESSHYHQTNTHMLQTNLGDLPEIAAEWST,0.13442776,0.13442776,3,6000,298
RQGSMAFMVQFSWRSHDAHTQWSNYHYHHPVRAMWQAMVSYDREHRMQMNLVAAEKDSCWRQWMQM,0.13307913,0.13307913,3,6000,298
GQDHHWFEEHWKFRAHEQNVQWKIFRKFFIVHRDHCLECKFKRQQYEMDPMGTAVKDSQRKLEMGM,0.13245553,0.13245553,3,6000,298
ECLYIKWMPNTFGQAQHMRMEDIVAGYLKTSRGTVNIESSHYHQTNKHMLQTNLGDLPEIAWEWST,0.13219479,0.13219479,3,6000,298
ECLYIKWMPNEFGQAQHMRMEDIVAGYLKTSRGTVNIESSHYHQTNRHMLQTNLGDLPEIAYEWST,0.13187465,0.13187465,3,6000,298
ERLSIWHMPNRFWQAQHMRMEDIVHGKLKTSKEPFNASSRHYHQTKFLMWTTNLGDFPEIANHPST,0.13129957,0.13129957,3,6000,298
GSYFMFFWEQEMWPWMWRNTQEVASCTYHDVEWCVWYYMIGAIRMVNQTFQGQAHFPDNVRQTVGT,0.1312021,0.1312021,3,6000,298
ERLYIKWMPNHFGQAQHMRMEDIVAGYLKTSRGTVNIESSHYHQTKRHMLQTNLGDLPEIAVEWST,0.1294891,0.1294891,3,6000,298
GVPWIRVRFNNLTKETSETTDDNMWARISKQQNYLRPLEFLSGCTIMDYQWRSLGLMNIFSPKVNQ,0.12933344,0.12933344,3,6000,298
ECLYIKWMPNTFGQAQHMRMEDIVAGYLKTSRGTVNIESSHYHQTNTHMLQTNLGDLPEIATEWST,0.12922819,0.12922819,3,6000,298
ECLYIKWMPNYFGQAQHMRMEDIVAGYLKTSRGTVNIESSHYHQTNRHMLQTNLGDLPEIAKEWST,0.12774995,0.12774995,3,6000,298
ECLYIKWMPNKFGQAQHMRMEDIVAGYLKTSRGTVNIESSHYHQTKTHMLQTNLGDLPEIAHEWST,0.12754926,0.12754926,3,6000,298
ERDYKWHDCDSKPRDVQDFAEEANWRKHHINEHDICMRMVGHHNCIMMDFPVTAPYEGQDAQEIGF,0.12701258,0.12701258,3,6000,298
NCDFMFAWESEFPQGWAQHCQNKDWCYYHDDEWPSAYEPIWHNCSVNQDIPGQGNKPCDWELDSST,0.12696885,0.12696885,3,6000,298
ERLYIKWMPNIFGQAQHMRMEDIVAGYLKTSRGTVNIESSHYHQTNLHMLQTNLGDLPEIADEWST,0.12691309,0.12691309,3,6000,298
ECLYIKWMPNTFGQAQHMRMEDIVAGYLKTSRGTVNIESSHYHQTNAHMLQTNLGDLPEIADEWST,0.12664942,0.12664942,3,6000,298
ECLYIKWMPNTFGQAQHMRMEDIVAGYLKTSRETVNIESSHYHQTNRHMLQTNLGDLPEIATEWST,0.12664643,0.12664643,3,6000,298
GSHSMSHWTDFFWRPIEIFLEEGNTHYYHDWDHMHQHERVMHHMPYNQDKIVVGWLESNGELTAKM,0.12594831,0.12594831,3,6000,298
RQGHMATYVWEKFEPLWYHTQEHMHHCHDHDHHMWAAEVIMTNCSIMMLFQGAAVFDGNRNQTVQM,0.12570637,0.12570637,3,6000,298
GDGHMATWVWEKFEALWFHTQEHMHHCHDHDHRMWAHECIMHNCSYEMLFQGAAQFPGDRNLTVGM,0.12458318,0.12458318,3,6000,298
ERLYIKWMPNSFGQAQHMRMEDIVAGYLKTSRGTVNIESSHYHQTNTHMLWTNLGDLPEIALEWST,0.12312034,0.12312034,3,6000,298
ERLYIKWMPNWFGQAQHMRMEDIVAGYLKTSRGTVNIESSHYHQTKAHMLQTNLGDLPEIAAEWST,0.122503266,0.122503266,3,6000,298
ECLYIKWMPNTFGQAQHMRMEDIVAGYLKTSRGTVNIESSHYHQTKRHMLQTNLGDLPEIATEWST,0.122391105,0.122391105,3,6000,298
GVPWIRVRFNNLTKETSETHDDNMWARISNQVNLLRPLEFLSGCTMMDYQWSSLGLMNIFSPKVNQ,0.12210606,0.12210606,3,6000,298
RDGHMATYVWEKFEPLWAHTQEHMWHCHDHDHHCMAAEMIGHNCSIMMLFEGAAVFEGDRNQEVGM,0.120844536,0.120844536,3,6000,298
GVPWIRVRFNNLTKETSETGDDNMWARISSQVNLLRPLEFLSGCTMMDYQWNSLGLMNIFSPKVNQ,0.12068942,0.12068942,3,6000,298
GVPWIRVRFNNLTKETSETGDDNMWARISECVNLLRPLEFLSGCTMMDYQWHSLGLMNAFSPKVNQ,0.120510824,0.120510824,3,6000,298
GVPWIRVRFNNLTKETSETGDDNMWARISECQNLLRPLEFLSGCTMMDYQWKSLGLMNIFSPKVNQ,0.12013203,0.12013203,3,6000,298
EDMMNSEQGYIVNEKLNHPRPIDFFESDRPPFERWNTHCKWCRRDNYQRRTLGKREYDSPDKRNCA,0.61700416,0.61700416,4,8000,397
ETMMNREQGYIVDEKLNHPRPIDFFESDRPPYERWNTHCKWCDRDNYQRRTLGKRVYDSPDKRNCA,0.58661354,0.58661354,4,8000,397
EDMMNREQGYIVNEKLNHPRPIDFFESDRPPFERWNTHCKWCTTDNYQRRTLGKREYDSPDKRNCA,0.57049614,0.57049614,4,8000,397
ETMMNSEQGYIVNEKLNHPRPIDFFESDRPPFERWNTHCKWCRRDNYQRRTLGKREYDSPDKRNCA,0.56951547,0.56951547,4,8000,397
ETMMNSEQGYIVREKLNHPRPITMFESDRPPFERWNTHCKWCRRDNYQRRTLGKREYDSPDKRNCA,0.5585045,0.5585045,4,8000,397
ETMMNSEQGYIVNEKLNHPRPIDMFESDRPPFERWNTHCKWCTRDNYQRRTLGKREYDSPDKRNCA,0.55252635,0.55252635,4,8000,397
ETMMNREQGYIVNEKLNHPRPITFFESDRPPFERWNTHCKWCRRDNYQRRTLGKREYDSPDKRNCA,0.550848,0.550848,4,8000,397
ETMMNREQGYIVNEKLNHPRPITFFESDRPPFERWNTHCKWCRRDNYQRTTLGKREYDSPDKRNCA,0.542433,0.542433,4,8000,397
ETMMNSEQGYIVNEKLNHPRPIDAFESDRPPFERWNTHCKWCRRDNYQRRTLGKRVYKSPDKRNCA,0.5374712,0.5374712,4,8000,397
ETMMNREQGYIVHEKLNHPRPIDAFESDRPPFERWNTHCKWCTRDNYQRRTLGPREYDSPDKRNCA,0.5369621,0.5369621,4,8000,397
ETMMNREQGYIVNEKLNHPRPIDFFESDRPPFERWNTHCKWCRRDNYQRRTLGKHEYSSPDKRNCA,0.53591245,0.53591245,4,8000,397
ETMMNSEQGYIVSEKLNHPRPIDFFESDRPPFERWNTHCKWCRRDNYQRRTLGKREYFSPDKRNCA,0.5336473,0.5336473,4,8000,397
ETMMNREQGYIVGEKLNHPRPIDFFESDRPPFERWNTHCKWCRRDNYQRRTLGKHEYDSPDKRNCA,0.53064996,0.53064996,4,8000,397
ETMMNSEQGYIVQEKLNHPRPIDFFESDRPPFERWNTHCKWCRRDNYQRRTLGPREYGSPDKRNCA,0.5304374,0.5304374,4,8000,397
ETMMNREQGYIVNEKLNHPRPIDMFESDRPPFERWNTHCKWCRRDNYQRRTLGKHEYMSPDKRNCA,0.5299421,0.5299421,4,8000,397
ETMMNSEQGYIVMEKLNHPRPIDFFESDRPPFERWNTHCKWCRRDNYQRRTLGKREYDSPDKRNCA,0.5277479,0.5277479,4,8000,397
ETMMNREQGYIVPEKLNHPRPIDFFESDRPPFERWNTHCKWCTRDNYQRRTLGKHEYNSPDKRNCA,0.5119365,0.5119365,4,8000,397
ETMMNSEQGYIVNEKLNHPRPIDFFESDRPPFERWNTHCKWCRRDNYQRRTLGKHEYDSPDKRNCA,0.5051043,0.5051043,4,8000,397
ETMMNREQGYIVTEKLNHPRPIDAFESDRPPFERWNTHCKWCTRDNYQRRTLGPHEYDSPDKRNCA,0.49929407,0.49929407,4,8000,397
ETMMNREQGYIVNEKLNHPRPIDFFESDRPPFERWNTHCKWCRRDNYQRRTLGKRVYNSPDKRNCA,0.4955205,0.4955205,4,8000,397
ETMMNSEQGYIVNEKLNHPRPIDMFESDRPPFERWNTHCKWCTRDNYQRRTLGKHEYDSPDKRNCA,0.48785913,0.48785913,4,8000,397
ETMMNSEQGYIVNEKLNHPRPITFFESDRPPFERWNTHCKWCRRDNYQRRTLGKRVYHSPDKRNCA,0.47435427,0.47435427,4,8000,397
ETMMNSEQGYIVNEKLNHPRPIDFFESDRPPFERWNTHCKWCRRDNYQRRTLGKRVYDSPDKRNCA,0.4737896,0.4737896,4,8000,397
ETMMNREQGYIVNEKLNHPRPITMFESDRPPYERWNTHCKWCRRDNYQRRTLGKHVYKSPDKRNCA,0.46451908,0.46451908,4,8000,397
ETMMNSEQGYIVNEKLNHPRPITMFESDRPPFERWNTHCKWCRRDNYQRRTLGKRVYFSPDKRNCA,0.45592377,0.45592377,4,8000,397
ETMMNSEQGYIVNEKLNHPRPITMFESDRPPFERWNTHCKWCCRDNYQRRTLGKREYDSPDKRNCA,0.4492555,0.4492555,4,8000,397
ETMMNSEQGYIVAEKLNHPRPIDFFESDRPPFERWNTHCKWCRTDNYQRRTLGKRVYKSPDKRNCA,0.44798234,0.44798234,4,8000,397
ETMMNSEQGYIVWEKLNHPRPIDMFESDRPPFERWNTHCKWCRTDNYQRRTLGKRVYQSPDKRNCA,0.44763756,0.44763756,4,8000,397
EGMMNSEQGYIVQEKLNHPRPIDFFESDRPPYERWNTHCKWCRRDNYQRRTLGKAEYDSPDKRNCA,0.4459182,0.4459182,4,8000,397
EDNMLSEAGYIANAAKNHDRAIDLHWSAVHYFERYGHHCKWYRRKNRQARTWNPMSYSSRDNNHGH,0.43939126,0.43939126,4,8000,397
ETMMNREQGYIVNEKLNHPRPIDFFESDRPPFVRWNTHCKWCRRDNYQRRTLGKREYDSPDKRNCA,0.43533745,0.43533745,4,8000,397
ETMMNREQGYIVQEKLNHPRPITFFESDRPPFERWNTHCKWCRTDNYQRRTLGPHEYHSPDKRNCA,0.43477157,0.43477157,4,8000,397
ETMMNREQGYIVNEKLNHPRPIDFFESDRPPFERWNTHCKWCRRDNYQRRTLGKHVYDSPDKRNCA,0.423891,0.423891,4,8000,397
EHMMNSEQGYIVREKLNHPRPITFFESDRPPFVRWNTHCKWCRRDNYQRRTLGKRVYYSPDKRNCA,0.42326817,0.42326817,4,8000,397
ETMMNSEQGYIVWEKLNHPRPIDFFESDRPPFERWNTHCKWCRRDNYQRRTLGKRVYDSPDKRNCA,0.4181903,0.4181903,4,8000,397
ETMMNSEQGYIVNEKLNHPRPIDFFESDRPPFERWNTHCKWCRRDNYQRRTLGKHVYDSPDKRNCA,0.40989622,0.40989622,4,8000,397
ETMMNSEQGYIVIEKLNHPRPIDMFESDRPPFERWNTHCKWCTRDNYQRRTLGKRVYDSPDKRNCA,0.4045463,0.4045463,4,8000,397
EDNMLSEAGYIANAAKNHDRAITLHWSAVHYQERYGHHCKWYRRKNRQARTSGTRSYMSRDQNPGH,0.40387005,0.40387005,4,8000,397
ETMMNSEQGYIVNEKLNHPRPIDFFESDRPPFERWNTHCKWCTRDNYQRTTLGKRVYDSPDKRNCA,0.40293738,0.40293738,4,8000,397
ETMMNSEQGYIVHEKLNHPRPIDFFESDRPPFERWNTHCKWCDRDNYQRRTLGKFSYPSPDKRNCA,0.4009613,0.4009613,4,8000,397
EDNMLSEAGYIANAAKNHDRAIDLHWSHVHYFERYGHHCKWYRRKNRQARTHNPMSYESRDENCGH,0.39940846,0.39940846,4,8000,397
ETMMNSEQGYIVNEKLNHPRPIDFFESDRPPFERWNTHCKWCERDNYQRRTLGKHVYCSPDKRNCA,0.3991259,0.3991259,4,8000,397
ETMMNSEQGYIVNEKLNHPRPIDFFESDRPPFERWNTHCKWCRRDNYQRRTLGKFEYYSPDKRNCA,0.39909992,0.39909992,4,8000,397
ETMMNSEQGYIVNEKLNHPRPIDMFESDRPPFERWNTHCKWCKRDNYQRRTLGKFEYLSPDKRNCA,0.3940562,0.3940562,4,8000,397
ETMMNSEQGYIVNEKLNHPRPIDFFESDRPPFERWNTHCKWCRRDNYQRRTLGKAEYDSPDKRNCA,0.38963908,0.38963908,4,8000,397
VQMYNSHFGIIVIEELNHDRPITMFESDRPPYERWNTHCKWCTTDNYQTRTLGPRSYESPDKRLTA,0.38786414,0.38786414,4,8000,397
VDMYNSHFGIIVIEKLNHDRPITMFESDRPPYERWNTHCKWCTTDNYQTRTLGPRSYDSPDKRLTA,0.3863141,0.3863141,4,8000,397
ETMMNREQGYIVNEKLNHPRPIDFFESDRPPFERWNTHCKWCRRDNYQRRTLGKAEYASPDKRNCA,0.38595808,0.38595808,4,8000,397
EDNMLSEAGYIANAAKNHDRAIDLHWSAVHYQERYGHHCKWYRRKNRQARTHNTHSYDSRDNNCGH,0.38036466,0.38036466,4,8000,397
ETMMNSEQGYIVQEKLNHPRPIDFFESDRPPFVRWNTHCKWCRRDNYQRRTLGKRVYDSPDKRNCA,0.37850058,0.37850058,4,8000,397
ETMMNSEQGYIVNEKLNHPRPITFFESDRPPFERWNTHCKWCRRDNYQRRTLGKAEYKSPDKRNCA,0.37656665,0.37656665,4,8000,397
ETMMNSEQGYIVNEKLNHPRPITFFESDRPPFVRWNTHCKWCRRDNYQRRTLGKHEYPSPDKRNCA,0.37400636,0.37400636,4,8000,397
ETMMNSEQGYIVCEKLNHPRPIDAFESDRPPFERWNTHCKWCRRDNYQRRTLGKAEYNSPDKRNCA,0.3738816,0.3738816,4,8000,397
ETMMNSEQGYIVNEKLNHPRPIDFFESDRPPYVRWNTHCKWCRRDNYQRRTLGKHVYRSPDKRNCA,0.37347764,0.37347764,4,8000,397
ETMMNSEQGYIVNEKLNHPRPITFFESDRPPFERWNTHCKWCRRDNYQRRTLGKAEYNSPDKRNCA,0.37324035,0.37324035,4,8000,397
EPMMNREQGYIVYEKLNHPRPIDFFESDRPPFERWNTHCKWCRRDNYQRRTLGPAEYPSPDKRNCA,0.37272194,0.37272194,4,8000,397
EDNMLSEAGYIANAAKNHDRAIDLHWSAVHYQERYGHHCKWYRRKNRQDRTSNTRSYESRDNNCGH,0.37134784,0.37134784,4,8000,397
VDMYNSHFGIIVAEPLNHDRPITMFESDRPPYERWNTHCKWCTTDNYQTRTLGPRSYHSPDKRLTA,0.371341,0.371341,4,8000,397
ETMMNSEQGYIVNEKLNHPRPIDFFESDRPPFVRWNTHCKWCRRDNYQRRTLGKHEYDSPDKRNCA,0.3696749,0.3696749,4,8000,397
ETMMNREQGYIVNEKLNHPRPITMFESDRPPFERWNTHCKWCYRDNYQRRTLGPRVYDSPDKRNCA,0.36638668,0.36638668,4,8000,397
ETMMNSEQGYIVNEKLNHPRPITFFESDRPPFVRWNTHCKWCRRDNYQRRTLGKRVYDSPDKRNCA,0.36272696,0.36272696,4,8000,397
EDNMLSEAGYIANAAKNHDRAIDLHWSAVHYQERYGHHCKWYRRKNRQARTSGPRSYNSRDSNCGH,0.3599704,0.3599704,4,8000,397
EDMMNREQGYIVMEKLNHPRPITFFESDRPPFERWNTHCKWCVRDNYQRRTLGKREYISPDKRNCA,0.3572518,0.3572518,4,8000,397
ETMMNSEQGYIVNEKLNHPRPITFFESDRPPFERWNTHCKWCTTDNYQRRTLGKHEYVSPDKRNCA,0.35561964,0.35561964,4,8000,397
EDNMLSEAGYIANAAKNHDRAIDLHWSAVHYFERYGHHCKWYRRKNRQPRTQNPRSYSSRDQNCGH,0.35055685,0.35055685,4,8000,397
EAMMNSEQGYIVPEKLNHPRPITFFESDRPPFERWNTHCKWCRRDNYQRRTLGKHVYLSPDKRNCA,0.34982508,0.34982508,4,8000,397
ELMMNSEQGYIVDEKLNHPRPIDFFESDRPPFVRWNTHCKWCRRDNYQRRTLGPRVYDSPDKRNCA,0.34847894,0.34847894,4,8000,397
EDNMLSEAGYIANAAKNHDRAIDLHWSAVHYQERYGHHCKWYRRKNRQARTSNTRVYHSRDENCGH,0.34677345,0.34677345,4,8000,397
ETMMNSEQGYIVNEKLNHPRPITFFESDRPPFERWNTHCKWCRRDNYQRRTLGKHVYVSPDKRNCA,0.3455068,0.3455068,4,8000,397
EKMWLSHQGYTVFTAKNHDMGITMFASQHHQVELWGSEHKGYNRSIRRQRRLEDHVYWAESNPNTM,0.34141424,0.34141424,4,8000,397
EYMMNSEQGYIVNEKLNHPRPIDFFESDRPPFERWNTHCKWCRRDNYQRRTLGKAEYVSPDKRNCA,0.34020954,0.34020954,4,8000,397
EKMWLSHQGYTVMTAKNHDMGITMFASQHHQVELWGSEHKGYNDSIRRQRWLEDHSYWAESHPNTM,0.338763,0.338763,4,8000,397
ETMMNREQGYIVKEKLNHPRPITMFESDRPPFERWNTHCKWCTRDNYQRRTLGKFEYTSPDKRNCA,0.33553922,0.33553922,4,8000,397
ETMMNSEQGYIVVEKLNHPRPIDFFESDRPPFERWNTHCKWCRRDNYQRRTLGKFEYDSPDKRNCA,0.33499458,0.33499458,4,8000,397
VDMYNRHFGIIVHESLNHDRPITMFESDRPPYERWNTHCKWCTTDNYQRRTLGPREYDSPDKRLTA,0.33306137,0.33306137,4,8000,397
ETMMNSEQGYIVNEKLNHPRPIDFFESDRPPFERWNTHCKWCRRDNYQRRTLGKFVYRSPDKRNCA,0.33035022,0.33035022,4,8000,397
EDNMLSEAGYIANAAKNHDRAIDLHWSKVHYQERYGHHCKWYRRKNRQARTGNTRVYDSRDNNCGH,0.32908052,0.32908052,4,8000,397
VTMMNSETRIICNEKLNHPMPIDMFESQRPPYERCNTHCKWTHTDMYQRTTLGKREYDSPDKRNCA,0.32841474,0.32841474,4,8000,397
EDNMLSEAGYIANAAKNHDRAIDLHWSAVHYQERYGHHCKWYRRKNRQARTQNPRSYGSRDSNCGH,0.3270269,0.3270269,4,8000,397
EDNMLSEAGYIANAAKNHDRAIDLHWSAVHYQERYGHHCKWYRRKNRQSRTFNTRSYWSRDRNCGH,0.3269418,0.3269418,4,8000,397
EDNMLSEAGYIANAAKNHDRAIDLHWSAVHYFERYGHHCKWYRRKNRQARTSNTHSYHSRDPNCGY,0.3262256,0.3262256,4,8000,397
ETMMNSEQGYIVNEKLNHPRPITFFESDRPPFVRWNTHCKWCYRDNYQRRTLGKREYDSPDKRNCA,0.32598236,0.32598236,4,8000,397
ETMMNSEQGYIVNEKLNHPRPIDFFESDRPPFERWNTHCKWCTRDNYQRRTLGPFEYPSPDKRNCA,0.3250045,0.3250045,4,8000,397
ETMMNSEQGYIVKEKLNHPRPITMFESDRPPFERWNTHCKWCRRDNYQRRTLGKFVYYSPDKRNCA,0.3227897,0.3227897,4,8000,397
ETMMNREQGYIVPEKLNHPRPIDFFESDRPPFERWNTHCKWCRRDNYQRRTLGKFVYPSPDKRNCA,0.32240325,0.32240325,4,8000,397
EDNMLSEAGYIANAAKNHDRAITLHWSAVHYFERYGHHCKWYRRKNRQARTSNTRSYNSRDQNCGH,0.32227805,0.32227805,4,8000,397
VDMYNSHFGIIVYEDLNHDRPITMFESDRPPYERWNTHCKWCTTDNYQTRTLGPREYFSPDKRLTA,0.31832495,0.31832495,4,8000,397
EDNMLSEAGYIANAAKNHDRAIDLHWSAVHYFERYGHHCKWYRRKNRQARTLNPRSYMSRDNNLGH,0.31658527,0.31658527,4,8000,397
ETMMNREQGYIVNEKLNHPRPIDFFESDRPPFERWNTHCKWCRRDNYQRRTLGKAVYDSPDKRNCA,0.31640902,0.31640902,4,8000,397
VTMMNSETRIICNEKLNHPMPIDMFESQRPPYERCNTHCKWTTTDMYQRTTLGKREYDSPDKRNCA,0.31406316,0.31406316,4,8000,397
EDNMLSEAGYIANAAKNHDRAIDLHWSAVHYFERYGHHCKWYRRKNRQMRTSNTRSYYSRDSNCGH,0.3138939,0.3138939,4,8000,397
ETMMNSEQGYIVNEKLNHPRPIDFFESDRPPFERWNTHCKWCRRDNYQRRTLGKAVYYSPDKRNCA,0.31359172,0.31359172,4,8000,397
VTMMNSETRWICAEKLNHPMPIDMFESQRPPYERCNTHCKWTPTDMYQRTTLGKREYDSPDKRNCA,0.3102581,0.3102581,4,8000,397
VYMYNRHFGIIVIEQLNHDRPITMFESDRPPYERWNTHCKWCTTDNYQTRTLGPRSYRSPDKRLTA,0.30988488,0.30988488,4,8000,397
VFMYNRHFGIIVIEDLNHDRPITMFESDRPPYERWNTHCKWCTTDNYQTRTLGPREYDSPDKRLTA,0.30913648,0.30913648,4,8000,397
ETMMNSEQGYIVIEKLNHPRPITFFESDRPPFERWNTHCKWCRRDNYQRRTLGPHVYESPDKRNCA,0.3082411,0.3082411,4,8000,397
ETMMNSEQGYIVNEKLNHPRPITFFESDRPPFVRWNTHCKWCTRDNYQRRTLGKHEYDSPDKRNCA,0.30740786,0.30740786,4,8000,397
EDNMLSEAGYIANAAKNHDRAIDLHWSAVHYFERYGHHCKWYRRKNRQARTWGTRSYYSRDLNNGH,0.30677456,0.30677456,4,8000,397
VTMMNSETRIICNEKLNHPMPIDMFESQRPPYERCNTHCKWTRTDMYQRTTLGKRVYDSPDKRNCA,0.3047436,0.3047436,4,8000,397
ELAPPSHTRHIVHEEDNPSYPITFFGYQRKPYYEWGTHCCTTTTDAYTQTTTGTRSNTSPDKRLTH,0.5705708,0.5705708,5,10000,496
ELAPPSHTRHIVHEPDNPSYPITFFGYQRKPYYEWGTHCCTTTTTAYTQTTTGTRSNTSPDKRHTH,0.51998603,0.51998603,5,10000,496
ELAPPSHTRHIVHEHDNPSYPITFFGYQRKPYYEWGTHCCTTTTDAYTQTTTGPRSNTSPDKRTTM,0.48771805,0.48771805,5,10000,496
ELAPPSHTRHIVHEKLNPSYPITFFGYQRKPYYEWGTHCCTTTTDAYTQTTTGTRENTSPDKRDTH,0.483615,0.483615,5,10000,496
ELAPPSHTRHIVHEEDNPSYPITFFGYQRKPYYEWGTHCCTTTTDAYTQTTTGTRSNTSPDKLWTH,0.47879636,0.47879636,5,10000,496
ELMPPSHTRHIVHEQDNPSYPITFFGYQRKPYYEWGTHCCTTTTDAYTQTTTGPRSNTSPDKRLTM,0.474477,0.474477,5,10000,496
ELAPPSHTRHIVHEDDNPSYPITFFGYQRKPYYEWGTHCCTTTTTAYTQTTTGPRSNTSPDKLNTH,0.46181038,0.46181038,5,10000,496
ELAPPSHTRHIVHEPLNPSYPITFFGYQRKPYYEWGTHCCTTTTDAYTQTTTGTRSNTSPDKRYTH,0.45014113,0.45014113,5,10000,496
ELMPPSHTRHIVHEPDNPSYPITFFGYQRKPYYEWGTHCCTTTTDAYTQTTTGPRSNTSPDKRITM,0.441124,0.441124,5,10000,496
EFNMLSHDRYIRSVAKNADRYIDANGSYVPYFYYCGRHCKWETDRNRHRTTTGTMSYDSDDNNYSY,0.4301379,0.4301379,5,10000,496
ELMPPSHTRHIVHEDLNPSYPITFFGYQRKPYYEWGTHCCTTTTDAYTQTTTGPRSNTSPDKLPTH,0.42661163,0.42661163,5,10000,496
ELAPPSHTRHIVHEADNPSYPITFFGYQRKPYYEWGTHCCTTTTDAYTQTTTGTRSNTSPDKRVTY,0.42649686,0.42649686,5,10000,496
ELAPPSHTRHIVHEHLNPSYPITFFGYQRKPYYEWGTHCCTTTTDAYTQTTTGTRSNTSPDKRVTH,0.4259586,0.4259586,5,10000,496
YFAMHKSGKYARSHPTNHDSFRDEGYWRACWQEDFITHCKTEYPTPAVWTEQNTRSWCSYDNLYPK,0.41319907,0.41319907,5,10000,496
ELMPPSHTRHIVHEADNPSYPITFFGYQRKPYYEWGTHCCTTTTDAYTQTTTGTRENTSPDKRYTM,0.40349144,0.40349144,5,10000,496
ELMPPSHTRHIVHEFLNPSYPITFFGYQRKPYYEWGTHCCTTTTDAYTQTTTGPRSNTSPDKRHTH,0.39784735,0.39784735,5,10000,496
ELAPPSHTRHIVHEHDNPSYPITFFGYQRKPYYEWGTHCCTTTTDAYTQTTTGTRENTSPDKLCTH,0.3953389,0.3953389,5,10000,496
ELAPPSHTRHIVHEKDNPSYPITFFGYQRKPYYEWGTHCCTTTTDAYTQTTTITRSNTSPDKLITH,0.38832986,0.38832986,5,10000,496
ELAPPSHTRHIVHEEDNPSYPITFFGYQRKPYYEWGTHCCTTTTDAYTQTTTITRENTSPDKLWTH,0.38608232,0.38608232,5,10000,496
ELAPPSHTRHIVHESDNPSYPITFFGYQRKPYYEWGTHCCTTTTDAYTQTTTITRENTSPDKLGTH,0.38370082,0.38370082,5,10000,496
ELMPPSHTRHIVHEELNPSYPITFFGYQRKPYYEWGTHCCTTTTDAYTQTTTGTRSNTSPDKLCTH,0.38355017,0.38355017,5,10000,496
ELAPPSHTRHIVHEDDNPSYPITFFGYQRKPYYEWGTHCCTTTTDAYTQTTTIPRSNTSPDKLYTY,0.37175763,0.37175763,5,10000,496
ELMPPSHTRHIVHEDDNPSYPITFFGYQRKPYYEWGTHCCTTTTDAYTQTTTITRSNTSPDKLDTM,0.36913404,0.36913404,5,10000,496
ELMPPSHTRHIVHEADNPSYPITFFGYQRKPYYEWGTHCCTTTTDAYTQTTTGTRSNTSPDKLPTY,0.36390892,0.36390892,5,10000,496
VSAMHKHPRYIRSHSDNGDSFADEFYWRRCPQEYGGHHCKSEYPTPASEMERNTRSWDSRDNLYSY,0.3588754,0.3588754,5,10000,496
EFNMLSHDRYIRSVAKNADRYIDFHGSYVPYFYYCGRHCKWETDRNRHRTTTGPMSYDSADNNYSY,0.35867378,0.35867378,5,10000,496
ELAPPSHTRHIVHEDLNPSYPITFFGYQRKPYYEWGTHCCTTTTDAYTQTTTIPRSNTSPDKLTTH,0.35747656,0.35747656,5,10000,496
ELMPPSHTRHIVHETDNPSYPITFFGYQRKPYYEWGTHCCTTTTDAYTQTTTIPRSNTSPDKLYTH,0.35511395,0.35511395,5,10000,496
ELNMLSHDRYIRSVAKNADRYIDAHGSYVPYFYYCGRHCKWETDRNRHRTTTGPRSYDSTDNNASH,0.35240978,0.35240978,5,10000,496
ELMPPSHTRHIVHEMDNPSYPITFFGYQRKPYYEWGTHCCTTTTDAYTQTTTGTRENTSPDKLTTH,0.34989214,0.34989214,5,10000,496
ELAPPSHTRHIVHEHLNPSYPITFFGYQRKPYYEWGTHCCTTTTDAYTQTTTIPRSNTSPDKRQTY,0.34872028,0.34872028,5,10000,496
ELAPPSHTRHIVHEWDNPSYPETFFGYQRKPYYEWGTHCCTTTTTAYTQTTTIPRSNTSPDKRTTM,0.3468978,0.3468978,5,10000,496
ELMPPSHTRHIVHEEDNPSYPITFFGYQRKPYYEWGTHCCTTTTDAYTQTTTIPRSNTSPDKLWTM,0.3461266,0.3461266,5,10000,496
ELMPPSHTRHIVHESDNPSYPITFFGYQRKPYYEWGTHCCTTTTDAYTQTTTITRSNTSPDKLFTH,0.34312543,0.34312543,5,10000,496
ELMPPSHTRHIVHEELNPSYPITFFGYQRKPYYEWGTHCCTTTTDAYTQTTTGPRSNTSPDKLETY,0.34284252,0.34284252,5,10000,496
ELAPPSHTRHIVHEQLNPSYPITFFGYQRKPYYEWGTHCCTTTTDAYTQTTTGPRSNTSPDKLPTM,0.3420679,0.3420679,5,10000,496
ELAPPSHTRHIVHESDNPSYPITFFGYQRKPYYEWGTHCCTTTTDAYTQTTTGTRVNTSPDKLLTM,0.34045124,0.34045124,5,10000,496
VSAMHSHPRYIRSHSDNGDSFADEFYWRRCPQERGGTHCKSEYPTPASIMERNTHSWDSLDNLYSK,0.3375938,0.3375938,5,10000,496
EFNMLSHDRYIRSVAKNADRYITFHGSYVPYFYYCGRHCKWETDRNRHRTTTGPMSYDSSDNNYSY,0.33717582,0.33717582,5,10000,496
ELMPPSHTRHIVHEEDNPSYPITFFGYQRKPYYEWGTHCCTTTTTAYTQTTTGPRVNTSPDKLLTY,0.33640537,0.33640537,5,10000,496
ELMPPSHTRHIVHEQLNPSYPITFFGYQRKPYYEWGTHCCTTTTDAYTQTTTIPRSNTSPDKLNTH,0.33613938,0.33613938,5,10000,496
ELAPPSHTRHIVHERLNPSYPITFFGYQRKPYYEWGTHCCTTTTTAYTQTTTITRSNTSPDKRHTY,0.33354682,0.33354682,5,10000,496
ELMPPSHTRHIVHEMDNPSYPITFFGYQRKPYYEWGTHCCTTTTDAYTQTTTGPRSNTSPDKLQTY,0.33178806,0.33178806,5,10000,496
ELMPPSHTRHIVHEHDNPSYPITFFGYQRKPYYEWGTHCCTTTTDAYTQTTTITRSNTSPDKLITH,0.33104166,0.33104166,5,10000,496
ELAPPSHTRHIVHEGLNPSYPITFFGYQRKPYYEWGTHCCTTTTDAYTQTTTIPRSNTSPDKRKTY,0.32984194,0.32984194,5,10000,496
YFHMHKSGWEARSHPTNSDSFRDEGYWRACGQEHFITHCEREYPTPAVWTEQNTRSWCSIDNLYPK,0.32958767,0.32958767,5,10000,496
ELAPPSHTRHIVHETDNPSYPITFFGYQRKPYYEWGTHCCTTTTDAYTQTTTITRSNTSPDKLGTM,0.32957977,0.32957977,5,10000,496
ELAPPSHTRHIVHERLNPSYPITFFGYQRKPYYEWGTHCCTTTTDAYTQTTTGTRSNTSPDKLKTY,0.32767925,0.32767925,5,10000,496
ELAPPSHTRHIVHEALNPSYPITFFGYQRKPYYEWGTHCCTTTTDAYTQTTTGTRSNTSPDKLDTH,0.32671103,0.32671103,5,10000,496
ELMPPSHTRHIVHENDNPSYPITFFGYQRKPYYEWGTHCCTTTTDAYTQTTTIPRSNTSPDKLWTY,0.32621238,0.32621238,5,10000,496
ELMPPSHTRHIVHEADNPSYPITFFGYQRKPYYEWGTHCCTTTTDAYTQTTTGPRSNTSPDKLVTY,0.32597798,0.32597798,5,10000,496
YFFMHKSGSQARSHPTNDDSFRDEGYWRACTQEDFITHCECEYPTPAVWTEQNTRSWCSYDNLYPK,0.32501292,0.32501292,5,10000,496
VSAMHSHPNYIRSHSDNGDSFADEFYWRRCPQEVGGHHCKSEYPTPASKMETNTHSWDSWDNLYSY,0.32499376,0.32499376,5,10000,496
ELMPPSHTRHIVHEDLNPSYPITFFGYQRKPYYEWGTHCCTTTTDAYTQTTTITRSNTSPDKLWTH,0.32360536,0.32360536,5,10000,496
YFHMHKSGPVARSHPTNDDSFRDEGYWRACHQEDFITHCRHEYPTPAVWTEQNTRSWCSLDNLYPK,0.32337645,0.32337645,5,10000,496
ELMPPSHTRHIVHEELNPSYPITFFGYQRKPYYEWGTHCCTTTTDAYTQTTTIPRSNTSPDKLWTH,0.32284975,0.32284975,5,10000,496
VSAMHKHPNYIRSHSDNGDSFADEFYWRRCPQERGGHHCKSEYPTPASRMEANTHSWDSRDNLYSY,0.32083997,0.32083997,5,10000,496
ELNMLSHDRYIRSVAKNADRYITARGSYVPYQYYCGRHCKWETDRNRHRTTTGPMSYDSTDNNYSH,0.31847352,0.31847352,5,10000,496
ELMPPSHTRHIVHEHDNPSYPITFFGYQRKPYYEWGTHCCTTTTDAYTQTTTGPRENTSPDKLFTY,0.31818953,0.31818953,5,10000,496
ELMPPSHTRHIVHECDNPSYPITFFGYQRKPYYEWGTHCCTTTTDAYTQTTTGPRSNTSPDKLCTH,0.3173702,0.3173702,5,10000,496
ELAPPSHTRHIVHERLNPSYPITFFGYQRKPYYEWGTHCCTTTTDAYTQTTTGTRSNTSPDKLCTY,0.3148011,0.3148011,5,10000,496
ELNMLSHDRYIRSVAKNADRYITFHGSYVPYFYYCGRHCKWETDRNRHRTTTNTMSYDSMDNNYSH,0.31437305,0.31437305,5,10000,496
ELNMLSHDRYIRSVAKNADRYIDFHGSYVPYFYYCGRHCKWETDRNRHRTTTGPMSYDSIDNNYSH,0.3141628,0.3141628,5,10000,496
ELAPPSHTRHIVHEKLNPSYPITFFGYQRKPYYEWGTHCCTTTTDAYTQTTTIPRSNTSPDKLGTY,0.31217828,0.31217828,5,10000,496
YFAMHKSGHDARSHPTNADSFRDEGYWRACEQETFITHCKREYPTPAVWTEQDTRSWCSSDNLYPK,0.311698,0.311698,5,10000,496
ELMPPSHTRHIVHEPLNPSYPITFFGYQRKPYYEWGTHCCTTTTDAYTQTTTGTRENTSPDKLWTH,0.31158608,0.31158608,5,10000,496
YFFMHKSGHMARSHPTNDDSFRDEGYWRACTQEWFITHCKREYPTPAVWTEQNTRSWCSYDNLYPK,0.31134272,0.31134272,5,10000,496
VSAMHSHPKYIRSHSDNGDSFADEFYWRRCPQEYGGHHCKSEYPTPASEMEQNTRSWDSLDNLYSY,0.3105156,0.3105156,5,10000,496
EFNMLSHDRYIRSVAKNADRYIDAHGSYVPYFYYCGRHCKWETDRNRHRTTTGPRSYDSDDNLYSY,0.30872506,0.30872506,5,10000,496
ELMPPSHTRHIVHEDLNPSYPITFFGYQRKPYYEWGTHCCTTTTTAYTQTTTIPRSNTSPDKLKTH,0.3064323,0.3064323,5,10000,496
VSAMHSHPQYIRSHSDNGDSFADEFYWRRCPQEPGGQHCKSEYPTPASDMEENTHSWDSLDNLYSY,0.3064234,0.3064234,5,10000,496
EFNMLSHDRYIRSVAKNADRYIDFHGSYVPYFYYCGRHCKWETDRNRHRTTTGPMSYDSHDNLYSH,0.3052373,0.3052373,5,10000,496
VSAMHKHPKYIRSHSDNGDSFADEFYWRRCPQERGGHHCKSEYPTPASEMEDNTRSWDSCDNLYSY,0.30520895,0.30520895,5,10000,496
MMMYNSWFGIIVAEKDNHPGPITMFAYDRKPYVRWNTHCCWRTTDNYRQRTLGKASYDSPDKRLTI,0.3047359,0.3047359,5,10000,496
YFAMHKSGSHARSHPTNNDSFRDEGYWRACMQEDFITHCEWEYPTPAVWTEQNTRSWCSFDNLYPK,0.3040854,0.3040854,5,10000,496
VSAMHSHPAYIRSHSDNGDSFADEFYWRRCPQEYGGHHCKSEYPTPASRMELNTHSWDSYDNLYSY,0.303699,0.303699,5,10000,496
EFNMLSHDRYIRSVAKNADRYIDFHGSYVPYFYYCGRHCKWETDRNRHRTTTGPMSYDSNDNLYSH,0.30268663,0.30268663,5,10000,496
VSAMHSHPNYIRSHSDNGDSFADEFYWRRCPQEDGGFHCKSEYPTPASNMEQNTRSWDSQDNLYSY,0.3015593,0.3015593,5,10000,496
ELAPPSHTRHIVHEPLNPSYPITFFGYQRKPYYEWGTHCCTTTTDAYTQTTTGTRSNTSPDKLETY,0.3014556,0.3014556,5,10000,496
ELMPPSHTRHIVHEADNPSYPITFFGYQRKPYYEWGTHCCTTTTDAYTQTTTIPRSNTSPDKLPTM,0.30070707,0.30070707,5,10000,496
ELMPPSHTRHIVHEIDNPSYPITFFGYQRKPYYEWGTHCCTTTTDAYTQTTTIPRSNTSPDKLGTH,0.30040842,0.30040842,5,10000,496
VSAMHSHPIYIRSHSDNGDSFADEFYWRRCPQEHGGHHCKSEYPTPASQMEENTHSWDSEDNLYSY,0.29842517,0.29842517,5,10000,496
ELNMLSHDRYIRSVAKNADRYIDFSGSYVPYQYYCGRHCKWETDRNRHRTTTGPRSYDSLDNNYSY,0.29602337,0.29602337,5,10000,496
ELAPPSHTRHIVHEADNPSYPITFFGYQRKPYYEWGTHCCTTTTTAYTQTTTGTRENTSPDKLNTM,0.29587632,0.29587632,5,10000,496
YFFMHKSGTYARSHPTNHDSFRDEGYWRACAQEDFITHCKQEYPTPAVWTEQDTRSWCSEDNLYPK,0.29443747,0.29443747,5,10000,496
ELAPPSHTRHIVHEMLNPSYPITFFGYQRKPYYEWGTHCCTTTTTAYTQTTTGPRSNTSPDKLPTH,0.29168716,0.29168716,5,10000,496
ELNMLSHDRYIRSVAKNADRYITAHGSYVPYFYYCGRHCKWETDRNRHRTTTGPRSYDSFDNNYSH,0.29141748,0.29141748,5,10000,496
ELAPPSHTRHIVHEMLNPSYPITFFGYQRKPYYEWGTHCCTTTTDAYTQTTTITRVNTSPDKRCTH,0.29089296,0.29089296,5,10000,496
ELMPPSHTRHIVHESDNPSYPITFFGYQRKPYYEWGTHCCTTTTDAYTQTTTITRSNTSPDKLITY,0.29060546,0.29060546,5,10000,496
ELMPPSHTRHIVHEFDNPSYPITFFGYQRKPYYEWGTHCCTTTTDAYTQTTTITRSNTSPDKLDTH,0.2901781,0.2901781,5,10000,496
ELAPPSHTRHIVHEIDNPSYPITFFGYQRKPYYEWGTHCCTTTTTAYTQTTTGPRVNTSPDKLYTH,0.28968218,0.28968218,5,10000,496
ELMPPSHTRHIVHELDNPSYPITFFGYQRKPYYEWGTHCCTTTTDAYTQTTTGPRSNTSPDKLSTM,0.2891455,0.2891455,5,10000,496
ELAPPSHTRHIVHEWLNPSYPITFFGYQRKPYYEWGTHCCTTTTDAYTQTTTIPRSNTSPDKRPTM,0.28860325,0.28860325,5,10000,496
VSAMHKHPKYIRSHSDNGDSFADEFYWRRCPQERGGHHCKSEYPTPASRMEPNTRSWDSLDNLYSY,0.2879418,0.2879418,5,10000,496
ELMPPSHTRHIVHEIDNPSYPITFFGYQRKPYYEWGTHCCTTTTTAYTQTTTIPRSNTSPDKRQTY,0.28734645,0.28734645,5,10000,496
VSAMHSHPEYIRSHSDNGDSFADEFYWRRCPQEAGGHHCKSEYPTPASRMEKNTRSWDSDDNLYSY,0.28606212,0.28606212,5,10000,496
ELMPPSHTRHIVHESLNPSYPITFFGYQRKPYYEWGTHCCTTTTDAYTQTTTIPRSNTSPDKLHTY,0.28483874,0.28483874,5,10000,496
ELNMLSHDRYIRSVAKNADRYIDFHGSYVPYFYYCGRHCKWETDRNRHRTTTGPRSYDSIDNNYSY,0.28458536,0.28458536,5,10000,496
ELAPPSHTRHIVHEVLNPSYPITFFGYQRKPYYEWGTHCCTTTTTAYTQTTTGPRSNTSPDKRETY,0.28384233,0.28384233,5,10000,496
VSAMHSHPRYIRWVSDNGDSYATEFYSQHKPQSYCGHHCKPELRRPAHQNTKNTRSYDSNDNGESM,0.53175545,0.53170776,6,12000,595
VSAMHSHPRYIRWVSDNGDSYATEFYSQRKPQSYCGHHCKTEKDTPRHQLTVNTRSYDSCDNGHSM,0.5272172,0.52716947,6,12000,595
VSAMHSHPRYIRWVPDNGDSYADEFYSQRKPQSYCGHHCKKEWRTPDHQLTRITRSYDSGDNGSSH,0.52240145,0.52235365,6,12000,595
DHNFNKVPRMIPLRMINQSYAEDPCYSQHPPSSYCGSEPKHEMPAPKHDWENNNRSYCNINENYSH,0.50693554,0.5068877,6,12000,595
DHNFHKVPRMIPLRMINQSYAGDPCYSQHGPSSYCGSEPKHEPNAPKYDWQNNTRTYCNINYNYSH,0.48632407,0.48627627,6,12000,595
DHNFHKVPRMINLRMINQSYAEDPCYSQHKPSSYCGSEPKHEYHAPKHDWQNNNRSYCNINQRYSH,0.46375972,0.46371207,6,12000,595
DHNFNKVPRMITLRMINQSYAGDPCYSQHGPSSYCGSEPKHEPNAPKYDWTNNNRSYCNINNNYSH,0.45919555,0.459148,6,12000,595
DHEFNKVPRMIDLRMINQSYAEDPCYSQHGPSSYCGSEPKHEQEAPKHDWQNNNRSYCNINENYSH,0.45612353,0.45607603,6,12000,595
VSAMHSHPRYIRWVQDNGDSYADFFYSQRKPQSYCGHHCKCEEHRPRHQLTKNTRSYDSMDNFYSH,0.45415607,0.4541086,6,12000,595
DHEFHKVPRMITLRMINQSYAEDPCYSQHPPSSYCGSEPKHEREAPKHDWQLNTRSYCNINQNYSH,0.45411095,0.45406345,6,12000,595
DHEFHKVPRMITLRMINQSYAEDPCYSQHPPSSYCGSEPKHERTAPKHDWQNNNRSYCNINSNYSH,0.4524799,0.45243245,6,12000,595
VSAMHSHPRYIRWVTDNGDSYATFFYSQHKPQSYCGHHCKSEKRRPRHQLTFITRSYDSDDNGRSH,0.4461622,0.44611496,6,12000,595
DSEFNKVPRMITLRMINQSYAEDPCYSQHGPSSYCGSEPKHEPNAPKHDWELNTRSYCNINENYSH,0.43878084,0.43873373,6,12000,595
VSAMLSHPRYIRWVDDNGDSYADEFYSQRKPQSYCGHHCKGEQTRPKHQLTMITRSYDSPDNLTSM,0.43517593,0.43512884,6,12000,595
DSEFHKVPRMIALRMINQSYAEDPCYSQHGPSSYCGSEPKHESNAPKYDWENNTRSYCNINENYSH,0.43080875,0.4307618,6,12000,595
DHEFNKVPRMIWLRMINQSYAGDPCYSQHGPSSYCGSEPKHEDNAPKHDWENNTRSYCNINANYSH,0.42657372,0.42652687,6,12000,595
VSAMHSHPRYIRWVKDNGDSYADEFYSQHKPQSYCGHHCKPERRTPVHQLTHITRSYDSIDNFNSH,0.42573014,0.42568335,6,12000,595
DHNFHKVPRMIYLRMINQSYAGDPCYSQHPPSSYCGSEPKHEYEAPKHDWTNNTRTYCNINPRYSH,0.42536905,0.4253222,6,12000,595
VSAMHSHPRYIGWVSDNGDSYADCFYSQHKPQSYCGHHCKGEAWTPRHQGTYITRSYDSHDNGHSH,0.42310503,0.4230583,6,12000,595
VSAMHKHPRYIRWVDDNGDSYADEFYSQHKPQSYCGHHCKQEEDRPGHQMTINTRSYDSVDNFKSY,0.41599673,0.41595024,6,12000,595
DHNFHKVPRMIALRMINQSYAGDPCYSQHPPSSYCGSEPKHEDNAPKYDWTLNNRSYCNINANYSH,0.41144872,0.41140237,6,12000,595
VSAMHSHPRYIRWVQDNGDSYATFFYSQHKPQSYCGHHCKMEKRRPRHQMTKNTRSYDSSDNLWSY,0.40337735,0.40333128,6,12000,595
VSEMNKVPRMIKLRMIGQSYAEDEKYSQHPPESYCGSEPKHEYNAPKYDWELNTRSYDNIDNRNSH,0.3972396,0.39724156,6,12000,595
VSAMHKHPRYIRWVGDNGDSYADEFYSQHKPQSYCGHHCKMEASRPRHQLTGNTRSYDSSDNLNSH,0.39651906,0.3964732,6,12000,595
VSAMHKHPRYIRWVSDNGDSYATEFYSQRKPQSYCGHHCKEEHNTPQHQATPNTRSYDSKDNFTSH,0.39483312,0.39478737,6,12000,595
VSAMHSHPRYIRWVSDNGDSYATEFYSQHKPQSYCGHHCKSEPRTPCHQSTCITRSYDSGDNGQSH,0.39108184,0.39103624,6,12000,595
VSEMNKVPRMIRLRMIEQSYAEDEKYSQHPPFSYCGSEPKHEYNAPKYDWELNTRSYDNIDNRNSH,0.39104894,0.3910509,6,12000,595
DHNFNKVPRMIKLRMINQSYAEDFCYSQHPPSSYCGSEPKHEPHAPKHDWELNNRSYCNINHNYSH,0.3874666,0.38742116,6,12000,595
DSNFHKVPRMIHLRMINQSYAEDFCYSQHGPSSYCGSEPKHEDFAPKHDWTNNTRSYCNINDNYSH,0.38525137,0.385206,6,12000,595
DSEFNKVPRMIGLRMINQSYAEDPCYSQHGPSSYCGSEPKHESRAPKHDWTNNTRSYCNINGNYSH,0.38384715,0.38380185,6,12000,595
DHNFHKVPRMIDLRMINQSYAGDPCYSQHPPSSYCGSEPKHEYEAPKYDWQNNNRSYCNINKNYSH,0.38120678,0.38116163,6,12000,595
DHNFHKVPRMINLRMINQSYAGDPCYSQHGPSSYCGSEPKHEMHAPKHDWTNNNRSYCNINYNYSH,0.37913477,0.3790897,6,12000,595
DHNFNKVPRMITLRMINQSYAEDFCYSQHPPSSYCGSEPKHEAKAPKHDWQNNNRSYCNINENYSH,0.3789697,0.3789246,6,12000,595
DHNFHKVPRMIKLRMINQSYAGDFCYSQHGPSSYCGSEPKHEREAPKYDWECNTRTYCNINDRYSH,0.37810907,0.378064,6,12000,595
DHNFNKVPRMIRLRMINQSYAGDPCYSQHGPSSYCGSEPKHEQEAPKHDWTLNNRSYCNINFRYSH,0.37604335,0.37599844,6,12000,595
DSNANKVPRMIYLRMINQSYAGDPCYSQHPPSSYCGSEPKHEDGAPKHDWTNNNRSYCNINFRYSH,0.3751391,0.3750942,6,12000,595
VSEMHKVPRMIKLRMIGQSYAEDEKYSQHPPHSYCGSEPKHEYGAPKYDWELNTRSYDNIDNRNSH,0.36435336,0.36430898,6,12000,595
VSAMHSHPRYIRWVSDNGDSYADCFYSQHKPQSYCGHHCKFESRTPEHQQTTNTRSYDSLDNLDSH,0.36141792,0.36137372,6,12000,595
VSEMNKVPRMITLRMIKQSYAEDEKYSQHPPSSYCGSEPKHEYNAPKYDWELNTRSYDNIDNRNSH,0.35826877,0.3582247,6,12000,595
VFAAHKHPRIITQEDDNMHYSETPFYFQRKPSVECGSSPKHWTTDPKHQSTLIPRSPSSPNKRGTH,0.35572636,0.35572824,6,12000,595
VSEMHKVPRMIQLRMIAQSYAEDEKYSQHPPFSYCGSEPKHEYNAPKYDWELNTRSYDNHDNRNSH,0.35478956,0.35474572,6,12000,595
DSNFNKVPRMIFLRMINQSYAGDPCYSQHKPSSYCGSEPKHERWAPKYDWQNNNRSYCNINHNYSH,0.35393524,0.35389143,6,12000,595
VYAAHKHPRIITQENDNMHYSETPFYFQHKPSVECGSSPKHWTTDPKHQSTLIDRSESSPNKRNTH,0.3538959,0.35389778,6,12000,595
DHEFNKVPRMINLRMINQSYAEDPCYSQHPPSSYCGSEPKHEALAPKHDWTNNNRSYCNINDNYSH,0.35041308,0.35036948,6,12000,595
VSAMHKHPRYIRWVFDNGDSYADEFYSQHKPQSYCGHHCKCEDRRPAHQPTVNTRSYDSHDNGTSM,0.341348,0.34130496,6,12000,595
VSAMHSHPRYIRWVHDNGDSYATEFYSQRKPQSYCGHHCKHETYRPTHQLTIITRSYDSWDNGQSM,0.34121922,0.34117618,6,12000,595
DHEFNKVPRMITLRMINQSYAEDPCYSQHGPSSYCGSEPKHEEMAPKYDWQLNNRSYCNINGNYSH,0.33924866,0.33920574,6,12000,595
VSAMHSHPRYIRWVSDNGDSYADEFYSQRKPQSYCGHHCKVEDRTPYHQLTPITRSYDSIDNLRSH,0.33562073,0.33557802,6,12000,595
DSNFNKVPRMISLRMINQSYAEDPCYSQHPPSSYCGSEPKHEMKAPKYDWENNTRSYCNINSRYSH,0.33283827,0.33279574,6,12000,595
VSEMNKVPRMILLRMIRQSYAEDEKYSQHPPFSDCGSEPKHEYDAPKYDWELNTRSYDNIDNRNSH,0.3305021,0.3305039,6,12000,595
DHNFNKVPRMILLRMINQSYAGDPCYSQHGPSSYCGSEPKHEPKAPKYDWELNTRSYCNINKRYSH,0.3234347,0.3233928,6,12000,595
DHEFNKVPRMIFLRMINQSYAEDFCYSQHPPSSYCGSEPKHEWQAPKHDWTNNNRSYCNINDNYSH,0.3231606,0.3231187,6,12000,595
VSAMHSHPRYIRWVKDNGDSYADCFYSQRKPQSYCGHHCKDENRRPFHQTTANTRSYDSMDNGFSY,0.32273123,0.32268935,6,12000,595
VSAMHSHPRYIRWVHDNGDSYATCFYSQRKPQSYCGHHCKTEEWTPPHQLTHNTRSYDSMDNGDSY,0.32222724,0.3221854,6,12000,595
DHNFNKVPRMITLRMINQSYAGDPCYSQHPPSSYCGSEPKHECDAPKHDWQNNNRSYCNINRNYSH,0.32178536,0.32174358,6,12000,595
DHEFNKVPRMIDLRMINQSYAEDPCYSQHGPSSYCGSEPKHETDAPKHDWTNNTRSYCNINMNYSH,0.32139027,0.32134852,6,12000,595
DSNFHKVPRMIFLRMINQSYAEDFCYSQHPPSSYCGSEPKHEGYAPKHDWENNTRSYCNINERYSH,0.32023957,0.32019788,6,12000,595
DHNFNKVPRMIDLRMINQSYAEDPCYSQHGPSSYCGSEPKHESNAPKHDWECNNRSYCNINYRYSH,0.3187449,0.3187033,6,12000,595
VSAMHKHPRYIRWVTDNGDSYADEFYSQHKPQSYCGHHCKSESFRPPHQMTDITRSYDSSDNFWSY,0.31809565,0.3180541,6,12000,595
DHNFHKVPRMIYLRMINQSYAGDFCYSQHPPSSYCGSEPKHENCAPKHDWTLNTRSYCNINWNYSH,0.31800222,0.31796068,6,12000,595
VSEMHKVPRMIKLRMIQQSYAEDEKYSQHPPFSYCGSEPKHEYGAPKYDWELNTRSYDNIDNRNSH,0.31773296,0.31769145,6,12000,595
DSEFHKVPRMINLRMINQSYAEDPCYSQHGPSSYCGSEPKHESDAPKHDWQLNTRSYCNINVRYSH,0.3174018,0.3173603,6,12000,595
VPAAHKHPRIITQEDDNMHYSETPFYFQHKPSVECGSSPKHWTTDPKHQSTLIDRSHSSPNKRNTY,0.3169234,0.3169252,6,12000,595
VSEMHKVPRMIWLRMIQQSYAEDEKYSQHPPFSYCGSEPKHEYNAPKYDWELNTRSYDNIDNGNSH,0.3124004,0.31240213,6,12000,595
VHAAHKHPRIITQEKDNMHYSETPFYFQRGPSVECGSSPKHWTTDPKHQSTLITRSPSSPNKRSTH,0.3117301,0.31173187,6,12000,595
DHNAHKVPRMIALRMINQSYAEDPCYSQHGPSSYCGSEPKHEPWAPKHDWELNTRSYCNINPRYSH,0.30910575,0.30906484,6,12000,595
VSAMHSHPRYIRWVDDNGDSYATFFYSQHKPQSYCGHHCKYENTRPRHQLTIITRSYDSIDNFQSH,0.30700585,0.30696508,6,12000,595
DHEANKVPRMIILRMINQSYAGDFCYSQHPPSSYCGSEPKHEKEAPKHDWTLNNRSYCNINRNYSH,0.30686945,0.30682874,6,12000,595
DHEFNKVPRMITLRMINQSYAGDFCYSQHGPSSYCGSEPKHEQYAPKHDWQLNNRSYCNINNNYSH,0.30600247,0.30596182,6,12000,595
VWAAHKHPRIITQESDNMHYSETPFYFQRKPSVECGSSPKHWTTDPKHQSTLIDRSQSSPNKRTTH,0.30397546,0.30397722,6,12000,595
DSNFHKVPRMIKLRMINQSYAEDFCYSQHGPSSYCGSEPKHEYTAPKYDWQNNNRSYCNINPRYSH,0.30390295,0.30386242,6,12000,595
DHNFNKVPRMIDLRMINQSYAEDFCYSQHGPSSYCGSEPKHEKWAPKHDWQNNTRSYCNINTRYSH,0.30387202,0.30383152,6,12000,595
DHNFHKVPRMIGLRMINQSYAGDPCYSQHPPSSYCGSEPKHEYKAPKHDWQLNNRSYCNINLRYSH,0.30384997,0.3038094,6,12000,595
VSAMHKHPRYIRWVQDNGDSYATEFYSQRKPQSYCGHHCKCEKRRPIHQLTDITRSYDSTDNGWSY,0.30373544,0.3036949,6,12000,595
VRAAHKHPRIITQENDNMHYSETFFYFQHGPSVECGSSPKHWTTDPKHQSTLIDRSQSSPNKRNTH,0.30116928,0.301171,6,12000,595
DHEFNKVPRMITLRMINQSYAEDFCYSQHPPSSYCGSEPKHEGQAPKHDWQLNTRSYCNINGRYSH,0.30029505,0.30025485,6,12000,595
VQAAHKHPRIITQENDNMHYSETPFYFQRGPSVECGSSPKHWTTDPKHQSTLITRSNSSPNKRNTY,0.2998101,0.29981187,6,12000,595
VSAAHKHPRIITQEDDNMHYSETPFYFQRGPSVECGSSPKHWTTDPKHQSTLITRSKSSPNKRNTY,0.2990779,0.29907966,6,12000,595
VEAAHKHPRIITQESDNMHYSETFFYFQHKPSVECGSSPKHWTTDPKHQSTLIDRSESSPNKRNTY,0.2989876,0.29898936,6,12000,595
DSNFNKVPRMITLRMINQSYAGDFCYSQHPPSSYCGSEPKHERTAPKHDWELNTRSYCNINTRYSH,0.29742372,0.2973837,6,12000,595
VLAAHKHPRIHTQEELNMHYSETKFYFQRGPSVECGSEPKHWTTDPKHQSTLIDRSNSSPNKRNTH,0.29720783,0.29720956,6,12000,595
DHNFHKVPRMITLRMINQSYAGDPCYSQHPPSSYCGSEPKHETFAPKYDWTLNNRSYCNINANYSH,0.29720616,0.29716617,6,12000,595
DHEFHKVPRMIKLRMINQSYAGDPCYSQHGPSSYCGSEPKHETVAPKHDWENNTRSYCNINHNYSH,0.29507393,0.29503405,6,12000,595
VSAMHSHPRYIRWVRDNGDSYADCFYSQRKPQSYCGHHCKMECRTPRHQRTTITRSYDSNDNGPSY,0.2947914,0.29475158,6,12000,595
VSEMNKVPRMIWLRMIPQSYAEDPKYSQHPPFSYCGSEPKHEYKAPKYDWELNTRSYDNIDNRNSH,0.29416364,0.29416537,6,12000,595
VSEMNKVPRMIYLRMIRQSYAEDPKYSQHPPFSYCGSEPKHEYKAPKYDWELNTRSYDNIDNRNSH,0.2937126,0.2937143,6,12000,595
QFFMHNSKMKANSMDTEVDSTNDCQYLRTVPKEDWSYHLNREHVTITGKKEDNFCTADVYTNGLGK,0.2932485,0.2932088,6,12000,595
DHEAHKVPRMIALRMINQSYAGDPCYSQHPPSSYCGSEPKHESAAPKHDWTNNTRSYCNINWRYSH,0.29273129,0.29269165,6,12000,595
DSNFHKVPRMIDLRMINQSYAEDPCYSQHPPSSYCGSEPKHECNAPKYDWELNNRSYCNINHNYSH,0.29261687,0.29257724,6,12000,595
VLAAHKHPRIITQEKDNMHYSETPFYFQHGPSVECGSSPKHWTTDPKHQSTLIDRSGSSPNKRPTH,0.29249638,0.2924981,6,12000,595
RFATNSTDRWTCVPMLPGPPENKWYEIQSKRQGGDWCEKKMRRVDYAWRRALNPFSDQSPSKRSAI,0.29054236,0.29054406,6,12000,595
VSAMHSHPRYIRWVADNGDSYADFFYSQRKPQSYCGHHCKKETWRPLHQLTSNTRSYDSCDNGNSY,0.28967714,0.28963774,6,12000,595
QFEMHNSKMNAAIMDTEVDSTNDEQALRTVPWEDSSYNLNNEHVTITGGKEDNFCTWDVYTNGLGK,0.28693217,0.28693217,6,12000,595
VLAAHKHPRIHTQEELNMHYSETFFSFQRGPSVECGSEPKHWTTDPKHQSTLIDRSNSSPNKRKTH,0.28606614,0.28606784,6,12000,595
VLAAHKHPRIHTQEDLNMHYSETFFSFQHGPSVECGSEPKHWTTDPKHQSTLIDRSNSSPNKRNTH,0.28560773,0.28560942,6,12000,595
HVMCNSWPRISCHPNLNMPGHITKFEHQRKYYVTCGSHRKMWQWDHKQQSELIERVDSWPSKFETY,0.28547096,0.28547263,6,12000,595
QFTMHNSKMHAAGMDTEVDSTNDEQYLRTVPDEDCSYHLNSEHVTITGHKEDNFCTADVYTNGLGK,0.28541246,0.2853734,6,12000,595
DSEFHKVPRMIELRMINQSYAEDFCYSQHPPSSYCGSEPKHERFAPKHDWTLNTRSYCNINQNYSH,0.2845865,0.28454748,6,12000,595
DHEFHKVPRMITLRMINQSYAEDPCYSQHGPSSYCGSEPKHEHGAPKHDWECNTRSYCNINFRYSH,0.28395233,0.28391337,6,12000,595
EEEFDRSAQMKTLQMGKMSQEEIWFYSQQGKRHHGQSECKPQKQAPKYTHELQNNSNCYNFWNCNH,0.5645392,0.5645392,7,14000,694
EEEFDRSNQMYTLQMGDMSDEEIWFYSQETKRHFGQSECKPQKQAPKYDHQLQNNSNCYNFWNWNH,0.5418974,0.5418974,7,14000,694
EEEFDRSWQMRTLQMIRMSREEIWFYSQGTKRHDGQSECKPQPQAPKYDHELQNNSNCYNFWNRNH,0.5411125,0.5411125,7,14000,694
EEEFDRSRQMQTLQMICMSDEEIPFYSQRTKRHDGGSECKPQPQAPKYTHQLQNNSNCYNFWNENH,0.49945194,0.49945194,7,14000,694
EEEFDRVSQMNTLQMGGMSSEEIPFYSQKGKRHRGGSECKPQEQAPKYDHELQNNSNCYNFWNMNH,0.45066908,0.45066908,7,14000,694
DPNFHKVPRMITLEMINMSREETFHYAQHGPSVECGSEPKHTRPAAKYTWTLIPRSNSNINENNNH,0.44474116,0.44474116,7,14000,694
EEEFDRSNQMKTLQMGPMSREEIWFYSTGTDRHTGGSECKPQDQAPKYTHELQNNSNCYNFWNTNH,0.43518054,0.43518054,7,14000,694
DPNFHKVPSMITLEMINMSREETKHYAQHTPSVECGSEPKQQQNAAKHQWTLIDRNNSNINDNNMH,0.4266857,0.4266857,7,14000,694
EEEFDRVWQMGTLQMIHMSGEEIPFYSQRTKRHPGQSECKPQEQAPKYDHQLQNNSNCYNFWNRNH,0.41895354,0.41895354,7,14000,694
EEEFNRVWQMTTLQMGMMSKAEIPFYSQKGKRHNGQSECKPQSQAPKYDHQLQNNSNCYNFWNGNH,0.4168506,0.4168506,7,14000,694
DPEFNKVPRMITLEMGNMSREETKHYAQHTPSVECGSEPKHEWDAAKHQWTNIPFNNSNINRNNNH,0.41099885,0.41099885,7,14000,694
DPNFNKVPSMITLEMGNMSREETWHYAQHGSSVECGSEPKHQRGAAKHTWTLIPRSNSNINNNNNH,0.40936956,0.40936956,7,14000,694
EEEFDRSEQMDTLQMGWMSHEEIWFYSEPTKRHYGQSECKPQSQAPKYTHQLQNNSNCYNFWNPNH,0.40728515,0.40728515,7,14000,694
DPNFNKVPSMITLEMGAMSREETFHYAQHTPSVECGSEPKNTRTAAKHTWTNIPRNNSNINENNMH,0.40599874,0.40599874,7,14000,694
DPEFNKVPRMITLEMIFMSREETWHYAQHGPSVECGSEPKDTRNAAKYTWTNIPRNNSNINYNNNH,0.39768094,0.39768094,7,14000,694
DPEFNKVPRMITLEMGRMSREETFHYAQHGPSVECGSEPKHTRPAAKHTWTNIKRSNSNINGNNNH,0.39519152,0.39519152,7,14000,694
EEEFNRVHQMQTLQMGKMSGEEIPFYSQITKRHQGQSECKPQDQAPKYDHELQNNSNCYNFWNENH,0.39177752,0.39177752,7,14000,694
EEEFNRSLQMYTLQMGPMSGEEIPFYSQSGKRHAGQSECKPQEQAPKYTHELQNNSNCYNFWNWNH,0.39124766,0.39124766,7,14000,694
PPEFDRYWQMPTLRMGQMSRAEIPCYSQETKRHSGGAECHHQGNAPKYTHELNNRSNCYNFKRNNH,0.38417912,0.38417912,7,14000,694
DPNFHKVPQMITLEMINMSREETFHYAQHGPSVECGSEPKHQENAAKYQWTLIPRNNSNINLNNNH,0.3830679,0.3830679,7,14000,694
DPNFNKVPRMITLEMGRMSREETWHYAQHGPSVECGSEPKHHRWAAKHQWTNIPRNNSNINHNNNH,0.38160253,0.38160253,7,14000,694
DPEFHKVPQMITLEMINMSREETKHYAQHTPSVECGSEPKHTRYAAKYTWTLIPFSNSNINENNNH,0.38089073,0.38089073,7,14000,694
DPNFNKVPRMITLEMINMSREETWHYAQHTPSVECGSEPKYQRTAAKHTWTLIDRNNSNINRNNNH,0.38018554,0.38018554,7,14000,694
EEEFDRSYQMHTLQMGVMSGEEIPFYSQRGDRHTGQSECKPQLQAPKYDHELQNNSNCYNFWNTNH,0.37580845,0.37580845,7,14000,694
EEEFDRSYQMTTLQMICMSNEEIPFYSQQGKRHFGQSECKPQQQAPKYTHQLQNNSNCYNFWNCNH,0.36945933,0.36945933,7,14000,694
DPNFHKVPRMITLEMGNMSREETPHYAQHGPSVECGSEPKSNRLAAKYTWTNIDFNNSNINDNNMH,0.36834297,0.36834297,7,14000,694
DPNFHKVPRMITLEMINMSREETWHYAQHTPSVECGSEPKRERKAAKYTWTLIDRSNSNINQNNMH,0.36448222,0.36448222,7,14000,694
EEEFNRSDQMMTLQMGKMSGEEIWFYSQKTDRHPGQSECKPQLQAPKYTHELQNNSNCYNFWNYNH,0.36242646,0.36242646,7,14000,694
DPNFNKVPRMITLEMINMSREETWHYAQHTPSVECGSEPKHTRTAAKYQWTNIDRSNSNINPNNNH,0.35756582,0.35756582,7,14000,694
EEEFDRVAQMRTLQMGQMSQEEIWFYSQQGDRHPGQSECKPQDQAPKYDHELQNNSNCYNFWNFNH,0.35588777,0.35588777,7,14000,694
DPEFHKVPSMITLEMINMSREETPHYAQHTPSVECGSEPKDDRTAAKYTWTLIPFNNSNINWNNMH,0.35507536,0.35507536,7,14000,694
EEEFDRSWQMETLQMGEMSVEEIWFYSQRGKRHTGQSECKPQAQAPKYDHELQNNSNCYNFWNLNH,0.34874338,0.34874338,7,14000,694
EEEFDRVKQMQTLQMGPMSPEEIWFYSQRTDRHHGQSECKPQFQAPKYDHQLQNNSNCYNFWNSNH,0.3473485,0.3473485,7,14000,694
DPNFNKVPQMITLEMGNMSREETFHYAQHGPSVECGSEPKSIRDAAKHTWTLIPRSNSNINQNNNH,0.3468175,0.3468175,7,14000,694
EEEFDRSYQMPTLQMGRMSLEEIWFYSQITKRHTGQSECKPQEQAPKYTHELQNNSNCYNFWNTNH,0.34099033,0.34099033,7,14000,694
DPNFHKVPQMITLEMINMSREETWHYAQHTPSVECGSEPKHDRFAAKYTWTLIPRNNSNINWNNNH,0.33708304,0.33708304,7,14000,694
EEEFNRSYQMNTLQMIHMSWEEIWFYSQNTKRHGGQSECKPQPQAPKYDHQLQNNSNCYNFWNTNH,0.33571422,0.33571422,7,14000,694
EEEFNRSKQMKTLQMGCMSSEEIPFYSQWGKRHRGQSECKPQLQAPKYDHELQNNSNCYNFWNFNH,0.3355119,0.3355119,7,14000,694
DPNFNKVPQMITLEMITMSREETPHYAQHTPSVECGSEPKHTRRAAKHQWTNIDRNNSNINQNNMH,0.33520204,0.33520204,7,14000,694
DPEFNKVPRMITLEMINMSREETKHYAQHTPSVECGSEPKNTRHAAKYTWTNIDRSNSNINYNNMH,0.3337787,0.3337787,7,14000,694
DPNFHKVPRMITLEMGNMSREETFHYAQHTPSVECGSEPKHTRTAAKYQWTLIPRSNSNINTNNMH,0.3335453,0.3335453,7,14000,694
PPEFDRSWQMSTLRMGNMSEAEIPCYSQRTDRHDFGAEHHHQYNAPKYDHECNNRSNCYNFARNNH,0.33138692,0.33138692,7,14000,694
PPEFNRSWQMPTLRMGEMSNAEIWCYSQYTDRHGGGAEHQHQNNAPKYTHELNNRSNCYNFQRNNH,0.32984564,0.32984564,7,14000,694
DPEFNKVPRMITLEMIGMSREETFHYAQHTPSVECGSEPKEGRMAAKYTWTLIPRNNSNINNNNNH,0.32805112,0.32805112,7,14000,694
PPEFDRSWQMSTLRMITMSRAEIPCYSQDTDRHMYGAEWDHQKNAEKYTHELNNRSNCYNFERNNH,0.32646084,0.32646084,7,14000,694
DPNFHKVPQMITLEMINMSREETKHSAQHGSSVECGSEPKCTRNAAKYQWTNIDRNNSNINVNNNH,0.3246745,0.3246745,7,14000,694
DPEFNKVPRMITLEMGSMSREETPHYAQHTPSVECGSEPKHTRRAAKYQWTNIDFSNSNINWNNNH,0.32436046,0.32436046,7,14000,694
EEEFDRVWQMHTLQMITMSTEEIPFYSQNGKRHFGGSECKPQAQAPKYTHELQNNSNCYNFWNDNH,0.32158834,0.32158834,7,14000,694
EEEFNRSEQMDTLQMIKMSREEIWFYSQVTDRHTGGSECKPQDQAPKYTHELQNNSNCYNFWNQNH,0.31924206,0.31924206,7,14000,694
DPNFNKVPRMITLEMGNMSREETPHYAQHGPSVECGSEPKYCRPAAKHQWTNIPRSNSNININNNH,0.31885648,0.31885648,7,14000,694
DPNFNKVPQMITLEMGRMSREETKHYAQHTPSVECGSEPKTSRDAAKYTWTLIPRSNSNINMNNMH,0.3158418,0.3158418,7,14000,694
DPNFHKVPRMITLEMGNMSREETFHYAQHGPSVECGSEPKTDEVAAKHTWTNIPRSNSNINCNNNH,0.31328496,0.31328496,7,14000,694
EEEFDRSWQMVTLQMGAMSSEEIPFYSQYGKRHMGGSECKPQAQAPKYTHQLQNNSNCYNFWNHNH,0.3123487,0.3123487,7,14000,694
DPNFNKVPRMITLEMGNMSREETKHYAQHGPSVECGSEPKHTRIAAKHTWTNIPRSNSNINKNNMH,0.3067665,0.3067665,7,14000,694
EEEFDRVQQMTTLQMISMSPEEIWFYSQGGKRHPGQSECKPQPQAPKYDHQLQNNSNCYNFWNHNH,0.30642214,0.30642214,7,14000,694
DPEFNKVPRMITLEMINMSREETWHYAQHGPSVECGSEPKMTRDAAKYTWTNIDFNNSNINPNNNH,0.3062455,0.3062455,7,14000,694
DPNFHKVPSMITLEMIAMSREETWHYAQHTPSVECGSEPKHRRMAAKYTWTNIDRSNSNINNNNNH,0.30600202,0.30600202,7,14000,694
EEEFNRSCQMNTLQMIWMSPEEIPFYSQQTDRHYGQSECKPQWQAPKYDHELQNNSNCYNFWNWNH,0.30491492,0.30491492,7,14000,694
DPEFHKVPRMITLEMINMSREETWHYAQHGPSVECGSEPKAERNAAKHTWELIPFNNSNINFNNMH,0.30449003,0.30449003,7,14000,694
PPEFHRSWQMPTLRMGWMSRAEIPCYSQKTDRHPGGAEVHHQKNAPKYDHELNNRSNCYNFTRNNH,0.30285022,0.30285022,7,14000,694
EEEFDRVDQMSTLQMIKMSGEEIPFYSQKTDRHIGQSECKPQKQAPKYTHELQNNSNCYNFWNDNH,0.3023205,0.3023205,7,14000,694
DPEFNKVPRMITLEMGNMSREETWHYAQHTPSVECGSEPKHTRQAAKHTWTLIPFNNSNINCNNNH,0.30076528,0.30076528,7,14000,694
DPNFNKVPQMITLEMGNMSREETPHYAQHTPSVECGSEPKNMRYAAKHQWTLIPRSNSNINKNNMH,0.30029428,0.30029428,7,14000,694
EEEFNRSWQMFTLQMGTMSWEEIPFYSQMTKRHPGQSECKPQRQAPKYDHELQNNSNCYNFWNENH,0.30018207,0.30018207,7,14000,694
PPEFNRVWQMRTLRMIRMSRAEIPCYSQATDRHTGGAEGQHQDNAQKYTHELNNRSNCYNFERNNH,0.29979387,0.29979387,7,14000,694
DPNFHKVPRMITLEMINMSREETFHYAQHGPSVECGSEPKHTRVAAKHQWTLIPFNNSNINNNNNH,0.29197767,0.29197767,7,14000,694
PPEFDRYWQMDTLRMGSMSNAEIPCYSQGTDRHPEGAEAEHQCNAPKYTHELNNRSNCYNFERNNH,0.2912421,0.2912421,7,14000,694
DPNFHKVPRMITLEMINMSREETFHYAQHGPSVECGSEPKNRRVAAKHQWTLIDRSNSNINGNNMH,0.2884919,0.2884919,7,14000,694
DPNFHKVPQMITLEMGNMSREETPHYAQHGPSVECGSEPKHPRVAAKYTWTNIPFSNSNINYNNMH,0.28769913,0.28769913,7,14000,694
DPEFNKVPRMITLEMGNMSREETWHYAQHGPSVECGSEPKSHRHAAKYQWTLIDFSNSNINYNNNH,0.28426084,0.28426084,7,14000,694
EEEFNRVWQMSTLQMGQMSYEEIPFYSQHTDRHDGGSECKPQSQAPKYTHQLQNNSNCYNFWNINH,0.282733,0.282733,7,14000,694
DPEFNKVPQMITLEMGPMSREETKHYAQHGPSVECGSEPKHMRFAAKYTWTNIDFNNSNINTNNNH,0.2820199,0.2820199,7,14000,694
DPNFNKVPSMITLEMIQMSREETKHYAQHGSSVECGSEPKGKRLAAKYTWTLIDFNNSNINNNNNH,0.2818476,0.2818476,7,14000,694
EEEFDRSWQMMTLQMGDMSKEEIPFYSLNTKRHAGGSECKPQPQAPKYTHQLQNNSNCYNFWNINH,0.28182933,0.28182933,7,14000,694
EEEFDRSWQMLTLQMIWMSAEEIPFYSQGGKRHSGQSECKPQKQAPKYTHELQNNSNCYNFWNKNH,0.28168756,0.28168756,7,14000,694
EEEFNRSFQMRTLQMGKMSYEEIWFYSQGTKRHKGGSECKPQPQAPKYTHELQNNSNCYNFWNLNH,0.28127646,0.28127646,7,14000,694
DPEFHKVPQMITLEMINMSREETWHYAQHGPSVECGSEPKPTRAAAKHTWENIPFSNSNINHNNNH,0.281226,0.281226,7,14000,694
DPNFHKVPQMITLEMGNMSREETWHYAQHTPSVECGSEPKEPRMAAKYQWTLIKFSNSNINYNNNH,0.27911675,0.27911675,7,14000,694
DPNFHKVPRMITLEMGNMSREETKHYAQHTSSVECGSEPKHTGAAAKYQWTNIDFSNSNINHNNNH,0.27823246,0.27823246,7,14000,694
EEEFNRSYQMQTLQMGYMSCEEIPFYSQGGDRHSGQSECKPQKQAPKYDHELQNNSNCYNFWNLNH,0.27735785,0.27735785,7,14000,694
EEEFDRSWQMCTLQMGGMSSEEIWFYSQTTDRHDGQSECKPQEQAPKYTHELQNNSNCYNFWNINH,0.27657965,0.27657965,7,14000,694
DPNFHKVPSMITLEMGNMSREETWHYAQHTPSVECGSEPKRERWAAKHTWTLIPRSNSNINLNNMH,0.27653897,0.27653897,7,14000,694
DPNFNKVPSMITLEMGVMSREETPHYAQHTPSVECGSEPKHTDTAAKHTWTNIDFSNSNINVNNNH,0.27193502,0.27193502,7,14000,694
EEEFDRSDQMGTLQMGHMSAEEIWFYSQTTKRHYGQSECKPQIQAPKYDHELQNNSNCYNFWNDNH,0.27184707,0.27184707,7,14000,694
EEEFDRVAQMTTLQMGKMSQEEIPFYSGHTDRHVGQSECKPQKQAPKYTHQLQNNSNCYNFWNGNH,0.27178624,0.27178624,7,14000,694
EEEFDRVRQMNTLQMGPMSHEEIPFYSQETDRHVGGSECKPQYQAPKYTHELQNNSNCYNFWNLNH,0.27142823,0.27142823,7,14000,694
DPNFHKVPRMITLEMINMSREETKHYAQHTPSVECGSEPKHTINAAKHQWTNIDFSNSNINVNNNH,0.27039635,0.27039635,7,14000,694
EEEFDRSAQMQTLQMIKMSWEEIPFYSQCGKRHAGQSECKPQKQAPKYTHQLQNNSNCYNFWNDNH,0.26926705,0.26926705,7,14000,694
DPNFNKVPSMITLEMINMSREETPHYAQHTSSVECGSEPKSTRDAAKYQWTNIPFSNSNINKNNMH,0.2678697,0.2678697,7,14000,694
DPEFHKVPSMITLEMINMSREETPHYAQHGPSVECGSEPKPTRRAAKHQWTNIPFNNSNINWNNMH,0.26766,0.26766,7,14000,694
EEEFDRVLQMGTLQMIDMSQEEIWFYSQGGDRHKGQSECKPQRQAPKYTHQLQNNSNCYNFWNYNH,0.2653797,0.2653797,7,14000,694
EEEFDRVWQMITLQMIQMSAEEIPFYSQDTKRHTGQSECKPQYQAPKYTHQLQNNSNCYNFWNENH,0.2651752,0.2651752,7,14000,694
EEEFNRSMQMATLQMIDMSFEEIWFYSQRGKRHTGQSECKPQNQAPKYTHQLQNNSNCYNFWNMNH,0.26480567,0.26480567,7,14000,694
DPEFNKVPQMITLEMGNMSREETFHYAQHGPSVECGSEPKHTRSAAKHQWTLIDRSNSNINTNNMH,0.26406765,0.26406765,7,14000,694
DPEFHKVPQMITLEMGNMSREETKHYAQHGPSVECGSEPKHIRWAAKHTWTNIPFNNSNINYNNMH,0.26142147,0.2614215,7,14000,694
PPEFNRYWQMFTLRMGTMSGAEIPCYSQKTKRHHGGAERHHQQNAPKYTHELNNRSNCYNFYRNNH,0.25937024,0.25937024,7,14000,694
PPEFNRYWQMWTLRMGKMSRAEIWCYSQNTKRHPSGAERHHQCNAPKYTHELNNRSNCYNFNRNNH,0.25920922,0.25920922,7,14000,694
DPEFNKVPSMITLEMINMSREETKHYAQHGPSVECGSEPKVYRQAAKYQWTLIPRNNSNINDNNNH,0.2582914,0.2582914,7,14000,694
DPNFHKVPRMITLEMGYMSREETKHYAQHTPSVECGSEPKMTRRAAKYQWTLIPFNNSNINMNNNH,0.2574943,0.25749427,7,14000,694
EPEFNTAARHETLEMWNMYRAPTPHYAYHGDSREGGRHCKAQRQAPKYTWTNQKRTNSNCNKNWNH,0.52560556,0.5256533,8,16000,793
EVEFNEVQRMETLPMGNMHRAETPHYQYHGDRREGGSECKAQDQRPKHTWTNQPASNCNCGKNWSH,0.5090985,0.50914633,8,16000,793
DVEFNEANRMITLEMINMYREETPHYFQHGCRREGGREPKAQRQAAKHTWTNQPRSNSNCNKNWNH,0.5065826,0.5066305,8,16000,793
DPEFNTVARHETLEMGNMYRAGTWHYAYHTDRREGGRECKAQEQAPKHTWTNQNRTNCDCNKNWNH,0.49526048,0.49530837,8,16000,793
DVEFNEAQRMITLEMINMYREETWHYFQHGCRREGGREPKAQEQAAKHTWQLQPRSNSDCNKNWNH,0.478123,0.4781708,8,16000,793
EVEFNEARRMETLPMINMHRAETPHYQYHGCRREGGSECKAQSQRPKHTWTNQPRSNCDCQKNWSH,0.47200707,0.47205478,8,16000,793
DVEFNEAPRMITLEMINMYREETFHYFQHTCRREGGREPKAQDQAAKHTWQNQPRSNSNCNKNWNH,0.45674968,0.45679718,8,16000,793
EVEFNEVPRMETLPMINMHRAETPHYQYHGCRREGGSHCKAQHQRPKHTWQNQPRSNCNCGKNWGH,0.45507625,0.45512375,8,16000,793
DVEFNEANRMITLEMINMYREETWHYFQHGCRREGGREPKAQKQAAKHTWTLQPRSNSDCNKNWNH,0.45444137,0.45448884,8,16000,793
EVEFNEVNRMETLPMINMHRAETPHYQYHGCRREGGSHCKAQRQRPKYTWTNQPRSNCDCWKNWGH,0.45271382,0.4527613,8,16000,793
DVEFNEAPRMITLEMINMYREETWHYFQHTCRREGGREPKAQRQAAKYTWQNQPRSNSNCNKNWNH,0.44768077,0.44772807,8,16000,793
DVEFNEAQRMITLNMINMYREETPHYFQHGCRREGGREPKAQTQAAKHTWTNQPRSNSNCNKNWNH,0.44339022,0.44343752,8,16000,793
DVEFNEAPRMITLNMINMYREGTWHYFQHTCRREGGREPKAQNQAAKQTWTNQPASNSNCNKNWNH,0.43840042,0.4384476,8,16000,793
DVEFNEAQRMITLEMINMYREETWHYFQHGCRREGGREPKAQTQAAKHTWQNQPRSNSNCNKNWNH,0.43695545,0.43700263,8,16000,793
EPEFNTVARHETLEMINMYRAPTWHYAYHGDRREGGRHCKAQDQAPKYTWTNQNRTNCDCNKNWNH,0.4297774,0.42982438,8,16000,793
DVEFNEAPRMITLPMINMYREETWHYFQHGCRREGGREPKAQPQAAKHTWTLQPRSNSDCNKNWNH,0.4244366,0.42448336,8,16000,793
EVEFNEAQRMETLPMINMHRAETPHYQYHGCRREGGSHCKAQHQRPKHTWQNQTRSNCDCMKNWGH,0.4238336,0.42388037,8,16000,793
DVEFNEAHRMITLPMINMYREGTPHYFQHTCRREGGREPKAQKQAAKYTWTLQPRSNSDCNKNWNH,0.4229712,0.4230179,8,16000,793
DVEFNEARRMITLNMINMYREETFHYFQHGCRREGGREPKAQNQAAKHTWQNQPRSNSNCNKNWNH,0.42155463,0.4216013,8,16000,793
DVEFNEAHRMITLPMINMYREETPHYFQHTCRREGGREPKAQPQAAKHTWQLQPRSNSDCNKNWNH,0.4196059,0.41965255,8,16000,793
DVEFNEAPRMITLEMINMYREGTWHYFQHGCRREGGREPKAQAQAAKHTWQLQPRSNSNCNKNWNH,0.41588342,0.41592994,8,16000,793
DVEFNEACRMITLPMINMYREETWHYFQHTCRREGGREPKAQQQAAKHTWTNQPRSNSDCNKNWNH,0.4148099,0.4148564,8,16000,793
EPNFNTVARHETLPMWNMYRAETPHYAYHTCSREGGRHCKAQGQAPKHQWQNQPRTNCNCNKNWNH,0.41009396,0.41014028,8,16000,793
DVEFNEAPRMITLEMINMYREETFHYFQHGCRREGGREPKAQEQAAKYTWQLQTRSNSDCNKNWNH,0.4074919,0.40753815,8,16000,793
EVEFNEAWGMETLPMKEMPAAEIQSYQYHPDRHEGGRECKHGTQRPKYTWQNQKRSNCTCLKNWGH,0.40713128,0.40713128,8,16000,793
DVEFNEAARMITLNMINMYREGTWHYFQHTCRREGGREPKAQKQAAKHTWTLQPRSNSDCNKNWNH,0.40603116,0.40607736,8,16000,793
DVEFNEASRMITLNMINMYREGTPHYFQHGCRREGGRHPKAQPQAAKHTWQNQPASNSDCNKNWNH,0.40454203,0.40458816,8,16000,793
DVEFNEAPRMITLNMINMYREETPHYFQHGCRREGGREPKAQAQAAKYTWQNQPRSNSNCNKNWNH,0.40260223,0.4026483,8,16000,793
DVEFNEARRMITLEMINMYREETPHYFQHTCRREGGREPKAQFQAAKHTWQLQPRSNSDCNKNWNH,0.40040347,0.40044942,8,16000,793
EPNFNTAARHETLEMINMYRAGTSHYAYHSDRREGGRRCKAQNQAPKYTWTNQPRSNSYCNKNWSH,0.3991619,0.39920786,8,16000,793
DVEFNEAGRMITLPMINMYREGTWHYFQHGCRREGGREPKAQNQAAKYTWQNQPRSNSNCNKNWNH,0.391197,0.39124262,8,16000,793
DVEFNEATRMITLNMINMYREGTPHYFQHTCRREGGREPKAQAQAAKQTWTLQPRSNSNCNKNWNH,0.39046136,0.39050695,8,16000,793
DVNFLEAHRMITLEMINMYREETPHYFQHGCRREGGREPKAQQQAAKHTWTNQPRSNSDCNKNWNH,0.39010742,0.39015302,8,16000,793
DVEFNEAYRMITLEMINMYREETWHYFQHGCRREGGREPKAQPQAAKYTWTLQPRSNSNCNKNWNH,0.38786602,0.38791147,8,16000,793
EVEFNEVRRMETLPMGNMHRAETPHYQYHTDRREGGSECKAQQQRPKHTWQLWPASNCNCDKNWGH,0.3849885,0.38503382,8,16000,793
DVEFNEAPRMITLPMINMYREETPHYFQHGCRREGGREPKAQRQAAKYTWQNQPASNSNCNKNWNH,0.38278508,0.38283032,8,16000,793
EVEFNEVQRMETLPMINMHRAETWHYQYHTCRREGGSECKAQNQRPKHTWQNWPRSNCNCTKNWSH,0.37929544,0.37934056,8,16000,793
DVEFNEARRMITLPMINMYREETWHYFQHTCRREGGREPKAQTQAAKYTWTNQPRSNSNCNKNWNH,0.37916663,0.3792117,8,16000,793
DVEFNEAKRMITLEMINMYREGTPHYFQHGCRREGGREPKAQRQAAKHTWQNQTRSNSWCNKNWNH,0.3788948,0.37893984,8,16000,793
DVEFNEASRMITLEMINMYREGTPHYFQHTCRREGGRHPKAQCQAAKYTWQNQPRSNSDCNKNWNH,0.37875554,0.37880063,8,16000,793
DVEFNEACRMITLEMINMYREETFHYFQHTCRREGGREPKAQHQAAKHTWTNQPRSNSDCNKNWNH,0.3753278,0.3753727,8,16000,793
DVEFNEARRMITLNMINMYREETFHYFQHTCRREGGREPKAQHQAAKHTWTLQPRSNSDCNKNWNH,0.37355623,0.37360105,8,16000,793
DVEFNEAQRMITLEMINMYREGTFHYFQHGCRREGGREPKAQPQAAKYTWQNQPRSNSNCNKNWNH,0.37159997,0.3716447,8,16000,793
EVEFNEVPRMETLPMINMHRAETPHYQYHGDRREGGSHCKAQDQRPKHTWTLWTRSNCNCCKNWGH,0.37096336,0.37100807,8,16000,793
DVEFNEAPRMITLEMINMYREETPHYFQHTCRREGGREPKAQTQAAKYTWTNQPASNSNCNKNWNH,0.3673746,0.36741912,8,16000,793
DVEFNEAQRMITLNMINMYREETWHYFQHGCRREGGREPKAQAQAAKHTWTLQPRSNSNCNKNWNH,0.36225408,0.36229834,8,16000,793
DVEFNEAARMITLPMINMYREGTPHYFQHTCRREGGRHPKAQKQAAKHTWQNQPASNSNCNKNWNH,0.36142233,0.3614665,8,16000,793
DVEFNEAFRMITLPMINMYREETWHYFQHTCRREGGREPKAQQQAAKYTWQLQPRSNSDCNKNWNH,0.36106908,0.36111328,8,16000,793
DVEFNEAARMITLEMINMYREETFHYFQHTCRREGGREPKAQQQAAKHTWTNQTRSNSNCNKNWNH,0.36010095,0.3601451,8,16000,793
EPHFNTAARHETLEMKNMYRAGTFHYAYHTCRREGGRHCKAQDQAPKHTWTNQNRTNCNCNKNWSH,0.35889715,0.35894123,8,16000,793
EVEFNEARRMETLPMINMHRAETWHYQYHTDRREGGSHCKAQEQRPKHTWTLWTRSNCYCWKNWSH,0.3555939,0.3556378,8,16000,793
EPNFNTVARHETLPMINMYRAETWHYAYHSDSREGGRECKAQKQAPKHQWTLWTRSNCDCNKNWNH,0.35522732,0.3552712,8,16000,793
EVEFNNVFGMDTLRMKSMPAAEIQKYQYHTDRHEGGRECKHGNQRPKYTWRNQWRSNCTCEWNWSH,0.35486102,0.35486102,8,16000,793
DVEFNEANRMITLEMINMYREGTPHYFQHTCRREGGREPKAQNQAAKYTWTLQPASNSDCNKNWNH,0.35451946,0.35456327,8,16000,793
EPEFNTAARHETLEMINMYRAETFHYAYYSDSREGGRECKAQDQAPKYQWTNQLRTNCDCNKNWNH,0.3518686,0.3519123,8,16000,793
DPEFNTAARHETLEMGNMYRAETPHYAYHSVRREGGRRCKAQQQAPKYTWTNQLRSNCDCNKNWNH,0.35105336,0.35109702,8,16000,793
DVEFNEAPRMITLEMINMYREETWHYFQHTCRREGGREPKAQIQAAKYTWTNQPRSNSDCNKNWNH,0.3497412,0.34978473,8,16000,793
DVEFNEAFRMITLPMINMYREETWHYFQHTCRREGGREPKAQRQAAKYTWTNQPRSNSDCNKNWNH,0.34955743,0.34960097,8,16000,793
EVEFNEADRMETLPMINMHRAETPHYQYHTCRREGGSHCKAQKQRPKHTWQNQTASNCDCCKNWSH,0.34864885,0.34869236,8,16000,793
EVEFNEVARMETLPMGNMHRAETPHYQYHTDRREGGSHCKAQYQRPKHTWQNQTRSNCWCMKNWGH,0.34834555,0.348389,8,16000,793
DVEFNEAPRMITLEMINMYREGTFHYFQHTCRREGGREPKAQWQAAKYTWTNQPRSNSNCNKNWNH,0.3427933,0.3428364,8,16000,793
EVEFNEAWRMETLPMGNMHRAETPHYQYHTDRREGGSECKAQCQRPKYTWTLQTRSNCDCRKNWGH,0.34271237,0.34275553,8,16000,793
EVEFNEAARMETLPMGNMHRAETPHYQYHTCRREGGSHCKAQPQRPKYTWTNQTRSNCYCYKNWGH,0.34163678,0.3416798,8,16000,793
EVEFNEAARMETLPMINMHRAETPHYQYHGDRREGGSHCKAQHQRPKHTWQLWTRSNCNCWKNWSH,0.3406006,0.3406436,8,16000,793
DVEFNEAQRMITLPMINMYREGTWHYFQHGCRREGGREPKAQHQAAKHTWQNQPASNSNCNKNWNH,0.34022683,0.34026977,8,16000,793
DVEFNEASRMITLPMINMYREETPHYFQHGCRREGGREPKAQTQAAKYTWQLQPRSNSDCNKNWNH,0.33928064,0.33932358,8,16000,793
EVEFNEAGRMETLPMINMHRAETWHYQYHTDRREGGSHCKAQAQRPKYTWQNQPASNCDCFKNWSH,0.33924717,0.33929008,8,16000,793
DVEFNEAARMITLEMINMYREGTPHYFQHTCRREGGRHPKAQFQAAKYTWTLQPRSNSDCNKNWNH,0.33821395,0.3382568,8,16000,793
DVEFNEAARMITLEMINMYREETPHYFQHTCRREGGREPKAQPQAAKYTWQLQPRSNSNCNKNWNH,0.337757,0.3377998,8,16000,793
DVNFNEAKRMITLEMINMYREETFHYFQHTCRREGGREPKAQEQAAKYTWTNQPASNSDCNKNWNH,0.3360485,0.33609125,8,16000,793
EVEFNEVRRMETLPMGNMHRAETPHYQYHGCRREGGSHCKAQVQRPKHTWQNWPRSNCWCEKNWSH,0.33479646,0.33483914,8,16000,793
EVEFNEVARMETLPMINMHRAETWHYQYHTDRREGGSHCKAQRQRPKHTWTNQTRSNCWCFKNWSH,0.33023646,0.33027884,8,16000,793
EVEFNEARRMETLPMINMHRAETPHYQYHTCRREGGSECKAQEQRPKHTWQNWTASNCNCCKNWGH,0.32388327,0.3239252,8,16000,793
EVEFNEVARMETLPMINMHRAETWHYQYHTDRREGGSHCKAQKQRPKYTWQLQTRSNCNCCKNWSH,0.32338908,0.32343102,8,16000,793
DVEFNEADRMITLEMINMYREETWHYFQHTCRREGGREPKAQWQAAKHTWQLQPRSNSDCNKNWNH,0.32269225,0.3227341,8,16000,793
DVEFNEAARMITLEMINMYREETWHYFQHGCRREGGREPKAQEQAAKYTWTLQPASNSDCNKNWNH,0.32238325,0.32242507,8,16000,793
EVEFNEVYRMETLPMINMHRAETPHYQYHTCRREGGSHCKAQYQRPKHTWQNWTRSNCDCMKNWSH,0.32075906,0.32080078,8,16000,793
DVEFNEAIRMITLEMINMYREGTWHYFQHTCRREGGREPKAQTQAAKYTWQLQPRSNSDCNKNWNH,0.31930774,0.31934938,8,16000,793
EPEFNTAARHETLEMINMYRAGTWHYAYHSDRREGGRECKAQKQAPKYTWQNQNASNCWCNKNWNH,0.3170345,0.317076,8,16000,793
EVEFNEAGRMETLPMINMHRAETPHYQYHPDRREGGSHCKAQTQRPKHTWTLQTASNCNCHKNWSH,0.31520492,0.31524625,8,16000,793
EVEFNEVYRMETLPMGNMHRAETPHYQYHTCRREGGSECKAQGQRPKHTWQNWTASNCDCVKNWSH,0.31435972,0.31440103,8,16000,793
EVEFNEVWRMETLPMINMHRAETWHYQYHTDRREGGSECKAQGQRPKYTWQNWPRSNCWCRKNWSH,0.31371093,0.31375217,8,16000,793
DVEFNEAWRMITLNMINMYREETWHYFQHTCRREGGREPKAQYQAAKHTWTNQTASNSDCNKNWNH,0.31278756,0.31282872,8,16000,793
DVEFNEAARMITLNMINMYREETWHYFQHGCRREGGREPKAQHQAAKYTWTLQPRSNSDCNKNWNH,0.31262016,0.31266132,8,16000,793
HVEFNNVWGMHTLRMKEMPAAEIQSYQYHPCRHEGGRECKHQKQRPKYTWTNQWRSNCWCQWNWSH,0.30957595,0.30957595,8,16000,793
EPHFNTAARHETLEMKNMYRAETPHYAYHSCRREGGRHCKAQFQAPKYQWQNQNATNSNCNKNWSH,0.30865982,0.30870068,8,16000,793
DVEFNEAVRMITLNMINMYREETWHYFQHTCRREGGREPKAQNQAAKYTWQLQPRSNSNCNKNWNH,0.30781,0.3078508,8,16000,793
DPHFNTAARHETLPMINMYRAGTWHYAYHGCRREGGRECKAQDQAPKHQWQNQPRSNSWCNKNWNH,0.30661312,0.30665383,8,16000,793
EVEFNEVARMETLPMGNMHRAETPHYQYHTCRREGGSHCKAQPQRPKHTWQLWPRSNCDCRKNWGH,0.30614883,0.3061895,8,16000,793
DVEFNEATRMITLNMINMYREETPHYFQHTCRREGGREPKAQVQAAKHTWQLQPRSNSNCNKNWNH,0.3055217,0.30556235,8,16000,793
DVEFNEATRMITLPMINMYREGTFHYFQHGCRREGGRHPKAQQQAAKYTWQNQPASNSNCNKNWNH,0.30546248,0.3055031,8,16000,793
DVEFNEAHRMITLPMINMYREETFHYFQHGCRREGGREPKAQDQAAKYTWTLQPASNSDCNKNWNH,0.30541354,0.30545416,8,16000,793
EVEFNEVARMETLPMINMHRAETPHYQYHPDRREGGSHCKAQAQRPKYTWQNWPRSNCWCQKNWSH,0.30477494,0.30481553,8,16000,793
DVEFNEATRMITLEMINMYREETWHYFQHGCRREGGREPKAQVQAAKYTWQNQPRSNSDCNKNWNH,0.30470163,0.3047422,8,16000,793
DVEFNEATRMITLEMINMYREETPHYFQHGCRREGGREPKAQLQAAKHTWQNQPASNSDCNKNWNH,0.3040976,0.3041381,8,16000,793
DVEFNEAFRMITLNMINMYREGTFHYFQHTCRREGGREPKAQDQAAKYTWTLQPASNSDCNKNWNH,0.30409515,0.30413568,8,16000,793
DVEFNEAMRMITLEMINMYREGTWHYFQHTCRREGGREPKAQMQAAKHTWQLQPASNSDCNKNWNH,0.303535,0.3035755,8,16000,793
DVEFNEAPRMITLPMINMYREGTFHYFQHTCRREGGREPKAQTQAAKHTWTLQPASNSDCNKNWNH,0.3028573,0.30289775,8,16000,793
DVEFNEAGRMITLEMINMYREETFHYFQHGCRREGGRHPKAQSQAAKYTWTNQPRSNSWCNKNWNH,0.30276862,0.30280906,8,16000,793
HVGFNEAMRHPTLEEWEMHAAEIQHYAYHTSRWEGGRRTKHGQQRAKHTRTNWPRSGNWCQKNWSH,0.63936764,0.63936764,9,18000,892
DQGDNHSHNMTTLFMSVMPSFEHETYQRYKDRHEHRHNHHHGTPRRRYTRQLWWCSWDTYGNGMSH,0.5993127,0.5993127,9,18000,892
DEEDNHYMRMTTLRMIVMPAAEHLHYQYYTDRHEQHHNHHHQKQRRRHTRTNWWRSNGWCGNNMSH,0.56673735,0.56673735,9,18000,892
LNADHQYWGQSNVFGMVDPREGIETRFCAKSRGFMSGWPKPERADWNQTIEQQQMHSDTYNRSGSM,0.5631299,0.5631299,9,18000,892
EEEENHVNGHPNLQFVEMDAAEIEHAAYYPRRHERRKRRIHQYQRPKYTMTNWWCSNDYCANNWSH,0.5591746,0.5591746,9,18000,892
LNADHQYWGQSNVFGMVDPREGIPTRFCHKSRGFMSGWPKAERADWNQTIEEQQMHSDTYNRSGSM,0.55338687,0.55338687,9,18000,892
HVMCNGYMGPINREKPEMYAMHHQTRYVHKHRTHHGSRPKHFKVRWNQERRNIPCHGNTPNKFSSW,0.5440674,0.5440674,9,18000,892
HVMCNGYMGPIQREKPEMYAMHHQTRYVHKHRTHHGSRPKHFRVRWNQERRNIPCHGNTPNKFDSW,0.5361454,0.5361454,9,18000,892
HVMCNGYMGPINREKPEMYAMHHQTRYVHKHRTHHGSRPKHFRVRWNQERRNIPCHGNTPNKFSSW,0.53378433,0.53378433,9,18000,892
HVEFNEAMRHHTLPKWEMHAAEIFHYAYHKSRMEGGRRTKHGKQRAKQTRTNWPRSGNDCTKNWGH,0.5336041,0.5336041,9,18000,892
LNADHQYNGQSNVFGMVDPREGIPTRFCHKSRGFMSGWPKAERADWNQTIENQQMHSDTYNRSGSM,0.5322927,0.5322927,9,18000,892
LNADHQYAGQSNTFGMVDPREGIPTRFCHKSRGFMSGWPKAERADWNQTIENQQMHSDTYNRSGSM,0.53147084,0.53147084,9,18000,892
HVGFNEAMGHGTLPPWEMHAAEIQHYAYHKSRYEGGRRTKHGRQRAKYTRTNWPRSGNDCNKNWGH,0.5313392,0.5313392,9,18000,892
LNADHQYYGQSNVFGMVDPREGIPTRFCHKSRGFMSGWPKAERADWNQTIEDNQMHSDTYNRSGSM,0.5300253,0.5300253,9,18000,892
LNADHQYYGQSNVFGMVDPREGIETRFCHKSRGFMSGWPKAERADWNQTIENQQMHSDTYNRSGSM,0.5256802,0.5256802,9,18000,892
LNADHQYWGQSNVFGMVDPREGIPTRFCHKSRGFMSGWPKAERADWNQTIEHQQMHSDTYNRSGSM,0.524685,0.524685,9,18000,892
DQGDNHSTMMTTLFMSVMPSFEHETYQRYKDRHEHRHNHHHGQPRRRYTRQLWWCSWDTYGNGMSH,0.521946,0.521946,9,18000,892
DQEDNHSMVMTTLFMSVMPSAEHETYQRYKDRHEHRHNHHHGPPRRRYTRQLWWCSWDTYGNGMSH,0.52165276,0.52165276,9,18000,892
LNADHQYQGQSNVFGMVDPREGIPTRFCHKSRGFMSGWPKAERADWNQTIEKQQMHSDTYNRSGSM,0.52038896,0.52038896,9,18000,892
LNADHQYSGQSNVFGMVDPREGIKTRFCHKSRGFMSGWPKAERADWNQTIEDQQMHSDTYNRSGSM,0.51471704,0.51471704,9,18000,892
HVGFNEAPGHKTLEEIEMHAAEIWHYAYHTSRCEGGRRTKHGKQRAKYTRQNWPRSGNTCTKNWGW,0.5136063,0.5136063,9,18000,892
LNADHQYDGQSNVFGMVDPREGIKTRFCHKSRGFMSGWPKAERADWNQTIENQQMHSDTYNRSGSM,0.51270753,0.51270753,9,18000,892
LNADHQYHGQSNVFGMVDPREGIPTRFCDKSRGFMSGWPKAERADWNQTIEPQAMHSDTYNRSGSM,0.51085943,0.51085943,9,18000,892
HVGFNEAMRHETLEKIEMHAAEIFHYAYHTSRYEGGRETKHGKQRAKQTRTNWPRSGNDCRKNWGH,0.5068523,0.5068523,9,18000,892
DEGDNHYMGMTTLFMVVMPAAEHLTYQYHPDRHEHRHNNHHQFPRRRHTRQNWWRSNGWCHNNMSH,0.50533634,0.50533634,9,18000,892
HVGFNEAMGHNTLEKIEMHAAEIQHYAYHKSRPEGGRRTKHGQQRAKQTRTNWPRSGNWCAKNWSH,0.5035755,0.5035755,9,18000,892
LNADHQYGGQSNVFGMVDPREGIPTRFCHKSRGFMSGWPKAERADWNQTIENQQMHSDTYNRSGSM,0.50238377,0.50238377,9,18000,892
LNADHQYWGQSNVFGMVDPREGIETRFCHHSRGFMSGWPKAERADWNQTIETQQMHSDTYNRSGSM,0.50090027,0.50090027,9,18000,892
LNADHQYTGQSNVFGMVDPREGIPTRFCHKSRGFMSGWPKAERADWNQTIENQQMHSDTYNRSGSM,0.5008966,0.5008966,9,18000,892
EEEDNHYMGMTTLFMIVMPAAEHLHYQYYPDRHEHHHNFHHQPQRRRHTRTNWWRSNGWCHNNMSH,0.499821,0.499821,9,18000,892
LNADHQYEGQSNVFGMVDPREGIPTRFCHKSRGFMSGWPKAERADWNQTIENQQMHSDTYNRSGSM,0.4993316,0.4993316,9,18000,892
LNADHQYCGQSNVFGMVDPREGIPTRFCHKSRGFMSGWPKAERADWNQTIEQQQMHSDTYNRSGSM,0.49770465,0.49770465,9,18000,892
LNADHQYQGQSNVFGMVDPREGIPTRFCHKSRGFMSGWPKAERADWNQTIEGQQMHSDTYNRSGSM,0.49721125,0.49721125,9,18000,892
LNADHQYPGQSNVFGMVDPREGIKTRFCHKSRGFMSGWPKAERADWNQTIEQQQMHSDTYNRSGSM,0.49555603,0.49555603,9,18000,892
DEEDNHYMRMTTLFMIVMPAAEHLTYQYHPDRHENQHNVHHQYQRRRHTRQNWWRSNGYCHNNMSH,0.4949619,0.4949619,9,18000,892
DQGDNHSTWMTTLFMSVMPSFEHETYQRYTDRHEHRHNHHHGRPRRRYTRQLWWCSWDTYGNGMSH,0.4941816,0.4941816,9,18000,892
LNADHQYHGQSNVFGMVDPREGIETRFCRMSRGFMSGWPKAERADWNQTIEHQQMHSDTYNRSGSM,0.4913256,0.4913256,9,18000,892
LNADHQYCGQSNVFGMVDPREGIKTRFCHKSRGFMSGWPKAERADWNQTIENQQMHSDTYNRSGSM,0.4911218,0.4911218,9,18000,892
LNADHQYDGQSNVFGMVDPREGIKTRFCRKSRGFMSGWPKAERADWNQTIERQAMHSDTYNRSGSM,0.48819762,0.48819762,9,18000,892
HVMCNGYMGPINREKPEMYAMHHQTRYVHKHRTHHGSRPKHFTVRWNQERRNIPCHGNTPNKFWSW,0.48625004,0.48625004,9,18000,892
LNADHQYHGQSNVFGMVDPREGIPTRFCHKSRGFMSGWPKAERADWNQTIETQAMHSDTYNRSGSM,0.48542792,0.48542792,9,18000,892
LNADHQYMGQSNVFGMVDPREGIKTRFCRKSRGFMSGWPKAERADWNQTIENQQMHSDTYNRSGSM,0.4846159,0.4846159,9,18000,892
EEEENHPFGHPNLQFIEMSAAEIEHYAYYKDRHERRKERITGDQRPKYTMTNWWCSNDWCAPNMSH,0.48410589,0.48410589,9,18000,892
LNADHQYFGQSNVFGMVDPREGIPTRFCHKSRGFMSGWPKAERADWNQTIENQQMHSDTYNRSGSM,0.484038,0.484038,9,18000,892
HVGFNEAMGHGTLENIEMHAAEIQHYAYHKSRWEGGRRTKHGAQRAKYTRTNWPRSGNNCWKNWGH,0.48271546,0.48271546,9,18000,892
LNADHQYFGQSNVFGMVDPREGIPTRFCHKSRGFMSGWPKAERADWNQTIERQQMHSDTYNRSGSM,0.48213267,0.48213267,9,18000,892
HVMCNGYMGPINREKPEMYAMHHQYRYVHKHRTHHGSRPKHFNVRWNQERRNIPCHGNTPNKFSSW,0.4816087,0.4816087,9,18000,892
EEEFNHPMGHPNLQFVEMPAAEIQHYAYYPDRHERRKRRIHGGQRPKYTMTNWWCSNDYCANNNSH,0.4815606,0.4815606,9,18000,892
LNADHQYKGQSNVFGMVDPREGIPTRFCHKSRGFMSGWPKAERADWNQTIENQQMHSDTYNRSGSM,0.48118877,0.48118877,9,18000,892
LNADHQYCGQSNVFGMVDPREGIPTRFCHKSRGFMSGWPKAERADWNQTIEEQQMHSDTYNRSGSM,0.4800994,0.4800994,9,18000,892
EEEENHPQGHPNLQFIEMPAAEIQHYAYYTDRHERRKRRITQHQRPKYTMTNWWCSNDYCAWNWSH,0.47920093,0.47920093,9,18000,892
HVMCNGYMGPINREKPEMYAMHHQYRYVHKHRTHHGSRPKHFRVRWNQERRNIPCHGNTPNKFGSW,0.479163,0.479163,9,18000,892
LNADHQYMGQSNVFGMVDPREGIPTRFCHKSRGFMSGWPKAERADWNQTIENQQMHSDTYNRSGSM,0.4770241,0.4770241,9,18000,892
LNADHQYPGQSNVFGMVDPREGIPTRFCHKSRGFMSGWPKAERADWNQTIESQQMHSDTYNRSGSM,0.47670236,0.47670236,9,18000,892
LNADHQYSGQSNVFGMVDPREGIPTRFCHKSRGFMSGWPKAERADWNQTIEQQAMHSDTYNRSGSM,0.47565198,0.47565198,9,18000,892
EEEDNHYMRMTTLFMIVMPAAEHLTYQYHTDRHESPHEKHHQPQRRRHTRQNWWRSNGWCENNMSH,0.4746056,0.4746056,9,18000,892
EEGENHPAGHPNLQFVEMTAAEIQHYAYYTDRHERRKRRIHGYQRPKYTMTNWWCSNDYCANNNSH,0.47327018,0.47327018,9,18000,892
LNADHQYSGQSNVFGMVDPREGIETRFCHKSRGFMSGWPKAERADWNQTIETQQMHSDTYNRSGSM,0.4730952,0.4730952,9,18000,892
LNADHQYMGQSNVFGMVDPREGIPTRFCHKSRGFMSGWPKAERADWNQTIEEQQMHSDTYNRSGSM,0.47184554,0.47184554,9,18000,892
DQEDNHSSAMTTLFMSVMPSFEHETYQRYTDRHEHRHNHHHGIPRRRYTRQLWWCSWDTYGNGMSH,0.47171202,0.47171202,9,18000,892
LNADHQYMGQSNVFGMVDPREGIPTRFCHKSRGFMSGWPKAERADWNQTIERQQMHSDTYNRSGSM,0.47120282,0.47120282,9,18000,892
DQGDNHSCCMTTLFMSVMPSFEHETYQRYTDRHEHRHNHHHGRPRRRYTRQLWWCSWDTYGNGMSH,0.47058865,0.47058865,9,18000,892
LNADHQYMGQSNVFGMVDPREGIKTRFCHKSRGFMSGWPKAERADWNQTIENQQMHSDTYNRSGSM,0.46996236,0.46996236,9,18000,892
LNADHQYSGQSNVFGMVDPREGIETRFCHKSRGFMSGWPKAERADWNQTIENQAMHSDTYNRSGSM,0.4699248,0.4699248,9,18000,892
HVGFNEAMRHPTLNSWEMHAAEICHYAYHKSRDEGGRETKHGDQRAKYTRQNWPRSGNDCWKNWSH,0.46822673,0.46822673,9,18000,892
LNADHQYWGQSNVFGMVDPREGIPTRFCHKSRGFMSGWPKAERADWNQTIEMQQMHSDTYNRSGSM,0.46820176,0.46820176,9,18000,892
LNADHQYMGQSNVFGMVDPREGIETRFCHKSRGFMSGWPKAERADWNQTIEEQQMHSDTYNRSGSM,0.46773833,0.46773833,9,18000,892
LNADHQYRGQSNVFGMVDPREGIETRFCHKSRGFMSGWPKAERADWNQTIEGSQMHSDTYNRSGSM,0.4665694,0.4665694,9,18000,892
DEEDNHYMRMTTLFMIVMPAAEHLTYQYYPDRHEQPHNGHHQTPRRRHTRQNWWRSNGYCHNNMSH,0.46398163,0.46398163,9,18000,892
HVEFNEAMRHDTLPNWEMHAAEIFHYAYHTSRDEGGRETKHGKQRAKHTRTNWPRSGNWCPKNWSH,0.46254882,0.46254882,9,18000,892
HVMCNGYMGPINREKPEMYAMHHQARYVHKHRTHHGSRPKHFNVRWNQERRNIPCHGNTPNKFESW,0.46202528,0.46202528,9,18000,892
LNADHQYCGQSNVFGMVDPREGIETRFCHKSRGFMSGWPKAERADWNQTIENQAMHSDTYNRSGSM,0.46157333,0.46157333,9,18000,892
DQGDNHSMVMTTLFMSVMPSFEHETYQRYKDRHEHRHNHHHGRPRRRYTRQLWWCSWDTYGNGMSH,0.46005017,0.46005017,9,18000,892
LNADHQYFGQSNVFGMVDPREGIKTRFCHKSRGFMSGWPKAERADWNQTIENQAMHSDTYNRSGSM,0.45984736,0.45984736,9,18000,892
HVMCNGYMGPIQREKPEMYAMHHQTRYVHKHRTHHGSRPKHFGVRWNQERRNIPCHGNTPNKFESW,0.45930928,0.45930928,9,18000,892
DEEENHYMGMTTLFMIVMPAAEHLHYQYHPDRHERHHELHHQHQRRRHTRQNWWRSNGWCHNNMSH,0.45853806,0.45853806,9,18000,892
LNADHQYPGQSNVFGMVDPREGIKTRFCVKSRGFMSGWPKAERADWNQTIEQQQMHSDTYNRSGSM,0.4585116,0.4585116,9,18000,892
LNADHQYGGQSNVFGMVDPREGIKTRFCHKSRGFMSGWPKAERADWNQTIETQQMHSDTYNRSGSM,0.45847085,0.45847085,9,18000,892
HVEFNEAMGHDTLEQWEMHAAEIQHYAYHTSRPEGGRRTKHGLQRAKQTRQNWPRSGNWCFKNWSH,0.4565835,0.4565835,9,18000,892
DQEFNHSHGMTTLFMSVMPSFEHETYQRYKDRHEHRHNHHHGTPRRRYTRQLWWCSWDTYGNGMSH,0.45610368,0.45610368,9,18000,892
EEGENHYMGMTTLFMVVMPAAEHLHYQYHKDRHEWHHNFHHQGPRRRHTRTNWWRSNGWCHNNMSH,0.45533141,0.45533141,9,18000,892
HVMCNGYMGPIQREKPEMYAMHHQTRYVHKHRTHHGSRPKHFTVRWNQERRNIPCHGNTPNKFTSW,0.4551397,0.4551397,9,18000,892
DQEDNHSMCMTTLFMSVMPSFEHETYQRYKDRHEHRHNHHHGCPRRRYTRQLWWCSWDTYGNGMSH,0.45486718,0.45486718,9,18000,892
DQEFNHSNQMTTLFMSVMPSFEHETYQRYKDRHEHRHNHHHGNPRRRYTRQLWWCSWDTYGNGMSH,0.45473173,0.45473173,9,18000,892
EEGENHPSGHPNLQFVEMRAAEIQHAAYYKDRHERRKRRITGSQRPKYTMTNWWCSNDWCAWNNSH,0.4542123,0.4542123,9,18000,892
HVEFNEAMGHWTLEEWEMHAAEIWHYAYHKSRREGGRRTKHGNQRAKYTRTNWPRSGNWCAKNWSH,0.45403504,0.45403504,9,18000,892
HVMCNGYMGPINREKPEMYAMHHQARYVHKHRTHHGSRPKHFEVRWNQERRNIPCHGNTPNKFGSW,0.45382813,0.45382813,9,18000,892
EEEDNHYMRMTTLFMVVMPAAEHLHYQYYTDRHESSHEKHHQVPRRRHTRTNWWRSNGYCHNNMSH,0.45377094,0.45377094,9,18000,892
HVMCNGYMGPIQREKPEMYAMHHQYRYVHKHRTHHGSRPKHFHVRWNQERRNIPCHGNTPNKFYSW,0.45293838,0.45293838,9,18000,892
DEGDNHYMGMTTLFMIVMPAAEHLHYQYHKDRHELGHNSHHQEPRRRHTRQNWWRSNGWCHNNMSH,0.45285916,0.45285916,9,18000,892
LNADHQYYGQSNVFGMVDPREGIPTRFCHKSRGFMSGWPKAERADWNQTIEMQQMHSDTYNRSGSM,0.45226893,0.45226893,9,18000,892
HVEFNEAMRHQTLEPIEMHAAEIFHYAYHTSRHEGGRETKHGGQRAKYTRQNWPRSGNDCEKNWSH,0.4522586,0.4522586,9,18000,892
DQGDNHSMVMTTLFMSVMPSFEHETYQRYKDRHEHRHNHHHGPPRRRYTRQLWWCSWDTYGNGMSH,0.45022246,0.45022246,9,18000,892
EEEDNHYMGMTTLFMVVMPAAEHLHYQYHKDRHELHHETHHQMQRRRHTRTNWWRSNGYCHNNMSH,0.4497647,0.4497647,9,18000,892
LNADHQYMGQSNVFGMVDPREGIKTRFCHKSRGFMSGWPKAERADWNQTIENQAMHSDTYNRSGSM,0.44946805,0.44946805,9,18000,892
HVMCNGYMGPINREKPEMYAMHHQTRYVHKHRTHHGSRPKHFTVRWNQERRNIPCHGNTPNKFASW,0.44885355,0.44885355,9,18000,892
LNADHQYAGQSNVFGMVDPREGIPTRFCHKSRGFMSGWPKAERADWNQTIEEQAMHSDTYNRSGSM,0.44871387,0.44871387,9,18000,892
DEEDNHYMGMTTLFMVVMPAAEHLHYQYHKDRHEKHHNTHHQVQRRRHTRTNWWRSWGYCHNNMSH,0.448666,0.448666,9,18000,892
HVGFNEAMRHFTLENWEMHAAEIWHYAYHTSRNEGGRETKHGTQRAKQTRTNWPRSGNDCPKNWGH,0.44858664,0.44858664,9,18000,892
LHSWYRTFCQKCEVPMMGPWDNIEDGLCRCSYNDPEYHKKAERPDWQLTMQNQMCNSLRESKRNNG,0.6013839,0.6013839,10,20000,991
LHSWYRTFCQRPEVPMMGPWDNIEDGQCRCSYNFGEYHKKAERPDWQLTMQNQMCNSLRESKRNNG,0.5893414,0.5893414,10,20000,991
LHSWYRTFCQKPEVPMMGPWDNIEDGLCRCSYNDEEYHKKAERPDWQLTMQNQMCNSLRESKRNNG,0.56718206,0.56718206,10,20000,991
LHSWYRTFCQDPEVPMMHPWDNIEDGLCRCSYNFPEYHKKAERPDWPLTMQTQMCNSLRESKRNNG,0.5657363,0.5657363,10,20000,991
LHSWYRTFCQPCEVPMMYPWDNIEDGLCRCSYNFTEYHKKAERPDWELTMQNQMCNSLRESKRNNG,0.55999297,0.55999297,10,20000,991
LHSWYRTFCQRSEVPMMEPWDNIEDGLCRCSYNDPEYHKKAERPDWGLTMQNQMCNSLRESKRNNG,0.55740577,0.55740577,10,20000,991
LHSWYRTFCQNPEVPMMGPWDNIEDGLCRCSYNDSEYHKKAERPDWTLTMQNQMCNSLRESKRNNG,0.55408925,0.55408925,10,20000,991
LHSWYRTFCQKPEVPMMNPWDNIEDGLCRCSYNFKEYHWKAERPDWQLTMQNQMCNSLRESKRNNG,0.55271035,0.55271035,10,20000,991
LHSWYRTFCQEPEVPMMGPWDNIEDGLCRCSYNFGEYHKKAERPDWQLTMQNQMCNSLRESKRNNG,0.5526399,0.5526399,10,20000,991
LHSWYRTFCQGPEVPMMGPWDNIEDGLCRCSYNFGEYHKKAERPDWQLTMQNQMCNSLRESKRNNG,0.53680503,0.53680503,10,20000,991
LHSWYRTFCQQPEVPMMEPWDNIEDGLCRCSYNDGEYHAKAERPDWSLTMQNQMCNSLRESKRNNG,0.5341865,0.5341865,10,20000,991
LHSWYRTFCQECEVPMMHPWDNIEDGLCRCSYNFWEYHKKAERPDWQLTMQNQMCNSLRESKRNNG,0.5330309,0.5330309,10,20000,991
LHSWYRTFCQNCEVPMMGPWDNIEDGLCRCSYNFNEYHKKAERPDWQLTMQNQMCNSLRESKRNNG,0.5323336,0.5323336,10,20000,991
LHSWYRTFCQKCEVPMMGPWDNIEDGLCRCSYNFGEYHKKAERPDWQLTMQNQMCNSLRESKRNNG,0.5290882,0.5290882,10,20000,991
LHSWYRTFCQRCEVPMMPPWDNIEDGLCRCSYNFWEYHKKAERPDWQLTMQNQMCNSLRESKRNNG,0.52771515,0.52771515,10,20000,991
LHSWYRTFCQPPEVPMMNPWDNIEDGLCRCSYNFDEYHNKAERPDWSLTMQNQMCNSLRESKRNNG,0.52628326,0.52628326,10,20000,991
LHSWYRTFCQNCEVPMMNPWDNIEDGLCRCSYNFGEYHWKAERPDWQLTMQNQMCNSLRESKRNNG,0.5259847,0.5259847,10,20000,991
LHSWYRTFCQSCEVPMMGPWDNIEDGLCRCSYNFGEYHKKAERPDWQLTMQNQMCNSLRESKRNNG,0.52217585,0.52217585,10,20000,991
LHSWYRTFCQRCEVPMMGPWDNIEDGLCRCSYNFGEYHKKAERPDWQLTMQNQMCNSLRESKRNNG,0.520567,0.520567,10,20000,991
LHSWYRTFCQHFEVPMMEPWDNIEDGLCRCSYNFSEYHKKAERPDWQLTMQNQMCNSLRESKRNNG,0.515944,0.515944,10,20000,991
LHSWYRTFCQGCEVPMMGPWDNIEDGLCRCSYNFGEYHKKAERPDWQLTMQNQMCNSLRESKRNNG,0.5140783,0.5140783,10,20000,991
LHSWYRTFCQHPEVPMMGPWDNIEDGLCRCSYNFYEYHKKAERPDWQLTMQNQMCNSLRESKRNNG,0.51338124,0.51338124,10,20000,991
LHSWYRTFCQQCEVPMMQPWDNIEDGLCRCSYNFMEYHKKAERPDWQLTMQNQMCNSLRESKRNNG,0.51206,0.51206,10,20000,991
LHSWYRTFCQNCEVPMMMPWDNIEDGLCRCSYNFREYHKKAERPDWQLTMQNQMCNSLRESKRNNG,0.5108008,0.5108008,10,20000,991
LHSWYRTFCQHCEVPMMGPWDNIEDGLCRCSYNFGEYHKKAERPDWQLTMQNQMCNSLRESKRNNG,0.50916475,0.50916475,10,20000,991
LHSWYRTFCQEQEVPMMPPWDNIEDGLCRCSYNFDEYHKKAERPDWRLTMQNQMCNSLRESKRNNG,0.50701517,0.50701517,10,20000,991
LHSWYRTFCQKCEVPMMGPWDNIEDGLCRCSYNFLEYHKKAERPDWQLTMQNQMCNSLRESKRNNG,0.50493664,0.50493664,10,20000,991
LHSWYRTFCQQPEVPMMVPWDNIEDGLCRCSYNFGEYHKKAERPDWDLTMQNQMCNSLRESKRNNG,0.5028695,0.5028695,10,20000,991
LHSWYRTFCQTNEVPMMQPWDNIEDGLCRCSYNFAEYHEKAERPDWQLTMQGQMCNSLRESKRNNG,0.5002103,0.5002103,10,20000,991
LHSWYRTFCQNCEVPMMTPWDNIEDGLCRCSYNDGEYHAKAERPDWKLTMQNQMCNSLRESKRNNG,0.49659643,0.49659643,10,20000,991
EQGDNHSMGMTTLFMIVMPSFEHLTYQRHKHRHEHHHNHHHQAQARRHTRQNWWRSNGTYGWGWSH,0.49103144,0.49102998,10,20000,991
EQGDNHSMGMTTLFMIVMPSFEHLTYQRYKHRHEHHHNHHHQEQARRHTRQNWWRSNGTYGWGWSH,0.49086615,0.49086472,10,20000,991
LHSWYRTFCQQWEVPMMGPWDNIEDGLCRCSYNFKEYHKKAERPDWWLTMQNQMCNSLRESKRNNG,0.4895867,0.4895867,10,20000,991
LHSWYRTFCQWPEVPMMGPWDNIEDGLCRCSYNFGEYHKKAERPDWQLTMQNQMCNSLRESKRNNG,0.4893503,0.4893503,10,20000,991
LHSWYRTFCQNCEVPMMGPWDNIEDGLCRCSYNFGEYHKKAERPDWSLTMQTQMCNSLRESKRNNG,0.48513493,0.48513493,10,20000,991
LHSWYRTFCQKPEVPMMQPWDNIEDGLCRCSYNDWEYHTKAERPDWWLTMQNQMCNSLRESKRNNG,0.48508328,0.48508328,10,20000,991
LHSWYRTFCQECEVPMMGPWDNIEDGQCRCSYNFVEYHAKAERPDWPLTMQNQMCNSLRESKRNNG,0.4830587,0.4830587,10,20000,991
LHSWYRTFCQGCEVPMMGPWDNIEDGLCRCSYNFGEYHMKAERPDWQLTMQNQMCNSLRESKRNNG,0.48216122,0.48216122,10,20000,991
LHSWYRTFCQGCEVPMMNPWDNIEDGLCRCSYNFKEYHHKAERPDWYLTMQNQMCNSLRESKRNNG,0.47999975,0.47999975,10,20000,991
LHSWYRTFCQCFEVPMMGPWDNIEDGLCRCSYNFGEYHKKAERPDWDLTMQNQMCNSLRESKRNNG,0.47848198,0.47848198,10,20000,991
LHSWYRTFCQANEVPMMMPWDNIEDGLCRCSYNFGEYHKKAERPDWDLTMQNQMCNSLRESKRNNG,0.47651455,0.47651455,10,20000,991
EQGDNHSMGMTTLFMIVMPSFEHLTYQRHKHRHEHHHNHHHQFQARRHTRQNWWRSNGTYGWGWSH,0.47524357,0.47524217,10,20000,991
DQGDNHSMGMTTLFMIVMPSFEHLTYQRYKHRHEHHHNHHHQKQARRHTRQNWWRSNGTYGWGWSH,0.47307226,0.47307086,10,20000,991
LHSWYRTFCQMPEVPMMGPWDNIEDGLCRCSYNFGEYHKKAERPDWQLTMQNQMCNSLRESKRNNG,0.47269344,0.47269344,10,20000,991
LHSWYRTFCQEPEVPMMHPWDNIEDGLCRCSYNFEEYHKKAERPDWWLTMQNQMCNSLRESKRNNG,0.4709083,0.4709083,10,20000,991
LHSWYRTFCQAPEVPMMGPWDNIEDGLCRCSYNFEEYHKKAERPDWQLTMQNQMCNSLRESKRNNG,0.4694948,0.4694948,10,20000,991
LHSWYRTFCQWCEVPMMGPWDNIEDGLCRCSYNFGEYHKKAERPDWQLTMQNQMCNSLRESKRNNG,0.46660873,0.46660873,10,20000,991
EQGDNHSMGMTTLFMIVMPSFEHLTYQRYKHRHEHHHNHHHQHQARRHTRQNWWRSNGTYGWGWSH,0.46048772,0.4604863,10,20000,991
LHSWYRTFCQKCEVPMMFPWDNIEDGLCRCSYNFGEYHKKAERPDWNLTMQNQMCNSLRESKRNNG,0.45773023,0.45773023,10,20000,991
LHSWYRTFCQYPEVPMMSPWDNIEDGLCRCSYNDTEYHCKAERPDWNLTMQNQMCNSLRESKRNNG,0.45540512,0.45540512,10,20000,991
DQGDNHSMGMTTLFMIVMPSFEHLTYQRHTHRHEHHHNNHHQKQARRHTRQNWWRSNGTYGWGWSH,0.45141655,0.45141515,10,20000,991
EQGDNHSMGMTTLFMIVMPSFEHLTYQRHKHRHEHHHNFHHQRQARRHTRQNWWRSNGTYGWGWSH,0.449731,0.4497296,10,20000,991
DQGDNHSMGMTTLFMIVMPSFEHLTYQRYKHRHEHHHNHHHQGQARRHTRQNWWRSNGTYGWGWSH,0.44965523,0.4496538,10,20000,991
LHSWYRTFCQQSEVPMMYPWDNIEDGLCRCSYNFEEYHKKAERPDWNLTMQMQMCNSLRESKRNNG,0.44598508,0.44598508,10,20000,991
EQGDNHSMGMTTLFMSVMPSFEHLTYQRYKHRHEHHHNVHHQAQARRHTRQNWWRSNGTYGWGWSH,0.44365194,0.44365057,10,20000,991
LHSWYRTFCQYCEVPMMGPWDNIEDGLCRCSYNFGEYHRKAERPDWDLTMQCQMCNSLRESKRNNG,0.4420801,0.4420801,10,20000,991
DQGDNHSMGMTTLFMIVMPSFEHLTYQRHKHRHEHHHNHHHQRQARRHTRQNWWRSNGTYGWGWSG,0.44155547,0.44155407,10,20000,991
LHSWYRTFCQHCEVPMMEPWDNIEDGLCRCSYNFGEYHWKAERPDWTLTMQNQMCNSLRESKRNNG,0.44060564,0.44060564,10,20000,991
DQGDNHSMGMTTLFMIVMPSFEHLTYQRYKHRHEHHHNPHHQDQARRHTRQNWWRSNGTYGWGWSH,0.44042543,0.44042405,10,20000,991
LHSWYRTFCQHCEVPMMKPWDNIEDGLCRCSYNFSEYHKKAERPDWGLTMQNQMCNSLRESKRNNG,0.43661612,0.43661612,10,20000,991
LHSWYRTFCQDPEVPMMGPWDNIEDGLCRCSYNFGEYHKKAERPDWMLTMQTQMCNSLRESKRNNG,0.4341957,0.4341957,10,20000,991
LHSWYRTFCQSKEVPMMQPWDNIEDGLCRCSYNFQEYHVKAERPDWQLTMQNQMCNSLRESKRNNG,0.43311626,0.43311626,10,20000,991
LHSWYRTFCQPPEVPMMFPWDNIEDGLCRCSYNFAEYHSKAERPDWQLTMQNQMCNSLRESKRNNG,0.4328924,0.4328924,10,20000,991
LHSWYRTFCQKCEVPMMSPWDNIEDGLCRCSYNFEGYHKKAERPDWHLTMQNQMCNSLRESKRNNG,0.43217486,0.43217486,10,20000,991
LHSWYRTFCQCCEVPMMGPWDNIEDGLCRCSYNFYEYHKKAERPDWQLTMQHQMCNSLRESKRNNG,0.43163797,0.43163797,10,20000,991
DQGDNHSMGMTTLFMIVMPSFEHLTYQRHTHRHEHHHNHHHQAQARRHTRQNWWRSNGTYGWGWSH,0.42970258,0.4297012,10,20000,991
LHSWYRTFCQDPEVPMMWPWDNIEDGLCRCSYNFGEYHKKAERPDWILTMQNQMCNSLRESKRNNG,0.4289659,0.4289659,10,20000,991
LHSWYRTFCQLPEVPMMRPWDNIEDGLCRCSYNFDEYHKKAERPDWQLTMQNQMCNSLRESKRNNG,0.4278541,0.4278541,10,20000,991
LHSWYRTFCQMCEVPMMEPWDNIEDGLCRCSYNFGEYHKKAERPDWKLTMQNQMCNSLRESKRNNG,0.4276205,0.4276205,10,20000,991
LHSWYRTFCQPMEVPMMVPWDNIEDGLCRCSYNFAEYHKKAERPDWELTMQNQMCNSLRESKRNNG,0.4266683,0.4266683,10,20000,991
LHSWYRTFCQMCEVPMMSPWDNIEDGLCRCSYNFGEYHAKAERPDWNLTMQNQMCNSLRESKRNNG,0.42580494,0.42580494,10,20000,991
LHSWYRTFCQPCEVPMMRPWDNIEDGLCRCSYNFLEYHKKAERPDWALTMQNQMCNSLRESKRNNG,0.42572948,0.42572948,10,20000,991
LHSWYRTFCQRCEVPMMGPWDNIEDGLCRCSYNFGEYHKKAERPDWALTMQNQMCNSLRESKRNNG,0.42455617,0.42455617,10,20000,991
EQGDNHSMGMTTLFMIVMPSFEHLTYQRHKHRHEHHHNAHHQWQARRHTRQNWWRSNGTYGWGWSH,0.42445958,0.4244582,10,20000,991
LHSWYRTFCQNPEVPMMGPWDNIEDGLCRCSYNFGEYHKKAERPDWVLTMQNQMCNSLRESKRNNG,0.42085245,0.42085245,10,20000,991
LHSWYRTFCQICEVPMMQPWDNIEDGLCRCSYNFYEYHKKAERPDWDLTMQNQMCNSLRESKRNNG,0.41857612,0.41857612,10,20000,991
EQGDNESMGMTTLFMIVMPSFEHLTYQRHKHRHEHHHNKHHQFQARRHTRQNWWRSNGTYGWGWSH,0.4171944,0.41719303,10,20000,991
DQGDNHSMGMTTLFMIVMPSFEHLTYQRYKHRHEHHHNHHHQFQARRHTRQNWWRSNGTYGWGWSH,0.41702947,0.4170281,10,20000,991
LHSWYRTFCQLGEVPMMGPWDNIEDGLCRCSYNFGEYHKKAERPDWQLTMQNQMCNSLRESKRNNG,0.41405812,0.41405812,10,20000,991
WQPQHVEYDDFKKFVMSIPREETRCRQTSTDIHTRQYRKNTERKDVGKRMHPKGCTSQHKTCANDS,0.41399032,0.41398892,10,20000,991
DQGDNHSMGMTTLFMIVMPSFEHLTYQRHTHRHEHHHNMHHQRQARRHTRQNWWRSNGTYGWGWSH,0.41262424,0.41262287,10,20000,991
LHSWYRTFCQYPEVPMMLPWDNIEDGLCRCSYNDGEYHKKAERPDWQLTMQNQMCNSLRESKRNNG,0.41228956,0.41228956,10,20000,991
LHSWYRTFCQLPEVPMMGPWDNIEDGLCRCSYNFGEYHKKAERPDWNLTMQNQMCNSLRESKRNNG,0.4119908,0.4119908,10,20000,991
LHSWYRTFCQTCEVPMMGPWDNIEDGLCRCSYNFGEYHKKAERPDWALTMQNQMCNSLRESKRNNG,0.41193536,0.41193536,10,20000,991
DQGDNHSMGMTTLFMIVMPSFEHLTYQRYKHRHEHHHNQHHQMQARRHTRQNWWRSNGTYGWGWSH,0.4107624,0.41076103,10,20000,991
DQGDNESMGMTTLFMIVMPSFEHLTYQRYKHRHEHHHNHHHQNQARRHTRQNWWRSNGTYGWGWSH,0.4101115,0.41011012,10,20000,991
LHSWYRTFCQWCEVPMMGPWDNIEDGLCRCSYNFQEYHKKAERPDWGLTMQNQMCNSLRESKRNNG,0.41008797,0.41008797,10,20000,991
EQGDNESMGMTTLFMIVMPSFEHLTYQRYKHRHEHHHNHHHQGQARRHTRQNWWRSNGTYGWGWSH,0.40774587,0.40774453,10,20000,991
LHSWYRTFCQMPEVPMMAPWDNIEDGLCRCSYNFTEYHKKAERPDWPLTMQNQMCNSLRESKRNNG,0.4064021,0.4064021,10,20000,991
DQGDNHSMGMTTLFMIVMPSFEHLTYQRYTHHHEHHHNFHHQRQARRHTRQNWWRSNGTYGWGWSH,0.40335256,0.40335122,10,20000,991
LHSWYRTFCQYAEVPMMGPWDNIEDGLCRCSYNDSEYHKKAERPDWYLTMQNQMCNSLRESKRNNG,0.40037587,0.40037587,10,20000,991
LHSWYRTFCQVWEVPMMWPWDNIEDGLCRCSYNFTEYHKKAERPDWTLTMQNQMCNSLRESKRNNG,0.3988666,0.3988666,10,20000,991
DQGDNHSMGMTTLFMIVMPSFEHLTYQRHTHRHEHHHNHHHQCQARRHTRQNWWRSNGTYGWGWSH,0.39815286,0.39815152,10,20000,991
DQGDNHSMGMTTLFMIVMPSFEHLTYQRYKHRHEHHHNVHHQRQARRHTRQNWWRSNGTYGWGWSH,0.39278752,0.39278615,10,20000,991
WQPMHVDYPDFKKFVMNYPREETRCRSTSTDIHTRQYRKNTERKDVRKRMHPKGCTSQHKTCANDS,0.3917357,0.39173436,10,20000,991
LHSWYRTFCQNFEVPMMTPWDNIEDGLCRCSYNFGEYHKKAERPDWKLTMQVQMCNSLRESKRNNG,0.3903148,0.3903148,10,20000,991
LHSWYRTFCQYVEVPMMAPWDNIEDGLCRCSYNDWEYHKKAERPDWQLTMQNQMCNSLRESKRNNG,0.3896077,0.3896077,10,20000,991
DQGDNESMGMTTLFMIVMPSFEHLTYQRYKHRHEHHHNDHHQTQARRHTRQNWWRSNGTYGWGWSH,0.38833073,0.38832942,10,20000,991
DQGDNHSMGMTTLFMIVMPSFEHLTYQRYKHRHEHHHNKHHQFQARRHTRQNWWRSNGTYGWGWSH,0.3864688,0.38646743,10,20000,991
