{"run_id": "17:58:26-09/28/2020", "exp_name": "Adalead_mu=1_threshold=0.05", "model_name": "LandscapeAsModel=RosettaFolding", "landscape_name": "RosettaFolding", "rounds": 10, "sequences_batch_size": 100, "model_queries_per_batch": 2000}
sequence,model_score,true_score,round,model_cost,measurement_cost
MRRYSVIAYQERPINLHSTLTFNRSEVPWPVNRPASDAPRLVSMQNNRSVPLGTKLPEDPVCRYAL,,0.037019476,0,0,1
QRRMMAGAYQERYINMHSTREWCRPIVPAPVNRPASYANMLVNMAFNRSVPWPCYSPEPPVNSYDL,0.31128648,0.31128648,1,2021,100
MRPYSTIAYEGNPINDHSTLTTNRMRVPKPVNRPASDAESLPSMQNNRVVPWGTTDNVDPVCRYAR,0.2985289,0.2985289,1,2021,100
MRPYSTIAYEGNPINDHSTLTTNRMRVPKPVNRPASDAERLPSMQNNRVVPWGTTDNVDPVCRYAR,0.29481915,0.29481915,1,2021,100
QRRMMAGAYQERYINMHSTREWCRKIVPAPVNRPASYANMLVNMAFNRSVPWPCYSPEPPVNSYDL,0.28726822,0.28726822,1,2021,100
KSWYSVIMMQTNQEGKPVQNKGNQSIRNWRPEGDRSAAPELFSMQNARSVPLGRMLPCDIVKRKAP,0.28519595,0.28519595,1,2021,100
MRRYSGIRYQERPGNKQVTLYFNRSEQPRPVNRPWSIARRLVSMQVGESVPSGTRLHEDPVLRLAL,0.2828826,0.28288263,1,2021,100
QRRMMAGPYQERYINMHSTREWCRKIVPAPVNRPGSYANMLVNMAFNRSVPWPCYSWENAVNSYDL,0.27780607,0.27780607,1,2021,100
MRRYSGIRYQERPGNKQVTLYFNRSEQPRPVNRPASIARRLVSMQVGESVPSGTRLHEDPVLRLAL,0.26857287,0.26857287,1,2021,100
MRPYSTIAYEGNPINDHSTLTTNRMRVFKPVNRPASDAESLPSMQNNRVVPWGTTDNVDPVCRYAR,0.25084206,0.25084206,1,2021,100
MRSYSTIAYEGEPINDHCTLTTNRMRVFKPVNRPASDAESLPRSQNNRVVPWGTTDNVDPVCRDAR,0.24713168,0.24713168,1,2021,100
QRRMMAGIYQERYINMHSTREWCRKIVPAPVNRPASYANMLVNMAFNRSVPWPCYSPEPPVNSYDL,0.24703299,0.24703299,1,2021,100
MMRGYDTCKQERPMNDLSTSTAHRSEVEWPSNRPDSDNYQLVSIHPNMSLPCGNKSDWNPKCRYYL,0.24686573,0.24686573,1,2021,100
QRRMMAGAYQERYINMHSTREWCRPIVPAPVNRPASYANMLVNMAFNRSVPWPCYSPEPPVNSYIL,0.24410535,0.24410535,1,2021,100
KSWYSVIMMQTNQEGKPVQNKGNQSIRNWRPEDDRSAAPELFSMQNARSVPLGRMLPCDIVKRKAP,0.24382341,0.24382344,1,2021,100
QRRMMAGPYQERYINMHSTREWCRKIVPAPVNKPGSYANMLVNMAFNRSVPWPCYSWENAVNSYDL,0.2408185,0.2408185,1,2021,100
MRPYSTIAYEGRPINDHSTLTFNRSRVPKPVNRPASDAERLVSMQNNRVVPGGTTDNVDPVCRYAR,0.24067959,0.24067959,1,2021,100
MMRGYDTAKQERPMNDLSTSTAHRSEVEWPSNRPDSDNYRLVSIHPNMSRPCGNKSDWNPKCRYYL,0.23865423,0.23865423,1,2021,100
MRSYSTIAYEGEPINDHCTLTTNRMSVFKPVNRPGSDAEVLPRSQNNRVVPWGTTDNVDPVCRDNR,0.23606044,0.23606044,1,2021,100
QRRMMAGIYQERYINMHSTREWCRKIVPAPVNRPGSYANMLVNMAFNRSVPWPCYSYENPVNSYDL,0.23584805,0.23584805,1,2021,100
MRRYSGIRYQERPGNKQVTLYFNRSEQPRPVNRPASIARRLVSMQVGESVPSGTKLHEDPVLRLAL,0.2348009,0.2348009,1,2021,100
MRPYSTIAYEGRPINDHSTLTFNRSRVPKPVNRPASDAPRLVSMQNNRVVPGGTTDPVDPVCRYAR,0.23348781,0.23348781,1,2021,100
MMRGYDTAKQERPMNDCSTSTAHRSEVEWPSNRPDSDNYRLVSIHPNMSRPCGNKSDWNPKCRYYL,0.23098962,0.23098962,1,2021,100
MRRYSGIRYQERPGNKQVTCGFNRSEQPRPVNRPWSIARRLVSMQVGESVPSGTRLHEHDVLRLAL,0.23055969,0.23055969,1,2021,100
MRSYSTIAYEGEPINDHCTLTTNRMRVFKPVNRPASDAESLPRMQNNRVVPWGTTDNVDPVCRYAR,0.22899082,0.22899082,1,2021,100
KWWYSVIMMQTNQEGKPVQNKGNQSIRNWRPEDDRSAAPELFSMQNARSVPLGRMLPCDIVKRKAP,0.2268712,0.2268712,1,2021,100
MRRYSGIRYQERPGNKQVTCYFNRSEQPRPVNRPWSIARRLVSMQVGESVPSGTRLHEHPVLRLAL,0.22676961,0.22676961,1,2021,100
RRMQSHIAYQEATDNLKMTLTFSRSQQPWPRKRPKRDACRLKSMQLNRSVNWGGKEPEVHVYRYAL,0.22639237,0.22639237,1,2021,100
RRMQSHIAYTEWTDNADMTLTFSRTQQPWPRKRPKRDACRLKSMQLTRSVNWGGKSPEVHVYRYAL,0.22332312,0.22332312,1,2021,100
MRSYSTIAYEGEPINDHSTLTTNRMRVFKPVNRPASDAESLPRMQNNRVVPWGTTDNVDPVCRYAR,0.22331053,0.22331055,1,2021,100
MRRYSAFAYQERPINLHSTREWCRPIVPAPVNRPASYANMLVNMAFNRSVPWPCKLPEPPVNSYIL,0.22199033,0.22199033,1,2021,100
MRRMMAGAYQERYINMHSTREWCRPIVPAPVNRPASYANMLVNMAFNRSVPWPCYSPEPPVNSYIL,0.22079161,0.22079161,1,2021,100
RRMQSHIAYQEWTDNLAMTLTFSRSQQPWPRKRPKRDACRLKSMQLNRSVNWGGKSPEVHVYRYAL,0.22049846,0.22049846,1,2021,100
KWWYSVIMMQTNQEGKGVQNKGNQSIRNWRPEDDRSAAPELFSMQNARSVPLGRMLPCDIVKRKAP,0.22037709,0.22037709,1,2021,100
QRRMMAGIYQERYINMHSTREWCRKIVPAPVNRPGSYANMLVNMAFNRSVPWPCYSYEPPVNSYDL,0.22031134,0.22031134,1,2021,100
MRSIDTIAYEGEPINDHCTLTTNRMSVFKPVNRPGSDAEVLPRSQNNRVVPWGTTDNVDPVCRDNR,0.21526727,0.21526727,1,2021,100
MRSISTIAYEGEPINDHCTLTTNRMSVFKPVNRPGSDAEVLPRSQNNRVVPWGTTDNVDPVCRDNR,0.21483424,0.21483424,1,2021,100
MRPYSTIAYEGNPINDHSTLTFNRMRVPKPVNRPASDAERLVSMQNNRVVPWGTTDNVDPVCRYAR,0.21294472,0.21294472,1,2021,100
MRSYSTIAYEGEPINDHSTLTTNRMRVFKPVNRPASDAESLPSMQNNRVVPWGTTDNVDPVCRYAR,0.21223103,0.21223101,1,2021,100
TRQSSVPQYKERPFNQHCTLTWNCQEGPTQVEVWAWDARRFPSGNNARSVPWRTKEPEDPPCSLPL,0.21000601,0.21000601,1,2021,100
MRRYSAFAYQERPINLHSTREWCRPIVPAPVNRPASCANMLVNMAFNRSVPWPCKLPEPPVNSYIL,0.20892467,0.20892467,1,2021,100
MRRYMAGAYQERPINLHSTREWCRPIVPAPVNRPASYANMLVNMAFNRSVPWPCKLPEPPVNSYIL,0.20580801,0.20580801,1,2021,100
RRMQSHIAYQEATDNLAMTLTFSRSQQPWPRKRPKRDACRLKSMQLNRSVNWGGKSPEVHVYRYAL,0.20441358,0.20441358,1,2021,100
MMRGYDTCKQERPMNDLSTSTAHRSVVEWPSNRPVSDNYQLVSIHPNMSLPMGNKSDWNPKCRYYT,0.20263958,0.20263958,1,2021,100
RRRQSHIAYQEATINLKMTLTFSRSQWPWPRKRPKRDACRLKSMQINRSVNWGGKEPEDHVYRYAL,0.19469498,0.19469498,1,2021,100
TRRYSSIRVSEREMGVWSTLTFNMSEVPWNVNRDASYRWQLVQDQHNRSVPAGHWEKGDCPHKSAV,0.19288804,0.19288804,1,2021,100
RRMQSHIAYTEWTDNAAMTLTFSRTQQPWPRKRPKRDACRLKSMQLTRSVNWGGKSPEVHVYRYAL,0.19022374,0.19022374,1,2021,100
MRSIDTIAYEGEPINDHCTLTTNRMSVFKPVNRPGSDAEVLPRSQNNRVFPWGTMDNVDPVCRDHR,0.18667157,0.18667157,1,2021,100
MRRYSGIRYQERPGNLQVTLYFNRSEQPRPVNRPASIARRLVSMQVGRSVPSGTKLHEDPVLRCAL,0.18437195,0.18437195,1,2021,100
QRRMMAGPYQLRYINMHSTREWCRKIVPAPVNKPGSYANMLVNMAFNRSVPWPCYSWENAVNSYDL,0.18394564,0.18394564,1,2021,100
RRMQSHIAYQEATINLKMTLTFSRSQQPWPRKRPKRDACRLKSMQINRSVNWGGKEPEDHVYRYAL,0.18362801,0.18362801,1,2021,100
MRRMMAGAYQERPINLHSTREWCRPIVPAPVNRPASYANMLVNMAFNRSVPWPCKSPEPPVNSYIL,0.18228091,0.18228091,1,2021,100
RRMQSHIAYTEWTDNLAMTLTFSRSQQPWPRKRPKRDACRLKSMQLTRSVNWGGKSPEVHVYRYAL,0.17647728,0.17647728,1,2021,100
DRRNSVQPYGEYVIVLFNTLTFNRSEQPNPWNRPASDAQRLRLMQVNWSVPSNTHLPENPFAREAL,0.17607038,0.17607038,1,2021,100
TRQSSVPQYKERPFNQHCTLTWNCQEGPTQVEVWAWDARRFPSGNNARSVPWRMKEPEDPPCSLHL,0.17567524,0.17567524,1,2021,100
KSWYSVIMMQTNQEGKPVQNFGNQSIRNWRPEGDRSAAPELFSMQNAASVPLGRMLPCDIVKRKAP,0.17293404,0.17293404,1,2021,100
MRRYSWILYPEQQINLHSTYTNHRTEHRWDVNYWQSTAPRLVSMQNNRSVPLNTPLQVDPVTRYGL,0.17197451,0.17197451,1,2021,100
KRWYSVIMQQTNRPNCGVTLDLNRSNRPWRVNDDASDAPRLISMQNQRSVPLGTKLPCDIVKRKAY,0.17132443,0.17132443,1,2021,100
MMRGYDTCKQVRPMNDLSTSTAHRSVVEWPSNRPVSDNYQLVSIHPNMSLPMGNKSDWNPKCRYYT,0.1697953,0.1697953,1,2021,100
MRAYSKIAYLERPGNLHSTLVFNRIEVTWPVNRPAPDWPRLVSMRNNRMVPLGTDWPEDKVGRYAE,0.16859104,0.16859104,1,2021,100
MRPYSVIAYQERPINDHSTLTFNRSEVPKPVNRPASDAPRLVSMQNNRSVPGGTTLPVDPVCRYAR,0.1679116,0.16791162,1,2021,100
VRRYSVIAYQEAPYNTHYTLTLNRVEAPMPWNRPASDASRLVSMQNNRSVHLGTKLPEDPVCRYAH,0.16710375,0.16710375,1,2021,100
MRRYSGIRYQERPGNLQVTLYFNRSEVPRPVNRPASIARRLVSMQVGRSVPSGTKLPEDPVLRCAL,0.16677615,0.16677615,1,2021,100
MRPYSVIAYEGRPINDHSTLTFNRSEVPKPVNRPASDAPRLVSMQNNRVVPGGTTWPVDPVCRYAR,0.16618581,0.16618581,1,2021,100
KWWYSVIMMQTNQSNCGVQNDGNQSNRPWRPEDDRSDAPELFSMQNQRSVPLGRKLPCDIVKRKAV,0.16551788,0.16551788,1,2021,100
MRPYSVIAYEGRPINDHSTLTFNRSRVPKPVNRPASDAPRLVSMQNNRVVPGGTTWPVDPVCRYAR,0.16548015,0.16548015,1,2021,100
MMRGSDTAKQERPMNLHSTRTFHRSEVEWPVNRPDSDNYRLVSIHPNMSRPCGNKSPWNPVCRYYL,0.16452374,0.16452374,1,2021,100
QRRMMAGPHQLRYINMHSTREWCLKIVPAKVNGPVEHANMPVNMAYRWSVPSPCYSWENAVHSYDL,0.16355005,0.16355005,1,2021,100
TRQSSVPQYKERPFNQHCTLTWNCQEGPTQVEVWAWDARRFPSGNNARSVPWRTKEPEDPPCSLLL,0.16340299,0.16340299,1,2021,100
MEEISGHAYQSSPINFHSNLTNNRWEKCCFSNSPASDAPALVSEKMNRNVSYGTQMPEDPVYRYAW,0.16278228,0.16278228,1,2021,100
MRRMMAGAYQERYINLHSTREWCRPIVPAPVNRPASYANMLVNMAFNRSVPWPCKSPEPPVNSYIL,0.1612392,0.1612392,1,2021,100
KWWYSVIMMQTNQEGKGVQNKGNQSIRNWRPEDDRSAAPELFSMQNARSVPLGRKLPCDIVKRKAV,0.16032837,0.16032837,1,2021,100
KWWYSVIMMQTNQSNCGVQNKGNQSIRPWRPEDDRSAAPELFSMQNQRSVPLGRKLPCDIVKRKAV,0.16009182,0.16009182,1,2021,100
QRRMMAGPYQLRYINMHSTREWCLKIVPAPVNGPVEHANMPVNMAYNWSVPTPCYSWENAVHSYDL,0.15950775,0.15950775,1,2021,100
TRRYSSIRVSEREMGVWSTLTFNMSEVPWNVNRDASYRWQLVQDQHNRSVPLGHWEKGDCPHKSAV,0.15864886,0.15864886,1,2021,100
MRPYSVIAYEERPINDHSTLTFNRSEVPKPVNRPASDAPRLVSMQNNRVVPGGTTWPVDPVCRYAR,0.15850927,0.15850927,1,2021,100
MMRGYDTAKQERPMNLCSTSTAHRSEVEWPSNRPDSDNYRLVSIHPNMSRPCGNKSDWNPKCRYYL,0.15770695,0.15770695,1,2021,100
MRRYSRIAWQERPINLHSTLTFARAEVWWPVNRPASDAPRLVSMVNNKSAPLSKKDPEDPQCRYAD,0.15745495,0.15745495,1,2021,100
EWRYSAIACQECNQNCHTILTFNRNEHPWWYNWSGSDADMPVFMQNNRRYRLGYRYPGDPNCRYCL,0.15592971,0.15592971,1,2021,100
QRRMYALPHQLREENSHTTMSWCIKWVPAKVANPVEHAPMKVNMAYECHWFAPCYSWENCVTRSDL,0.1556118,0.1556118,1,2021,100
QRRMMAGPYQLRYINMHSTREWCLKIVPAPVNGPVEHANMPVNMAYRWSVPTPCYSWENAVHSYDL,0.15465276,0.15465276,1,2021,100
MRRLSGIRYQERPGNKQVTCGFPRSEQPRPVNRPWSIARRKVSMQVGESVPSGTRLHEHWVLRLAL,0.15411028,0.15411028,1,2021,100
QRRMMAGPYQLRYINMHSTREWCLKIVPAKVNGPVEHANMPVNMAYRWSVPSPCYSWENAVHSYDL,0.15370773,0.15370773,1,2021,100
MMRGYDTAKQERPMNLCSTRTAHRSEVEWPSNRPDSDNYRLVSIHPNMSRPCGNKSDWNPVCRYYL,0.15350251,0.15350252,1,2021,100
DRRNSVQPYGEYVIVLFNTLFFNRSEQPNPWNRPASDAQRLRLMQVNWSVPSNTHLPENPFAREAL,0.1529599,0.1529599,1,2021,100
KWWYSVIMMQTNQSNCGVQNKGNQSIRPWRPEDDRSDAPELFSMQNQRSVPLGRKLPCDIVKRKAV,0.15287931,0.15287931,1,2021,100
GRRYAVEAKQERGINLQSTLTWIWSEVPWDTNRPKSIAPRLPTMWNNWSVPPGTKLPSDPVFRLAS,0.15146272,0.1514627,1,2021,100
MERYSGHAYQESPINLHSNLTNNRWEKCCFSNRPASDAPRLVSMQFNRSVSYGTQMPEDPVYRYAL,0.15124536,0.15124536,1,2021,100
RRMQSHIAYQEATINLKMTLTFSRSQWPWPRKRPKRDACRLKSMQINRSVNWGGKEPEDHVYRYAL,0.15011951,0.15011951,1,2021,100
MRRLSGIRYQERPGNAQVTCGFPRSEQPRPVNRPWSIARRKVSMQVGESVPSGTRLHEHWVLRLAL,0.14943795,0.14943795,1,2021,100
MERISGHAYQESPINLHSNLTNNRWEKCCFSNRPASDAPRLVSEQLNREVSYGTQMPEDPVYRYAL,0.14931725,0.14931725,1,2021,100
MRAYSKIAYLERPINLHSTLTFNRIEVTWPVNRPAPDWPRLVSMRNNRMVPLGTDWPEDPVGRYAE,0.14850019,0.14850019,1,2021,100
MERYSGHAYQESPINLHSNLTNNRWEKCCFSNRPASDAPRLVSMQLNREVSYGTQMPEDPVYRYAL,0.1473253,0.14732529,1,2021,100
KWWYSVIMMQTNQNGKGVQNKGNQSIRPWRPEDDRSAAPELFSMQNARSVPLGRKLPCDIVKRKAV,0.14707479,0.14707479,1,2021,100
MERISGHAYQESPINFHSNLTNNRWEKCCFSNRPASDAPALVSEKMNRNVSYGTQMPEDPVYRYAL,0.14676453,0.14676453,1,2021,100
KRWYSVIMQQTNRPNCGVTLDLNRSNRPWRVNDDASDAPRLISMQNTRSVPLGTKLPCDIVKRYAY,0.14657648,0.14657648,1,2021,100
MMRGYDTAKQERPMNLCSTRTFHRSEVEWPSNRPDSDNYRLVSIHPNMSRPCGNKSDWHPVCRYYL,0.14542234,0.14542232,1,2021,100
EWRYSAIACQECNQNCHTILTFNRNEHPWWYNWSGSDADMPVFMQNNYRYRLGYRYPGDPNCRYCM,0.14507715,0.14507715,1,2021,100
QRRMMALPHQLRYINMHSTREWCLKIVPAKVNGPVEHANMPVNMAYRWSVFSPCYSWENAVHSYDL,0.14424399,0.14424399,1,2021,100
MRRYSGIYYQERPGNLQVTLYFNRSEVPRPVNRPASDARRLVSMQNNRSVPHGTKLPEDPVLRCAL,0.14294727,0.14294727,1,2021,100
MRPYSTHWYEGNPDNDHSTHTNNFERVPKRVNRPSSDAESLPEMTNNRVVPAGTNDNADPRCEYAR,0.74909,0.7490531,2,4061,199
MRPYSTHWYEGNPDNDHSTHTQNFERVPKRVNRPSSDAESLPEMTNNRVVPAGTNDNADPRCEYAR,0.7329286,0.7328902,2,4061,199
MRPYSTHWYEGNPDNDHSTHTNNLERVPKRVNRPSSDAESLPSMTNNRVVPAGTNDNADPRCEYAR,0.71875113,0.7187115,2,4061,199
MRPYSTHWYEGNPDNDHSTHTWNFERVPKRVNRPSSDAESLPEMTNNRVVPAGTNDNADPRCEYAR,0.7124495,0.71240926,2,4061,199
MRPYSTHWYEGNPDNDHSTHTNNFERVPKRVNRPSSDAESLPSMTNNRVVPAGTNDNADPRCEYAR,0.7099298,0.70988935,2,4061,199
MHPYSTHWYDVSPDQDHSTHTWNFERVPKRVNRPSSDAPSKMEVTNNRVVPAGENDNADPRKEYAR,0.6982668,0.69822544,2,4061,199
MRPYSTHWYEGNPDNDHSTLTNNLERVPKHVNRPSSDAESLPSMTNNRVVPWGTNDNADPYCEYAR,0.67807835,0.6780355,2,4061,199
MRPYSTHWYEGNPDNDHSTLTNNLERVPKHVNRPSSDAESLPSMTNNRVVPAGTNDNADPYCEYAR,0.67279524,0.67275196,2,4061,199
MRPYSTHWYEGNPDNDHSTLTNNLERVPKHVNRPSSDAESLPSMTNNRVVPWGTNDNADPYCRYAR,0.6699694,0.669926,2,4061,199
MRPYSTHWYEGNPDNDHSTLTNNLERVPKRVNRPSSDAESLPSMTNNRVVPAGTNDNADPRCEYAR,0.6685233,0.6684798,2,4061,199
MRPYSTHAYEGNPDNDHSTLTNNLERVPKHVNRPSSDAESLPSMTNNRVVPWGTNDNADPYCRYAR,0.6534712,0.65342665,2,4061,199
QRGMTAGAYQEMYINMHMTKEWCRVIVSKPKNSPASPAESDHNMDINTSVPWPCNMGDPPINSPQY,0.6520148,0.6520148,2,4061,199
MRPYSTHWYEGNPDNDHSTHTWNFERVPKRVNRPSSDAPSLMEMTNNRVVPAGTNDNADPRCEYAR,0.6407538,0.6407086,2,4061,199
ERPYSTIAYEGNPINDHSTLTTNRMRVPKPVNRPADDAESLPSHQNNRKVPWDTTDNHDPVCRYAR,0.62961733,0.6295715,2,4061,199
MRPYSRLAYEGNPSNQHSKLTTERMRGPKPVNGPASDVESRPSWQNNRWKPWGTTDNVHPVDRYAR,0.6119112,0.6119112,2,4061,199
MRPYSTTAYEGNIHIHYSTQTTNHMNVPPPVGRPKSDAESSPSCKNNRDYPWQTTDEVDPEGRYAD,0.6071239,0.60712385,2,4061,199
MRPYSTHWYDGSPDNDHSTHTWNFERVPKRVNRPSSDAPSLMEVTNNRVVPAGENDNADPRCEYAR,0.6038783,0.6038783,2,4061,199
KENYSCKAYNVIPINDASQSPPNRYREPNPENRPPSDAESITSPRNYRVVPWTTNDNVDHVLRYLR,0.5995894,0.5995894,2,4061,199
MRPYSTHWYEGNPDNDHSTHTWNFERVPKRVNRPSSDAPSLMEVTNNRVVPAGTNDNADPRCEYAR,0.59480774,0.59480774,2,4061,199
MRPYSTTAYEGNIHNDYSTLTTNVMNVPPPVGRPKSDAESSPSCKNNRDGPWQTTDEVDPVGRYAD,0.59324765,0.59324765,2,4061,199
KENYSTWAYNVIPINDASQSPPNRYREPNPENRPPSDAESIWSMRNYRVVPWTTNDNVDHVLRYLR,0.59086907,0.59086907,2,4061,199
MRPYSTTAYEGNIHNDYSTLTTNRMNVPPPVGRPASDAESLPSMKNNRDGPWQTTDEVDPVGRYAD,0.5898243,0.5898243,2,4061,199
MRPYSTIAYEGNPSNDHSTLTTNRMRVPKPVNRPASDAESRPSMQNNRVVPWGTTDNVDPVDRYAR,0.5897492,0.5897967,2,4061,199
MRPYSTHWYDGNPDNDHSTHTWNFERVPKRVNRPSSDAPSLMEVTNNRVVPAGTNDNADPRCEYAR,0.58537084,0.58537084,2,4061,199
MHPYSTHWTDKSPDQDYSTHTWNFERVNHRVNRPSSDAPSKMEVTNNRVVPAGENYNADPRKEYAR,0.58253324,0.58253324,2,4061,199
MRPYSTHWYDVSPDNDHSTHTWNFERVPKRVNRPSSDAPSLMEVTNNRVVPAGENDNADPRCEYAR,0.5816846,0.5816846,2,4061,199
MRPYSTHWYDGSPDNDHSTHTWNFERVPKRVNRPSSDAPSLMEVTNNRVVPAGTNDNADPRCEYAR,0.5814029,0.5814029,2,4061,199
QRGMTAGAYQEMYINMHMTKEWCRVIVSKPKNSPASPAESDHNMDNNTSVPWPCNMGDPPINSPQY,0.5787396,0.5787875,2,4061,199
MRPYSTTAYEGNIHNDYSTLTTNRMNVPPPVGRPASDAESLPSCKNNRDGPWQTTDEVDPVGRYAD,0.57456434,0.57456434,2,4061,199
KENYSCKAYNVIPINDASQSPPNRYPEPNPENRPPSDAESIESPRNYRVVPWTTNDAVDHVLRYLR,0.57053405,0.57053405,2,4061,199
MRPYSTIAYEGNPSNDHSKLTTERMRVPKPVNRPASDAESRPSMQNNRVKPWGTTDNVDPVDRYAR,0.5687552,0.56880337,2,4061,199
MRPYSRLAYEGNPSNQHSKLTTERMRVPKPVNGPASDVESRPSWQNNRWKPWGTTDNVHPVDRYAR,0.56851214,0.56856036,2,4061,199
QRRMTAGAYQEMYINMHMTKEWCRVIVSKPKNSPASYAESDHNMACNTSVPWPCNMGDPPINSPQL,0.56220824,0.56225663,2,4061,199
QRGMTAGAYQEMYINMHMTKYWCRVIVSKPKNSPASPAESDHNMDINDSVPWPCNMGDPPISSPQY,0.5617527,0.561801,2,4061,199
MHPYSTHWTDVSPDQDYSTHTWNFERVPKRVNRPSSDAPSKMEVTNNRVVPAGENYNADPRKEYAR,0.55670905,0.55670905,2,4061,199
KENYSCKAYNVFPENDASQMPVNSYPEPNYRGRPHSCAERIESARNYRVVFKTTNDAGDHVWDYWR,0.55444896,0.55444896,2,4061,199
QRGMTAGAYQEMYINMHMTKYWCRVIVSKPKNSPASPAESDHNMDINTSVPWPCNMGDPPISSPQY,0.5543147,0.5543632,2,4061,199
QCGMTAGAYQEMYNTEHMGKYWCRVIFSKPKNSPASPAESQHNMDINDSVPTPCNMLDPTISSLQY,0.55335706,0.5534056,2,4061,199
ERPYSTIAYEGNPINMHSTLTTNRMRVPKPVNRPADDAESLPSHQNNRKVPWDTTDNHDPVCRYAR,0.5520479,0.5520479,2,4061,199
MRPYSTYAYEGNPENWHSTLTTNRMRVPKPVNRPASDAESLPSMQNNRVVPWGTTDNVDPWCRYAR,0.5504627,0.55046266,2,4061,199
QRRMTAGAYQEMYINMHMTKEWCRPIVPKPKNSPASYAYSDHNMAFNTSVPWPCNMGDPPINSPQL,0.5504471,0.55049574,2,4061,199
MRPYSRLAYEGNPSNQHSKLTTERMRVPKPVNGPASDVESRPSWQNNRVKPWGTTDNVHPVDRYAR,0.5489031,0.54895175,2,4061,199
QRRHMAGAYQERYINMHSTREWCRPIGPANVNRPASYANMLCNMAFNRSVPWPCYSPEPPVNSYDD,0.54885095,0.54889953,2,4061,199
QRRHMAGAYQERYINMHSHREWCRPIGPANVNRWASYANMLCNMAFNRSVPWPCYSPEPPVNSYDD,0.5456823,0.545731,2,4061,199
KENYSCKAYNVIPINDASQSPPNRYPEPNPENRPPSDAESITSPRNYRVVPWTTNDAVDHVLRYLR,0.5413079,0.5413079,2,4061,199
MRPYSTIAYEGNPSNDHSTLTTERMRVPKPVNRPASDAESRPSMQNNRVKPWGTTDNVDPVDRYAR,0.54096216,0.5410109,2,4061,199
QRRMTAGAYQEMYINMHMTKEWCRVIVSKPKNSPASPAESDHNMANNTSVPWPCNMGDPPINSPQY,0.5396967,0.5397455,2,4061,199
QRRMMAGAYQERYENMHSTREWCRDIVPAPHNRPASYANMLVNMAFNRSVNWPCYSPTPPANSYDT,0.5396335,0.5396823,2,4061,199
QRRMMAGAYQERYENMHSTREWCRDIVPAPHNRPASYANMLVNMAFNRSVPWPCYSPTPPANSYDT,0.53657305,0.5366219,2,4061,199
KENYSCKAYNVFPENDASQMPVNSYPEPNYRGRPHSCAERIESARNYRVVFKTTNDAGDHVLDYLR,0.5359581,0.5359581,2,4061,199
MRPYSRIAYEGNPSNQHSKLTTERMRVPKPVNGPASDVESRPSWQNNRVKPWGTTDNVHPVDRYAR,0.53538084,0.5354297,2,4061,199
MRPYSTHAYEGNPINDHSTLTTNLPRVPKPVNRPSSDAESLPSMQNNRVVPWGTNDNVDPYCRYAR,0.5350882,0.5350882,2,4061,199
KENYSCKAYNVFPENDASQMPVNSYPEPNYRGRPHSCAERIESARNYRVVFKTTNDAGDHVLDYWR,0.5348239,0.5348239,2,4061,199
KENYSCWAYNVIPINDASQSPPNRYREPNPENRPPSDAESIWSMRNYRVVPWTTNDNVDHVLRYLR,0.53135633,0.53135633,2,4061,199
ERPYSTIAYEGNPINMHSTLTTNRMRVPKPVNRPADYAESLPSHQNNRQVPWDTTDNHDPVCRYAR,0.5310402,0.5310402,2,4061,199
NTPVSTYAYEGNPINNHSTLTTNRNRWPKPVNRPASDQESLPSMQNNRVVPWGTTDNVDMNCRYAR,0.5280984,0.5281474,2,4061,199
MRPYSRIAYEGNPSNDHSKLTTERMRVPKPVNGPASDVESRPSMQNNRVKPWGTTDNVHPVDRYAR,0.5274829,0.52753186,2,4061,199
MRPYSTHAYEGNPINDHSTLTNNLERVPKHVNRPSSDAESLPSMTNNRVVPWGTNDNVDPYCRYAR,0.52716523,0.52716523,2,4061,199
NTPVSTYAYEGNPINNHSTLTTNRNRWPKPVNRPASDQESLPSMQNNQVVPWGTTDNVDMNCRYAR,0.52645785,0.5265068,2,4061,199
QRGMTAGAYQEMYINMHMTKEWCRVIVSKPKNSPASPAESDHNMANNTSVPWPCNMGDPPINSPQY,0.525729,0.525778,2,4061,199
QRRMMAGAYQERYENMHSTYEWCRDIVPAPHNRPNSYANMLVNMAFNRSVNWPCYSPTPPANSYDT,0.5252329,0.5252819,2,4061,199
KENYSTWAYNVIPINDASQLPPNRYREPNPENRPPSDAESLWSMRNYRVVPWTTNDNVDHVLRYLR,0.52454907,0.52454907,2,4061,199
MRPYSRLAYEGNPSNQHSKLTTKRMRGPKPVNGPASDVESRPSWQNNRWKPWGNTDNVHPVDRYAR,0.5229984,0.5230474,2,4061,199
KENYSTWAYNVIPINDASQLPPNRYREPNPENRPPSDAESIWSMRNYRVVPWTTNDNVDHVLRYLR,0.5227804,0.5227804,2,4061,199
EEPYSTIAYEGNPINMHSTLTTNRMRVPKPVNRPADYAESLPSHQNNRQVPWDETDNHDPVCRYAR,0.52272606,0.52272606,2,4061,199
KWNYSTWAYEGNPINDASQLTTNRMREPNPENRPMSDAESLPSMRNYRVVPWTTNDNVDHVCRYLR,0.5201917,0.5201917,2,4061,199
MRPYSTIAYEGNPQNDHSTLTTNMMRKPKPYNRPASDAESLPSMQNNRVVPWRTRDNVDPWCEYAR,0.51390815,0.5139572,2,4061,199
KENYSCKAYNVIPINDASQMPPNRYPEPNPENRPPSDAESIESPRNYRVVPWTTNDAVDHVLRYLR,0.513901,0.513901,2,4061,199
KENYSTWAYEVIPINDASQLTPNRYREPNPENRPPSDAESLWSMRNYRVVPWTTNDNVDHVLRYLR,0.5137187,0.5137187,2,4061,199
QRRMMAGAYQERYENMHSTYEWCNDIVPAPHNRPNSYANMLVNMAFNRSVNWPCYSPTPPANSYDT,0.5135148,0.5135639,2,4061,199
QRRMTAGAYQEMYINMHMTKEWCRVIVSKPKNSPASYAYSDHNMAFNTSVPWPCNMGDPPINSPQL,0.51267296,0.512722,2,4061,199
MRPYSTHAYEGNPINDHSTLTTNLERVPKPVNRPSSDAESLPSMQNNRVVPWGTNDNVDPYCRYAR,0.51049614,0.51049614,2,4061,199
KENYSCKAYNVIPINDASQSPPNRYREPNPENRPPSDAESITSPRNYRVVPWTTNDAVDHVLRYLR,0.5104176,0.5104176,2,4061,199
MRPYSTYADERNQENFYRTLTTHRMRVPKDVRRPAFRAEMLPSEQNNRVVPAGTNDNVDTWCRYAR,0.5088742,0.5088742,2,4061,199
NTPVSTYAYQNNPINNHSTLTTNRKRWPKPVNRPTIDQESLPSMCNNQVVPWRTTDNVSMNKRYSR,0.5080783,0.5081274,2,4061,199
MRPYSTIAYEGNPINDHSTLTTNRMRQPKPVNRPASDAESLPSMQNNRVVPWGTTDNVDPVNRYAR,0.5075924,0.5076415,2,4061,199
KWNYSTWAYEGNPINDASQLTTNRMREPNPENRPPSDAESLWSMRNYRVVPWTTNDNVDHVCRYLR,0.5054474,0.5054474,2,4061,199
MRPYSTTAYEGNIHIHYSTQTTNHMNVPPPVGRPKSDAESSPSCKNNRDYPWQTTDEVDPVGRYAD,0.5039073,0.5039073,2,4061,199
QRRHMAGAYQERYINMHSHRGWCRPIGPANVNRWASYANMLCNMAFNRSVPWPCNSPEPPVNSYDD,0.50342155,0.50347066,2,4061,199
MRPYSTTAYEGNIHNDYSTLTTNVMNVPPPVGRPASDAESLPSCKNNRDGPWQTTDEVDPVGRYAD,0.5023564,0.5023564,2,4061,199
MRPYSTYAYEGNPENDHSTLTTNRMRVPKPVNRPASDAESLPSMQNNRVVPWGTTDNVDPVCRYAR,0.5016421,0.5016421,2,4061,199
QRRMMAGAYQEMYINMHSTREWCRPIVPAPKNRPASYANMLHNMAFNRSVPWPCYSPEPPINSYQL,0.5011903,0.5012394,2,4061,199
QRRMMAGAYQEMYINMHSTREWCRPIVPKPKNRPASYAYMLHNMAFNTSVPWPCYSPEPPINSYQL,0.5002578,0.5003069,2,4061,199
MRPYSTGARELNPVNDHSTLTTNRMRVPKPVNRPKSDAESLPSMQNNPVVPDGTQDNVEPVHIYAR,0.49959347,0.49959347,2,4061,199
MRPYSTHAYEGNPINDHSTLTTNLERVPKPVNRPSSDAESLPSMTNNRVVPWGTNDNVDPYCRYAR,0.49908188,0.49908188,2,4061,199
QRRMMAGAYQERTINMHSTREWCRPNVPAPVNRPASYANMLVNMAFNRSVPWPCYSPEPPWNSYDT,0.4987512,0.4988003,2,4061,199
MRPYSTGAREGNPVNDHSTLTTNRMRVPKPVNRPASDAESLPSMQNNPVVPHGTTDNVEPVHIYAR,0.4970941,0.4970941,2,4061,199
MRPYSTYADEANQENFYRTLTTHRMRVPKDVRRPAFRAEMLPSEQNNRVVPAGTNDNVDTWCRYAR,0.49690253,0.49690253,2,4061,199
QRRMMAGAYQERYENMHSTYEWCNDIVPAPHNRPNSYANMLVNMAFNRSVNWPCYSKTPPANSYKT,0.49572355,0.49577263,2,4061,199
NTPVSTYAYQNNPINNHSTLTTNRKRWPKPVNRPTIDQESLPSMCNNQVVPWGTTDNVSMNKRYSR,0.49354857,0.4935977,2,4061,199
MRPYSTIAYEGNPQNDHSTLTTNMMRKPKPVNRPASDAESLPSMQNNRVVPWRTRDNVDPWCEYAR,0.49275872,0.4928078,2,4061,199
MRPYSTIAYEGNPSNDHSKLTTERMRVPKPVNGPASDVESRPSMQNNRVKPWGTTDNVHPVDRYAR,0.49195516,0.49200428,2,4061,199
MRDYGPIGYEGNPINDHSTLQQRRPRVPKRQNYPNSDAESLPSMFNNRKVPWITTDNVDRSCRYAR,0.4897469,0.489796,2,4061,199
NTPVSTYAYEGNPINNHSTLTTNRNRWPKPVNRPAIDQESLPSMQNNQVVPWGTTDNVDMNCRYSR,0.4891311,0.48918015,2,4061,199
QRRMMAGAYQEMYINMHMTKEWCRPIVPKPKNSPASYAYSDHNMAFNTSVPWPCNMGDPPINSPQL,0.48909813,0.4891472,2,4061,199
KENYSCKAYNVIPINDASQMPPNRYPEPNPENRPPSDAESIESPRNYRVVFWTTNDAVDHVLDYLR,0.48876333,0.48876333,2,4061,199
MRPYSTTAYEGNIHIHYSRQTTNHMNVPPPVGRPGSDAESSPSCKNNRDYPWQTTDEVDPIGRGMD,0.48800886,0.48800886,2,4061,199
ERPYSTIAYEGNPINDHSTLTTNRMRVPKPVNRPADDAESLPSHQNNRVVPWDTTDNVDPVCRYAR,0.4870175,0.4870175,2,4061,199
MRRYSTIAYEGNPHNSHSTLTYNRMVEPKPVNRPASDASSLPSMQHERVVPWYTTDNVDPCCRYAR,0.4864203,0.4864203,2,4061,199
MRLLSTHWVQGNPDNDHSRHTNNSERVPKRVNGASSDAESLPEQTHNRNTPAGTNDNADERADYAR,0.8895314,0.8895314,3,6148,298
KRPYSTHWYEGNPDNDHSTHTNNFERVPERVNRPSQDAESLPEMTNKRSVPAGTNDNADPRCEYAR,0.8895212,0.8895212,3,6148,298
MRPYSTHWVQGNPDNDHSRHTNNSERVPKRVNRDSSDAESLPEMTNNRNVPAGTNDNADERADYAR,0.8876336,0.8876336,3,6148,298
MRPYSTHWYQGNPDNDHSRHTNNFERVPKRVNRPSSDAESLPEMTNNRNVPAGTNDNADERAEYAR,0.88684356,0.88684356,3,6148,298
MRPYSTHWYQGNPDNDHSRHTNNFERVPKRVNRDSSDAESLPEMTNNRNVPAGTNDNADERAEYAR,0.8868037,0.8868037,3,6148,298
DPPPSTHWYEGNPDNDHSTHTWNFMRVPKRNNRPYSDYESQPEMTNNRVVPWGKNDNADPRCEYAR,0.8863876,0.8863876,3,6148,298
MRPMSTHWYEGNPDNDHSTHTNNLERVPKRVNRPSSDAESNPSMTNNRVVPNGPEDNADPRMEYAR,0.88438535,0.88438535,3,6148,298
MRPYSTHWYEGNPDNDHSTHTNNFERVPKRVNRPSSDAESLPEMDNNRVVPAGTNDNADPRREYAR,0.88229483,0.88229483,3,6148,298
KRPYSTHWYEGNPDNDHSTHTNNFERVPERVNRPSSDAESLPEMTNKRSVPAGTNDNADPRCEYAR,0.8801945,0.8801945,3,6148,298
MRPYSTHWYQGNPDNDHSRHTNNFERVPKRVNRDSSDAESLPEMTNNRNVPAGTNDNADERADYAR,0.87901217,0.87901217,3,6148,298
LRLLSTHWVQGNPDNDHSRHTNNSEDVAKRVNGASSDAESLPEQTHKRNTPAGTNDNADERADYAR,0.8789484,0.8789484,3,6148,298
MRPYNTHWYEGNPDNDHSTHAQNFERVPKRNNRTSSDLESLPEETNNRVCPAGTNDPEDGRCEKAR,0.8756841,0.8756841,3,6148,298
MRPYSTHWYEGNDDNDHSHHTQNFERVPKRNNRPSSDAESGPENTNNRVVPAMDNDNADRRCEYAR,0.8755747,0.8755747,3,6148,298
MRPYSTHWYEGNPDNDHSTHTNNFERVPKRVNRPSSDAESLPEMTNNRNVPAGTNDNADERAEYAR,0.8736995,0.8736995,3,6148,298
MRLLSTHWVQGNPDNDHSRHTNNSERVPKRVNRASSDAESLPEMTHNRNTPAGTNDNADERADYAR,0.8722127,0.8722127,3,6148,298
MRPYSTHWYEGNPDNDHSTHTNNFERVPKRVNRPSSDAESLPEPTNNRVNPAGTNDNADPRCEYAR,0.87186646,0.87186646,3,6148,298
MRPYQRHWEEGNPDNDRSTPHNPLERVPKRENRPSSDAESLPSMTNNRVVPTGSNDNADPRCEYAR,0.8714097,0.8714097,3,6148,298
MRPMSTHWYEGNHDNDHSTHTNNLERVPKRVNRPSSDAESNPSMTNNRVVPNGPEDNADPRMEYAR,0.87115127,0.87115127,3,6148,298
MRILSTHWVQGNPDNDHSRHTNNSERVPKRVNRASSDAESLPEMTHNRNTPAGTNDNADERADYAR,0.87075424,0.87075424,3,6148,298
MRPYSTHWYEGNPDNDHSTHTNNFERVPKRVNRPSSDAESLPEMTNNRNVPAGTNDNADPRAEYAR,0.86845535,0.86845535,3,6148,298
LRLLSTHWVQGNPDNDHSRHTNNSERVAKRVNGASSDAESLPEQTHNRNTPAGTNDNADERADYAR,0.86680174,0.86680174,3,6148,298
KRPYSTHWYEGNPDNDHSTHTWNFERVPQRANPPSSDAESLPEMTNNRRVPAGTNDNADPRCEYAR,0.86618406,0.86618406,3,6148,298
MRPRSTHWYEGNPDNDHSTHTNNLERCPKRENRPSSDAESLPSMTNNRVCPAGTNDNADPRCEYAR,0.8655449,0.8655449,3,6148,298
MRPYSTHWYEGNPDNDHSTHTQNFERVPKRVNRPSSDAESGPENTNNRVVPAGDNDNADPRCEYAR,0.8654362,0.8654362,3,6148,298
RRPYSTDWYEGNPDNDHSTHTNNLERVPKRPNRPSSDASSLPSMTNNRVVPAPTNDNRDPRCEYAR,0.86372715,0.86372715,3,6148,298
KRPYSTHWYEGNPDNDHSTITNNFERVPERVNRPSQDAESLPEMTNKRSVPAGTNDNADPRCEYAR,0.86306095,0.86306095,3,6148,298
MMPYSNHWYEDNEDNDHSAHTWNAERTKKRYNRPSSDAISLPEMTNNRPPRAGCNDDIDPRCEYAR,0.8629868,0.8629868,3,6148,298
MRLLSTHWVQGNPDNDHSRHTNNSERVPKRVNGASSDAESLPEMTHNRNTPAGTNDNADERADYAR,0.86155915,0.86155915,3,6148,298
MRPYQRHWEEGNPDNDRSTPHNNLERVPKRENRPSSDAESLPSMTNNRVVPAGSNDNADPRCEYAR,0.8615096,0.8615096,3,6148,298
MRPYSTHWYEGNDDNDHSTHTQNFERVPKRVNRPSSDAESGPENTNNRVVPAGDNDNADPRCEYAR,0.8604345,0.8604345,3,6148,298
MRPYSNHWIEGNPDNDHSTHTNNFERVPKRVNRPNSDAESLPGPTNNRVNPARTNDNFDPRCEYAR,0.86028135,0.86028135,3,6148,298
MRPYSTHWYEGNPDNDHSTHTWNFERVPKRVNRPSSDAESLPEMTNNRVGPAGTNDNWDPRPEYAR,0.85926163,0.85926163,3,6148,298
MGPYSTHWKEGNPTEDDENPTWNFERNPKRVNRPSTHKESPPEMTNNMVYPAGTNDNADPRCEYAR,0.85769635,0.85769635,3,6148,298
MRPYSTHWYEGNDDNDHSHHTQNFERVPKRVNRPSSDAESGPENTNNRVVPAGDNDNADRRCEYAR,0.85697895,0.85697895,3,6148,298
MRPMSTHWYEGNHDNDHSTHTNNLERVPKRVNRPSSDWGDNPSMTNNRYVPNSPEKNADPRMPYAR,0.856562,0.856562,3,6148,298
MRPMSTHWYEGNPDNDHSTHTNNLERVPKRVNRPSSDAESNPSMTNNRVVPAGPEDNADPRMEYAR,0.8558811,0.8558812,3,6148,298
MIPYSTNWMEGRPDNDHSTHTQNFQRVPKCDNRPSVDAEPEPEMTDNRPVPAGTNDNYDPRCEYAR,0.8555973,0.8555973,3,6148,298
MIPYSTNWMVGRPDNDHSTHTQNFQRVPKCDNRPGVDAEPEPEMTDNRPVPAGTNYNYDPRNEYAR,0.8553545,0.8553545,3,6148,298
MRPYQRHWEEGNPDNDRSTPHNPLERVPKRENRPSSDAESLPSMTNNRVVPAGSNDNADPRCEYAR,0.8549859,0.8549859,3,6148,298
MRPYSTHWYEGNPDNDHNTHTQNFERVPKRVNRPSSDAESLPEMTNNRVVPAGTNDNADPRNEYAR,0.8544607,0.8544607,3,6148,298
MMPYSNHWYEDNEDNDHSAHTWNLERTKKRYNRPSSDAISLPEMTNNRPPRAGCNDDIDPRCEYAR,0.8522505,0.8522505,3,6148,298
MRPYSTHWYEGNPDNDHSTHTQYFEDVPKWVNRPSSDAESLPEMTNNRDHPADTNDNADPRCEYAR,0.85211873,0.85211873,3,6148,298
LRLLSTHSVQGNPDNDHSRHTNNSKDVAKRVNGASSDAEQLPEQTHKRNTPAGTNDNMDERIDLNR,0.8513212,0.8513212,3,6148,298
MRPYSTHWYEGNPDNDHETRTWNFERVPKRNNRPSSTAESLPEYTNERVVPAGTNDNHDWRCEYRR,0.8494291,0.8494291,3,6148,298
KRGYSTHWMEGNPDNDHSTITNNFERVPERVNRPSQDAESLPEMTNKRSVPAGTNDNADPRCEYAR,0.84939355,0.84939355,3,6148,298
MRPYSGHWYEGNPDNDHSTNTWQFERVPKRYNRPSSDAESLPEMTNNRKVPAGTNDNADPRCEYAR,0.84880155,0.84880155,3,6148,298
MRPYSTHWYEGNMDNDHETRTWNFERVPKRNNRPSKTAESLPEYTNERVVPAGTNDNHDWRCEYRR,0.8487889,0.8487889,3,6148,298
MRPYSTHWYEGNPDNDHSTHTQNFERVPKRVNRPSSDAESGPENTNNRVVPAGTNDNADPRCEYAR,0.8479455,0.8479455,3,6148,298
LRLLSTHSVQGNPDNDHSRHTNNSKDVAKRVNGASSDAESLPEQTHKRNTPAGTNDNMDERIDLNR,0.8478478,0.8478478,3,6148,298
KRPYSTHWYEGNPDNDHSTHTWGFERVPQRANPPSSDAESLPEMTNNRRVPCGTNDNADPRCEYAR,0.84751076,0.84751076,3,6148,298
MRPYSTHWYETNPDNDHSTHTQNFERVPKRVNRPSKDAESNPEMTNNRVVPAGTNDNADPRCEYAR,0.8461602,0.8461602,3,6148,298
MGPYSTHWKEGNPTEDDSNPTWNFERNPKRVNRPSSHKESPPEMTNNMVYPAGTNDNADPRCEYAR,0.8456872,0.8456872,3,6148,298
MRPYSTHWYEGNPDNDHSTHTQNFEDVPKRVNRPSSDAESLPEMTNNRVHPADTNDNADPRCEYAR,0.84549206,0.84549206,3,6148,298
MRPYSTNWYEGNPDNDHSTHTQNFERVPKCDNRPSSDAEPLPEMTDNRPVPAGTNDNYDPRCEYAR,0.8424088,0.8424088,3,6148,298
MRPYNTHWYEGNPDNDHSTHTQNFERVPKRNNRPSSDAESLPEMTNNRVCPAGTNDPADGRCEYAR,0.84239584,0.84239584,3,6148,298
MRPMSTHWYEGNHDNDHSTHTNNLERVPKRVNRPSSDAGDNPSMTNNRYVPNSPEKNADPRMPYAR,0.84177595,0.84177595,3,6148,298
MRPYSNHWIEGNPDNVHSTHTNNDERVPKRVNRPNSTAESLPGPTNNRVNPARTNDNFDPNCEYAR,0.84127384,0.84127384,3,6148,298
MRPYSTHWYEGNPDNDHSTHTNNFERVPKRVNRPSSDAESLPEMTNNRNVPAGTNDNADPRCEYAR,0.8411723,0.8411723,3,6148,298
MRPYSTHWYEGNPTNDDSNHTWNFERNPKRVNRPSSDAESPPEMTNNMVYPAGTNDNADPRCEYAR,0.8410378,0.8410378,3,6148,298
MRPYSTHWYEGNPDNDHSTHTNNFERVPKRVNRPNSDAESLPGPTNNRVNPAGTNDNFDPRCEYAR,0.8404997,0.8404997,3,6148,298
MRPYSTHWYEGNPDNDHSTHTQNFERVPKRVNRPSSDAESLPEMTNNRVVPAGTNDNADPRNEYAR,0.8403775,0.8403775,3,6148,298
DRPYSTHWYEGNPDNDHSTHTWNFERVPKRNNRPYSDAESAPEMTNNRVVPWGKNDNADPRCEYAR,0.8391811,0.8391811,3,6148,298
MRPYSTHWYEGNPDNDHSTHTQNFERVPKRVNRPHSDAESNPEMTNNRVVPAGTNDNADPRCEYAR,0.8389035,0.8389035,3,6148,298
MRPYSTHWYEGNPDNDHSTHTNNFERVPKRVNRPSSDAESNPEMTNNRVVPAGTNDNADPRCEYAR,0.83885366,0.83885366,3,6148,298
MRPYSTHWYEGNPDNDHSTRTWNFERVPKRNNRPSSTAESLPEYTNERVVPAGTNDNHDWRCEYRR,0.8388511,0.8388511,3,6148,298
DRPYSTHWYEGNPDNDHSTHTWNFERVPKRNNRPYSDAESLPEMTNNRVVPWGKNDNADPRCEYAR,0.83749086,0.83749086,3,6148,298
MRPHSTHRYEGNPDNDHSTQHWNFERVPKRVNRPSEDAESLPEMTNNRAVPAGTNDDADPRCEYAR,0.83734405,0.83734405,3,6148,298
LRLLSTHWVQGNPDNDHSRHTNNSEDVAKRVNGASSDAESLPEQTHKRNTPAGTNDNMDERADLAR,0.8370409,0.8370409,3,6148,298
MMPYSNHWYEDNEDNDHSAHTWNLERTKKRYNRPSSDAISLPEMTNNRPPRAGCNDNIDPRCEYAR,0.83666533,0.83666533,3,6148,298
MRPYSTHWYEGNPDNDHSTHTNNFERVPKRVNRPSSDAENLPEMTNNRHVPAGTNDNADPRCEYAR,0.8366374,0.8366374,3,6148,298
MRPFSTAWYEGNMRNDHETRTWNFEGVPKRNNRKSKEAESLPEYTNERVVPAGTNNNQQSREWYRR,0.8362887,0.8362887,3,6148,298
QRPYSKHWYEGRPDNDHSDHTWNFERVPKRVNRPSSDAESLPEMTNNRVVPAGTNDNADPRCEYKR,0.83519906,0.83519906,3,6148,298
MRPYSGHWYEGNPDNDHSTNTWQFERVPKRYNRPSKDWESLTEMTNNRKVVAGTNDNADPRCEYAR,0.8349126,0.8349126,3,6148,298
MRPYSTHWYEGNMRNDHETRTWNFERVPKRNNRPSKTAESLPEYTNERVVPAGTNDNHDSRCEYRR,0.83485705,0.83485705,3,6148,298
MRILSTHWVQGNPDNDHSRHTNNSERVPKRVNRASSDAESLPEMTNNRNVPAGTNDNADERADYAR,0.83392954,0.83392954,3,6148,298
MRPYQTHWEEGNPDNDRSTPHNNLERVPKRENRPSSDAESLPSMTNNRVVPAGSNDNADPRCEYAR,0.83342916,0.83342916,3,6148,298
MRPYSNHWIEGNPDNDHSTHTNNFERVPKRVNRPNSTAESLPGPTNNRVNPARTNDNFDPRCEYAR,0.8334142,0.8334142,3,6148,298
MRPYSTHWYELNPDNDHNTHTQNFERVPKRVNRPSSDAESLPEMTNNRVVPAGTNDNADPRNEYAR,0.8333352,0.8333352,3,6148,298
MGPYSTHWKEGNPTEDDENPTWNFEVNPKRVNRPSTHKESPPESTNNMVYPAGTNDNADPRCEYAR,0.8329696,0.8329696,3,6148,298
LRLLSTHWVQGNPDNDHSRHTNNSEDVAKRVNGASSDAESLPEQTHKRNTPAGTNDNMDERIDLNR,0.83270925,0.83270925,3,6148,298
MGPYSTHWKEGNPTNDDSNHTWNFERNPKRVNRPSSHKESPPEMTNNMVYPAGTNDNADPRCEYAR,0.8324207,0.8324207,3,6148,298
MIPYSTNWYEGNPDNDHSTHTQNFQRVPKCDNRPSVDAEPEPEMTDNRPVPAGTNDNYDPRCEYAR,0.8319527,0.8319527,3,6148,298
MRPYSTHWYEGNPDNDQSTHTNNFERVPKRVNRPSSDAESLPEMTNNRVVPAPTNDNADPRCEYKR,0.8311552,0.8311552,3,6148,298
MRPYSTHWYEGNPDNDHSTHTNNFERVPERVNRPSSDAESLPEMTNKRSVPAGTNDNADPRCEYAR,0.8311065,0.8311065,3,6148,298
MRPYSTHWKEGNPDNDHSTHTQNFERVPKRVNRPSSDAESLPEMTNNRVWPAGTNDNADPRCEYAR,0.830799,0.830799,3,6148,298
MRPYSTHWYEGNPDNDHSTHTNNFERVPKRVNRPSSDAESLPGPTNNRVNPAGTNDNFDPRCEYAR,0.8306729,0.8306729,3,6148,298
MRPYSTHWYEGNPDNDHSTHQWNFERVPKRVNRPSSDHESLPEMTNNRVVPAGTNDNADPRCEYAR,0.8297298,0.8297298,3,6148,298
MIPYSTNWMVGRPDGDHSTHTQNFQRVPKCDNRPGVDAEPEPEMTDNRPVPAGTNYNYDPRNEYAR,0.8297211,0.8297211,3,6148,298
LRLLSTHWVQGNPDNDHSRHTNNSKDVAKRVNGASSDAESLPEQTHKRNTPAGTNDNMDERIDLNR,0.8296958,0.8296958,3,6148,298
MRPYSTHWYEGNPDNDHSTHTNNFERVPKRVNRPSSDAESLPEMTNKRSVPAGTNDNADPRCEYAR,0.8295939,0.8295939,3,6148,298
MRPYSTHWYEGNPDNDHSTHTQNFERVPKRNNRPSSDAESLPEMTNNRVCPAGTNDNADPRCEYAR,0.82901394,0.82901394,3,6148,298
MRPPSTHWYEGNPDNDHSSHTQNFERVPKRVNRPSSDTESLPEMTNNRVWCAGTNDNADPRCEYAR,0.82899714,0.82899714,3,6148,298
MRPMSTHWYEGNHDNDHSTHTNNLERVPKRVNRPSSDWGGNPSMTNNRYVPNSPEKNADPRMPYAR,0.82894284,0.82894284,3,6148,298
MRPYSTHWYEGNPDNDHSTHTNNFERVPKRVNRPSSDAESLPEMTNNRSVPAGTNDNADPRCEYAR,0.8289149,0.8289149,3,6148,298
MRPHSTHRYEGNPDNDHSTQTWNFERVPKRVNRPSEDAESLPEMTNNRAVPAGTNDDADPRCEYAR,0.82890075,0.82890075,3,6148,298
MRPYSTHWYEGNPDNDHSTHTNNNERVPKRVNRPSSDAESLPEMKNNRVVPAGTNDNADPRCEYAR,0.8288754,0.8288754,3,6148,298
MRPYSTHWYEGNPTNDDSNHTWNFERNPKRVNRPSSDAESLPEMTNNRVYPAGTNDNADPRCEYAR,0.82807404,0.82807404,3,6148,298
MRPYSTHWYEGNPDNDHSTHTNNFERVPKRVNRPSSDAESNPEMTNNRVVPAGTNDNADPRCEGAR,0.8278954,0.8278954,3,6148,298
MRPYSTHWYSGNPDNDHSTHTNNFERWPKRFNRPSSDAESLPEYTNNRVVPQGTNDNADPRCEYAR,0.82704514,0.82704514,3,6148,298
KRPYSTHWEEGNPDNDHSTHKNNRERGPERVNRPHSDAESFPEMTNKRSVPAGTNDNADPRCEYAR,0.97199875,0.97199875,4,8213,397
LRPYSTDWYEGNPDNDHSTHTNNRERVPKRPNRPSSDKSSPPSMTNNRVVPAPTNDNRDPRDEYAR,0.9711079,0.9711079,4,8213,397
MRPYSTHWNEGNPDNDHSTHQNNDERVPKRVNRPSSDAESLPEYTNNRNVPAGTNDNADERNEYAR,0.9684443,0.9684443,4,8213,397
LRPYSTDWYEGNPDNDHSTHTNNRERAPKRPNRPCSDKSSPPSMTNNRVVPAPTNDNRDPRDEYAR,0.9674161,0.9674161,4,8213,397
LRPYSYDWYEGNPDNDHSTHTNNRERARKRPNRPCSDKSSPPSMTNNRVVPAPTNDNRDPRDEYMR,0.9654827,0.9654827,4,8213,397
LRPYSTDWYEGNPDNDHSTHTNNRERVPKRPNRPCSDKSSPPSMTNNRVVPAPTNDNRDPRDEYAR,0.9640949,0.9640949,4,8213,397
LRPYSYDWYEGNPDNDHSTHTNNRERAPKRPNRPCSDKSSPPSMTNNRVVPAPTNDNRDPRDEYMR,0.96225566,0.96225566,4,8213,397
MRPYSTHRYQRNPDNDHSRHTNNFERVPKRVNRPSSDAESSPEMTNNRNQPAGTNDNADERAEYDR,0.9609909,0.9609909,4,8213,397
LRPYSTDWYEGNPDNDHSTHTNNRERVPKRPNRPSSDASSPPSMTNNRVVPAPTNDNRDPRDEYAR,0.9606392,0.9606392,4,8213,397
MRPYSTHWNEGNPDNDHSTHQNNDERVPKRVYRPSSDAESLPEYTNNRNVPAGTNDNADERNEYAR,0.95890564,0.95890564,4,8213,397
KRPYSQHWYEGNPDNDHSTHTNNDEDVPERVNRPSSDAESLPEMTNKRSVPAGTNDNADPRQEYAR,0.95149606,0.95149606,4,8213,397
MRPYSTHWNEGNPDNNHSTHQNNQERVPKRVYRPSSDAESLPEYTNPRNVPAGTNDNADERNEYAR,0.9512907,0.9512907,4,8213,397
MRPYSTHRYQRNPDNDHSRHTNNFERVPKRVNRPSSDAESLPEMTNNRNQPAGTNDNADERAEYDR,0.9484435,0.9484435,4,8213,397
MRNYSGHWHEGNPDNDHSTNTWQFERVPKRYNRPSSDAESLPEMTNNRKNPAGTNDNADPRQEYAR,0.9450031,0.9450031,4,8213,397
PRPYSTHWYEGNPDCDHSTHTRNFERMPKRVNRPSSDEESGPENTNNRVVPAGDNDNQDPRREPAR,0.9443249,0.9443249,4,8213,397
MRPYSTHWEEGNPDNDHSTHKNNRERGHERVNRPHSDAESFPEMQNKCSVPAGTNDNADIRDPYAR,0.9431241,0.9431241,4,8213,397
PMPYSNHWYEDNEDNDSSAHTWNAERTRKNYNRYSSDAISLPEMTNNRPPRAGCNDDFDPRDEYAR,0.9425237,0.9425237,4,8213,397
KRPYSTHWEEGNPDNDHSTHKNNFERVPERVNRPHSDAESFPEMTNKRSVPAGTNDNADPRCEYAR,0.94045603,0.94045603,4,8213,397
MRNYSGHWYEGNPDNDHSTNTWQFERVPKRYNRPSSDAESLPEMTNNRKNPAGTNDNADPRQEYAR,0.9402103,0.9402103,4,8213,397
MRPYQRHWEEGNPDNDRSTPHNPLERVPKRENRPSSDAESQPSMTNDRVNPAGSNDNADPRCEYAR,0.9401198,0.9401198,4,8213,397
PRPYSTHWYEGNPDCDHSTHTRNFERMPKRVNHPSSNEESGPENTNNRVVPAGDNDNQDPRREPAR,0.94004613,0.94004613,4,8213,397
MRPYSTHRYQRNPDNDHSRHTNNFERVPKRVNRPSSDAESSPEMTNNRNQCAGTNDNADERAEYDR,0.939726,0.939726,4,8213,397
MRPYSTHWYQGNPDNDHSRHTNNDERVPKKVNRDSSDPESLPEMTNNRNVPAGTNDNADEHAEYAR,0.93778324,0.93778324,4,8213,397
PMPYSNHWYEDNEDNDHSAHTWNAERTKKNYNRYSSDAISLPEMTNNRPPRAGCNDDFDPRDEYAR,0.93771046,0.93771046,4,8213,397
MRPYSTHWYQGNPDNDHSRHTNNDERVPKKVNRDSSDPESLPEMTNNRNVPAGTNDNADERAEYAR,0.9368413,0.9368413,4,8213,397
MRPYSTHWNEGNPDNNHSTHQSNQSRVPKRVYRPSSDAESLPEYTNPRNVPAGTNDNADERNEYAR,0.9366554,0.9366554,4,8213,397
KRPYSQHWYEGNPDNDHSTHTNNDEDVPERVNRPSEDAESLPEMTNYRSVPAGTNDNADPRQEYAR,0.9357875,0.9357875,4,8213,397
MRPYSTHWEEGNPDNDHSTHKNNRERGPERVNRPHSDAESFPEMTNKRSVPAGTNDNADIRCEYAR,0.93489,0.93489,4,8213,397
MRNYSGHWHEGNPDNDHSTNTWQFERVPKRYNRPSWDAESLPEMTNNRKNPAGTNDNADPRQEYAR,0.93417984,0.93417984,4,8213,397
MRPYSTHWYEGNDDNDHSHHTQNFEKVPKRVNRPSSDAESGPENTNNRHVPAGDNDNADRRCEYQR,0.93413866,0.93413866,4,8213,397
MRPYSTHWNEGNPDNNHSTHQSNQSEVPKRVYRPSSDAESLPEYTNPRNVPAGTNDNADERNEYAR,0.9337229,0.9337229,4,8213,397
MRPYSTHWYEGNPDNDHSTHTWNRERVPKRQNRPSSPAESLPEMTNNRVGPQGTNDNWDPRPEYAR,0.9334176,0.9334176,4,8213,397
DPPPSTHWYEGNPDNDHSTHTWNFMRNPKRNNRPYSDYEHQPEMTNNRVVPEGKNDNADPRCEYAR,0.9333827,0.9333827,4,8213,397
LRPYSTDWYEGNPDNDHSTHTNNRERVPKRPNRPSSDASSLPSMTNNRVVPAPTNDNRDPRDEYAR,0.9329929,0.9329929,4,8213,397
MRLLSTHWVQGNPDNDHSRHTNNSERVPKRVNGASSDAESLPEQTHNRNTPEGTNDNADERSDYAR,0.93167925,0.93167925,4,8213,397
MRPYQRHWEEGNPDNDRSTPHNPLERVPKRENRPSSDAESQPSMTNDRVNPAGSNDNADYRCEYMR,0.9313534,0.9313534,4,8213,397
DPPPSTHWYEGNPDNDHSTHTWNFMRVPKRNNRPYSDYLSQPEMTNNRVHPWGKNDNNDPRCEYAR,0.9313359,0.9313359,4,8213,397
PMPYSNHWYEDNEDNDHSAHTWNAERTKKRYNRYSSDAISLPEMTNNRPPRAGCNDDIDPRDEYAR,0.9312127,0.9312127,4,8213,397
MRPGSTHWYEGNDDNDESHHTQNFERVPKRNNRPSSDAESGPENTNNRVDPAMDNDNADRRCEYAR,0.9311904,0.9311904,4,8213,397
MRLHSTHWVQGNPDNDHSRHTNNSERVPKRVNGASSDAESYPEQTHNRNKPAGTNDNADERADYAR,0.93106323,0.93106323,4,8213,397
MRLLSTHWVQGNPDNDHSRHTNNSDRVPKRVNGAKSDAESLPEQTHNRNTPEGTNDNADERSDYAR,0.9307631,0.9307631,4,8213,397
MRPYSTHRVQRNPDNDHSRHTNNFERVPKRVNRPSSDAESSPEMTNNRNQCAGTNDNADERAEYDR,0.92984396,0.92984396,4,8213,397
MRPYSTHWNEGNPDNDHSTHTNNDERVPKRVNRPSSDAESLPEMTNNRNVPAGTNDNADERAEYAR,0.9297423,0.9297423,4,8213,397
DPPPSTHWYEGNPDNDHSTHTWNFMRKPKRNNRPYSDYESQPEMTNNRVVPWGKNDNADPRCEYAR,0.92957,0.92957,4,8213,397
DPPPSTHWYEGNPDGDHSTQGWNFMRVPKRNNRPYSSYESQPEMTNNRCQPWGKNDNADPRCEYGR,0.9293479,0.9293479,4,8213,397
MIPYSTNWMEGRPDNDHSTHTQNFQRVPKCDNRPQVDAEPEPEMTDNRPVPAGTNDNYDPRNEYAR,0.927651,0.927651,4,8213,397
MRPYSTHWYQGNPDNDHSRHTNNGERVPKRVNRPSSDAESLPESTNNRNVPAGTNDNADEDAEYAR,0.92727447,0.92727447,4,8213,397
ARPYSNHWIEGNPDNDHSTHTNNFERVPKRVNRPNSDAESLPGPTNNRYNPARTNDNFDPRGEYAR,0.9272078,0.9272078,4,8213,397
MRPMSTHWYEGNPDNDHSTHTNNLERNPKRVNRPSSDAESNPSMTNNRVVPAGPEDNADPRNEYAR,0.92673177,0.92673177,4,8213,397
MRPYSTHWWEGNPDNDHSQHTWNFERVPKRDNRRSSDAESLPERTNNRVGPAGTNDNWDPRPEYAR,0.92658955,0.92658955,4,8213,397
MRPYQRHWEEGNPDNDRSTPHNPYERVPKRENRPSSDAESLPSMTNNRVVPTGSNDNADPRTEYAR,0.9258242,0.9258242,4,8213,397
DPPPSTHWYEGNPYNDHSTHTWNFMRKPKRNNRPYSDYESQPEMTNNRVVPWGKNDNKDPRCQYAR,0.92496055,0.92496055,4,8213,397
LRPYSYLWYEGNPDNDHSTHTNNRERARKRPNRPCSDKSSPPQMTNNRVVPAPTNDNRDPRDEYMR,0.92441833,0.92441833,4,8213,397
EMPQSNHWYEDNEDNDHSAHTWNAERTYKRYNRPSSDAISLPEMTNNRPPRAGCNDDIDPRCEYAR,0.92390037,0.92390037,4,8213,397
MRPYSTHWYEGNMDNDHERRTWNFERVPKRNNRPSKTAESLPEYTNERVVPAGTNDNGEWREEYRR,0.92335343,0.9233534,4,8213,397
MRPYSTHWYEGNMDNDHERETRNFERVPYRNNKPSKTAESKPEYGNKEVVGAGTNSNGEWREEYRR,0.9214569,0.9214569,4,8213,397
MMPYSNHWYEDNEDNDHSAHTWNAERTKKRYNRPSSDAISLPEMTNNRPPRAGCNDDIDPRDEYAR,0.9214554,0.9214554,4,8213,397
MRPYGTHWWEGNPDNDHSQHTWNFERVPKRDNRRSSDAESLPERTNNRVGPAGTNDNWDPRPEYAR,0.9209139,0.9209139,4,8213,397
LRLLSRHWQQGNPDNDHSRHTNNSERVAKRVNGASSDAESLPEQTDYRNHPADTNDNADERADYAR,0.9206347,0.9206347,4,8213,397
MRERSTHWYEGNPDNDHSTHTNNLERCPKRENRPSSDAESYPSMTNNRVCPAGTNDNPDPRCEYAR,0.9204355,0.9204355,4,8213,397
PRPYSTHWYEGNPDCDHSTHTRNFERMPKRVNRPSSDAESGPENTNNRVVPAGDNDNQDPRREYAR,0.920172,0.920172,4,8213,397
LRLLSRHWQQGNPDNDHSRHTNNSERKAKRKNGASSDAESLPEQTDYRNHPADTNDNADERADYAR,0.9200634,0.9200634,4,8213,397
MRPMSTHWYEGNPDNDHSTHTNNLERVPKRVNRPSSDAESNPSMTNNRVVPNGPEDNADPRREYAR,0.9198415,0.9198415,4,8213,397
LRLLSRHWQQGNPDNDHSRHTNNSERKAKRVNGASSDAESLPEQTDYRNHPADTNDNADERADYAR,0.91967213,0.91967213,4,8213,397
MRPRSTHWYEGNPDNDHSTHTNNLERCPKRENRPSSDAESYPSMTNNRVCPAGTNDNPDPRCEYAR,0.91919607,0.91919607,4,8213,397
MRLLSTMWVQGNPDNDQSRHTNNSERVPKRVNRASSDEESPPEQTHSRNTPAGTNDNADERADYAR,0.9179032,0.9179032,4,8213,397
MRPYSTHRYQGNPDNDHSRHTNNFERVPKRVNRPSSDAESLPEMTNNRNVPAGTNDNADERAEYDR,0.91777337,0.91777337,4,8213,397
MRPYSTHWYQGNPDNDHSRHTNNFERVPKRYNRPSSDAESLPEMNNNRNVPAGTEDNADERAEYAR,0.91765296,0.91765296,4,8213,397
MRPYSTHWYQGNPDNDHSRHTNNGERVPKRVNRPSSDAESLPESTNNRNVPAGTNDNADERAEYAR,0.9176175,0.9176175,4,8213,397
MRPYSTAWYEGNDDNDHSHHTQNFEKVPKRVNRPSSDAESGPENTNNRHVPAGDNDNADRRCEYQR,0.9175921,0.9175921,4,8213,397
MRPYSTHWYEDNPDNDHSTHTNNFERVPKRFNRPSSDAESLPEMDNNRVVPRGTNDNADPRREYAR,0.9170227,0.9170227,4,8213,397
KRPYSTHWYEGNPDNDHSTHTQYREDVPKWVNRPSSDAESLPEMTNNRDHPADTNDNADPYIEYAR,0.9167067,0.9167067,4,8213,397
MRPYSTHWYEGNPDNDHSTHTWNRERVPKRQNRPSSDAESLPEMTNNRVGPAGTNDNWDPRPEYAR,0.91660213,0.91660213,4,8213,397
MRPYSTHWYEGNPDNDHSTHTWLRERVPKRQNRPPSPAESLPEMTNNRVGPQGTNDNWDPRPEYAR,0.9164727,0.9164727,4,8213,397
DPPPSTYWYEGNPDNDHSTHTWNFMRWPKRNNRPYSDYESQPEMTNNRVVPWGKNDNADPRCEQAR,0.9163155,0.9163155,4,8213,397
MNPYSTHWYEDNPDNDHSTHTNNFERVPKRRNRPSSDAESLPEMDNNRVVPNGTNQNADPRREYTR,0.9162523,0.9162523,4,8213,397
DRPPSTHWYEGNPDNDHSTHTWNFMRVPKRNNRPYSDYESQPERTNNRVRPWGKNDNADPICEYAR,0.91620237,0.91620237,4,8213,397
MRPYSTHWYERNPDNDWSTHTRYFEDNPKWVNRPSSDAESLPETTNNRDHPKDTNDNADPRCEYAR,0.9161028,0.9161028,4,8213,397
MRPYGTHWWEGNPDNDHSQHAWNFERVPKRDNRRSSDAESLPERTNNRVGPAGTNDNWDPRPEYAR,0.9157257,0.9157257,4,8213,397
MRPYQRHWEEGNPDNDRSTPHNPLERVPKRENRPSSDAESLPSMTNNRVVPTGSNDNADPRTEYAR,0.91566515,0.91566515,4,8213,397
KRPYSTHWYEGNPDNDHSTHTNNFERVPERVNRPSSDAESRPEMTNKRSVPAGCNDNADPRCEYAR,0.9154477,0.9154477,4,8213,397
MRPYSTHWYEGNMDNDHERRTWNFERVPKRNNKPSKTAESLPEYTNERVVPAGTNDNGEWREEYRR,0.9153726,0.9153726,4,8213,397
DPPPSTHWYEGNPDNDHSTHTWNFMRVPKRNNRPYSDYESQPEMTNNRVVPWGKNDNNDPRCEYAR,0.9149649,0.9149649,4,8213,397
PMPYSNHWYEDNEDNFSSAHTWNAERTRKNYNRYSSDAISLPEMTNNRPPRAGCNDDFDPRDEYAR,0.91496235,0.91496235,4,8213,397
MRPYSTHWYQGNPDNDHSRHTNNFERVPKRYNRPSGDAESLPEMNNNRNVPAGTEDNADERAEYAR,0.91412115,0.91412115,4,8213,397
MRPYSTHWYEGNMDNDHETRTWNFERVPKRNNRPSKTAESLPEYTNERVVPAGTNDNGEWREEYRR,0.91399145,0.91399145,4,8213,397
MRPYSTHWMEGNPDNNHSTHQSNQSEVPKRVYRPSSDAESLPEYTNPRNVPAGTNDNADERNEYAR,0.91379553,0.91379553,4,8213,397
MRLKSTHWVQGNPDNDHSRHTNNSERVPKRVNGASSDAESLPEQTHNRNTPAGTNDNADERADYAR,0.9135899,0.9135899,4,8213,397
MRPYQRHWEEGNPQNDRSTPHNNLERVPKRQNRPSSHAQSLPSMTNNRVQPAGSWDNSDRRPEYAR,0.91296667,0.91296667,4,8213,397
MIEYSQNWMEGSPDNDHSTYKQMFQRSPKCDNRPQVDPEPEPEMTRNRPVPAGANHNYDPRNEYAR,0.9126649,0.9126649,4,8213,397
MRPYSTHWYEGNPDNDHETRTWNFERVPKRNNRPSSTAESLPEYTNERVVPAGTNDNHDWRDEYRR,0.9126258,0.9126258,4,8213,397
MRPYQRHWEEGNPDNDRSTPHNPLERVPKRENRPSSDAESQPSMTNNRVVPAGSNDNWDPRCEYAR,0.91251194,0.91251194,4,8213,397
LRLLSTHWVQGNPDNDHSRHRNNSERVAKRVNGESSDAESLPEQTHNRNNPAGTNDNSDERADYAR,0.91244227,0.91244227,4,8213,397
MRPYSTHWYEGNPDNDHETRTWNFERVPKRNNRPSSTAESLPEYTNERVVQAGTNDNHDWRDEYRR,0.9124369,0.9124369,4,8213,397
MIPYSQNWMEGSPDNDHSTHKQMFQRVPKCDNRPQVDPEPEPEMTRNRPVPAGANHNYDPRNEYAR,0.9116223,0.9116223,4,8213,397
MRPYSTHWYEGNPDNDHSTHTNNFERVPKRVNRPSSDAESYPEMDNNRVVPAGTNDNADPRREYAR,0.9116196,0.9116196,4,8213,397
KRPYSTHWYEGNPDNDHSTHTNNDEDVPERVNRPSSDAESLPEMTNKRSVPAGTNDNADPRCEYAR,0.91148543,0.91148543,4,8213,397
MRPYNTHWYEGNPDNDHSTHAQNFERVPKRNNRTSSDRESLPEETNNNVCPAGTNDPEDGRIEKAR,0.9113979,0.9113979,4,8213,397
MRLLSRHWVQGNPDNDHSRHTNNSERVPKRVNGASSDAESLPEQTHNRNTPAGTNDNADERADYAR,0.9112035,0.9112035,4,8213,397
KRPYSTHWEEGNPDNDHSTHKNNREKGPERVNRPHSDAESFPEMTNKRSVPAGTNDNADPREEYAR,0.9864291,0.9864291,5,10229,496
KRPYSTHWEEGNPDNDHSTHKYNRERGPERVNRPHSDAESFPEMTNKRSQPEGTNDNADPRCEYAR,0.9845871,0.9845871,5,10229,496
MRPYSTHWNEGNPDNDHSTHQNNDERVPKRVNRPSSDAESFPERTNNRNVPNGTNDNADERNEYAR,0.9834436,0.9834436,5,10229,496
KRPYSQHWNEGNPDNDHSTHTNNDEDCPERVNRPSSHSESPPEMTNKRSVPAGTNDNADPRQEYAR,0.9820473,0.9820473,5,10229,496
MRPQSTHWNEGNPDNDHSTHQNNDERVPKRVNRPSSDASSFPERTNNRNVPNGTNDNADETNEYAR,0.98199904,0.98199904,5,10229,496
MRPYSTHWNEGNPDNDHSTHQNNDERVPKRVYRPSSDNESLPEYDNNRNVPAGTNDNADERNEYAR,0.9812315,0.9812315,5,10229,496
KRPYSTHWEEGNPDNDHSTHKNNRERGPERVNRPHSDAESFPEMTNKRSWPAGTNDNADPRCEYAR,0.98112774,0.98112774,5,10229,496
LRPYSYDWYEGNPDNDHSTHTNNRERARKRPNRDCSDKSSPPSWTNNRVVPAPTNDNRDPRDEYDR,0.9804983,0.9804983,5,10229,496
LRPYSYDWYEGNPDNDHSTHTNNRERARKRPNRPCSDKSSPPSWTNNRVVPAPTNDNRDPRDEYDR,0.9797366,0.9797366,5,10229,496
KRPYSTHWEEGNPDNDHSTHKNNRERNPERVNRPHADAESFPEMTNKRSDPAGTNDNADPRCEYYR,0.97960025,0.97960025,5,10229,496
LRPYSYDWYEGNPDNDHSTHNNNRERAPKRPNRPCSDKSSPPSMTNNRHVPAPTNDNRDSRDEYMR,0.9791764,0.9791764,5,10229,496
KRPYSTHWEEGNPDNDHSTHKNNRERGPERVNRPHADAESFPEMTNKRSWPAGTNDNADPRCEYAR,0.9787689,0.9787689,5,10229,496
KRPYSQHWYEGNPDNDHSTHTNNDEDCPERVNRPSSDSESPPEMTNKRSVPAGTNDNADPRQEYAR,0.97861093,0.97861093,5,10229,496
KRPYSQHWYEGNPDNDHSTHTNNDEDVPERVNRPSSDSESPPEMTNKRSVPAGTNDNADPRQEYAR,0.978281,0.978281,5,10229,496
LRPYSYDWYEGNPDNDHSTHTNNRERAPKRPNRPCSDKSSPPSMTNNRVPPAPTNDNRDPRDEYMR,0.9781683,0.9781683,5,10229,496
KRPYSTHWEEGNPDNDHSTHKNNRERGPERVNRPHADAESFPEMTNKRSWPAGTNDNADPRCEYYR,0.9781345,0.9781345,5,10229,496
MRPQSTHWREGNPDNDHSTHQNNDERVPKRVHRPSSDASSFPERTNNRTVPNGTNDNADETNEYAR,0.9777092,0.9777092,5,10229,496
KRPYSTHWEEGNPDNDHSTHKYNRERGPERVNRPHSDAESFPEMTNKRSVPEGTNDNADPRCEYAR,0.9776788,0.9776788,5,10229,496
MRPQSTHWNEGNPDNDHSTHQNNDERVPKRVHRPSSDASSFPERTNNRTVPNGTNDNADETNEYAR,0.9770697,0.9770697,5,10229,496
LRPYSTDWYEGNPDNDHSTHTNNRERAPKRPNRPCSDKSSPPSMTNNRVVPDPTNDNRDPRDEYAR,0.97689223,0.97689223,5,10229,496
DPPPSHHWYEGNPDNDHSTHTWNFMRKPKRNNRPYSDYESQPEMTNNRVEPWGKNDNADPRNEYAR,0.97648346,0.97648346,5,10229,496
RRPYQRHWDEGQPDNDRSTPHYPLERVPKRENRPSSDADSQPSDTNDRVMPAGSNDNADPRNEYAR,0.97578603,0.97578603,5,10229,496
KRPYSTHWEEGNPDNDRSTHKNNRERGPERVNRPHSDAESFPEMTNKRQVPAGTNDNADPRCEYAR,0.97563463,0.97563463,5,10229,496
DPPPSHHWYEGNPDNDHSGHTWNFMRKPKRNNRPYSDYESQPEMTNNRVEPWGKNDNADPRNEYAR,0.975608,0.975608,5,10229,496
DPPPSHHWYEGNPDNDHSGHTWNFMRKPKRNNRPYSDYESWPEMTNNRVEPWGKNDNADPRNEYAR,0.975298,0.975298,5,10229,496
MRPYSTHWNEGNPDNDHSTHQNNDERVPKRVYRPSSDNESLPEYTNNRNVPAGTNDNADERNEYAR,0.9751465,0.9751465,5,10229,496
LRPYSYDWYEGNPDNDHSTETNNRERARKRPNRPCSDKSPPPSMTNNRVVPAPTNDNRDPRDEYMR,0.9750982,0.9750982,5,10229,496
KRPYSTHWEEGNPDNDRSTHKNNRERGPERVNRPHSDAESFPEMTNKRQVNAGTNDNADPRCEYAR,0.9750054,0.9750054,5,10229,496
LRPYSTDWHEGNPDNDHSTHTNNRERVPKRPNRPSSDKSSPPSMTNNRVVPAPTNDNRDPRDEYAR,0.9749088,0.9749088,5,10229,496
LRPYSYDWYEGNPDNDHSTHTNNRERARKRPNRDCSDKISPPSWTNNRVVPAPTNDNRDPRDEYDR,0.974144,0.974144,5,10229,496
KRPYSQHWYEGNPDNDHSTHTNNDEDCPERVNRPSSHSESPPEMTNKRSVPAGTNDNADPRQEYAR,0.9740019,0.9740019,5,10229,496
MRPYSTHWNEGNPDNDHSTHQNNDERVPKRVTRPSSDAESKPEYTNNRNVPAETNDNADERNEYAR,0.97390026,0.97390026,5,10229,496
LRPYSYDWYEGNPDNDHSDHTNNRERKPKRPNRPCKDKSSPPSMTNNRVVPAPTNDNRDPRDEYMR,0.9738864,0.9738864,5,10229,496
KRPYSQHWYEGNPDNDHSTTTNNDEDQPERVNRPSSDAESLPEMTNKRSVPAGTNDDADDRQEYAR,0.97386545,0.97386545,5,10229,496
LRPYSYDWYEGNPDNDKSTHTNNRERAPKRPNRPCSDKSSPPSMQNNRVVPAPTNDNRDPRDEYMR,0.9736251,0.9736251,5,10229,496
MRPYSTHWNEGNPDNDHSTHQNNDERVPKRVYRVSSDNESLPEYDNNRNVPAGTNDNADERNEYAR,0.97356987,0.97356987,5,10229,496
LRPYSTDWYEGNPDNDHSTHTNNRQRAGKRPNRPCSDKSSPPSWTNNRVVPAPTNDNRDPRDEYAR,0.97322726,0.97322726,5,10229,496
LRPYSTDWYEGNPDNDHSTHTNNRERAPKRPNRPCSDKSSPPSWTNNRVVPAPTNDNRDPRDEYAR,0.9732022,0.9732022,5,10229,496
MRPYSTHWNEGNPDNDHSTHQNNDERVNKRVNRPSSDAESLPEYTNNRNVPAKTNDNADEPNEYAR,0.97319,0.97319,5,10229,496
MRPYSTHWNEGNPDNDHSTHQNNDERVNKRVNRPSSDAESLPEYTNNRNVPAKTNDNADERNEYAR,0.97305804,0.97305804,5,10229,496
LRPNPTDWYEGNPDNDHSTHTNNRERVPKRPNRPCSDKSSPPSMTNNRVVPAPTNDNRDPRDEYAR,0.9729706,0.9729706,5,10229,496
KRPYSTHWEEGNPDNDHSTHKNNRERGPERVNRPHSDAESFQEMTNKRSVPAGTNDNADPRCEYAR,0.9727936,0.9727936,5,10229,496
LRPYSYDWYEGNPDNDHSTHTNNRERARKRPNRPCSDKSSPPSWTNNRVVPAPTNDNRDPRDEYMR,0.97275645,0.97275645,5,10229,496
LRPYSYDWYEGNPDNDHSTHTNNRERARKRPNRPCSDKSSPPSMTNNRVVPSPTNDNRDPRDEYMR,0.97253156,0.97253156,5,10229,496
MRPYSTHWNEGNPDNDHSTHQNNDERVPKRVNRPSSDAESLPEQTNNRNVPAGTNDNADERNEYAR,0.97204226,0.97204226,5,10229,496
LRWYSTDWYEGNPDNDHSTHTNNRNRAPKRPNRPCCDKSSPPSNKNNRVVPAPTNDNRDPRDEYAR,0.97179294,0.97179294,5,10229,496
MRPQSTHWREGNPDNDHSTHQNNDERVPKRVHRPSSDASSFPERTNNRTVPNGTNDNADETTEYAR,0.9716234,0.9716234,5,10229,496
DCPPSHHWYEGNPDNDNSGWTWNFMRKPKRNNRPYSDYESWPRMRNNRVEPWGKNDNADHRNEYAS,0.97145855,0.97145855,5,10229,496
MRNYSGHFYEGNPDNDHSRNTWQFERVPKRYNRPSSDAESNPEWTNNRKNPRGTNDNADPRQEYAR,0.9714314,0.9714314,5,10229,496
KRPYSTHWEEGNPDNDPSTHKNNRERGPERVNRPHSDAESFPEMTNKRSVPAGTNDNADPRCEYAR,0.97137195,0.97137195,5,10229,496
DPPPSHHWYEGNPDNDHSGWTWNFMRKPKRNNRPYSDYESWPEMTNNRVEPWGKNDNADPRNEYAR,0.9711647,0.9711647,5,10229,496
ARPYSNHDIEGNPDNDHSTHTNNFERVPKRVNRPNSDAESNPGPTNNRYNPARTNDNFDPRGEYAR,0.97112614,0.97112614,5,10229,496
LRPYSYDWHEGNPDNDHSTHTNNRERARKRPNRPCSDKSSPPSMTNNRVVPAPTNDNRDPRDEYMR,0.97064734,0.97064734,5,10229,496
DCPPSHHWYEGNPDNDNSGWTWNFMRKPKRNNRPYSDYESWPRMRNNRVEPWGKNDNADPRNEYAS,0.9705466,0.9705466,5,10229,496
KRPYSQHWYEGNPDNDHSTHTNNDEDQPERVNRPSSDAESLPEMTNKRSVPAGTNDNADDRQEYAR,0.970533,0.970533,5,10229,496
ERLLSTHWRQGNWDNDHSRHTNNSDTVPKRVDGAKSDAESLPEQTHNRNTREGTNDNYDERSDYSR,0.9701376,0.9701376,5,10229,496
MRNYSGHWYEGNPDNDHSTNTWQFERVPKRYNRPSSDAESNPEMTNNRKNPRGTNDNADPRQEYAR,0.96995634,0.96995634,5,10229,496
KRPYSTHWEEGNPNNDHSTHKNNRERGPERVNRPHSDAESFQEMTNKRSVPAGSNDNADPRCEYAR,0.96993333,0.96993333,5,10229,496
LRPYSYDWYEGNPDNDHSDHTNNRERAPKRPNRPCKDKSSPPSMTNNRVVPAPTNDNRDPRDEYMR,0.96967554,0.96967554,5,10229,496
LRPYSTDWYEGNPDNDHSTHTNNRNRAPKRPNRPCCDKSSPPSMKNNRVVPAPTNDNRDPRDEYAR,0.9696298,0.9696298,5,10229,496
ERLLSTHWRQGNWDNDHSRHTNNSDTVPKRVDGAKSDAESLPEQTHNRNTPEGTNDNYDERSDYSR,0.9695898,0.9695898,5,10229,496
KRPYSTHWELGNPDNDHSTHKYNRERGPERVNRPHSDAESFPEMTNKRSQPEGTNDNADPRCEYAR,0.9692928,0.9692928,5,10229,496
LRPYPTDWYEGNPDNDHSTHTNNRERVPKRPNRPCSDKSSPPSMTNNRVVPAPTNDNRDPRDEYAR,0.9690233,0.9690233,5,10229,496
LRPYSTDWYEGNPDNDHSTHTNNRERAPKRPNRPCSDKSSPPSMSNNRVVPAPTNDNRDPRDEYAR,0.968658,0.968658,5,10229,496
DDPPSLHWYEGNPDNDNSGWTWNFMRKPKRNNRPYSDYESWPRMRNNRVEPWGKDHNADHRNEYAS,0.9685315,0.9685315,5,10229,496
DPPPSHHWYEGNPDNDHSGWTWNFMRKPKRNNRPYSDYESWPEMTNNRVEPWGKNDNADPRNEYAS,0.9685195,0.9685195,5,10229,496
MRPYSTHWNEGNPDNDHSTHQNNDERVPKRVNRPSSDAESLPEYTNNRNVPAGTNDNADERNKYAR,0.9684144,0.9684144,5,10229,496
LRPYSTDWYEGNPNNDHSTHTNNRERVPKRPNRPSSDKSSPPSMTNNRVVPAPTNDNRDPRDEYAR,0.96838623,0.96838623,5,10229,496
LRPYSYDWHEGNPDNDHSTHTNNRERARKPPNRPCSDKSSPPSMTNNRVVPAPTNDNRDPRDEYMR,0.96832913,0.96832913,5,10229,496
ERLLSTHWRQGNWDNHHSRHTNNSDTVPKRVDGAKSDAESLPEQTHNRNTREGTNDNYDERSDYSR,0.9681566,0.9681566,5,10229,496
LRPYSTDWYEGNPDNDHSTHTNNRKRVPKRPNRPSSDKSSPPSMTNNRVVPAPTNDNRDPRDEYAR,0.9681497,0.9681497,5,10229,496
LRPYSTDWHEGNPDNDHSTHTNNRERVPKRPNRPSSDKSSPPSMTNNRVVPAPTNGNRDPRDEYAR,0.96807575,0.96807575,5,10229,496
LRPYSTDWYEGNPDNDHSTHTNNRNRAPKRPNRPCSDKSSPPSMTNNRVVPAPTNDNRDPRDEYAR,0.9678413,0.9678413,5,10229,496
LRPYSYDWYEGNPDNDKSTHTNNRERAPKRPNRPCSDKSSPPSMTNNRVVPAPTNDNRDPRDEYMR,0.9677811,0.9677811,5,10229,496
LRCYSYDWYEGNPDNDHSTHTNNRERAPKRPNRPCSDKSSPPSMTNNRVPPAPTNDNRDPRDEYMR,0.96755826,0.96755826,5,10229,496
LRPYSTDWYEGNPDNDHSTHTNNRERVPKRPNRPSSDKSSPPSMTNNRVVSAPTNDNRDPRDEYAR,0.9673716,0.9673716,5,10229,496
MRNYSGHFYEGNPDNDHSTNTWQFERVPKRYNRPSSDAESNPEWTNNRKNPRGTNDNADPRQEYAR,0.96737146,0.96737146,5,10229,496
KRPYSTHWEEGNPDNDHSTHKNNRERAPERVNRPHSDAESFPEMTNKRSVPAGTNDNADPRCEYAR,0.96734065,0.96734065,5,10229,496
LRPYSTDWYEGNPDNDHSTHTNNEERVPKRPNRPSSDKSSPPSMTNNRVVPAPTNDNRDPRDEYAR,0.96707433,0.96707433,5,10229,496
LRPYGTDWYEGNPDNDHSTHTNNRERSPKRPNRPSSDASSPPSMTNNRVVPAPTNDNRDPRDEYAR,0.96706766,0.96706766,5,10229,496
MRNYSGHFYEGNPDNDHSRNTWQFERVPKRYNRPSSDAESNWEHTNNRKNPRGTNDNADPRQEYAR,0.9670516,0.9670516,5,10229,496
RRPYQRHWDEGQPDNDRSTPHYPLERVPKRHNRPISDADSQPSDTNDRVMPWGSNDNADPRNEYAR,0.96669734,0.96669734,5,10229,496
DCPPSHHWYEGNPDNDNSGWTWNFMRKPKRNNRPYSDYESWPRMRNNRVEPWGKNHNADHRNEYAS,0.9665731,0.9665731,5,10229,496
MRPYSTHWNEGNPDNDHSTHGNNDERVPKRVNRPSSDAESLPEYTNNRNVPAGTNDNRDERNEYAR,0.9663176,0.9663176,5,10229,496
LRPYSYDWYEQNPDNDHSTHTNNRERARKRPNRPCSDKSSPPSMTNNRVVPAPTNDNRDPRDEYMR,0.9663064,0.9663064,5,10229,496
LYPYSTDWYEGNPDNDHSTHTNNRERVPKRPNRPQSDKSSPPSMTNNRVVPAPTNDNRDPRDEYAR,0.96626073,0.96626073,5,10229,496
WRPYSTHWNEGNPDNDHSTHQNNDERVPKRVYRPSSDAESLPEYTNNRNVPAETNDNADERNEYAR,0.9662275,0.9662275,5,10229,496
LRPYSTDWYEGNPDNDHSTHTNNRERAPKRPNRPCSDKSSPPSMTNNRVVDAPTNDNRDPRDEYAR,0.96611816,0.96611816,5,10229,496
MRPYSTSWNEGNPDNDHSTHQNNDERVPKRVNRPSSDAESLPEYTNNRNVPAGTNDNADERNEYAR,0.9660711,0.9660711,5,10229,496
KRPYSTHWEEGGPDNDHSTHKNNRERNPERVNRPAADAESFPEMTNKRSDPAGTNDNADPRCEYYR,0.9660611,0.9660611,5,10229,496
KRPYSQHWYEFNPDNDHSTTTNNDEDQPERVNRPSSDAESLPEMTNKRSVPAGTNDDADDRQEYAR,0.9660461,0.9660461,5,10229,496
LRPLSTDWYEGNPDNDPSTHTNNRERAPKRPNRPCSDKSSPPSMSNNRVVPAPTNDNRDPRNEYAR,0.9660455,0.9660455,5,10229,496
LRPNPTDWFEGNPDNDHSTHTNNRERVPKRPNRPCSDKSSPPSMTNNRVVPAPTNDNRDPRDEYAR,0.9658851,0.9658851,5,10229,496
LRPYSYDWYEGNPDNDHSTHTNNRERARKRPNRPCSDKSPPPSMTNNRVVPAPTNDNRDPRDEYMR,0.9658731,0.9658731,5,10229,496
KRPYSQKWYEFNPDNDHSTTTNNDEDQPERVNRPSSDAESLPEMTNKRSVPVGTNDDADDRQEYAR,0.9655993,0.9655993,5,10229,496
LRPYSTDWYEGNPDNWHSTHTNNRERVPKRPNRPSSDKSSPPSMTNNRVVPAPTNDNRDPRDEYAR,0.9654768,0.9654768,5,10229,496
LRPYSYDWYEGNPDNDHSDHTNNRWRKPKRPNRPCKDKSSPPSMTNNRVVPAPTNDNRDPRDEYMR,0.96544313,0.96544313,5,10229,496
LRPYSYDWYEGNPDNDHPTHTNNRERARKRPNRPCSDKSSPPSMTNNRVVPMPTNDNRDPRDEYMR,0.9654389,0.9654389,5,10229,496
DPPPSTHWYEGNPDGDHSTQGWNFMRQPKRNNRPYSSYESQPEMTNNRGQPWGKNDNADPRCEYGR,0.96537614,0.96537614,5,10229,496
KRQTSQHWGEGNPDNEHSTHTNNDEDCPERVNRPSSHSEDDHETTNKRSRPRNTNDNAPPRQEYAR,0.99553007,0.99553007,6,12237,595
KRQTSQHWGEGNPDNEHSTHTNNDEDCPERVNRTSSHSEDDHETTNKRSRPRNTNDNAPPRQEYAR,0.9950127,0.9950127,6,12237,595
KRQYSQHWGEGNPDNEHSTHTNNDEDCPERVNRPSSHSEDDHETTNKRSRPRNTNDNAPPRQEYAR,0.99464417,0.99464417,6,12237,595
MRPQSTHWNEGNPDNRHSTHQNNDERVPKRYHRPSSDASTHPERTNNRTRPNGTNDNADETNEYQR,0.9943145,0.9943145,6,12237,595
KRQYSQHWGEGNPDNEHSTHTNNDEDCPERVNRPSSHSEDEHETTNKRSRPRNTNDNAPPRQEYAR,0.9938897,0.9938897,6,12237,595
LRPYSYDWAEGNPDNDHSTENNNRERARKRPNRPESDKSPNPSMTNNRTVPRPTNDNRDPRDEYDR,0.99348867,0.99348867,6,12237,595
LRPYSYDWAEGNPDNDHSTENNNRERARKRPNRPESDKSPPPSMTNNRTVPRPTNDNRDPRDEYDR,0.99326646,0.99326646,6,12237,595
LRPYSYDWAEGNDDNDHSTRNNNRERARKRPNRPESDKSPNPSMTNNRTVPRPTNDNRDPRDEYDR,0.99251705,0.99251705,6,12237,595
LRPYSYDWAEGNPDNDHSTRNNNRERARKRPNRPESDKSPNPSMTNNRTVPRPTNDNRDPRDEYDR,0.9923152,0.9923152,6,12237,595
ERPYSTDWYEGNPDNDHSTHTPNRERAPKRPNRPCSDKSSPPQMTNNRVKPDPTNDNRDPRDEYAE,0.99172133,0.99172133,6,12237,595
DPPPKHDDYEGNPDNDHSGHQWNKMRKPKRNNRPYSDKESWPEMTNNRVEPWGKNDNADPRNEYAR,0.991581,0.991581,6,12237,595
LRPYSYDWYEGNPDNDHSTENNNRERARKRPNRPCSDKSPPPSMTNNRTVPRPTNDNRDPRDEYMR,0.9910261,0.9910261,6,12237,595
MRPQSTHWNEGNPDNRHSTHQNNDERVPKRYHRPSSDASSFPERTNNRTRPNGTNDNADETNEYQR,0.9909711,0.9909711,6,12237,595
LREYSCDWAEDNDDNDHSTRNNNRERARKRPNRPESDKSMNPSSTNNRTKPRPVNDNRDPRDEYDR,0.9906871,0.9906871,6,12237,595
LRPYSYDWAEGNPDNDHSTENNNRERARKRPNRPESDKSPPPSMTNNRTVPRPTNDNRDPRDEYMR,0.99061614,0.99061614,6,12237,595
KRQYSQHWGEGNPDNEHSTHTNNDEDCPERVNRPSSHSEDEHETTNKRSVPRNTNDNADPRQEYAR,0.99036705,0.99036705,6,12237,595
MRPQSTHWNEGNPDNDHSTHQNNDERVPKRVHRPSSDASSFPERTNNRTRPNGTNDNADETNEYQR,0.9902266,0.9902266,6,12237,595
KRPNSQHWNEGNPDNDHSTHTNNDEDCPERVNRPSSHSESPEEMTNKRSMPAGTNDNADPRQEYAR,0.9901793,0.9901793,6,12237,595
LRPYSCDWAEGNDDNDHSTRNNNRERARKRPNRPESDKSPNPSSTNNRTVPRPTNDNRDPRDEYDR,0.9898565,0.9898565,6,12237,595
KRQTSQHWGEGNPDNEHSTCTNNDEDCPERVNRTSSHDEDDHETTNTRSRPRNTNDNAPPRQEYAR,0.98969483,0.98969483,6,12237,595
KRQTSQHWGEGNPDNEHSTCTNNDEDCPERVNRTSSHSEDDHETTNTRSRPRNTNDNAPPRQEYAR,0.98961186,0.98961186,6,12237,595
KRQTSQHWGEGNPDNEHSTCTNNDEDCPERVNRTSHHDEDDHETTNTRSRPRNTNDNAPPRQEYAR,0.9893305,0.9893305,6,12237,595
KRPNSQHWNEGNPDNDHSTHTNNDEDCPERVNRPSSHSESPPEMTNKRSMPAGTNDNADPRQEYAR,0.9893119,0.9893119,6,12237,595
EFPYSYDIEEGNPDNDTSTNTNNRERARKRPNRPCSDKKKPPDMTNNRTNRAPTNDNRAPRREYMR,0.9891073,0.9891073,6,12237,595
EFPYSYDIHEGNPDNDHSTNTNNRERARKRPNRPCSDKSKPPSMTNNRTNRAPTNDNRDPRDEYMR,0.98877,0.98877,6,12237,595
ERPYSTDWYEGNPDNDHSTHTPNRERAPKRPNRPCSDKSSPPQMTNNRVKPDPWNDNRDPRDAYAE,0.9885543,0.9885543,6,12237,595
EFPYSYDIEEGNPDNDTSTNTNNRERARKRPNRPCSDKKKPPDMTNNRTNDAPTNDNRAPRREYMR,0.98825085,0.98825085,6,12237,595
EFPYSYDIEEGNPDNDTSTNTNNRERADKRPNRPCSDKKKPPDMTNNRTNRAPTNDNRAPRREYMR,0.98802906,0.98802906,6,12237,595
ERPYSYDWYEGNPDNDHSTHTNNRERAPKRPNRPCSDKSSPPSMTNNRVPPAPTNDNRDPRDEYMR,0.9879561,0.9879561,6,12237,595
LRPYSTDWYEGNPDNDHSTHTNNRERVPKRPNRPSSDKSSPPSMTNNREHPAPTNDNRDPRDEYAR,0.98779684,0.98779684,6,12237,595
LRPYSCDWAEGNDDNDHSTRNNNRERARKRPNRPESDKSPNPSMTNNRTVPRPTNDNRDPRDEYDR,0.98768264,0.98768264,6,12237,595
MRPQQTHWNEGNPDNCHSTHQNNDERVPKRYHRPSSDASTHIERTNNRTRPNGTNDNADETNEYQR,0.98765767,0.98765767,6,12237,595
LRPYSCDWAEGNDDNDHSTRNNNRERARKRPNRPESDKSPNPSSTNNRTVPRPVNDNRDPRDEYDR,0.9870647,0.9870647,6,12237,595
DPPPKHDDYEGNPDNDHSGHQWNKMRKMKRNNRPYSDKESWPEMTNNRVEPWGKNDNADPRNEYAR,0.986917,0.986917,6,12237,595
EFPYSYDIEEGNPDNTTSTNTNNRERARKRPNRPCSDKKKPPDMTNNRTNDAPTNDNRAPRREYMR,0.9868715,0.9868715,6,12237,595
ERPYSYDIHEGNPDNDHSTNTNNRERARKRPNRPCSDKSKPPSMTNNRVNRAPTNDNRDPRDEYMR,0.9868307,0.9868307,6,12237,595
LRPNPTDMYEGNPDNDHSTHTNNRERQPKRPNRPCSDKDSPPSMTNNRVRPAPTNDNRDPRDEYAR,0.98664445,0.98664445,6,12237,595
MRPQQTHWNEGNPDNCHSTHQNNDERVPKRYHRPSSDAQTHIERTNNRTRPNGTNDGADETNEYQR,0.9866441,0.9866441,6,12237,595
KRPYSQHWNEGNPDNDHSTHTNNDEDCPERVNRPSSHSESPPEMTNKRSMPAGTNDNADPRQEYAR,0.98622805,0.98622805,6,12237,595
KRPYSTHWEEGNPDNDHSTHKNNRERGPERVNRPHSDAESEPEMTNKRSWPAGTNDNADPRCEYAR,0.9862184,0.9862184,6,12237,595
LRPCSEDWYEGNPDNDHSTHTNNRERARKRPNRPCSDKSSPPSWTNNRCVPAPTNDNRDPRDEYDR,0.98620266,0.98620266,6,12237,595
LRPYSYDWHEGNPDNDHSTNTNNRERARKRPNRPCSDKSKPPSMTNNRVNPAPTNDNRDPRDEYMR,0.9860205,0.9860205,6,12237,595
KRQTSQHWGEGNPDNEHSTCTNNDEDCPERVNRTSHIDEDDHETTNTRSRPRNTNDNAPWRQEYAR,0.9859687,0.9859687,6,12237,595
LRPYSYDWGEGNPRNDHSTQTNNRERAPKRPNRPCSDKSSPPSMTNNRVPPAPTNDNRDPRDEYPR,0.98596317,0.98596317,6,12237,595
MRPQSTHWNEGNPDNDHSTHQNNDERVPKRQNRPSSDASSFPERTNNRNVPNGTNDNADQTNEYAR,0.9859321,0.9859321,6,12237,595
LRPYSYDWHEGNPDNDHSTNTNNRERARKRPNRPCSDKSSPPSMTNNRVNPAPTNDNRDPRDEYMR,0.98585594,0.98585594,6,12237,595
LREYSCDWAEDNDDNDHSTRNNNRERARKRPNRPESDKSMNPSSTNNRTVPRPVNDNRDPRDEYDR,0.9858516,0.9858516,6,12237,595
KRPYSTHWEEGNPDNDHSTHKNNREKGPERVNRPHGDAESFPEMTNKRSVPAGTNDNADPREEYAR,0.9858014,0.9858014,6,12237,595
KRQYSQHWNEGNPDNEHSTHTNNDEDCPERVNRPSSHSEDPHEMTNKRSVPAGTNDNADPRQEYAR,0.9857056,0.9857056,6,12237,595
DPPPKHDDYEGNPDNDHSGHQWNKMRKMKRNNRPYSDKESWPEMTNNRVEPWGKNDNADPRKEYAR,0.98567027,0.98567027,6,12237,595
KRQYSQHWGEGNPDNEHSTHTNNDEDCPERVNRPSSHSEDEHETTNKRSVPANTNDNADPRQEYAR,0.98566866,0.98566866,6,12237,595
MRPYSTHWNEGNPDNDHSTHQNNDERVPKRVNRPSKDAESFPERTNNRNVPNGTNDNADERNEYAR,0.98548174,0.98548174,6,12237,595
LRPYSYDWGEGNPRPDHSTQTNNRERAPKRPERPCSDDSSPPRMENNRVPPAPTNDNRDPRDEYPR,0.98546314,0.98546314,6,12237,595
EFPYSYDIHEGNPDNDTSTNTNNRERADKRPNRPCSDKKKPPDMTNNRTNRAPTNDNRAPRDEYMR,0.9853897,0.9853898,6,12237,595
EFPYSYDIHEGNPDNDHSTNTNNRERARKRPNRPCSDKSKPPFMTNNRTNRAPTNDNRDPRDEYMR,0.9851756,0.9851756,6,12237,595
LRGYSTDWYEGNPDNDHSTHTNNRNRAPKRRNRPRSDNSSPPSNTNNRVVPAPTNDNRDPRDQYAK,0.9849572,0.9849572,6,12237,595
KRQYSQHWGEGNPDNEHSTHTNNDEDCPERVNRPSSHSEDPHEMTNKRSVPANTNDNADPRQEYAR,0.9849058,0.9849058,6,12237,595
MRPYSTHWNEGNPDNDHSTHQNNDERVPKRVYRPPSDNESLPEYDNKRNVPAGTNDNADERNEYAR,0.98480517,0.98480517,6,12237,595
EFPYSYDIHEGNPDNDTSTNTNNRERADKRPNRPCSDKKKPPDMTNNRTNRAPTNDNRAPRREYMR,0.9847478,0.9847478,6,12237,595
KMPYGTHWEEGNNDNDHSTHKNNREKGPERVNRPHSDAESFPEMTNKRSVPAGTNDNADPREEYAR,0.9846903,0.9846903,6,12237,595
LRPCSEDWYEGNPDNDHSTHTNNRERARKRPERPCSDKSSPPSWTNNRCVPAPTNDNRDPRDEYDR,0.9845974,0.9845974,6,12237,595
MRPQSTHWNEGNPDNDHSTHQNNDERVPKRVNRPSSDASSFPERTNNRNVPNGTNDNPDETNEYAR,0.98454833,0.98454833,6,12237,595
ERPYSTDWYEGNPDNDHSTHTPNRERAPKRPNRPCADKSSPHQMTNKRVKPDPWNDNRDCRDAYAE,0.9844765,0.9844765,6,12237,595
KRPYHQHWYEGNPDNDHSTHTNNDEDVPERVNRPRSDSESPPEMTNKRSVPAWHNDNADPREEYAR,0.98441434,0.98441434,6,12237,595
LRPYSTDWHEGNPDNDHSTHTNNRERVPKRPNRPSSDKSSPPSMTNNRQVPAPTNDNRDPRDEYAR,0.9844022,0.9844022,6,12237,595
KRPNSQHWNEGNPDNDHSTHTNNDEDCPERVNRPSSHSESPEEMTNKRSMPAGTNDNADPRQIYAR,0.98422396,0.98422396,6,12237,595
LRPYSTDWEEGNPDNDHSTHTNNRQCAGKRPNRPCSDKSSPPSWTNNRPRPAKTNWKRDPRDEWAR,0.9841853,0.9841853,6,12237,595
KRPYSDHWEEGNPDNDHSTHKNNRERNPERVNRPHADAESFPEMTNKRSDPAGTNDNADPRCEYYR,0.98404616,0.98404616,6,12237,595
KRQYSQHWGEGNPDNEHSTHTNNDEDCPERVNRPSSHSEDEHEMTNKRSVPANTNDNADPRQEYAR,0.98400235,0.98400235,6,12237,595
KRPYSTHWEEGNPDNMRSTHKNNRERGPERVNRPHSDAESFPEMTNKRQVPAGTNDNADPRQEYAR,0.9840019,0.9840019,6,12237,595
LRPYSYDWGEGNPRPDHSTQTNNRERAPKRPNRPCSDKSSPPSMTNNRVPPAPTNDNRDPRDEYPR,0.9839751,0.9839751,6,12237,595
LRPYSYDWGEGNPRPDHSTQENNRERAPKRPERPCSDDSSPPRMENNRVPPAPTNDNRDPRDAYPR,0.9836963,0.9836963,6,12237,595
LRGYSTDWYEGNPDNDHSTHTNNRNRAPKRRNRPRSDRSSPPSNTNNRVVPAPTNDNRDPRDEYAK,0.98364717,0.98364717,6,12237,595
KRPFSTHREEGNPDNDHSTHKNNRIRGPERVNRPHSDAESFQEMTNKRSNPTGTNDNADPRCEYAR,0.9835812,0.9835812,6,12237,595
KRPYSTHWEEGNPDNDHITHKNNRERGPERVNRPHSDAESFPEMTNKRSWPAGTNDNADPRGEYAP,0.98358077,0.98358077,6,12237,595
LRPYSYDWYEGNPDNDHSDHTNNRERAPKRPNRPCKDKSSPPSMTNNRVRPAPTNDNRDPRDEYMR,0.98353106,0.98353106,6,12237,595
KRQTSQHWGEGNPDNEQSTCTNNDEDCPERVNRLSHIDEDDHETTNTRSRPRHTNDNAPWRQEYAR,0.98346764,0.98346764,6,12237,595
LRPYSYDWGEGNPRPDHSTQTNNRERAPKRPERPCSDKSSPPSMTNNRVPPAPTNDNRDPRDEYPR,0.9834471,0.9834471,6,12237,595
KRPYSQHWYEGNPDNDHSTHTNNDEDVPERVNRPRSDSESPPEMTNKRSVPAWHNDNADPRQEYAR,0.9834231,0.9834231,6,12237,595
DPPPSHHWYEGNPDNDHSGHTWNFMTKPKRNNRPYSDYESQPEMTNNRVEPWGKNDNNDPRNEYPR,0.9833957,0.9833957,6,12237,595
LREYSCDWAEDNDDNYHSTRNNNRERARKRPNRPESCKSMNPSSTNNRTKPRPVNDNRDPRDEYDR,0.983253,0.983253,6,12237,595
KRPYSTHWEEGNPDSDHSTHKYNRERGPERVNRPHSDAESFPEMTNKRSQPEGTNDNADPRCEYAR,0.9832455,0.9832455,6,12237,595
LRPYSYDWHEGNPDNDHSTHTNNRERARKRPNRPCSDKSSPPSMTNNRNVPAPTNDNRDPRDEYMR,0.98323894,0.98323894,6,12237,595
KRPYSTHWEEGNPDNDHSTHKNNREKGPERVNRPHSDAESFPEMTSKRSVPAGTNDNADPREEYAR,0.9832064,0.9832064,6,12237,595
LRPYSCDWAEGNDDNDHSTRNNNRERARKRPNRPESDKSMNPSSTNNRTVPRPVNDNRDPRDEYDR,0.9831891,0.9831891,6,12237,595
DPPPSHHWYEGNPDNDHSGHTWNFMRKPKRNNRPYSDYENQPEMTNNRVEPWGKNDNNDPRNEYAR,0.98310673,0.98310673,6,12237,595
MRPYSTHWNEENPDNDHSEHQNNDERNPKRITRPSSDAESKPEYTNNRNVPAETNDNWDERNEYAR,0.98305213,0.98305213,6,12237,595
LQPYSPDWYEGNPDNDHSTHTNNRERARKRPNRPCSDKSSPPSWTNNRVVPAPTNDNRDPRDEYDR,0.98304915,0.98304915,6,12237,595
WRPVQTHWNEGNPDNCHSTHQNNDERVPKRYHRPSSDAQHHIERTNNRTRPNGTNDGADETNEYQR,0.98304904,0.98304904,6,12237,595
MRPVQTHWNEGNPDNCHSTHQNNDERVPKRYHRPSSDAQTHIERTNNRTRPNGTNDGADETNEYQR,0.9830367,0.9830367,6,12237,595
MRPYSTHWNEGNPDNDHSTHQNNDERDPKRVTRPSSDAESKPEYTNNRNVPAETNDNWDERNEYAR,0.9829959,0.9829959,6,12237,595
NPPPSHHWYEGNPDNDHSDHVWNFMRKPKRNNRQYSDYENDPESTNNRVEPWGKNDNNDPRNEYAR,0.98295885,0.98295885,6,12237,595
ERPCSTDWYEGNPDNDHSTHTPNRWRAPKRPNRPCADKSSPHKMTNKRVKPDPWNDNRDCRDAYAE,0.98295397,0.98295397,6,12237,595
LRPYSYDWHEGNPDNDHSTHTNNRERARKRPNRPCSDKSSPPSMTNNRVNPAPTNDNRDPRDEYMR,0.9829107,0.9829107,6,12237,595
ERPYSTDWYEGNPDNDHSTHTPNRERAPKRPNRPCADKSSPHQMTNNRVKPDPWNDNRDCRDAYAE,0.9828554,0.9828554,6,12237,595
KRPYSQHWNEGNPDNDHSTHTNNDEDCPERVNRPSSHSESPHEMTNKRSVPAGTNDNADPRQEYAR,0.98272336,0.98272336,6,12237,595
KRPYSQHWNEGNPDNDHSTHTNNDEDCPERVNRPSYHSESPPEMTNKRSVPAGPNDNADPRQEYAR,0.9827031,0.9827031,6,12237,595
KRPYSTHWEEGNPDNDHSTHKNNREKGPERVNRPHSDAESFPEMTNKRSVWAGTNDNADPREEYAR,0.98267984,0.98267984,6,12237,595
LRGYSTDWYEGNPDNDHSTHTNNRNRAPKRRNRPRSNNSSPPSNTNNRVVPAQDNDNRDPRDQYAK,0.98261607,0.98261607,6,12237,595
KRPYSTHWEEGNPDNDHDTHKNNREKGPERVNRPHSDAESFPEMTNKRSNPAGTNDNADPREEYAR,0.99250776,0.99250776,7,14322,694
KRPESTHREEGNPDNDRSTEKNSRERGLNRVNRPHSDAESPPEMRNKRQVPAGCNDNADTREEYAR,0.9903195,0.9903195,7,14322,694
KRPYSTHWEEGNPDNDHDTHKNNREKGPERVNRPHSDAESFPEMTNKRQNPAGTNDNADPRGEYAR,0.9897865,0.9897865,7,14322,694
KRPESTHREEGNPDNDRSTEKNSRERGLERVNRPHSDAESPPEMTNKRQVPAGCNDNADPREEYAR,0.98971236,0.98971236,7,14322,694
KEPYSHVWEEGNPDNDHETHKYNRRRGPERSNRPHSDAESFPEMTNKRSVPEGKNDNADPRQEYAR,0.989474,0.989474,7,14322,694
KRPYSTHWEEGNPDNDRSTHKNNRERGPERVNRPHSDAESFPEMTNKRQVPAGTNDNADPREEYAR,0.9893947,0.9893947,7,14322,694
KEPYSHVWEEGNPDNDHETHKYNRRRGPERSNRPHSDAESFPEMTNKRSVPEGTNDNADPRQEYAR,0.9893813,0.9893813,7,14322,694
KRPYGTHWEEGNPDNDRSTEKNNRNRGPERVNRPHSDNESFPEMTNKRQVNAGTNDNADPRCEYHR,0.9888337,0.9888337,7,14322,694
KRPESTHWEEGNPDNDRSTEKNSRERGLERVNRPHSDAESPPEMTNKRQVPAGCNDNADPREEYAR,0.9888104,0.9888104,7,14322,694
KRPYSQHWYESNPDNDHSTHTNNDEDVPERVNRPSSDSESPPEMTNKRSEPHGTNDNADPRQEYAR,0.98877615,0.98877615,7,14322,694
KRPESTHREEGNPDNDRSTEKNSRERGLNRVQRPHSDAESPPEMRNKRQVPAGCNDNADTREEYAR,0.98860604,0.98860604,7,14322,694
LRPYSTDWHEGNPDNDHSTHTNNRERVPKRPNRPSSDKSSPPSMTNNRGVPRPTNDNRDPRDEYAR,0.98852974,0.98852974,7,14322,694
KRPESTHREEGNRDNDRSTEKNSRERGLNRVQRPHSDAESPPEMRNKRQVPAGCNDNADTREEYAR,0.9883769,0.9883769,7,14322,694
KRPYSGHWYEGNPDDDQTTHTNNDEDQPERNNRPSKDAEQLPEMTNKRSVPAGHNDNADDEQEYAR,0.9883486,0.9883486,7,14322,694
KRPESTHREEGNPDNDRSTEKNSRERGLNRVNRPHSDAESPPEMTNKRQVPAGCNDNADPREEYAR,0.9882587,0.9882587,7,14322,694
KRPYSTHWEEGNPDNDRSTHKNSRERGPERVNRPHSDAESFPEMTNKRQVPAGTNDNADPREEYAR,0.9881995,0.9881995,7,14322,694
LQPYSYDWREGNPDNDHSEHDNNRERAPKKPNRPCKDKSSPPSMTNNRVVPAPPNDNRDPRDEQKR,0.9878796,0.9878796,7,14322,694
LRPYSTDWHETNPDNDHTTHEGNRERVKKRPENPSSDKRSPPSMRNNRWVPPPTNDNRDIRDEYGR,0.98777664,0.98777664,7,14322,694
KRPYSTHWEEGNPDNDHSTHKNNREKGPERVNRPHSDAESFEEMTNKRSVPAGTNDNADPREEYAR,0.98765475,0.98765475,7,14322,694
KRPYSTHWEEGNPDNDRSTHKNSRERGLERVNRPHSDAESPPEMTNKRQVPAGTNDNADPREEYAR,0.9866084,0.9866084,7,14322,694
MRPYSTHWNEGNPDNDHSTHQNNDERVPKRVNRPSSDAESFPERNNNRNVPNGTNDNADERNEYAR,0.98655206,0.98655206,7,14322,694
ERPGSTDRHELNDDNDGSTHTNNRNRRPRRPNRPCPDQSSPGSMTNNRVVPAPTNDNRDFEDEYAR,0.9864873,0.9864873,7,14322,694
KRPESTHREEGNPDNDRSTEKNSRERGLNRVNRPHSDAESPPEMTNKRQVPAGCNDNADTREEYAR,0.9864281,0.9864281,7,14322,694
KRPYSTHWEEGNPDNDRSTHKNNRNRGPERVNRPHSDNESFPEMTNKRQVNAGTNDNADPRCEYHR,0.98625135,0.98625135,7,14322,694
KRPYSTHWEEGNPDNDRSTHKNSRERGLERVNRPHSDAESPPEMTNKRQVPAGCNDNADPREEYAR,0.98618037,0.98618037,7,14322,694
ERPGSTDRHELNDDNDGSTHTNNRNRRPRRPNRPCSDQSSPGSMTNNRVVPAPTNDNRDFEDEYAR,0.9861712,0.9861712,7,14322,694
LRPYSNDWYEDNPDNDHSTHTNNRERAPKRPNRPCSDKSSPPSFTNNRVPPAPTNDNRDPRDEYMR,0.9861523,0.9861523,7,14322,694
KRPYGTHWEEGNPDNDRSTHKNNRNRGPERVNRPHSDNESFPEMTNKRQVNAGTNDNADPRCEYHR,0.9860963,0.9860963,7,14322,694
KRPYSTHWEEGNPDNDHSTHKNNREKGPERVNRPHHDAESFPEMTNKRSVPAGTNDNADPREEYAR,0.98595965,0.98595965,7,14322,694
KRPYSTHWEEGNPDNDRSTHKNNRERGPERVNRPHSDNESFPEMTNKRQVNAGTNDNADPRCEYHR,0.98593616,0.98593616,7,14322,694
MRPYSTHWNEGNPDNDHPTHQNNDERVPKRVNRPSSDAESFPERTNNRNVPNGTNDNADERNEYAR,0.98576164,0.98576164,7,14322,694
PRPYSYDWYEGNPDNDHSTHTNNRERARKRPNRPCSDKSSPPSWTNNRVVPAPTNDNRDPRDEYDR,0.98534006,0.98534006,7,14322,694
ERPGTTDRHELNDDNDGSTHTNNRNRRPRRPNRPCPDQSSPGSMTNNRVVPAPTNDNRDFEDEYAR,0.9853087,0.9853087,7,14322,694
KRPYSHHWEEGNPDNDHSTHKYNRERGPERSNRPHSDAESFPEMTNKRSVPEGTNDNADPRCEYAR,0.98528534,0.98528534,7,14322,694
KRPYSGHWYEGNPDDDQTTHTNNDEFQPERNNRPSKDAEQLPEMTNKRSVPAGHNDNADDEQEYTR,0.98525316,0.98525316,7,14322,694
KEPYSHVWEMNNPDNDHENHKYNRRRGPERSNRPHSDAESFPEMTNKRSVPNGRNDNADPRQEYAR,0.9852123,0.9852123,7,14322,694
LRPYSTDWHETNPDNDHTTHENNRERVKKRPENPSSDKRSPPSMTNNRWVPPPTNDNRDIRDEYGR,0.98516995,0.98516995,7,14322,694
DDPPSLHWYEGNPDNDNSNWTWNAMRKPKRNNRPYSDYESWPRMRNNRKEPWGKDHNADHRNEYAS,0.98510355,0.98510355,7,14322,694
KRPYSGHWYEGNPDDDQTTHTNNDEDQPERNNRPSSDAEQLPEMTNKRSVPAGTNDNADDEQEYAR,0.98508805,0.98508805,7,14322,694
KRPYSTHWEEGNPDNDHSTHKYNRERSPERVNRPHSDAESFPEMTNKRSQPEGTNDNADPRCEYAR,0.9850798,0.9850798,7,14322,694
PRPYKYDWYEGNPDNDHSTHTNNDERARKRPNRPNSDKSSPPSWTNDRVVPAPTNDNRDPRDEYDR,0.9850653,0.9850653,7,14322,694
KRPYSTHWEEGNPDNDHSTHKNNREKGPERVNRPHSDAESFPEMTNKESVPAGTNDNADPREEYAR,0.98500687,0.98500687,7,14322,694
KEPYSHVWEMNNPDNDHENHKYNRRRGPERSNRPHSDAESFPEMTNKRSVPEGKNDNADPRQEYAR,0.9848964,0.9848964,7,14322,694
KRPYSTHWEEGNPDNDRSTHKNNRERGPERVNRPHSDNESFPEMTNKRQVNAGTNDNADPRCEYAR,0.9848022,0.9848022,7,14322,694
KRPYGTHWEEGNPDNDRSTEKNNRNRGPEYVNRPHSDNESFPEMTNKRQVNAGTNDNADPRCEYHR,0.98478806,0.98478806,7,14322,694
PRPYSYDWYEGNPDNDHSTHTNNRERARKRPNRPCSDKSSPPSWTNDRVVPAPTNDNRDPRDEYDR,0.98464084,0.98464084,7,14322,694
KRPYSQHWYEGNPDNDHSTHTNNDEDVPERVNRPSSDSESPPEMTNKRSEPAGTNDNADPRQEYAR,0.98450744,0.98450744,7,14322,694
KRPYSGHWYEGNPDDDQTTHTNNDEFQPERNNRPSKDAEQLPEMTNKRSVPAGHNDNADDEQEYAR,0.98429674,0.98429674,7,14322,694
KRPESTHREEGNRDNDRSTEKNSRERGLNRVQRPHSDAESPPEMRNKRQVPAGCNDNADTREECAR,0.98426914,0.98426914,7,14322,694
MRPYSTHWNEGNPDNDHSTHQNNDERVNKRDNRPSSDAESLPEYTNNRNMPAKTNDNADERNEYAR,0.98425645,0.98425645,7,14322,694
KRPYSTHWEEGGPDNDHSTHKNNREKGPERVNRPHSDAESFPEMTNKRSVPAGTNDNADPREEYAR,0.9842339,0.9842339,7,14322,694
KRPESTHREEGNRDNDRSTEKNSRERGLNRVQRPHSDAESPPEMRNKRQVPAGCNDNAKTREECAR,0.98401916,0.98401916,7,14322,694
MRPQSTHWNEGNPDNDHSTHQNNDERVDKRVNRPSSDASSFPERTNNRNVPNGTNDNADETNEYAR,0.9840036,0.9840036,7,14322,694
ERPGTTDRHELNDDNDGSTHTNNRNRRPRRPNRPCPDQSSPGSMTNNRVVPAPTNDNRDFEPEYAR,0.9839335,0.9839335,7,14322,694
KRPYSTHWEEGNPDNDHSTHKNNREKGPERVNRPHSDAESFPEMTPKRSVPAGTNDNADPREEYAR,0.98386824,0.98386824,7,14322,694
LQPYSYDWREGNPDNDHSEHTNNRERAPKKPNRPCKDKSSPPSMTNNRVVPAPPNDNRDPRDEQKR,0.98379624,0.98379624,7,14322,694
KEPYSHVWEMSNPDNDHENHKYNRRRGPERSNRPHSDAESFPEMTNKRSVPEGKNDNADPRQEYAR,0.98375225,0.98375225,7,14322,694
LRPYSKDWYEGNPDNDHSDHTNNRERKPKRPNRPCKDKSSPPSDTNNRVVPAPTNDNRDPRDEYMR,0.98352826,0.98352826,7,14322,694
KRPYSQHWYESNTDNDHSTHTNNDEDVPERVNRPSSDEESPPEMTNKRSEMHGTNDNADPRQEYAR,0.9835201,0.9835201,7,14322,694
KRPYSQHWYESNTDNDHSTHTNNDEDVPERVNRPSSDSESPPEMTNKRSEMHGTNDNADPRQEYAR,0.9834329,0.9834329,7,14322,694
KRPYSTHWEEGNPDNDHSTHKYNRERGPERVNRPHSDAEHFPEMTNKRSQPEGTNDNADPRCEYAR,0.9833671,0.9833671,7,14322,694
KRPYSQHWNEGNPDNDHSTHTNNDQDCPERVNRPSSHSESPPEMTNKRSVPAGTNDNEDPRTEYAR,0.98336005,0.98336005,7,14322,694
DDPPSLHWYEGNPDNDNSGWTWNAMRKPKRNNRPYSDYESWPRMRNNRKEPWGKDHNADHRNEYAS,0.98336005,0.98336005,7,14322,694
LRPYSYDWYEGNPDNDHSTHNNPRERAPKRPNRPCSDKSSPPSMTNNRHVPAPTNDNRDSRDEYPR,0.9833013,0.9833013,7,14322,694
KRPYSTHWERGNPDNDHSTHKYNRERSPERVNRPHSDAESFPEMTNKRSQPEGTNDNADPRCEYAR,0.9832429,0.9832429,7,14322,694
LRPYSYDWHEGNPDNDHSTHHNNRERARKRPNRPCSDKSSPPSMTNNRVSPTPTNDNRDPWDEYIR,0.9831964,0.9831964,7,14322,694
LQPYSYDWREGNPDNDHSEHDNKRERAPKKPNRPCKDKSSPPSMTNNRVVPAPPNDNRDPRDEQKR,0.98319316,0.98319316,7,14322,694
MRPQSTHSREGNPDNDHSTHQNNDERVPKRVHRPSSDKSSFPERTNNRTVPNGTNDRADETNEYAS,0.9830714,0.9830714,7,14322,694
KRPYSGHWYEGNPDNDQTTHTNNDEDQPERNNRPSSDAESLPEMTNKRSVPAGTNDNADDEQEYAR,0.9829558,0.9829558,7,14322,694
LRPYSYDWYEGNPDNDHSTHNNNRERAPKRPNRPCSDKSSPPSMTNNRHVPAPTNDNRDSRDEYPR,0.9829457,0.9829457,7,14322,694
KRPYSQHWYEGNPDNDHSTHTNNDEDVPERVNRPSSDSESPPEMTNKRSVPAGTNDNADPRQEYQR,0.98294353,0.98294353,7,14322,694
KEPYSHVWEMGNPDNDHENHKYNRRRGPERSNRPHSDAESFPEMTNKRSVPEGKNDNADPRQEYAR,0.98292774,0.98292774,7,14322,694
LRPYSNDWYEDNPDNDHSTHTNNRERAPKRPNRPCSDKNSPPSFTNNRVPPAPTNDNCDPRDEYMR,0.98281926,0.98281926,7,14322,694
MRPQSTHWREGNPDNDHSTHQNNDERKPKRVHRPSSDASSFPERGNNRTVPNGTNDNADEETEYAK,0.98280567,0.98280567,7,14322,694
KRPYSTHWEEGNPDNDHSTHKYNRERGPERVNRPHSDAESFPEMTNKQSQPEGTNDNADPRCEYAR,0.98279357,0.98279357,7,14322,694
LRPYSTDWHEGNPDNDHSTHTNNRERVPKRPNRPSSDKSSPPSMTNNRGVPRPTNDNRDIRDEYAR,0.9827596,0.9827596,7,14322,694
LRPYSTDWHEGNPDNDHSTHTNNRERVPKRPNRPSSDKSSPPSMTNNRGVPAPTNDNRDPRDEYAR,0.98275894,0.98275894,7,14322,694
LRPYSTDWHETNPDNDHTTHTNNRERVKKRPENPSSDKRSPPSMTNNRGVPPPTNDNRDIRDEYAR,0.982669,0.982669,7,14322,694
KRPYSTHWEEGNPDNDHSTHKNNRERGPERVNRPHSDAESFQEMTNKRSVPKGTNDNADPRCEYAR,0.9826598,0.9826598,7,14322,694
KRPYSTHWEEGGPDNDHSTHKYNRERGPERVNRPHSDAESFEEMTNKRSQPEGTNDNADPRCEYAR,0.9826105,0.9826105,7,14322,694
LRPYSYDWYEGNPDNDHSTHNNPRERAPKRPNRPCSDKSGPPSMTNNRHVPAPTNDNRDSRDEYPR,0.9825837,0.9825837,7,14322,694
LRPYSTDWHETNPDNDHTTHEGNRERVKKRPENPSSDKRSPPSMTNNRWVPPPTNDNRDIRDEYGR,0.98254114,0.98254114,7,14322,694
DPPPSHHWYEGNPDNDHSGKTWNEMRKPKRNNRPYSDYESWPPMTNNRVEPWGKNDNADPRNEYAN,0.98249394,0.98249394,7,14322,694
MRPYSTHWNEGNPDNDHSTHQNNDERVPKRVNRPSSDAESFPERTNNRNVPHGTNDNADERNEYAR,0.9824468,0.9824468,7,14322,694
MRPQSTHWREGNPDNDHSTHQNNDERVPKRVHRPSSDKSSFPERTNNRTVPNGTNDRADETNEYAR,0.98242444,0.98242444,7,14322,694
KRPESTHRENGNRDNDRSTEKNSRERGLNRVQRPHSDAESPPEMRNKRQVPAGCNDNAKTREECAR,0.98241246,0.98241246,7,14322,694
LRPYSYDWREGNPDNDHSEHTNNRERAPKRPNRPCKDKSSPPSMTNNRVVPAPTNDNRDPRDEYKR,0.9824101,0.9824101,7,14322,694
KEPYSHMWEEGNPDNDHETHKYNRRRGPERSNRPHSDAESFPEMTNKRSVPEGTNDNADPRCEYAR,0.98237336,0.98237336,7,14322,694
LRPYSTDWHEGNPDNDHTTHTNNRERVKKRPENPSSDKRSPPSMTNNRGVPPPTNDNRDIRDEYAR,0.9823111,0.9823111,7,14322,694
MRPYSTHWNEGNYDNDHSTHQNNDERVPKRVNRPSSDAESFPERNNNRNVPNGTNDNADERNEYAR,0.9822611,0.9822611,7,14322,694
LRPYSYDWYEGNPDNDHSDHTNNRERKPKRPNRPCKDKSSPPSDTNNRVVPAPTNDNRDPRDEYMR,0.9822416,0.9822416,7,14322,694
LQPYSYDWREGNPDNDHSEHTNNRERAPKRPNRPCKDKSSPPSMTNNRVVPAPPNDNRDPRDEQKR,0.98217106,0.98217106,7,14322,694
LRPYSTDWHEGNPDNDHSTHTNNRERVPKRPNRPSSDKSSPPSMTNNRVVPRPTNDNRDPRREYAR,0.98207814,0.98207814,7,14322,694
KRPYSTHWEEGNNDNDHSTHKNNRERGPERVNRPHSDAESFPEMTNKRSWPAGTNDNADPRCEYAR,0.9820073,0.9820073,7,14322,694
LRCYHYDWYEGNPDNDPSTHDNNRERAPKRPNRPCSDKSSPPSETNNRVPPAPENDNRDPRDEYMK,0.9819854,0.9819854,7,14322,694
LRPYSYDWYEGNPDNDHSTHNNPRERAPERPNRPCSDKSGPPSMTNNRHVPAPTNDNRDSRDEYPR,0.9819786,0.9819786,7,14322,694
DPPPSHHWYEHNPDNDHSGWEWNFMRKPKRNNRPYSDYEQWPEMTNNRVRPWGKNDNADPRNEYAR,0.98196524,0.98196524,7,14322,694
LRCYHYDWYEGNPDNDPSTHDNNRERAPKRPNRPCHDKSSPPSETNHRVPPTPENDNRDPRDEYMK,0.9818202,0.9818202,7,14322,694
LRCYHYDWYEGNPDNDPSTHDNNRERAPKRPNRPCSDKSSPPSETNNRVPPAPENDNRDPRDEYMR,0.9817893,0.9817893,7,14322,694
MRPYSTTHNEGNPDNDHSTHQNNDERQPKRVTRGSSDYESHPEYTNNRNVPEETNDNHDERNEYAR,0.9925292,0.9925292,8,16420,793
LRPYSYDWYEGNPDNDHSTHTNNRERGRKRPNPPCSDKSSPPSQTNNRAWPAPTNDNRDPRDEYDR,0.99084926,0.99084926,8,16420,793
KRPPSTHWEEGNPDNDHSTHKNNREKGPERVNRPHSDAESKPEMTNKRSVPAGTNDNADPREEYAR,0.99074894,0.99074894,8,16420,793
KRPYSTHWEEGNPDNDHSTHKNNREKGPERVNRPHSDAESFPEMTNKRSLPPGTNDNADPREEKAR,0.9906487,0.9906487,8,16420,793
LRPYSYDWYEGNPDNDHSTHTNNRERGRKRPNRPCSDKSSPPSQTNNRAWPAPTNDNRDPRDEYDR,0.99057895,0.99057895,8,16420,793
MRPYSTTWNEGNPDNDHSTHQNNDERQPKRVTRGSSDYESHPEYTNNRNVPEETNDNHDERNEYAR,0.99025095,0.99025095,8,16420,793
LRPYSYDWYEGNPDNDHSTHTNNRERARKRPNRPCSDKSSPPSQTNNRAWPAPTNDNRDPRDEYDR,0.98995614,0.98995614,8,16420,793
KRPMSQHWNEGNPDNDHSTHTNNDEDCPERVNRSSQWSESPPEMPNKRSGPAGTNDNADPREEYAR,0.98958206,0.98958206,8,16420,793
LRPYSYDWYEGNPDNDHSTHTNNRERGRKRPNPPCSDKSSPPSQTNNRAWPAPTNDSRDPRDEYDR,0.9894601,0.9894601,8,16420,793
DPPPSHHWYEGNPDNDHSTHTWNFMRKPKRNNRPYSDYESQPEKTNNRPEPWGKNDNADPRNEYAR,0.9894132,0.9894132,8,16420,793
KRPYSQHWNEGNPDNDHSTHTNNDEDCPERVNRPSSHSESPPEMPNKRSGPAGTNDNADPRQEYAR,0.98939824,0.98939824,8,16420,793
KRPYSQHWNEGNPDNDHSTHTNNDEDCPERVNRPSSWSESPPEMPNKRSGPAGTNDNADPRQEYAR,0.9891262,0.9891262,8,16420,793
KRPYSTHWEEGNPDNDHSTHKYNRERGPERHNRPHSDAESFPEMTNKRSQPEGTNDNADPRCEYPR,0.9891143,0.9891143,8,16420,793
LRPYSYDWYEGNPDNDHSTHTNNRERIRKRPNRPCSDKSSPPSQTNNRAWPAPTNDNRDPRDEYDR,0.9887116,0.9887116,8,16420,793
LRPYSYDWYEGNPDNDHSTHTNNRERARKRPNRDRSDKPSPPSWTNNRVVPAPTNDNRDPRDEYDR,0.9886902,0.9886902,8,16420,793
MRPWSTHWNEGNPDNDHSTRQNNDERVPKGVYRPSSDNESNPEYDNNRNVPAGTNDNADERNEYAR,0.98868585,0.98868585,8,16420,793
KRPRSTHWEEGNPDNDRSTHKNNRERGPERVNRPHSDHESFPEMTNKRQVNAQTNDNADPRCEDAR,0.9886185,0.9886185,8,16420,793
KRPMSQHWNEGNPDNDHSTHTNNDEDCPERVNRSSSWSESPPEMPNKRSGPAGTNDNADPREEYAR,0.98858285,0.98858285,8,16420,793
MRPWSTHWNEGNPDNDHSTRQNNDHRVPKGVYRPSSDNESNPEYDNNRNVPAGTNDNADERNEYAR,0.9884189,0.9884189,8,16420,793
MRPYSTTHNEGNKDNDPSTHQNNDERQPKRVTRGSSDYESFPEYTNNRNVPEETNDNSDERNEYAR,0.9884064,0.9884064,8,16420,793
MRPYSTHWNEGNPDNDHSTHQNNDERQPKRVTRGSSDYESKPEYTNNRNVPEETNDNHDERNEYAR,0.9883908,0.9883908,8,16420,793
KRPYSTHWEEGNPDNDRSTHKNNRERGPERVNRPHSDRESSPEMTNKRQVPAGTNDNADPRCEYAR,0.98830634,0.98830634,8,16420,793
DPPPSHHWYEGNPDNDHSTHTWNFMRKPKRNNRPYSDYESQPEKTNNRPEPWGKNDNADPRNETAR,0.9882802,0.9882802,8,16420,793
MRPWSTHWNEGNPDNDHSTHQNNDERVPKRVYRPSSDNESNPEYDNNRNVPAGTNDNADERNEYAR,0.9882768,0.9882768,8,16420,793
LRPRSYDWYEGNPDNDHSTHTNNRERARKRPNRPCSDKSSGPSWTNNRVPPAPTNDNRDPRDERMR,0.98824406,0.98824406,8,16420,793
LRPSSYDWYEGNIDNDHSTHTNNREWGRKRPNPPCSDKSSPPSQTNNRKWPAPTNDSRDPRDEYDR,0.9882123,0.9882123,8,16420,793
KRPYSTHWEEGNPDNDHSTHKNNREKGPERVNRPHSDAESKPEMTNKRSVPAGTNDNADPREEYAR,0.98800653,0.98800653,8,16420,793
KRPYSTHWEEGNPDNDRSTHKNNRERGKERVNRPHSDRESSPEMTNKRQVPYGTNDNADPRCEYAR,0.98790306,0.98790306,8,16420,793
MRPYSTTHNEGNPDNDHSTHQNNDERQPKRVTRGSSDYESFPEYTNNRNVPEETNDNSDERNEYAR,0.98786503,0.98786503,8,16420,793
KRPYSQHWNEGNPDNDHSTHTNNDEDCPERVNRPSSHSESPPEMTNKRSGPAGTNDNADPRQEYAR,0.9878226,0.9878226,8,16420,793
MRPYSTTHNEGNKNNDPSTHQNNDERQPKRVTRGSSDYESFPEYTNNRNVPEETNDNSDERNEYAR,0.98760754,0.98760754,8,16420,793
MRPYSTTHNEGNKNNDPSTHQNNDERNPKRVTRGSSDYESFPEYTNNRNVPEETNDNSDERNEYAR,0.98753256,0.98753256,8,16420,793
LRPYSYDWYEGYPDNDHSTHTNNRERARKRPNRDRSDKPSPPSWTNNRVVPAPTNDNRDPRDEYDR,0.9875178,0.9875178,8,16420,793
LRPSSYDWYEGNPDNDHSTHTNNREWGRKRPNPPCSDKSSPPSQTNNRAWPAPTNDSRDPRDEYDR,0.98746246,0.98746246,8,16420,793
KRPMSQHWNEGNPDNDHSTHTNNDEDCPERVNRSSQWSESPPEMPNKRSGPAGTQDNADPEEDYAR,0.9873334,0.9873334,8,16420,793
MRPWSQHWNEGNPDNDHSTRQNNDHRVTKGVYRPSRDNESNPEYDNNRNVPAGTADNQDERNEYAR,0.98733217,0.98733217,8,16420,793
KRPYSTHWEEGNPDNDRSTHKNNRERGKERVNRPHSDRESSPEMTNKRQVPAGTNDNADPRCEYAR,0.9873237,0.9873237,8,16420,793
MRPYSTHWNEGNPDNDHSTHQNNDERVPKRPNRPSSDAESFPERTNNRNVPNGTNDNADERNEYAR,0.9872236,0.9872236,8,16420,793
KRPPSTHWEEGNPDNDHSTHSNNREKGPERVNRPHSDAESKPEMTNKRSVPAGTNDNADPREEYAR,0.987033,0.987033,8,16420,793
LRPYSTDWYEGNDDNDHSTHTNWEERGPKRPNRDSSDKSSPPSMQNNRNVPAPTNDNRDPYDEYAR,0.98693776,0.98693776,8,16420,793
RRPYQRHWDEGQPDNDRSTPHYPTERVPKRENRPSSDADSQPSDTNDRVMPQGSNDNADPRNEYAR,0.98689437,0.98689437,8,16420,793
KRPRSTHWEEGNPDNDRSTHKNNRERGPERVNRPHSDHESFPEMTNKRQVNAQTNDNADPRCELAR,0.98670703,0.98670703,8,16420,793
LRPYPTDWQEGNPDNDHSTHTNNRERVPKRPNRPCSDKRSPPSMTNNRQVPAPTNDNRDERDEYAR,0.98652875,0.98652875,8,16420,793
RRPYQRHWDEGQPDNDRSTPHYPTERVPKRENRPSSDADSQPSDTNDRVFPQGSNDNADPRNEYAR,0.9864194,0.9864194,8,16420,793
KRPYSTHWEEGNPDNDHSTHKNNREKGPERVNRPHSDAESFPEMTNKRSVPAGTNDNADPQEEYAR,0.9863609,0.9863609,8,16420,793
LRPYSTDWYEGNPDNDHSTHTNWEERGPKRPNRDSSDKSSPPSMQNNRNVPAPTNDNRDPYDEYAR,0.98634934,0.98634934,8,16420,793
LRPYSTDWDEGNPDNDHSTHTNNRQNAGKRPRRPCSDKSSPPSWTNNRVVPRPTNDPRDPRDEYAR,0.9862483,0.9862483,8,16420,793
MRPYSTTHNEGNKNNDPSTHQNNDERNPKRVTRGSSDYESFPEYTNNQNVPEETNDNSDERNEYAR,0.9862373,0.9862373,8,16420,793
KRPYSTHWEEGNPDNDHSTHKNNRERGPERVNRPHGDAESFPEMTNKRSWPNGTNDNADPRLEYYR,0.98623616,0.98623616,8,16420,793
KRPYSTHWEEGNPDNDHSTHKNNRERNPERVNRPHADAESFPEHTNKRSDPYGTNDNADPRCEYYR,0.98594993,0.98594993,8,16420,793
MRPYSTTHNEGNKNNDPSTHQWNDERNPKRVTRGSSDYESFPEYTNNQNSPEETNDNSDERNEYAR,0.9858985,0.9858985,8,16420,793
MRPQNTHWNEGNPDNDHSTLQNNDERVPKRVNRPSSDASSFPERTNNRNVPNGTNDNADETNEYNR,0.9858619,0.9858619,8,16420,793
KRPYSTHWEEGNPDNDRSTHKNNRERGPERVNRPHSDHESFPEMTNKRQVNAQTNDNADPRCEYAR,0.9858203,0.9858203,8,16420,793
LRPYSYDWYEGNPDNDHSTHTNNREWGRKRPNPPCSDKSSPPSQTNNRAWPAPTNDSRDPRDEYDR,0.9856338,0.9856338,8,16420,793
MRPQNTHWNEGNPDNDHSTLQNNDERLPKRVNRPSSDASSFPERTNNRNVPNGTNDNADETNEYNR,0.9856064,0.9856064,8,16420,793
MRPYSTTHNEGNKNNDPSRHQWNDERNPKRVTRGSSDYESFPEYTNNQPSPEETNDNSDERNEYAR,0.9854536,0.9854536,8,16420,793
KRPYSTHWEEGNPKNDHSTHKYNRERGPERHNRPHSDAESFPEMTNKWNQPEGTNDNTDPRCEYPR,0.9854079,0.9854079,8,16420,793
KRPYSTHWEEGNPDNDHSTHKNNREKGPERVNRPHFDAESFPEMTNKRSFPAGTNDNADPREEYAR,0.98528314,0.98528314,8,16420,793
RRPYQRHWDEGQPDNDRSTPHYPLERVPKRENRPSSDDDSQPSDTNDRVMPAGENDNADPRNEYAR,0.98525804,0.98525804,8,16420,793
LRPYSYDWYEGNPDNDHSTHTNNRERARKRPNRDCSDKISPPSWTNNRVRPAPTNDNRDPYDEYDR,0.98524845,0.98524845,8,16420,793
MRPWSQHWNEGNPDNDHSTRQNNDHRVPKGVYRPSSDNESNPEYDNNRNVPAGTADNADERNEYAR,0.98522377,0.98522377,8,16420,793
KRPYSTHWEEGNPKNDHSTHKYNRERGPERHNRPHSDAESFPEMTNKWNQDEGTNDNTDPRCEYPR,0.9852084,0.9852084,8,16420,793
MRPWSQHWNEGNPDNDHSTRQNNDHRVTKGVYRPSRDNESNPEYDNNRNVPAGTADNADERNEYAR,0.98516107,0.98516107,8,16420,793
KRPYSTHWEEGNPDNDRSTHKNNRERGPERVNRPHSDRESFPEMTNKRQVPAGTNDNADPRCEYAR,0.98513424,0.98513424,8,16420,793
KRPRSTHWEEGNPDNDRSTHKNNRERGPERVNRPHSDHESFPEMTNKRQVNAQINDNADPRCEDAR,0.98493135,0.98493135,8,16420,793
LRPYSTDWDEGNPDNDHSTHTNNRQNAGKRPRRPCSDKSSPPSWTNNRVVPRGTNDPRDPRDEYAR,0.9848717,0.9848717,8,16420,793
RRPYQRHWDEGQPDNDRSTPHYPKERVPKRENRPSSDADSQPSDTNDRVMPAGSNDNADPRNEYAR,0.9848673,0.9848673,8,16420,793
KRPYSTHWEEGNPDNDRSTHKNNRERGPERVNRPHSDHESFPEMTNKRQVNAGTNDNADPRCEYAR,0.98469156,0.98469156,8,16420,793
KRPYSTHWEEGNPDNDHSTHKNNREKGLERVNRPHSDAESFPEMTNKRSLPPGTNDNADPREEKAR,0.98462576,0.98462576,8,16420,793
KRPYSTHWTEGNPDNDHSTHKYNRERGPERENRPHSDAESFPEMTNKRSQPEGTNDNADPRCEYAR,0.9845665,0.9845665,8,16420,793
DPPPSHHWYEGNPDNWHSTHTWNFMRKPKRNNRPYSDYESQPEKTNNRPEPWGKNDNADPRNETAR,0.98447835,0.98447835,8,16420,793
MRPYSTHWNEGNPDNDHSGHQNNDERVPKRVNRPSSDAESFPERTNNRNVPNGRNDNADERNEYAR,0.9844742,0.9844742,8,16420,793
SRPQSTHWNEGNPDNDHSTHQNNDERVPKRVNRPSSDASSFPERTNNRNVPNGTNDNADETNEYAR,0.9843599,0.9843599,8,16420,793
MRPYSTHWNEGNPDNDHSTHQNNDERQPKRVTRGSSDYESKPEYTNNRNVPAETNDNHDERNEYAR,0.98433775,0.98433775,8,16420,793
EPPPSHHWYEGNPDNDHSTHTWNHMRKPKRNNRPYSDYESQPEMTNNRVEPWGKNDNADPRNEYAR,0.9843178,0.9843178,8,16420,793
MEPYSTHWNEGNPDNDHSTHQNNDWRVPKRPNRPSSDAESFPERTNNRNVPNGTNDNADERNEYAR,0.9843157,0.9843157,8,16420,793
KRPYSTHWEEGNPDNDHSHHKYNRERGPERVNRPHSDAESFPEMTNKRSQPEGTNDNADPRCEYAR,0.98430693,0.98430693,8,16420,793
EPPPSHHWYEGNPDNDHSTHTWNHMRKPKRNNRPYSDYESQPEMTNNRVEPYGKNDNADPRNEYAR,0.98400706,0.98400706,8,16420,793
RRPYQRHWDEGQPDNDRSTLHYPLERVPKRENRPSSDADSQPSDTNDRGMPADSDDNADPRNEYAR,0.9839983,0.9839983,8,16420,793
LRPYSNDWYEGNPDNDKSTHTNNRERAPKRPNRPCSDKSSPPSMQNNRVVPAPTNDNRDPRDEYMR,0.9838622,0.9838622,8,16420,793
KRPYSTHWEEGNPDNDHSTHKNNREKGPERVNRQHSDAESFPEMTNKRSVPAGTNDNADKREEYAR,0.9838267,0.9838267,8,16420,793
ARPYSNHDIEQNPDNDHSTHPNNFERTPKRVNQPNSDAESNPGPTNNRYNPARTNDNFDPRGEYRR,0.9836998,0.9836998,8,16420,793
KRPYSTHWEEGNPDNDHSTHKYNRERGPERVNRPHSDAESFPEMTNKRSQPEGTNDNANPRCEYAR,0.98361963,0.98361963,8,16420,793
KRPYSTHWEEGNPDNDRSTHKNNRERGPERVNRPRSDAESFPEMTNKRQKNAGTNDNADPRCEYAR,0.9835324,0.9835324,8,16420,793
KRPYSQHWNEGNPDNDHSTHTNNDEDCPERVNRPSSHSESPPEMTNKRSVPAETNDNADPRQEYAR,0.9834743,0.9834743,8,16420,793
DPSPSHHWWEGNPDNWHSTETWNFSRKPKRNNRAYTDYESQPEQTNNRPEPWGTNDNADPRNETAR,0.98344225,0.98344225,8,16420,793
MRPYSTTHNEGNKNNDPSTHQWNDERNPKRVTRGSSDYESFPEYTNNQPSPEETNDNSDERNEYAR,0.98335326,0.98335326,8,16420,793
KRPYSQHWYEGNPDNDHSTHTNNDEDVPERVNRPRSDSESPPEMTNKRSVPAGTNDNADPRQEYAR,0.9832776,0.9832776,8,16420,793
KRPYSNHWYEGNPDNDHSTHTNNDEDVPERVNRPSSDSESPPEMTNKRSVPAGTNDNADSRQEYAR,0.9832714,0.9832714,8,16420,793
DPSPSHHWWEGNPDNWHSTETWNFMRKPKRNNRAYSDYESQPEQTNNRPEPWGTNDNADPRNETAR,0.9832517,0.9832517,8,16420,793
KRPYSQHWYEGNPDNDHSTHTNNDEDCPERVNRPSSDSESPPEMTNKRSVPARTNDNADPRQEYAR,0.98314613,0.98314613,8,16420,793
RRPYQRHWDEGQPENDRSTLHYPLERVPKRENRPSSDADSQPSDTNDRGMPADSDDNADPRNEYAR,0.9830262,0.9830262,8,16420,793
KRPYSTHWEEGNPDNDHSTHKNNRERGPERVNRPHSDAESFPEMTNKRSPPAGTNDNADPRCEYAR,0.9828629,0.9828629,8,16420,793
MRPQSTHWNEGNPDNDHSTLQNNDERVPKRVNRPSSDASSFPERTNNRNVPNGTNDNADETNEYNR,0.9827759,0.9827759,8,16420,793
KRPTSQHWYEGNPDNDHSTKTNNDEDQPERVNRPSSDAESLPEMTNKRSVPAGGNDDADDRQEYAR,0.9827344,0.9827344,8,16420,793
KRPYSTHWEEGNPDNDRSTHKNNRERGPERVNRPHSDAESFPEMSNKRQVNAGTNDNADPRYEYAR,0.98273057,0.98273057,8,16420,793
LRPYSYDWYEGNPDNDHSDHTNNRERKPKNPNRPCKDKSSPPSMTNNRVEPAPTNDNRDPRDEYMR,0.982659,0.982659,8,16420,793
KRPMSQHWNEGNPDNDHSTHTNNDEDCPERVNRSSQWSESPPEMPNKRSGPAGTMDNADPREDYAR,0.9825624,0.9825624,8,16420,793
LRPYSTDRDEGNPDNDHSTHTNNRQNAGKRPRRPCSDKSSPPLWTNNRVVPRGTNDPRDPRDEYAR,0.9824546,0.9824546,8,16420,793
KRPYSTDWEEGNPDNEHSTHKNNREKGPERVNRPHSDAESDPEMTNKRSVPAGENDNADYREEYAR,0.99386036,0.99386036,9,18500,892
KRPYSTDWEEGNPDNDHSTHKNNREKGPERVNRPHSDAESFPEMTNKRSVPAGENDNADYREEYAR,0.99046665,0.99046665,9,18500,892
KRPYSTHWEEGNPDNTHSTKKHNRERGPERVNRPHSDAESFPEHTNKRSQPEGTNDNADPRCEYAR,0.98986256,0.98986256,9,18500,892
KRPYSTDWEEGNPDNDHSTHKNNREKGPERVNRPHSDAESFPEMTNKRSVPAGTNDNADYREEYAR,0.9897848,0.9897848,9,18500,892
KRPYSTHWEEGNPDNDKSTHKNNREKGPERVNRPHSDAESFPEMTNKRSVPAGTNDNADPREEYAR,0.9896826,0.9896826,9,18500,892
KRPPSTHWEEGNPDNDHSTHKNNREKGPERVNRPHSDAESFPEMTNKRSVPAGTNDNADPREEYAR,0.98952836,0.98952836,9,18500,892
KRPYSTDWEEGNPDNEHSTHKNNREKGPERVNRPHSDAESDPEMCNKRSVPAGENDNADYREEYAR,0.9890799,0.9890799,9,18500,892
KRPYSTHWEEGNPDNDHSTHKNNREKGPERVNRPHSDAESFPEYTNKRSVPAGTNDNADPREEYAR,0.9890526,0.9890526,9,18500,892
KRPYSTHWEEGNPDNDKSTHKNNREKGPEPVNRPHSDAESFPEMTNKRSVPAGTNDNADPREEYAR,0.98895264,0.98895264,9,18500,892
QRPYSTDWYEGNPDNDHSTHTNNRQRAGKRPNRPGSDKSSPPSWTNNRVEPAPTNDNRDPRDEYAR,0.9887509,0.9887509,9,18500,892
KRPDTTHHEEGNWDNDHNTHKNNREKGPERVNRPHSDAESFPEMTNKRSVPAGTNDNADPREEYAR,0.98871,0.98871,9,18500,892
LRPYSYDWYEGNPDNDHSTHTNNRERAPKRPNRPCSDRSSPPSMTNNRHPPAPTNDNRDPRDEYMR,0.9886882,0.9886882,9,18500,892
KRPYSTHWEEGNPDNDHNTHKNNREKGPERVNRPHSDAESFPEMTNKRSVPAGTNDNADPREEYAR,0.9883972,0.9883972,9,18500,892
KRPYSTHWEEGNPDNDHSTKKHNRERGPERVNRPHSDAESFPEMTNKRSQPEGTNDNADPRCEYAR,0.9877138,0.9877138,9,18500,892
LRPYPNDWYEGNPDNDHSTHTNNRERVPKRPNRPCSDKSSPPSMTNNRVFPQPTNDNRDPRDEYAR,0.9876742,0.9876742,9,18500,892
DPPPSHHWYEGNPDNDHSTPTWNFMRKPKRNNRPYSDYESGPEEENNRVEPWGKNDNADPRNEYAR,0.98767006,0.98767006,9,18500,892
KRPDSTHWEEGNWDNDHNTHKNNREKGPERVNRPHSDAESFPEMTNKRSVPAGTNDNADPREEYAR,0.9875858,0.9875858,9,18500,892
KRPYSTDWEDGNPDNEHSTHKNNREKGPERVNRTHSDAESDPEMCNKRSVPAGENDNADYREEYAR,0.98748904,0.98748904,9,18500,892
KRPYSTDWEEGNPDNEHSTHKNNREKGPERVNRTHSDAESDPEMCNKRSVPAGENDNADYREEYAR,0.9873783,0.9873783,9,18500,892
KRPYSTHWEEGNPDNDHSTKKYNRERGPERVNRPHSDAESFPEMTNKRSQPEGTNDNADPRCEYAR,0.9872984,0.9872984,9,18500,892
KRPLSQHRNQGNKDNDTSDHTNNDEDCPERVNRPSKHSESPPEMTNKRSVPAGTNDNADPRQEYAR,0.9870402,0.9870402,9,18500,892
LRPYSSDWDEGNPDNDHSTHTNNRERSPSRPNRPCSDGSSPKSMTNNRVPPAPTNDNRDPRDEYMR,0.9870257,0.9870257,9,18500,892
KRPLSQHRNEGNPDNDHSDHTNNDEDCPERVNRPSKHSESPPEMTNKRSVPAGTNDNADPRQEYAR,0.986987,0.986987,9,18500,892
KRPYSQHWYEGNPDNDHRTHTNNDNDCPERVNRPSSDGESPPEMTNKRSVPRGTNDNADPRQEYAR,0.9867033,0.9867033,9,18500,892
LRPYSYDEYEGNPDNDKSTHTNNRERAPKRPNRPCSDKSSPPSMQNNRPVPAPTNDNRDPNDEYMR,0.9866915,0.9866915,9,18500,892
KRPYSTHWEEGNPDNDHDTHKYNRERGPERVNRPHSDAESFPEMTNKRSQPKGTNDNADPRCEYAR,0.9866555,0.9866555,9,18500,892
DPPPSHHWYEGNPDNDHSTHTWNFMRKPKRNNRPYSDYESGPEEENNRVEPWGKNDNADPRNEYAR,0.98656046,0.98656046,9,18500,892
KRPLSQHRNQGNPDNDTSDHTNNDEDCPERVNRPSKHSESPPEMTNKRSVPAGTNDNADPRQEYAR,0.98653215,0.98653215,9,18500,892
KRPYSTHWEEGNPDNTHSTKKHNRERGPERVNRPHSDAESFPEMTNKRSQPEGTNDNADPRCEYAR,0.9862618,0.9862618,9,18500,892
KRPYSTSWEEGNPDNDHSTHKNNREKGPERVNRPHSDAESFPEMTNKRSVPAGTNDNADPREEYAR,0.98619777,0.98619777,9,18500,892
KRPYSTHWEEGNPDNDHSTHKYNRERGPERVNRPHSDAESFPEMTNKRSVPEGTNDNADPRREYAR,0.98610455,0.98610455,9,18500,892
DPPPSHHWYEGNPDNDHSTHTWNFMRKPKRNNRPYSDYESQPEMTNNRVEPDGGNDNPDPRNEYAR,0.985994,0.985994,9,18500,892
MRPYSTHWNEGNPDNDHSTHQNNDERVPKRNYRPSSDNESLPEYDNNRNVPAGTNDNADERNEYAR,0.98593014,0.98593014,9,18500,892
LRPYSSDWDEGNPDNDHSTHTNNRERAPSRPNRPCSDGSSPKSMTNNRVPPAPTNDNRDPRDEYMR,0.9859131,0.9859131,9,18500,892
KRPYSTHWEEGNPDNDHSTHKNNRERGPERVNRPHSDRESFPEMTNKRSVPAGTNDNADPRMEYAR,0.98586965,0.98586965,9,18500,892
LRPYSSDWDEGNSDNDHSTHTNNRERSPSRPNRPCSDGSSPKSMTNNRVPPAPTNDNRDPRDEYWR,0.9855457,0.9855457,9,18500,892
DCPPSHHHGEGNPDNDNSGWTWNFMRKPKRNNRPYSDYESWPRMRNNRSPPWGKNDNADPRNEYAS,0.9854907,0.9854907,9,18500,892
DCPPSHHWGEGNPDNDNSGWTWNFMRKPKRNNRPYSDYESWPRMRNNRSPPWGKNDNADPRNEYAS,0.9853758,0.9853758,9,18500,892
KRPYSTHWEEGNPDNDKSTHKNNREKGPEPVNRPHSDAESFPEMTNKRSVPAGTNDYADPREEYAR,0.9853748,0.9853748,9,18500,892
QRPYSTDWYEGNPDNDHSLHTNNRQRAGKRPNRPGSDKSSPPSWTNNRVEPAPTNDNRDPRDEYAR,0.9852158,0.9852158,9,18500,892
KEPYSTHWEEGNPDNDHSTHKYNRERGPERVNRPHSDAESFPEMTNKRSQPEGTNDNADPRCEYAR,0.9851933,0.9851933,9,18500,892
KRPLSQHRNEGNPDNDHSDHTNNDEDCPERVNRPSSHSESPPEMTNKRSVPAGTNDNADPRQEYAR,0.9851719,0.9851719,9,18500,892
DCPPSHHWYEGNPDNDNSGWTWNFMRKPKRNNRPYSDYESWPRMRNNRSPPWGKNDNADPRNEYAS,0.98512274,0.98512274,9,18500,892
DPPPSHHWYEGNPDNDHSTPTWNFMRKPKRNNRPYSDYEWGPEEENNRVEPWGKNDNADPRNEYAR,0.9849958,0.9849958,9,18500,892
LRPYSTDWYESRPDNDHSTHTNNRERAPKRPNRPCSDKMSPPSMTNNRSAPDPTNDNRDPRDEYAR,0.9848305,0.9848305,9,18500,892
LRPYSYDPYEGNPDNDHSNHTNNRERARKRPNRPCIDKSSPPEWTNNRVVPAPTDDNRDPRDEYDR,0.98480505,0.98480505,9,18500,892
KRPYSTHWEEGNPDNDHDTHKYNRERGPERVHRPHSDAESFPEMTNDRSQPKGTNDNADPRCEYAR,0.9846786,0.9846786,9,18500,892
WRPYSTHWEEGNPDNTHSTKKHNRERGPERVNRPHSDAESFPEHTNKRSQPEGTNDNADPRCEYAR,0.9845963,0.9845963,9,18500,892
MRPYSTHWNEGNPDNDHSTHQNNDERVPKRVNRPSSDAESFPERTNNRNVPNGGNDNADERNEYAR,0.984437,0.984437,9,18500,892
LRPYSTDWYEGNPDNDHSTHTNNRERAPKRPNRPCSDKSSPPSWTNNRVNPAPTNDNRDPRDEYAR,0.98441666,0.98441666,9,18500,892
DPPPSHHWYEDNPDNDHSTPTWNFMRKPKRNNRPYSDYEWGPEEENNRVESWGKNDNADPRNEYAR,0.98441213,0.98441213,9,18500,892
MRPYSTHWNEGNPDNDHSTHQNNDERVPKRVTRPSSDRESKPEYTNNRNVPAETNDNADERNEYAR,0.9843038,0.9843038,9,18500,892
LRPYPNDWYEGNPDNDHSTHTNNRERVPKRPNRPCSDKSSPPSMTNNPVFPQPTNDNRPPRDEYAR,0.9841955,0.9841955,9,18500,892
MRPYSTHWNEGNPDNDHSTHQNNDERVPKRVNRPSSDAESFDEDTNNRNVPNGTNDNADERNEYAR,0.9841448,0.9841448,9,18500,892
KRPYSTHWEEGNPDNWHSTHKNNRERGPERVNRPHSDRESFPEMTNKRSVPAGTNDDADPRMEYAR,0.9840603,0.9840603,9,18500,892
KRPYSTHWEEGNPDNDHSTHKNNRERKPERVNRPHSDAESFPEMTNKRSWPAGDNDNADPRCEYAR,0.98392105,0.98392105,9,18500,892
LRPYSTDWYEGNPDQDHSTHTNNRERAPKRPNRPCSDKSSPPSWTNNRVNPAPTNDNRDPRDEYAR,0.98392063,0.98392063,9,18500,892
MRPQSTHWNEGNPDNDHSTHQNNDERVPKRVNRPSSDASSFPERTNNRNFPNGTNDNADETNEYAR,0.98387235,0.98387235,9,18500,892
LRPYSYDWYEGNPDNDKSTHTNNRERAPKRPNRPCSDKSSPPSMQNNRPVPAPTNDNRDPRDEYMR,0.98380256,0.98380256,9,18500,892
DPPPSHHWYEGNPDNDHETHKWNFMRKPKRNNQPYSDYESQPEMTNNRVEPWGKNDNADPRNEYAR,0.9837425,0.9837425,9,18500,892
LRPYSYPWYEGNPDNDHSTHTNNRERAPKRPNRPCSDRSSPPSMTNNRHPPAPTNDSRDPRDEYMR,0.98373216,0.98373216,9,18500,892
LRPYSTDWYESRPDNDHSTHTNNRERAPKRPNRPCSDKMSPPSMTNNRSVPDPTNDNRDPRDEYAR,0.9837278,0.9837278,9,18500,892
KRPYSQHWYEGNPDNDHSTHTNNDEDSPERVNRPSKHSESPPEMTNKRSSPAGTNDNADPRQQCAR,0.98371416,0.98371416,9,18500,892
KRPYSTHWEEGNPDNDHSTHKNNRERGPERVNRPHSDAESFPEMTNKRSWPAGDNDNADPRCEYAR,0.9836585,0.9836585,9,18500,892
DPPPSHHWYEGNPDNDHSTHTWNFMRKPKRNNRPYSDYESQPEMTNNRVEPWGGNDNPDPRNEYAR,0.9835528,0.9835528,9,18500,892
LRPYSYDPYEGNPDNDHSNHTNNRERARKRPNRPCSDKSSPPSWTNNRVVPAPTNDNRDPRDEYDR,0.98342323,0.98342323,9,18500,892
MRNYPGHFYEGNPDNDKSTNEWQFERVPKRYNRPSSDAESNPEWTNNKKNPRGTNDNADPRQEYAR,0.9833852,0.9833852,9,18500,892
MRPYSTHWNEGNPDNDHSTHQNNDERVPKRVNRPSSDANSFPERTNNRNVPNGTNDNADERNEYAR,0.98329365,0.98329365,9,18500,892
LRPYSTDWYEGNPDNDHSTHTNNRQRAGKRPNRPGSDKSSPPSWTNNRVEPAPTNDNRDPRDEYAR,0.98322254,0.98322254,9,18500,892
KRPYSTHWEEGNPDNDHSTHKNNRERNPERVNRPHADAESVPEMTNKRSDPQGTNDNADPRCEYYR,0.9831982,0.9831982,9,18500,892
LRPYSTDWYEGNPDQDHSTHTNNRERAPKRPNRPCSDKSSPPSWTNDRVNPAPTNDNRDPRDEYAR,0.9831561,0.9831561,9,18500,892
LRWYSTDWYEGNPDNDHSTHTNNRNRAPKRPNRPCDDKSSPPSNKNNRVVPAPTDDNRDPRDEYAR,0.9829631,0.9829631,9,18500,892
LRPYSYDEYEGNPDNDKSTHTNNRERLPKRPNRPCSNKSSPPSMQNNRPVPAPTNDNRDPNDEYMR,0.982898,0.982898,9,18500,892
QRPYSTDWYEGNPDNDHSLHTNNRQRAGKRPNRPGSDKSSPPSWTNNRVETAPTNDNRDPRDEYAR,0.9827428,0.9827428,9,18500,892
QRPYSTDWHEGNPDNDHSTHTNNRERARKRPNRPCSDKSSPPSMTNNRVVPAPTNDNRDPRDEYMR,0.9827321,0.9827321,9,18500,892
MRPPSTHWEEGNPDNDHSTHKNNREKGPERVNRPHSDAESFPEMTNKRSVPAGTNDNADPREEYAR,0.9825707,0.9825707,9,18500,892
DCPPSHHHGEGNPDNDNSGWTWNFMRKPKRNNRPYSDYESWPGMRNNRSPPWGKNDNADPRNEYAS,0.98255664,0.98255664,9,18500,892
KEPYSTHWEEGNPDNDHSTHKYNRERGPERVNRPHSDAESFPEMTNKRNQPEGTNDNADPTCEYAR,0.9825507,0.9825507,9,18500,892
MRPLSTHWNEGNPDNDHSTHQNNDERVPKRVNRPSSDAESFPERTNNRNVPNGTNDNADERNEYAR,0.9824771,0.9824771,9,18500,892
YRPDTTHHEEGNWDNDHNTHKNNREKGPERVNRPHSDAESFPEMTNKRSVPAGTNDNADPREEYAR,0.98245025,0.98245025,9,18500,892
LRPYGTDWYEGNPDNDHSTHTNNRERSPKRPNRPSEDASSPPSMTNNRHVPAPTNDNRDPRDEYAR,0.9824165,0.9824165,9,18500,892
KRPYSTHWEEGNPDNDHSTHKNNRERKPERVNRPHSDAESFPEMTNKRSWPMGDNDNADPRCEYAR,0.98214585,0.98214585,9,18500,892
KRPYSTHWEEGNPDNDHSTHKNNREKGPERVNRFHSDAESFPEMTNKRSVPAGTNDNADPREEYAR,0.98213714,0.98213714,9,18500,892
KEPYSQHWNEGNPDNDHSTHTNNDQDCPERVNRPSSHSESPPEMTNKRSVPAGTNDNADPRQEYAR,0.982133,0.982133,9,18500,892
VRPYSYDWEEGNEDKDHSTHTNNRERARKRPNRPCSDKSSPPSMTNNRVVPSPYNDNRDPRDEYMR,0.98208606,0.98208606,9,18500,892
LRPNPTDWYEGNPDNDHSTHTRNRERVPKRPNRPCSDKSSPPSMTNNREVPAPTNDNRDPRDEYAR,0.9819536,0.9819536,9,18500,892
LRWYSTDWYEGNPDNDHSTHTNNRNRAPKRPNRPCDDKSSPPSNKNNRVVPAPTDDNRDPRDEGAR,0.9819313,0.9819313,9,18500,892
VRPYSYDWEEGNSDKDHSTHTNNRERARKRPNRPCSDKSSPPSMTNNRVVPSPYNDNRDPRDEYMR,0.98187476,0.98187476,9,18500,892
LRPYSYDPYEGNPDNDHSTHTNNRERARKRPNRPCSDKSSPPSWTNNRVVPAPTNDNRDPRDEYDR,0.98184514,0.98184514,9,18500,892
KRPYSWHWEEGNPDNDHSTHKYNRERGPERVNRPHSDAESFPEMTNKRSQPEGTNDNADPRCEYAR,0.9817711,0.9817711,9,18500,892
LRPYPNDWYEGNPDNDHSTHTNNRERVPKRPNRPCSDKSSPPSQTNQPVFPQATNDNRPPRDEYAR,0.9817209,0.9817209,9,18500,892
VRPYSYDWEEGNSDKDHSTHTNNRERARKRPNRPCSDKSSPPSMTNNRVVPSPTNDNRDPRDEYMR,0.98168486,0.98168486,9,18500,892
MRPYSTHWNEGNPDNDHSTHQNNDERVPKRVYRVSSDNESLPEYDNNRNVPNGTNDNADERNEYAR,0.98165935,0.98165935,9,18500,892
DPPPSHHWYEGNPDNDHSGHTWNFMRKPKRNNRPYSDYESQPEMRNNRVEPWGKNDNADPRNEYAR,0.9815533,0.9815533,9,18500,892
KRPYSQHWYEGNPDNDHSTHTNNDEDSPERVNRPSSHSESPPEMTNKRSVPAGTNDNADPRQEYAR,0.98151016,0.98151016,9,18500,892
LRPYPTDWYEGNPDNDHSTHTNNRERVPKRPNRPCSDKSSPPSMTNNRVFPQPTNDNRDPRDEYAR,0.98146605,0.98146605,9,18500,892
LRPYSYDWYEGNPDNDHSTHTNNRERAPKRPNRPCSDRSSPPSMTNNRVPPAPTNDNRDPRDEYMR,0.9814648,0.9814648,9,18500,892
LRPYETDWHEGNPDNDHSTHTNNRERVPKRPNRPSNDKSSPPSMTNNRVVPAPENDNRDPRDEYAR,0.9814404,0.9814404,9,18500,892
LRPKSTDWYKGNPDQDHSTHTNNRERAPKRPNRPCSDKSSPPSWTNDRVNPAPTNDNRYPRDEYAR,0.9814377,0.9814377,9,18500,892
KRPYSTHWEEGNPDNDHSTHKNNRERGPERGNRPHADAESFPEMTNKRSWPAGTNDNADPRSEYAR,0.99008465,0.99008465,10,20545,991
MRNYSGHDYEGNPDNDHSTNTWQFERAPKRYNRPHSDAESNPEWTNNRKNPRGTNDNADPRQEYRR,0.98888165,0.98888165,10,20545,991
KRPYSTHWEEGNPDNDHGTHKNNRERKPERGNRGHADAESFPEMTNKRSWPAGTNDNADPRSEYAN,0.9888781,0.9888781,10,20545,991
KRPYSTHWEEGNPDNDHGTHKNNRERGPERGNRGHADAESFPEMTNKRSWPAGTNDNADPRSEYAN,0.9886955,0.9886955,10,20545,991
KRPYSTHWEEGNPDNDHSTHKNNREKGPERVNREHSDAESFPEMTNKRSRPAGTNDNADPREEVAR,0.9885034,0.9885034,10,20545,991
KRPYSTHWEEGNPDNDHSQHKTNRERAPERVNRPHSDHESFQEMTNKRSVHTGTNDNADPRGEYAR,0.9878352,0.9878352,10,20545,991
LRPYSYDDYEGNPDNEKSTHTNNRERAPKRPNRPCSDKSSPPSMQNNRVEPNPTNDNTDPRDEYMR,0.9875402,0.9875402,10,20545,991
KRPYSQHWNEGNPDNDHSTHTNNEEDCTERVNRPSSHSESPPEMTNKRSTPWGTDDNADPRQEYAR,0.98701173,0.98701173,10,20545,991
KRPYSTHWEEGNQDNDHGTHKNNRERKPERGNRGHADAESFPEMTNKRSWYAGTNDNADPRSEYAN,0.9862992,0.9862992,10,20545,991
KRPYSTHWEEGNPDNDHSTHKNNRERGPERVNRPHSDAESQPEMTNKRSWPAGTNDNADPRCEYAR,0.9861254,0.9861254,10,20545,991
MRPYSTHWNEGNPDNDHSTHQNNDERVPKRVYRPSSDNESLPEYDNNRNYPAGTNDQADERNEYAR,0.9860088,0.9860088,10,20545,991
KRPYSTWWEEGNPDNDHSTHKNNREKGPERVNRPHSDAESFPEMTNKRSVPAGTNDNADPREEYAR,0.9859136,0.9859136,10,20545,991
KRPYSQHWNEGNPDNDHSTHTNNDEDCTERVNRPSSHSESPPEMTNKRSTPWGTNDNADPRQEYAR,0.9854913,0.9854913,10,20545,991
KRPDSTHWEEGNPDNDHSTHKYNRERGPERVNRPHSDAESFPEMTNSRSQPEGTNDNADPRCEYAR,0.9854403,0.9854403,10,20545,991
KRPYSQHWYEGNPDNDHSTHTNNDEDVPERVNRPSSDSESPPERTNKRSVPAGTNDNADPRQEYAR,0.98537886,0.98537886,10,20545,991
KRPYSTHWELGNPDNDHSTHKYNRERGPERVNRPHSDAESFPEMTNKRSQPEGTNDNKDPRNERAR,0.98537606,0.98537606,10,20545,991
KRPYSTHWEEGNPDNDHSTHKYRRERGPERVNRPHSDAESFPEMTNKRSQPEGTNDNADPRCEYAR,0.98537517,0.98537517,10,20545,991
KRPYSQHWYEGNPDNDHSTHTNNDEDKPERVNRDSSDSESPPEMTNKRSVPAGTNDNADPRQEYAR,0.98486555,0.98486555,10,20545,991
DPPPSHHWYEGNPDNDHSGHTWNFMRKPKRNNRPYSDYESQPEMTNNRMGPWGKNDNNDPRNEYAR,0.9847343,0.9847343,10,20545,991
KRPYSTHWEEGNPDNDHSTHKYNRERGPERENRPHSDAESFPEMTNKRSQPEVTNDNADPRCEYAR,0.98470575,0.98470575,10,20545,991
KRPYSQHWNEGNPDNDHSTHTNNEEDCTERVNRPSSHSESTPEMTNKRSTPWGTDDNADPRQEYAR,0.98455715,0.98455715,10,20545,991
MRPYSTHWNEGNPDNDHSTHQNNDERVPKRVNRPSSDAEQFPERTNNRNVPNGTNDNADERNEYAR,0.98429245,0.98429245,10,20545,991
KRPPSQHWYEGNPDNDHSTHTNNDEDCPERVNRPSSDSESPPEMTNKRSVPAGTNDNADPRQEYAE,0.9842808,0.9842808,10,20545,991
KRPYSTHDEEGNPDNDHSTHKNNRERGPERVNRPHADAESGPEMTNKRSWPAGTNDNIDPRCEYAR,0.9842052,0.9842052,10,20545,991
DPPPSHHWYEGNPDNDHSGHTWNFMRKPKRNNRPYSDYESQPEMTNERMGPWGKNDNNDPRNEYAR,0.9841277,0.9841277,10,20545,991
LRPYSTDWYEGNPDNDHSTHTNNRERAPKRPNRPCSDNSSPPSMENNRVVPDPTNDNRDDRDEYAR,0.9841048,0.9841048,10,20545,991
KRPYSTHWEEGNPDNDHSTHKNNRERGPERVNRPHSDAESFQEMTNKRSVPAGTNDNADPRPEYAR,0.98401284,0.98401284,10,20545,991
LRPYSCDDYENNPDNEKSTHTNNRERAPKRPNRPCSDKSSPPSMQNNRVEPNPTNDNTDPRDEYMR,0.9840062,0.9840062,10,20545,991
DPPPSHHNYEGNPDSDHSTHTWNFQRKPKRNNRPYSDYESQPEMTNDRVEPWGKNDNADPRNEYAR,0.9838884,0.9838884,10,20545,991
DPPPSHHWYEGNPDNDHSGHTWNFMRKPKRNNRPYSDYESQPEMTNERMGPWGKNDNNDPRNEYYR,0.9838614,0.9838614,10,20545,991
LRPYSYDDYEGNPDNDKSTHTNNRERAPKRPNRPCSDKSSPPSMQNNRVEPAPTNDNRDPRDEYMR,0.9837673,0.9837673,10,20545,991
LRPYSYDWYEGNPDNDHSTHKNNRERAPKRPNRPCSDKSSPPSMTNNRVHPAPTNDNRDPRDEYMR,0.9836766,0.9836766,10,20545,991
MRPYSTHWNEGNPDNDHSTHQNNDERVPKRVYRPSSDTESLPEYDNNRNYPANTNDQADERNEYAR,0.983538,0.983538,10,20545,991
KRPYSTHWEEGNPDNDHSTHKNNREKGPERVNRPHSDAESFPEMTNKRSVPAGTNDNADPREHYAR,0.9834479,0.9834479,10,20545,991
KRPYSQHWYEGNPDNHHSTHTNNDEDVPERVNRPSSDSESPPERTNKRSVPAGTNDNADPRQEYAR,0.9834381,0.9834381,10,20545,991
MRPYSTHWNEGNPDNDHSTHQNNDERVPKRVNRPSSDAESNPEQTNNRNVPAGTNDNADERNEYAR,0.98341274,0.98341274,10,20545,991
KRPYSTHWEEGNPDNDHSTHKNNRERGPERGNRPHADAESFPEMTNKRSWPAGTNDNADPRCEYAR,0.98330486,0.98330486,10,20545,991
KRPYSTHWELGNPDNDHSTHKYNRERGPERVNRPHSDNESFPEMTNKRSQPEGTNDNADPRFEYAR,0.98326033,0.98326033,10,20545,991
KRPYSTHWEEGNPDNDHSTHKYDRERGPERVNRPHSDAESFPEMTNKRSQPEGTNDNADPRCEYAR,0.98320526,0.98320526,10,20545,991
KRPYSTHWEEGNPDNDHSQHKTNRERAWERVNRPHSDHESFQEMTNKRSVHTGTNDNADPRGEYAR,0.9831708,0.9831708,10,20545,991
KRPYSTHWEEGNPDNDGSTHKNNRERGPERVNRPHSDAESFQEMTNKRSVPAGTNDNADPRPEYAR,0.9831527,0.9831527,10,20545,991
KCPYSTHWEEGNPDNDHSTHKNNREKGPERVNREHSDAESFPEMTNKRSRPAGTNDNADPREEVAR,0.9829957,0.9829957,10,20545,991
KRPYSTHWEEGNPDNDHSTHKYNRERGPEHENRPHSDAESFPEMTNKRSQPEVTNDNADPRCEYAR,0.9829754,0.9829754,10,20545,991
LRPYSTDWYEGNPDNDHSTHTNNRERAPKRPNRPCSDNSSPPSMENNRVVPDPTNDNRDPRDEYAR,0.98288774,0.98288774,10,20545,991
MRPYSTHWNEGNPDNDHSTHQNNDERVPKRVNRPGSDAESFPERTNNRNVPNGTNDNADERNEYAR,0.98272216,0.98272216,10,20545,991
DKPPSHYWYEGNPDNDHSGHTWNFMRKPKRNNRPYSDYESWPEMTNNRVEPWGKNDNADPRNEYAR,0.982637,0.982637,10,20545,991
LRPYSYDDYEGNPDNCKSTHTNNRERAPKRPNRPCSDKSSPPSMQNNRVEPNPTNDNTDPRDEYMR,0.9826109,0.9826109,10,20545,991
MRNYSGHFYEGNPDNDHSRNTWQDERCPKRNNRPSSDANSNWEHTNNRKNPRGTNDNSDPRTEYAR,0.98238015,0.98238015,10,20545,991
MRNYSGHQYEGNPDNDHSRNTWQFERVPKRYNRPSSDAESNPEWTNNRKNPRGTNDNADPRQEYAR,0.9823115,0.9823115,10,20545,991
KRGYSQHWYEGNPDNDHSTHTNNDEDVPERVNRPSSDSESPPEMTNKRSVPQGTNDNADPRQEYAR,0.98230046,0.98230046,10,20545,991
MRNYSGHDYEGNPDNDHSTNTWQFERVPKRYNRPSSDAESNPEWTNNRKNPRGTNDNADPRQEYAR,0.9820478,0.9820478,10,20545,991
SRPYSYDWYEGNPDNDKSTHTNNRERAPKTPNPPCSDKSSPPSMQNNRVVPAPRNDNRDPRDEYMR,0.9820025,0.9820025,10,20545,991
MRPYSTHWNEGNPDNDHSTHQNNDERVPKRVYRPSSDTESLPEYDNNRNYPAGTNDQADERNEYAR,0.9819962,0.9819962,10,20545,991
KRPYSQHWYEGNPDKDHSTHTNNDEDVPERVNRPSSDRESPPEMTNKRSVPAGTNDNADPRQEYAR,0.9819447,0.9819447,10,20545,991
KRPYSTHWEEGNPDPDHSTHKNNRERGPERVNRPHADAESFPEMTNKRSWPSGTNDNADPRCEYAR,0.98189217,0.98189217,10,20545,991
MRPYSTHWNEGNPDNDHSTHQPNDERVPKRVNRPSSDAESFPERTNNRNVPNGTNDNADERNEYAR,0.98181134,0.98181134,10,20545,991
SRPYSYDWYEGNPDNDKSTHTNNRERAPKRPNPPCSDKSSPPSMQNNRVVPAPENDNRDPRDEYMR,0.9817701,0.9817701,10,20545,991
DPPPSHHNYEGSPDSDHSTHTWNFQRKPKRNNRPYSDYESQPEMTNDRVEPWGKNDNADPRNEYAR,0.98170954,0.98170954,10,20545,991
LRPYSYDWYEGNPDNDHSTHTNNRERHRKRPNRDCSDKSSPPSWTNNRVVPAPTNDNRDPRDEYDR,0.9817085,0.9817085,10,20545,991
MRPQSTHHNEGNPDNDHSTHQNNDERVPKRVHRPSSDASSFPERTNNRTVPNGTNDNADETNEYAR,0.98162234,0.98162234,10,20545,991
KRPYSTHWEEGNPDNDHSTHKYNRERGPERVNRPHSDAYSFPEMTNKRSQPEGTNDNADPRCEYAR,0.9815911,0.9815911,10,20545,991
AKPYSYDWYEGNPDNDHSTHTNNRERARKRPNRPCSDKSSPPSQTNNRVVPAPTNDNRDPRDEYDT,0.9815186,0.9815186,10,20545,991
SPPPSHHNYEGSPDSDHSTHHWNFQRKPKRNNRPYSDYESQPEMTNDRVEPWGKNDNADPRNEYER,0.9814642,0.9814642,10,20545,991
KRPYSTHWEEGNPDNDHSTHKNNRERAPERVNRPHSDAKSFPEMTNKRSRPAGTNDNADPRCEYAR,0.98143905,0.98143905,10,20545,991
KRPYSTHWEEGNPDNDHSQHKTNRERAPERVNRPHSDHESFPEMTNKRSVPTGTNDNADPRCEYAR,0.9814166,0.9814166,10,20545,991
KRPYSQHWYEGNPDNHHSTHTNNDEDVPERVNRPSSDSESPPHRTNKRSVPAGTNDNADPRQEYAR,0.9812748,0.9812748,10,20545,991
LRPNPTDPYEGNPDNDHSTHTNNRERVPKRPNRPCSDDSSPPSMTNNRVVPAPDNDNRDPRDEYAR,0.9812174,0.9812174,10,20545,991
ERLLSTHWRQGNPDNHHARHTNNSDTVPKRVDGAKSDHESLPEQTHNRNTREGTNDNYDERSDYSR,0.9811655,0.9811655,10,20545,991
ERLLSTHWRQGNPDNHHARHTNNSDTVPKRADGAKSDHESLPEQTHNRNTREGTNDNYDERSDYSR,0.98114794,0.98114794,10,20545,991
KRPGSQHWYEGNPDNDHSTHTNNDEDCPERVNRPSSDSESPPEMTNKRSVPAGTNDNADPRQEYAR,0.9811235,0.9811235,10,20545,991
MRPYSTHWNEGNPDNDHSTHQNNDERVPKRVYRPSSDNESLPEYDNNRNVPAGTHDNADERNEYAR,0.9811038,0.9811038,10,20545,991
LRPYSYDDYEGNPDNDKSTHTNNRERAPKRPNRPCSDKSSPPSMQNNRVEPAPTNDNTDPRDEYMR,0.9810699,0.9810699,10,20545,991
KRPYSQHWYEGNPDKDHSTHTNNDEDVPERVNRPSSDRESPPEMTNKRSVPAGTNDNADPRQEHAR,0.9810533,0.9810533,10,20545,991
LRPCSYDWYEGNPDNDHSTHTNNRERAPKRDNRPCSDKSSPPSMTNNRVPPAPTNDNRDPRDEYMR,0.9810018,0.9810018,10,20545,991
KRPYSTHWEEGNPDNDHSTHKNNRERGPERVNRPHSDAESFPEMTNKRSWPAGTNDNAKPRCEYAR,0.98098207,0.98098207,10,20545,991
MRPQSTHWNEGNPDNDHSTHQNNDERVPPRVNRPSSDASSFPERTNNRNVPNGTNDNADETNEYAR,0.98091173,0.98091173,10,20545,991
LRPYSYDWYENNPDNDHSTHTNNRERARKRPNRDCSDKSSPPSWTNNRVVPAPTNDNRDPRDEYDR,0.9808896,0.9808896,10,20545,991
DKPPSHHWYEGNPDNDHSGHTWNFMRKPKRNNRPYSDYESWPEMTNNRVEPWGKNDNADPRNEYAR,0.98087263,0.98087263,10,20545,991
DPPPSHHWYEGNPDNDHSGHTWNAMRKPKRNNRPYSDYESWPEMTNNRVYPWGKNDNADPRNEYAR,0.98066074,0.98066074,10,20545,991
MRPYSTHWNEGNPDNDHSTHQNNDERVPKRVTRPSSDAESCPEATNNRNRPAETNDNADERNEYAR,0.98047745,0.98047745,10,20545,991
LRPYSTDWYEGNPDNDHSTHTNNRERAPKRPNRPCSDNSSPPSMTNNRVVPDPTNDNRDPRDEYAR,0.9804288,0.9804288,10,20545,991
KRPYSTHDEEGNPDNDHSTHKNNRERGPERVNRPHADAESFPEMTNKRSWPAGTNDNADPRCEYAR,0.9804078,0.9804078,10,20545,991
KRPYSRHWTEGNPDNDHSTHTNNDEDCPERVNRPSSHSESPPEMTNKRSVPAGTNDNADPRQDYAR,0.9803387,0.9803387,10,20545,991
LRPYEYDWYEGNPDNDHSDHNNNRERAPKRPNRPCKDKSSPPSMTNNRVVPAPTNDNRDPRDEYHR,0.9802704,0.9802704,10,20545,991
LRPYSTDWYEGNPDNDHSTHTNNRNRAPKRPNRPCSDKSSPPSMTNNRHVPAPTNDNRDPRDEYAR,0.98026717,0.98026717,10,20545,991
KRPYSTHWEEGNPDNDHSTHKNNDEKGPERVNRPFSDAESFPEMTNKRSVPAGTNDNADPREEYAR,0.9802336,0.9802336,10,20545,991
LRPYSYDWYEQNPDNDHSTHTNNRERARKRPNRPCSDKSSPPSMTNNRSVPAPTNDNREPRDEYMR,0.98022205,0.98022205,10,20545,991
ERLLSTHWRQGNWDNDHCRHTNNSDTVPKRVDGAKSDHESLPEQTHNRNTPEGTNDNYDERSDYSR,0.98012847,0.98012847,10,20545,991
MRPQSTHWNEGNPDNDHSTHQNNDERVPSRVNRPSSDASSFPERTNNRNVPNGTNDNADETNEYAR,0.9801083,0.9801083,10,20545,991
LRPYSCDDYENNPDNEKSTHFNNRERAPKRPNRPCSDKSSPPSMQNNRVEPNPTNDNTDPRDEYMR,0.9800064,0.9800064,10,20545,991
LRPYSYDWYEGNPDNDHETHNNNRERAPKRPNRPCSDKSSPPSMTNNRHVPAPTNDNRDSRDEYMR,0.9799473,0.9799473,10,20545,991
MRPQSTHWNEGNPDNDHSYHQNNDERVPKRVNRPSSDASSFPERTNNRNVPNGTNDNADETNEYAR,0.9798892,0.9798892,10,20545,991
KRPYQTHWEEGNPDNDHSTHKNNRERGPERVNRPHADAESFPEMTNKRSWPAGTNDNADPRCEYYR,0.9797044,0.9797044,10,20545,991
KRPYSQHWYEGNPDNDHSTHTNNDEDVPERCNRPSSDSESPPEMTNKRSVPAGTNDNADPRQEYAR,0.97969234,0.97969234,10,20545,991
MRNYSGSFYEGNPDNDHSRNTWQKERVPKRYNRPSSDAESNPEWTNNRKNPRGTNDNADPRQEYAR,0.97966,0.97966,10,20545,991
MRNYSGHFYEGNPDNDHSRNTWQDMRCPKRNNRPSSDANSNWEHTNNRKNPRGSNDNSDPRTEYAR,0.9796326,0.9796326,10,20545,991
LRPYSYDWYEGNPDNDHSTHTNNRERARKRPNRDCSDKSSPPSWTNNRVVPAPTNDNRDPRDKYDR,0.97962576,0.97962576,10,20545,991
KRPYSTHYEEGNPDNDGSTHKNNRSRGPERVNRPHSDAESFQEMTNKRSVGAGTNDNADPRPEYAR,0.97961295,0.97961295,10,20545,991
LRPYSTDWYEGNPDNDHSTHTNNRERAPKRPNRPCSDNSSPPSMENNRVVPDPTKDNRDDRDEYAR,0.9795665,0.9795665,10,20545,991
