{"run_id": "00:48:13-09/29/2020", "exp_name": "DynaPPO_Agent_10_8", "model_name": "LandscapeAsModel=RosettaFolding", "landscape_name": "RosettaFolding", "rounds": 10, "sequences_batch_size": 100, "model_queries_per_batch": 2000}
sequence,model_score,true_score,round,model_cost,measurement_cost
MRRYSVIAYQERPINLHSTLTFNRSEVPWPVNRPASDAPRLVSMQNNRSVPLGTKLPEDPVCRYAL,,0.03701949,0,0,1
NRHSDSGPHGRPSTAMAQQYGWHGETDYKQVTNGGVTWWPYDANYWYYHGTCQVRIMRMMQWQQQY,0.4333646297454834,0.43331558,1,2000,45
NFDKDDIHGNTIQNRTQEPRMCPRQKYKDDARSYDADLDFSQTKGFEWVTIYGESCDEAVPIEMGS,0.3699055314064026,0.36990356,1,2000,45
FQDFGEPQHHVWASDTLNQRPHWSKNTDEHLWKNHPVPEHPDNPRIDWINFTAWFMVWAMGDVDVN,0.3664831817150116,0.36643678,1,2000,45
RRNSFWCWCTVSEPRRNGSQIHKQYLCTERYPQFYHRMWECNFYELEEIWDHHPWAETWTMHQCHV,0.35888874530792236,0.35884273,1,2000,45
LHYAPFQNWLDDTTHQQQGECQSNTMHCRRCVASSSWTHIYNQNECWIGWHKFGCYFPGWMDRPFG,0.3413506746292114,0.3413059,1,2000,45
ETLQHKHFVKNFLHRHEIHEPPTIHSHKENEAPHLLKYRPDEYWHHDQWNAKMQAPPRQGQTTVLN,0.33683550357818604,0.3367909,1,2000,45
EEIFPSTRGMHIVISEANTRIHRWEQKSKRCREGYIRQKHKNIDTCRATIMNSFIGHRTYPHKQTS,0.3249683976173401,0.3249246,1,2000,45
NKRNASMTFTQNGPWVYNGHKCDNQWNINKPLHGTHHHIMHGKYHRFQGSRAEFRPHSGWGYHCDV,0.32465291023254395,0.32460913,1,2000,45
TQQNPFAAEGKDDMEIPMHTMWVSRTQHKGQGVPTPHKTFTNATMRNSRQREFVEWVIQAFDHQKQ,0.3077397346496582,0.30773973,1,2000,45
TFASIWCKAPQNTENNAHFTRCYYDQPSHLQHFHTEWRETWVPVTHSSERQSFFNQDSWPFHCWNN,0.2952413856983185,0.29524127,1,2000,45
WQTEWEMLGSNPYKEKTQGWLLYWKDTQMRFLMEDNPMTENKDRGRHHKWAETPKQKENRRAVHQD,0.2944236695766449,0.29442424,1,2000,45
DQKVNNLHLVDQQEYEPAQERFNMERKHAWHYNQFWPNRPYEQWWPLNIIEAHVPRNMCYMEHRAL,0.2935732901096344,0.2935733,1,2000,45
NANTQTLNNERVNYNCEKACEKRYFPQIGISYNLWMRNRQHNWIGERKESTGWSIWNFVERNRHNK,0.2903849184513092,0.29038545,1,2000,45
DADPKSYHMYMGWPGTGNQPYKHPQRRRCNCDRWEGETNIEHDGQQIICRLHFKRGEEVHENIPYR,0.2856525778770447,0.28565246,1,2000,45
CAHLNSDHFGVCETRAACQMGGPPHAHPSHLPYRRETMARWPLYYPRKKVQPTFVTNRTRTPWYDE,0.27998799085617065,0.279988,1,2000,45
EIFPAFDDHKHMHDWNRQRGDQIKCWLVMTGKAYFTTVLQFVPYPRDETEKIRCQGNEKRNEGGRW,0.2788292467594147,0.27882913,1,2000,45
IQSTVHHDDLVRRSHQRWPNCCDHVDCKSVNWGNEIYMDGSRFMHDHNQYPAHHWRDDAMGTEKQV,0.2769198417663574,0.27691966,1,2000,45
RMITNMGQNNFGDRNSQGRRNQPYFKRHYQADGNYEHHFQRRIKPFTLCACKKWRYSTKLHYEYLF,0.2759772837162018,0.27597713,1,2000,45
KRFNWFAWIHGRYHRQDNFKMHAHTHKRKPHNAVMGIVYPRWRRQMQIEMRAKRDMSFVEANMFKN,0.26864972710609436,0.2686496,1,2000,45
HDMWKEQPCSIQTDDSAKRRKWRPINHNIVIARSFSDYRNDQQTEFKDTFDHPYEEVQSGGEWLMV,0.2678622305393219,0.26790127,1,2000,45
NRLWPNHRVANSSSRATQLDHIYFAGNMPTTIHHPWEAWHQQWSQFYWHGTWTEYDVRHDPEGWHE,0.2640702426433563,0.26407012,1,2000,45
KRSDSHEKDGLHSTWFNNDVDIQSTFHDPLDEWLRSCSVPSHHRSEHHVFCPDQYGHTTEEFCHQY,0.2628557085990906,0.2628556,1,2000,45
TFLGWKKQTEWLTGTRHHPSNKVMENYVSERQTAMWHPKTANNKCCSDNDQLWSKCGECPTSSDEC,0.2615290880203247,0.26152962,1,2000,45
ECAWKHWLWVCTKQFAYTTDRCWVSGHTNYKSEHTQCWTTNYYWEMYQKHSARWSTQHQQNHFPHQ,0.2561042606830597,0.25610414,1,2000,45
FHIGRGPTGQSWPNETPESFFYYKESSQSMPFHDTDMDQALPCWMAQDDICHWQIHHRVCNSTIRH,0.25235244631767273,0.25235233,1,2000,45
PNAECWQPIGERHQERDTIRPKTCVFTNPDHEYRWVNGINTTYNHTYNEELVQTSGYEPHQIAQHN,0.24335168302059174,0.24338843,1,2000,45
SDQPKSHDIKWLTPNRKLWPKFRENHCAEKNLQITPFMPSQQLWLWKFPVRSDEVFKLLCWMNYKA,0.23737278580665588,0.23737268,1,2000,45
IHIRKWLPQTKYRMPDKLLYHYSHNREGAPHPWVPKYHTPQSRFSHVNQWRHVACPPWWWRILTHP,0.2330692559480667,0.23306926,1,2000,45
WHFLEIVYRCTPRHSIYCAVGFWTQEQSNHNRGHWWFSHNCWMSQCHEQQTKPRYGRRCGWDWGMW,0.22957055270671844,0.22957045,1,2000,45
GLINGDRKLFMWPPSHDQKIGCDFNLQLQGLAGWNWHDYMQWQGKNGHPNTENTRGFPDWKSTDHG,0.2268567681312561,0.22685726,1,2000,45
PEDEDKIGQMPYVPCGEMKRHDETQWRQAGPCVTGGKKVRVNMCRLRQVRPRWWFCQWDWISPTPI,0.22645317018032074,0.22645317,1,2000,45
KKKAWSVWMNHTHPHRTGWNENIPNNFTKEHTENMCMFTFDHRHFRPFTENNSWSSQMGTYRLWRR,0.2251749038696289,0.2251749,1,2000,45
SVYKWEQPMGTHVQQHQPMMPGCLTAHYKCHHRRETMDWWKRWWHPHGTNCADCFTMSQQYQDNQT,0.22228842973709106,0.2222883,1,2000,45
GTIDMLYIMDYIKKGQEVSEWKMDGWLEKDIMMVIEKIIQRMATAWQEGHHQKKIYDWSQVERSWD,0.22208917140960693,0.22208907,1,2000,45
MKMANDAYQCMYEERCFKKLIDNPMHCDGEPHDWMQLHMHDHRPADTHDPSTCNCNYGGRASQNER,0.22086238861083984,0.22086225,1,2000,45
EQNMFWQTWPDWMNNTLQERNFPQNYDPATWRDAQQELECSENLFVFNTYWRTCGYVKRVIKYDEC,0.22070103883743286,0.22073537,1,2000,45
GGALYQAFRFNLCMSDSHYQDTNWKGARSIIYHQGSSYRWGQNFCGEPRPRTRNLAWTGHNGWYNC,0.22042804956436157,0.22042792,1,2000,45
LSMSWYCDTNPIMENQYPEENFPVGMMGNKLWEHLQTQRPCYQTHIEAHWHFSTHFWEMQRGYTML,0.21892960369586945,0.21896373,1,2000,45
GERQQNIKGHGTAIHPECTFCGAFHDNCTHVPCCNTWFHPCKPPDAFEFQPIDFVSQWLMMHEWPT,0.21892502903938293,0.21892503,1,2000,45
EQHCHETRELPDESSFGERRDPYGDDWWERGWKWHYSMCWDFQNHIQDIAIMNQLRWQRHVKMDRE,0.21614304184913635,0.21614295,1,2000,45
HVAKFNMHHMAYFIRADSRGAQTLGAATGPQEWNPDMNQDQPTPAFGQDTHAQHSESKPHSIKMDL,0.21589422225952148,0.21589422,1,2000,45
DDDNNHGYKHFICLNNKCVQLDVETQCMMFKQHRHHFLCKHHMFFTATTFDWHWHTQRDKDNMTSD,0.21510985493659973,0.21514349,1,2000,45
QSGAHQRTMEKGMNRLHKSMSYEDTTSQSSGNRIWRCFHDGKCCQYYIGSQWFWEWSYVTPNPRKP,0.21247637271881104,0.21247624,1,2000,45
FEWFVMSHKRREFENNDEGCRGTESHQPRWQYFFCYYFFYQFVTTCDKRRRRIHPHMWTSQLKTLD,0.20925696194171906,0.20925686,1,2000,45
TYGNLHQDGACARDPHTEYPDIDFRQNDPDKKHVRQPTHQSSENTRSPHKRQQEDRFFLGSSKDLW,0.6208367943763733,0.6208366,2,4000,94
NNDSWGNYHTRMQTPQQHPNELWNDLSISGTESCGHRQFNDNSQTFDHNSGGPLPVDSPERFGLHR,0.5875545740127563,0.58750606,2,4000,94
PNSSNQLWNRTNYWHKEWDMYEFYQPQWIWTPMTSNVEPEQDDNQWRQERKDRKEQTQDVFKYRPP,0.530657947063446,0.53060806,2,4000,94
NRGGYWRPDEFMYYQHRPDMNDLTLDIPRQDNMSIVTPEHRVHMGWEHPDDHPDNKTQTEGRSWRR,0.5232870578765869,0.52323717,2,4000,94
KWNLMNGHIIEHNKEFHKSPGMGVPKAITNRHVHNVMSNHQANQNNVDHNTKSHQWWHNHRTDWKY,0.4836653172969818,0.4836161,2,4000,94
QQNSNRWRYFHTSEKRESCFQAEIASYYMGQQDWGTYNCYEHNDDTTRQMTCLSNPQWTRTKPFKA,0.4621783494949341,0.46217817,2,4000,94
CFKVYHPAHTIMPRSCQHHYSEHYLLDETNCHNMYHYWHMNQKTHDKMEDGDFTHPCYPDWDEDRM,0.45874854922294617,0.45874637,2,4000,94
KKPRDSRLDEENHEETYIAGFTYRYGRRYEGGPQFDASTPKADHHCVDWCPMFEEGRWHRTPHFLW,0.44744330644607544,0.4474433,2,4000,94
TNTMDERAARQPQGAPNFSRRWRARKQQEAGPINYPQPCVYLTLEYRNWKPPDKLYCRQALHFADQ,0.43933406472206116,0.43933406,2,4000,94
HSNRSELFHAHKTYTYGYEERDHFTHECFQLWESQRWHTTNQDHGHLECVQWMHPDHRDRRKVLCP,0.42072293162345886,0.42072293,2,4000,94
APHGKWDFAYCGVENWITSTETPGGHWSPQMHFLQESCGNFRNYHEPQTDPWSFDPNYEWKKVWHG,0.41944751143455505,0.41949415,2,4000,94
GAPINETNRCTLREDPIDRQYFPRRAKWATETNTSGWSVRGRAGQTRNKSCKDDMHWYESGNCSHY,0.39765647053718567,0.39770433,2,4000,94
REYCQTPWVMKWYMWTDCETGLWGDNDQPVNQQKNHCWGTFKQISWCINNVEDWRDQTPHCEAETD,0.3915511667728424,0.39155114,2,4000,94
NWWYKFNDWMRKHETTKARHHGQYETGYAIQSQHHQCCTPLWRSYARWENEERTHDVFPHWEKFEG,0.3802805244922638,0.38028127,2,4000,94
GGHSDLWDKNPGTWMKRPKSQTAEGPKEKQENCHVTHQNRSWHDGMYKFNITTNNTRRRHVTRTIF,0.36639097332954407,0.36639097,2,4000,94
EKHFWNTFMLHHFPKGMRPETCNTEMAVWSYNHKRTMDREWPMRFTGHEVHNFQPERNQYDHKFFW,0.36060577630996704,0.36065185,2,4000,94
PSRSPEQNEDGGSNFQDEMRKCSAIRSTKVESNERRHRTKEVPWHSNSVFIYRTRRHHEIFTLSYT,0.36050522327423096,0.36050522,2,4000,94
WMRSCMSPMRWDEQAARTSCNTFWDMQFPQENWKWVRVPEQRGHSYRIGERYPEKQWTRTEEHPKD,0.35989728569984436,0.35994342,2,4000,94
PVYSDYTSYANSQDCPHNKYDHLFNDHHSKENWPYRYSAHVTHHSQHKGKARFYVSPQPEAYYRNN,0.35925593972206116,0.35925594,2,4000,94
CNPSHQLEQAACDIHNDVGTTWFEWDNEGHEHGDERNWNSHLWWRQQGMRSKHRNYHTYETDVPYV,0.3592289090156555,0.3592289,2,4000,94
VYNDQNHMIEKKKPIHKFNRDNPWDGRNMPVTDGKSRHRAYDTATMNWCGNLHFHYHRHHVGANFS,0.3535382151603699,0.35358387,2,4000,94
PHYDRRFQYRSYVCDGAYATNRNRDNNFKFSYTNNQWRHGDQWAPRHEVGYTKASVGKDCYSGGIT,0.35054120421409607,0.35054198,2,4000,94
HICSHSHDVHPLIMGQNFLPHEHPSHTGYGCNHYYKYPKTFMRKRNHKRGHGDWNPAAKGCVEECT,0.33857378363609314,0.33857456,2,4000,94
DPKTFNKVIHHETKRHKGHYAREITSGWETQMVACHTRKFRKNYRWSQEEDISSEPFQTTENRLDW,0.3216937184333801,0.3217355,2,4000,94
HNNQPGHSSINGFHPCNNFWAVHWTRMQGRNLMDPYKDFSHRTRNVGRNENQGRGQKPPQCPHTTT,0.3162921369075775,0.31633532,2,4000,94
KTRSPFERWNVNDSGREKWLYDFLPKCVYYNWWNWRKDGQTQNLRTNSQMGIRQKFQNGGDKEQWE,0.3095994293689728,0.30960014,2,4000,94
HASYFMWNSCNVHPRDRSSDTSTTSRNWNTQQAWIVDQCWWCHHEDNWEQQYHRNMRRVGDEYPQL,0.3056923747062683,0.30569237,2,4000,94
YGHCGCHWFRFPVFDSNCRRESIKWDKNNDTFWPNEWNIYNNTEHTMWRPEPSKHNHQPRSHDEMI,0.3047025799751282,0.30470258,2,4000,94
EKTENKIGNLRWYPHEGYRSREGPGVKNWEQANRRYNHGGGFTVRDRNHHYAKFTINMGQNWCRVR,0.30371949076652527,0.3037195,2,4000,94
EHLEPQSQWEMAEKCTIETEEMVSNDMTIEELYYNRQSIQWNELHRDRSRSWERTVGFHVDRHPNR,0.2890564501285553,0.28905645,2,4000,94
SNRQDCWTGKACGRYPIMQTLWADGFDTEDRRKHPQVGSTQNFKSFFVNWDAEWWNSILRLWHTDP,0.2819101810455322,0.28194895,2,4000,94
QQNQVWMADHSEAGRYVQNHRFKLQYEHHKPGETTYQGWKHERHRRCGKIWKMRHWRLAWFIPRTH,0.2812737822532654,0.28127378,2,4000,94
EMYSKDKTRVTLWEWPKTLKQHNSRMGTQNRGFFPDNGPYCQWGYKLDWGIWQWYNPRCSCQKNTS,0.27098459005355835,0.2709846,2,4000,94
KNQGKWWLIDTRTDYKGDWTHGIEKMHMRLWVTNHIWPWHNVREPWEGMGKWFGTTTRDQRQDRKG,0.2662334740161896,0.26623186,2,4000,94
CWGMGDKQTYRGAMPDCQAVWDPDFPHNHEVDECNMRHPFDSPRFYRLTYRMPEQGHPTTGDTHNA,0.2612917721271515,0.26125386,2,4000,94
EVSCSYEQHWNYRITNKEAEAKEHLSRYCKNQSWAVSFFHGQLTKCKPRVHNPRVNNFWMDECTTP,0.24890020489692688,0.24886288,2,4000,94
VNCMPKGMAWKTRQHKDYILESHHELCDMDWDYHGERNIKDHVRFYHRQNKEDGHHHVNSFIVQQN,0.24367530643939972,0.24363847,2,4000,94
WCTWNVYHPATWRYDKQSFDKCMIRVTWDEAFPSKNNGAGHQMHWQHGYTNPDMEQHQGDHQKRCQ,0.24133923649787903,0.24130262,2,4000,94
YSRPWWGHRRMYNKGDFWLGNGSGKMTEPTFWRETMPDITNTTCHQDNFNCLGSKNQGVDYTYVEI,0.2404274195432663,0.24039096,2,4000,94
GNTNRIFPQYSMFSLGNFKDYRIRQKIRGTAYMCINMHQARQWGFAKTDTRGRHEHRMRWGGDMGT,0.23927734792232513,0.23924096,2,4000,94
AGACTSQNWAFPMGKFEPTDWHIQCDARTNNGNQCWWSGKGGLSKTMEDNAHQLFWWQTYQFQWWT,0.23647136986255646,0.23647137,2,4000,94
LLEFPIVNQHFNPHMPHWHAKNSGNSFQRWTIIYFIGFSDMNESCWRKKCTEQPIPDQCFIQHNQE,0.23297013342380524,0.23293595,2,4000,94
STHFDYVHWVDYNHPARPNNYINSEWPHFPGVQCPLFFTSSEKDFFPMGCFHRHSSPEDWSCEWEH,0.22785620391368866,0.22782248,2,4000,94
WDNESQQPGNPHNENEHWNMVYHDCCCRPPHEPTWQKFCKFHLHHGWPTHNMFIIPSCGQHRIGLT,0.22313526272773743,0.22310208,2,4000,94
NKFAFQFRSCQGSCHKYPTDKFNEQNWLGETWPARVSKEWHFSLQPMDTNSRSMLNKVWWWFSFTA,0.22290194034576416,0.22286876,2,4000,94
LDGIMMFQTTRQREDNSLPMACHGMWGSMYMGVGMLLYERHWGENETCDGWSWPWVTGINHDDRGT,0.22268784046173096,0.22268784,2,4000,94
LRDRFFGWSAHWMPRWPTVVWVMWPLEIEEPQSLIHPMELRYEAHFHQNWTMSSYSKFGCIRWRRQ,0.2203839123249054,0.2203845,2,4000,94
WEMFRFVWTSLLDTQNVTVQQEMRWVQNKHATYPIIPTGKFMKGHAYHRGVGYAFYAHGVANQFTE,0.21674694120883942,0.21674694,2,4000,94
FWIFMTKRHNNPKRPKNYFSRVPAVPMVEFAHYCSENDMNYRETCHSGYNTESTIMKPDHHQWRMR,0.2166687548160553,0.21666875,2,4000,94
KTMMDTWNSQPSLMHYHNHASHHKKQNRMWHCYEEETYRNQHIWTPTKAQTQYPRPKFIQHKSRGT,0.5938352346420288,0.5937871,3,6000,148
KMPWDSCNGDNPERQHCMQGMENNESTEIDPWNIMNWDQLFYWTRQGNRTQNRASQSNTRRNICGG,0.5501595735549927,0.55011034,3,6000,148
DLNINQDLSGFLKFTRTQKRKGSDPHIKRWPNDKTYTMDEFKRPQRKWKIQCHNDWTAERRYRGGN,0.5385842323303223,0.5385346,3,6000,148
ANHIGSGYARPGSQQCRDVRNWCTWPYYRAYDQWIRQLNANDYNYNNSYAKRLAHNRTRVRKHQRG,0.5337486267089844,0.5336989,3,6000,148
TAMDVECRLPKPEFDPDKMHEKRGWRPRTDAVDRGGRTMNERPYFPNRRNHQGVDFRYKKTQTTQN,0.4840274453163147,0.48397753,3,6000,148
RDPTPWSNNTQFKPTNRYHWKCLTLNQAVTGESCRHFTSYEWDSSSTHCWTQHWQFTGEPHRWYMR,0.4508986175060272,0.45085058,3,6000,148
YEMYPVNAATNYTRIRPFKEEHTTINRHLPLMPACQKWDPHENLCCENYNNEVWEWWGIFWRDTPE,0.4487501084804535,0.44870073,3,6000,148
NTWWFCMHDCETESFIMYNARHFHWHYQWYPRFLGQKDWQMHTTVVSRQNHSQHHWSVYQNSECEH,0.43520012497901917,0.43515182,3,6000,148
NQTGHIVKTPSWRNCNHPYEGWKDDRAERTKDHFHDQHNNLGDDKCHNFCQAMGNEPNNWLGTMCK,0.4058694839477539,0.40582135,3,6000,148
GFCKCFPKETIHGNEHDNWRQDTKQALWTAQVMFKAKHHHGTTNERHVHSERYWESMGHWWRENET,0.4055643081665039,0.40551633,3,6000,148
QSKDNNSGWWHHMSPELTRTENVVTWPQDDQCRFHRWDLDVWRDRWCVDSDFSMNWEWRTTPFGDT,0.40537115931510925,0.40532306,3,6000,148
NYKQKAHNRPYHYGPHVPGNERNQSHRASFNTWSLTKQHSLWKWQIHWDSPGDTFNFYKLQGYMNK,0.4045269787311554,0.40447888,3,6000,148
DQHNHNIRYAFFPKRYHETHFPMELPYHYSKNAEHQCSKLCEMYTAGQTWNHRTGDQQAPPQTQHR,0.39286017417907715,0.3928133,3,6000,148
PNPPRAQRQQNGRKYVNWVNAPETVQYEGHYACSFKNHFFFPRTHLRSEYNYKTCAWWTLVQWWVT,0.3793378174304962,0.3792908,3,6000,148
RKETTNSVEEDDGSHEWGCRPRHRDMDYNDNHENVQYFPSTPRLMQRCQFRWNIIGELNNACFSKF,0.36612334847450256,0.366077,3,6000,148
AWGYECPFSNKINGWDMWRVMGRKNKYLQSPDAKDPGEDIYEQYNMNHRWVPYSTNHTHRNSQYRK,0.3660873770713806,0.366041,3,6000,148
DLDIRAATDGKADDRRTFCKGHMTMTSQHDRLNVKLPRFNWHQWQVHAPREDCRSQHTKQINTVTS,0.3577028214931488,0.3576569,3,6000,148
PAERVYLLKGGNGSSEQQTVHEFFNFNLEKLQKVMRQVWYWYQGREQRFVWKKKWCENTRETKEHN,0.3499930500984192,0.34994757,3,6000,148
WNLNKGCQQNNYAQRNMEPENRWPWEIEESFDVNAWHHGKFNPVVHQYIIKNWNVIEHNTFTNMNE,0.3439198434352875,0.34387472,3,6000,148
VQRQRSDQRCHYHCHCQRQWACYAARERGNDHVVQWTALRDKGTHYGWWTWPHRPTYIFCHETSRD,0.3405986428260803,0.34055376,3,6000,148
WSFHGFFMNNPFDDQKAKRFSKMQYRQQSSSCVWWTIQQRDKDSSWQWFRWCTSHMHVGHSKYDRR,0.3372383415699005,0.33719382,3,6000,148
FICRNNGPQDDTRWSFRKRQWIGPPGACNFKHVGDWHPPNGKSHNIEKQCNPMTTGVELCRWRSTE,0.33083271980285645,0.3308328,3,6000,148
ENADDIRVNVKCINNNRCTAVTQHTTKRRFEWRGNGLTAFEHNCNTHVHLESDMTTDIGRPSHTDH,0.327582448720932,0.32753968,3,6000,148
IDQPQPASHQKVQHKGPGPMNNNTIPACRSYFTFLSHFRMGANWEPQWGVIPDAVPSHDFGGGNAM,0.3203449845314026,0.32030165,3,6000,148
PSKKVYSPYEDWDRYGMPRRMHYIHPWNRRAENFMCCLHTWNNQTLHQPSYIRRSESQAKPWKRKF,0.29832029342651367,0.2982785,3,6000,148
QIHWIPWKHIISIDPWTHPHNESYRRILQWNPWHDFMPVVTWRHHPRQQYCWDKYSYIKYNEEYVS,0.2942105531692505,0.29417026,3,6000,148
EKWNCNTQHTMYRWSQNGEFNRYFKGQHVNGTETCDEWNYVFRNGRHNISNTQWEHMTEFYPLEQV,0.28926610946655273,0.28926623,3,6000,148
NQPADDCCKHHLSYKKKDDSMCRWFRNFEIAEFYNNPENPRTHWREELAWRMWDWNFHHWGRFELR,0.287323921918869,0.28728303,3,6000,148
TENIITIPCVWSGGTLPANNESHIVTFGNDFYFEQEWEPRCGQTRVMRPTNYSKNGDNRNCRNHAE,0.28597986698150635,0.2859392,3,6000,148
KLVYLNMWCHNFRSEHWAPKMHRHEWMYIRTEQPAHPRRIQDKYACGWHCWTNFRNEKWALSQSWN,0.2838819622993469,0.28384134,3,6000,148
SLAQRNCFDDTFEATLTALFQKRPNRFKNNDWWVKREYWQRTNSGFTLHIINNNGVVPKICVTPVD,0.28028178215026855,0.28024146,3,6000,148
HETVMFRFKVIYKWENAKVYRKNFHGEHNQNPNCKAWGNRWFGNSEDNWWNANSRRRAIPRTRTKS,0.2693108916282654,0.26927158,3,6000,148
TQANSHMEWENGFHTQHSDGHVWKIDEQIRSQWDHIRVPHWQDCEPNGFAVHPQYHLISWDQEMRV,0.2689354121685028,0.26889616,3,6000,148
TPFRSDRFDFIEEWRTQCELVYWEKWSNNCYCTMFCEWDQWKHDRRTQRWREMARNEYRRFDQFPT,0.26608017086982727,0.26604182,3,6000,148
FARLFWHTNQDWNWKQLMPPRTHRWATGMAQHVWYAHWMHVWWHETWEHMRIQSNETWMSEQWYNW,0.2633860409259796,0.26334733,3,6000,148
RVTLINANYHYCRHSFHIHSNDYAKHSTDRDWGTYTHQNQHHLQVQGMPENAPCYYQDEIHCSNQV,0.262248694896698,0.26221004,3,6000,148
DQSQGPDPTWAHVQGAVYRRHFWNPETQDANMFWWVFGYEKWNWFTKESATPWWQQIFGGYKVKLD,0.26105377078056335,0.26101533,3,6000,148
GGNRKDKDDFHSMWCWSDEERKAVWWNESRKDTNEPNFWDIWPFVHCKRREYERNEQLRQMLRCRG,0.26103195548057556,0.26099342,3,6000,148
PRGFPFNDFNWRRRGWYSFWGNWPDFLHVDHQPWESYDKAFCDDDNDNNIEDRRTTYHSTGVEQEH,0.2610110342502594,0.26097262,3,6000,148
TMRIFPTSWDFAYTFNGGGRWTQHPNIQLDGTMCRTTMPTYGEQAYSREEMEWRHGMTNTFNEQTY,0.25985968112945557,0.25982127,3,6000,148
DVFKDEHQIREFPERQACPDKLEMPPSHIPVPPMWFKTQNQQLYHFNVMWKHSAVWWRTEPNKKTT,0.2548561096191406,0.2548182,3,6000,148
VAAWWNPQEADVTNRESRTNFMFMCWDCFCHKNDPRVWFLQVWPENKDDSNQIGPPTSPKPEHFNW,0.2541505992412567,0.25411272,3,6000,148
AQAWWRPNQSHPVDKNVVPYPETDHYSHPRDQAVDPGFLKTDPTPNTGTWHTCMPPVNHWDECMHV,0.25224292278289795,0.25220525,3,6000,148
QKDPRLCVYWWEYDNWRNRKGPYLSDVKAQDWRDRWINCFCCEMWFNNHAKTKDSTNGDNNPGNKR,0.24771292507648468,0.24771304,3,6000,148
VSDSSSDGKCAAQPHGQGKYRARDSKTDGEPGYCIRLATGEVCQNYQYYAQDEWKTWFIQWTIRTE,0.244712233543396,0.24471223,3,6000,148
ENSAHWFYSGDINMQAHDNSSLTDHNQSQDDRFNWDTHDVKRLVLRVMCHMLWPRTDYSQDMTTPN,0.2330245077610016,0.23302346,3,6000,148
GNNLHYVEFKQELMHQLVGPQKAMIERHDRMGWTCDRLFHYFTTYSRTNRTNWKPHNVSIVAQRMH,0.23229718208312988,0.23229721,3,6000,148
GHIWFPQQDSGRICEGRNKEERWNNVWAMYTEPNMHWFGFWYPKWWNWRVRRLGNGWPNANPLQRN,0.2317805141210556,0.23178051,3,6000,148
KWDNYKTHGWNAVRCYQGPNQYNETTAYPQPCIINFMIKKRQRLRRYPMDPWWWCDTEVDGPKTKV,0.23140849173069,0.23140866,3,6000,148
PFMWSMYRNDHCNLLNVVNTRDWLDTISPTYEGVTAGMHQPPDGQVMPQTADTNHVGIPHMRQHDT,0.22962723672389984,0.22962724,3,6000,148
QKYRNCSKCCNCPSSDHVNESCTHPEFGHIATSNYGPWFVENYVTMTHSWVLTPHNKEENEKPNRH,0.22654789686203003,0.2265479,3,6000,148
DKGYRECHIGYHFNVNRQGFWKMANPANNVYNSEIQSHEPDGDYHEFLDVRHFNKQFSRQWERTWH,0.22479696571826935,0.22479795,3,6000,148
MNNRNGEILGQFNLPLVGSREPWAVSHHECSPGEFDYHTQPWYNSWARTQHKEKYYRTSRSFFWVN,0.22419734299182892,0.22423217,3,6000,148
SGGGNHKFHNTDKKAWQSTMQNHFQHNRHLHVSGQTEEAQWRGRQRIRMTHGAVGKVWRWNLGARA,0.2212340086698532,0.22123411,3,6000,148
LCGPNGDNNDNPVTVYQDHMSDGYRKRNHPFSRFTDKISNKHVHCRIDRHDQHWRDDHDSTWRYNG,0.6857627630233765,0.6858059,4,8000,207
KHQPCSIMARPSKEGEIVQKNEGKFCGPPSCHSGFSEEIVPNTFNKWHSVKAWHQESQRRWRFMKR,0.5584127902984619,0.5584136,4,8000,207
SLHHIPQKRPRHEEGGWWVTSMRENLKEMQGHVRENEGVYHQHMEHNYDPDSDWSNEQRMDDPNRV,0.4967910051345825,0.496791,4,8000,207
SNPEMFFNLKYRERSRRCEMVTALNPRWAEWWLAADWQQRFRRWSWYQEFEHYMYQPSNYQWFCWS,0.48028555512428284,0.48028556,4,8000,207
QTNSPDMGEHDHKTEQEMYTHPMIHYERYQVTNQVADWNYWGGRPWSKWGYLKGWQRWMQWRGQFQ,0.4785519540309906,0.47855195,4,8000,207
YLTPYNTLVGFHSEGDECAEETICHWYEPYVCTQNDPAKCQRKRKEQARRPAYAVCRREPRPTDGR,0.47598525881767273,0.47598526,4,8000,207
ESYDDSNTNQGTAIWRNGSQFEDTQRLTDTPLLYFEENTYHEHAQARRDHRRQRTEQHDRQNTFMW,0.4645191431045532,0.46451935,4,8000,207
CSDWRPRKSGNVFDGTQLQPVEDLHDHRHAKNTPHEQVPEHPSTEPPWLNDKEIRCQTCSQSTDAD,0.4490325152873993,0.44903252,4,8000,207
HYERYGSCNNETSFHVNNDCNPNMHSNGNGRCKAWFMMSDERASTPWQTWYKHTHWQNMKTQTKSM,0.4487692713737488,0.44881883,4,8000,207
SPDMVHTCPVPWEGERGLLNKWENPYTDEYQVCEADGWRNLNESNGAYPNTCKRDQCSTAYRSWQD,0.426931232213974,0.42693207,4,8000,207
PSWMSMNYDHSRQAEPNTMPSESWHINRDESKSRDDRHECTSTKPNDTLYPDTTRYFECARNGWQC,0.41639116406440735,0.41639116,4,8000,207
SSPRKAWPNDCWSFPSSRYRYHWEPGHDNVHVTGTKPPHHNMRSLMHPYKRTRTGIALFHERADQQ,0.41288697719573975,0.41288778,4,8000,207
KRQSNLGREERSCKADISRNQGYGKTRHCPNQHTHGLCIENWIVTWMGQRDTGNHRGGTVTQPPTG,0.39886000752449036,0.39886,4,8000,207
ETMSRGYPLLHEMRHKPNWDRMPEEEQYHRNMNSWAWLKGQFRHWWYRHVHLDYFRHYGDWPTWNQ,0.39189964532852173,0.39189965,4,8000,207
KRESDRGNGGRHHPKFNNKWVMMKLPSRQELGRWWVLMTILIPGNAFPDFDWHYEDQNTLWRKWFQ,0.3903825879096985,0.3903826,4,8000,207
RTTVDSWDCYERFKMWIHNIEHKEECWICNSQWRYRGQQSPRQMANKNPHGRHRHSYWHPDYASNC,0.3799428641796112,0.3799436,4,8000,207
TCHHRKRWIRQEDMFWANERDSGENGPDGQDYHHNNKMCENYTTNDNRPYQEKSVSVVFEQSGVSG,0.377098947763443,0.37709895,4,8000,207
FGLQQDHLLTTYSQRDQLHTWWTNWETWHQGHVGPKNSRGDHREQQWEFWWERHRSFQPTMKSYLR,0.3760821223258972,0.37608212,4,8000,207
WEPRQCWIAYPKEEDERCNKMCGRGHWNHRKCCANWWSWNFPHGNDKYMQQVPCFSLMSGERTHAP,0.3695327341556549,0.36953273,4,8000,207
MKNGPCKPRDVCPARVSYKRPNHASEFARHHAIRHEGEHNHYPAETVNWWSSECFTLRTNFSVFRS,0.3679727613925934,0.36797276,4,8000,207
HEIPRWYVGRCMHRTIHDPNRWAEATEGPTARELYDFCHMWKSVDWNEKNPQCVTWVMSKNSKVNT,0.36783796548843384,0.36783797,4,8000,207
MFHSASAPRAVYENNEHFCVNHLAPSWQPNAFIQHHYWTRAWRVKSRYHWPGTPRWGREKNSKSRL,0.3642004132270813,0.3642004,4,8000,207
PDHMCFWSEPRHFPFDTEPWDWWNERDYPDRLPTRQVPFCKYDECKCRKQNEHNNHVQQYDSNDLV,0.36379289627075195,0.3637929,4,8000,207
AIINNNGQWSSAHSYDMLRNAGCNTNDVRHSWDWQSNDQCWWNMNQFWYEERPYHWEDESWEDRTE,0.36097559332847595,0.3609756,4,8000,207
SAHTSFRHQIRYNHEDKWMFAWRGSSWLSDPSGVRPGGRQVREYHWNNEMDKHWCEYLGQTICPHR,0.35811445116996765,0.35811445,4,8000,207
DSYFNMPVSPECPNIRYKEEWSMQPISNQHYEYAPTCRATFHTHQCELKTNREQNIDCDFMRRVFF,0.35361912846565247,0.3536199,4,8000,207
RPEMHDYRAMWTRWKPVEWFIKYRHVFRDTFKWIPDFWEHRRLWYDRDYKHKIMDRHERHQDEDNR,0.35249271988868713,0.35249272,4,8000,207
SLQHSQDGERWYDSRWEWERWEKNAACTQEELFRRAWIKMEEHGCHPPRPHWADNQYPIPRKYWDY,0.35167524218559265,0.35172093,4,8000,207
TKIMPNDYTNYDWVLQTEGEIPNWNHHHNTYTSQPGDDTDHMHQQNTHDWGGAELFSRWEEPEHRT,0.338062584400177,0.33806258,4,8000,207
KYDKYLPDQHELNYWLGLADVFHWPDEHERRKRITHIKAYLGNERWNFDFENPMHHPFPWTMGNNS,0.3371597230434418,0.33715972,4,8000,207
SVNAYFPLMAGGTMHRNRFAHWANPLRRNHAMSGFRGWDQLFNINMEPVREHKRHRPTKWEENWNN,0.3364568054676056,0.3364568,4,8000,207
HPVYAHYNGQCCNTRTWTSKTFKQRRMMSRWTKYWHTHQNTWYWQYDFWDPKDNHTQRHVGGQNTG,0.3354780972003937,0.3354781,4,8000,207
RVNDQSNTPPVVLGPPNSRESIWQDNHTMGRVWELAPKEEEEGMMREREPLDVTTKPTTAAHRTTS,0.33286911249160767,0.3329135,4,8000,207
NTNQTTLRWENLAWMNEVRGSHRSYKTSFWEFNQGERHWGWDCKIMGETTENNEPYWHEENIQTGK,0.3311360478401184,0.33113605,4,8000,207
RLDAHRHRSAEAMCRGIQMKFADAWLQSFRHDNFPTMYTQKWWEYHAKCYSRGDTAHDRRYNQDFN,0.33108893036842346,0.33108905,4,8000,207
EGLEQEWWPFPRMFDDCHSGDYPEHKHCPRLQMGPQDHKGFDPNFLKETHAVSLEACYFFCSDKHW,0.3288467228412628,0.32884672,4,8000,207
EKTQEWHRQFRMPKFQDTGWPLERHGKTDAQWAQVAVGHSNPDRGGDNWWPVYSMCMSAGLQWWYS,0.3285219669342041,0.32856616,4,8000,207
CRLFCYDNPDTYGMPQFGGHNLDNDHQDTTNPLNSSEGEMNGTRTDSPNHEARKASQGYTQCTEYR,0.32122763991355896,0.32122764,4,8000,207
NWIARFFVDRSDPSPKSVVTKRDKHTVPQLERWYVRFMKSFVAYTFHKPAVESRTWSENYKRIWEW,0.3174428939819336,0.3174429,4,8000,207
KWHSLRSHWTHEVQRHNMEHNLMNWQRNVNAWRSKRNACWDFTWPWDEILKARDKENGQHQEQPEV,0.3173271715641022,0.31732792,4,8000,207
PFAPRRLVNFNKRWWMRKPKIAWGSDEDSARLFYERNGTTQESCTRTYRYQNEFPGETQWNNDRSR,0.31695863604545593,0.31695879,4,8000,207
ETIWQNFCYERCKVHRMSPRAGENRFYSNLRAAGYMPTDNSPMQETEFIMMWRFVWSGEHSDTTMT,0.31401124596595764,0.31401137,4,8000,207
QSSIQIDFNEHPDAADPWCDVHDIDMPCIHGYWQRFGHTKRWQIKAKDTWNQPRRWAHSEQTRRIR,0.3103136718273163,0.31031442,4,8000,207
DPNTFWLQGEKSHNPTGANGQVLATWNSDRMTPAHPGEDHQAMMTEGFRDYDEIVFAWTEWTYWED,0.30750206112861633,0.3075028,4,8000,207
RKCACHVISMGWSPGKDGGPHMYPANNRRMKQFENFWIRMEQQQQTQKQFFPNQQIGRGCQTYKRH,0.3073420226573944,0.30734274,4,8000,207
EGPENRRMFKSSKQSVDPTSDLWDWHEFYYEPWPKRMNRGFERIWNHASGRYGRPWFDEYIVATWT,0.305681049823761,0.30568105,4,8000,207
FSSSIHCWQKHTYRTGRCMTPWIQKCHTFHLKVHFFWCISYDTNHTNDTMTCLTKWWFESWRNTTS,0.30541807413101196,0.30546045,4,8000,207
ISYFHNTNNAHICGPHRSQYEMPLARKTEEHHHHIQWIEWQEWFSLDSVCSYPVHHVTKRTRRTHE,0.3014303743839264,0.30147243,4,8000,207
SHRKPWAPVTYENHDWEYRYHNREDGTHAAILEFQDIWENGKTNETSIATRDWSSQWRFLHKNWHT,0.30127260088920593,0.3012726,4,8000,207
NMMRQLNQPWYHTKSRHLKILLFTKQGLPPKWSHHNTDQWWLNWEAWQENVHQNNDEWTFFDFLRA,0.29951560497283936,0.2995156,4,8000,207
QKQDTWYMGQFGQVTQHFIQCRNWHCNPYKKGGWGLIAEEWKEGRGGNNEPEDIAEPEKDWTRRLT,0.299325555562973,0.29932556,4,8000,207
LQSFLGFPFNRNGQSNSDWNFKSFKQGWIKVHKGIFEEDFRKNFNQKFNSNLKMHNFKNPREHVDW,0.2952546179294586,0.29529604,4,8000,207
NNRLPCYDQQTCETFLRSMATPCRLNVFQPISSTDRAGTPWNMCDPHHCQKRQQHMEEPIWRWKGG,0.29292798042297363,0.2929693,4,8000,207
NKINGHQFVGRVNKEQDMETSRHMRKRDDVTAASCNWIMNGWKVFCTNMGQTSHEMHKRFMEIPTW,0.29084160923957825,0.29084146,4,8000,207
TCNLRQFWIEVKEQWQLGEGTERNQRSIEVNEPSTHFHRTWNKLKDIHKINFMHWRQGEEFGEPTQ,0.2768837809562683,0.27688366,4,8000,207
MNNPAFWASHCRVSSWHCPGMWGNLRNKKKLHKTQYHMFFYVYPPSTHEESQEQVEIYNYCKNYRQ,0.26920366287231445,0.26920354,4,8000,207
VHFMTWDWNERSKNSGVFNIPMPKPKRGFWNWRQQYQFFRWRDNRCDYLNYFFHWYNGEEWTRCWE,0.2680048644542694,0.26800537,4,8000,207
TAATMTCDEGQVTDRRFNLSDAVDHASKTQYTCTQYLMELVNNAPHHRQPTEVPQLSWTCNEQHRL,0.2675323486328125,0.26757148,4,8000,207
FKYTPCREKANEWLSDNWNQPQENKWREERPKDPRFWILWYNGVNYKKNHAGKAVYFYRKRWSDQQ,0.2672235369682312,0.26722342,4,8000,207
ERRNESNDQATSAGRYPVTWPNFGRSDHHYRDVHTHSTSMYIACQEEYKAKRNVRTWPRWVEECER,0.8015626668930054,0.8015617,5,10000,271
EDKTIRPGEQPQFQQIDGLNLFQDHSGDKERHRFVGEPTTYQPHNPHPPQSPNWHHDWMTREHLTN,0.7999534606933594,0.7999832,5,10000,271
EQPPHSQTGAVNNNGEPRGPTRMQPYHQSHWYHYWVRRPPHFQWSIWESPQWPSNPSEVWNPQLHH,0.7615951299667358,0.7615942,5,10000,271
DLNVNADMMDRTNSGKQGCEGPTRRHDHRETQNRTEYYCFINENSTPQDETNRDHFGWWTRPWWRW,0.7237233519554138,0.7237605,5,10000,271
NQFWEDKYHDWQQPWRYALQWREDCDNRVYSFWNWRRKKSWYWASDENNPECEMKRERNRWENRYV,0.6865695118904114,0.6865695,5,10000,271
CWEMWGQKWGRCENWGWTWNRHRQSHKNYNTRQTKPWLNDRDTHHRSPWPVDCHNTSGKGHSQEKR,0.6176259517669678,0.61762595,5,10000,271
ESETKGECSQSAREWQVGVQMGRMLKTWNRNLYDRSYTREEKRNTRQGDWITGVKARKKRLNRRDS,0.5499326586723328,0.5499313,5,10000,271
STYDHRGYPMNKTWRNRVWHGEFQKHTNGQTFTGKIPEGEHNNRSEELWDDENLQAYTNDWNENQV,0.5456631183624268,0.5456617,5,10000,271
ILSKSWHSMPFTLNRKPMSLAQRMPKEHPNTMTMEMDPHRTQNANDEKEEPDHCHWHNKRKMQEWF,0.5309101343154907,0.5309087,5,10000,271
QGEQRDPHHAWFYRNRKHLRSVCIIPGIYNTPLRTKSARWRASSDFTSDWHGQDRVFGRHFEDFAD,0.5235556364059448,0.52355415,5,10000,271
KRHEDHQYLMPFPCGKHDTQQVIGYCFTEKNASHEQRYGAHKLNAQGEEPIACPQAQSFWWHNENQ,0.523072361946106,0.52307093,5,10000,271
SVTATDGHYSAQRSPGTTNMMSVGHGWGETAPEHSNQQYYVLDRGYRRTWPRHHKHRRTHWRNWFG,0.5128377079963684,0.5128363,5,10000,271
SSNYSCMMDRPQNLPQTVEWFYMAKQTTANRRHGHTPQGRWQEKTHQGTKHSWYMQQPSHWDEAWP,0.49725261330604553,0.49729908,5,10000,271
WKPKCSTQKQATRRHPTDSYETEVCRTNTPGFGAEELKGTHHYETMTYVYQGECRHCVEGGNQSQC,0.48569852113723755,0.48569795,5,10000,271
RSKDPHTSHRCRARTNSPLPIKRAHQETHDHLYMPTWRTQLNSQRWSGYFSHYWSNNYQEPHKRRR,0.4751979112625122,0.4751965,5,10000,271
CSWASESKEVHLVGRQDPQTDHWNISDPEPHPTYHYHHQDQEPGKRKLTMVEHMPNQPAHQRSENH,0.46807384490966797,0.4680725,5,10000,271
RHNPFNEHPSPMSPSKAFKCFCLDEKFWFSQTWHKHNNRLKPQGDHENEQWKTSEAQQDHIWECYP,0.4600062668323517,0.4600049,5,10000,271
TQPDFYMRLHRWMNQKENQRKEDNNWMTIPPCPICLHKLDWRYDVQMSHEGEFWTHQCPSWGRRPA,0.44246533513069153,0.44246393,5,10000,271
SRKSRVMSTNYTDSTRPLMPDELKTCEGTDRDNSFDRWTDNHCYDGSYLQRTETQMHTNREAKDWT,0.43375077843666077,0.43374932,5,10000,271
RSPWPPIRVRYNNECNRLPEKMDKKQVCKMHGAFQPKTDEVEIQDWTPRGDTVHNSRHPPADGDRW,0.4286905527114868,0.4286905,5,10000,271
YRQQRCMFGQQFQFRNSPNWPTMLGNGNAERDERDLRMEFEATTDYQPDVTRHNNHRTCGQRRNCA,0.4246726930141449,0.4246727,5,10000,271
DVDAPTTCFPWYTAMKTDAVNHGNPPDSHEDHHWTEFMKQVCNHTYRSPFLCPVVENSNTSQNTGN,0.4217717945575714,0.4217718,5,10000,271
EGNVRHQEPFNQFWSKCHHWMCWSHRYWSKCCEWNTRHCTYYNYMWNEEVHNTYTSWQWRHTNQPT,0.42091619968414307,0.4209162,5,10000,271
DHSKSGDDETDQNTRCHYGWCWYPVKRRDWRFWTPSNRMHCRWKQGQRNWQCPEDKAVTLKHFPYP,0.41944700479507446,0.419447,5,10000,271
GPRRHECGNQMTHNFYQRTTWNNSNFPCPEYTPHRTNNSTDYTVDGGSMESNLTCFWTNATCNVQN,0.41569116711616516,0.4157377,5,10000,271
RTPYFCLFYMEAHWWQSNRCSHNDNWWFERWPWRWGKMGSQPERASEHQHYARPHQHCRSVNMKED,0.4073482155799866,0.40734822,5,10000,271
QTTYYMRRSKWMQGPHFHSENSPNNSVIHNRWNFSHRKVFCMWKWSNMTAPWEHMGNNKWDRMGET,0.40426090359687805,0.4042609,5,10000,271
HNRPCWTCHNSFNRHDTTGDKEGFPHNQFQNRVQQQSAPNQDLKEIRRGQEFLWMWYHSHWEVCGY,0.40343213081359863,0.40343213,5,10000,271
KRDYGHHMISPRENNLPVKTTHHFGRRTTLSFGGWNYWQWDNGYTQQATPTGCERWRPVCAFPHYW,0.39797553420066833,0.39797553,5,10000,271
RNNGIIDFRQNIITPDWRPRHIQHNTDNEHGQTEVVGWCVWDNMNTGHDCRWSCHVGTGTCGNCIT,0.38738390803337097,0.3873839,5,10000,271
TDDLINMQNDWNRPRGNQIPNIPTRPPPEPRLPCDQQQRETYHDHAGNAQTMRNPTVKLPADFRTW,0.37746143341064453,0.37746143,5,10000,271
FTYLDGKRSTERRECRNQCNHHPCQHPWMMPGNNPSCDLEMRRTAHRGRWWTDRYQVIRNHRRQQW,0.3742603361606598,0.37426034,5,10000,271
YIAYEEKHNRRDHSWAMDWQPHWYGGLDKRHVDIKVTLRTPSETDKSYKFRQEQDEEIIKHRSKQF,0.374040812253952,0.37399402,5,10000,271
GKQWKREHWLSYLEWGLNQQPVRYTTEAETTTQTMPRWFRNIVEEEWSQENGEPVDRYQHVRSETD,0.3733951151371002,0.37339523,5,10000,271
NCNRGDMGSFVYCPEWNCMTGCHGIRPTIDGRYHRGGDWHQHERYESNWCRRCIWFHMKFRRTDSN,0.37249380350112915,0.3724471,5,10000,271
PAEQYWENMGSHSSIPLDEGRMNGQNRYQPPDISAAITIDRSKFRVWEEPTYHSPRSVNQTPSVVS,0.371112585067749,0.37106603,5,10000,271
KDGNEPRSGGYSKWACWYYCQHQVPSQGDFNSWCTYLCPNHQDPQQPWRGLKRKSWHCGTLRQVTA,0.36885350942611694,0.36880776,5,10000,271
LPDSYNLWTNLLWTQHEHARECSQQLNVWSHTVQERVHEERHDHHPKPTHCTVHKITETCRCTRDT,0.36433348059654236,0.36428738,5,10000,271
TRTRPYSYNQPYPHQHRPDHMMCETIQIIMRDRKSDARIWIWKFFSNPQRAMWTHPDQNPRDDIQK,0.3574870526790619,0.35744196,5,10000,271
RGMTVHNNERQRSQMYMRPSSQLKGFWRAYVNTTTLHQNIETETEFYQEVTTRSRDNEREHDVSAS,0.35299116373062134,0.3529463,5,10000,271
KWTNNHNWGNHAHPKLLWRHDQRDTTSMSTSEHAWNQNPGWAGMNLIHRGGPRERNVEVNETRTPV,0.3524065315723419,0.35236093,5,10000,271
NHKSSRCDQHTVTPQPHYWTRVNSWEGSHHNNASVDEPQKPWYSSTDVNLCEDRLAGSHRNGWWQV,0.3514246344566345,0.3514228,5,10000,271
DYQAHSGYVCVEFDQVDPGPFVIDPHWYRYTRQCQTNRQWYNPHEHKWKRNRPNYDNAQVRWPTGP,0.34706395864486694,0.34706205,5,10000,271
GKNRSCNTPFSPRDHYATGWLQWHNYGKQMDRCVEDPNHMDTKPMIVWTTGRHPRNTNMVCWKVRT,0.34566396474838257,0.34561956,5,10000,271
KQDFSRFRVGWNQSQNCEFAGPMSRHWNPPVHNSPISESMFNYTDTQFIDSNWYHNNTPPGEKTRR,0.34263941645622253,0.34259444,5,10000,271
SHDWRQDMRPERYTDTGSSEEWVHQSGAACTDFGKMQHQGNKVKNMWGGSWRPWDTFTRVQCNPGI,0.3420814275741577,0.34203652,5,10000,271
IQRYWNGMQFYRHDGWLLQQENRNHHSQKTHNTIFWTYHRSKNCKWPHNEERCFKWQWDTETDRKL,0.33734631538391113,0.3373017,5,10000,271
GKMQDPETAEHDHFDGNIWEELWWTPLKRPPKQLDQHCDTNEHDLYTSCCRRDQRQDSHMWRCSWA,0.33693090081214905,0.3368863,5,10000,271
LFDTRMHNFDGPSLNTTGFLKQPQESRPNWEHMKMNINCVNCIHHNDYPWQTINAPPPRRWTQRAP,0.33291876316070557,0.33291695,5,10000,271
ITRQRCRTCMQSTQWEYWNYTCQQFQHTGHRHQYHATVKTGEQGRYNGHNTVVWTQRHQNNHWQFK,0.3289259970188141,0.3288819,5,10000,271
VMPSTSMTDREQSRMTMHALESSREERHHSPQWHCTSINMAIHQQQRSKVTDEYKYWYYPLYSTTE,0.32826295495033264,0.32821962,5,10000,271
DQRNYRLWPNNYRPHKPMFMRKGCIYRERHHWGRGFIICHPYGMRAKSQRQSEKYTVPRPDYFWWS,0.32405969500541687,0.32401595,5,10000,271
WGIDQWTINNKRETTHAHQQAFISMRWPRIGREQQKEQDHDFKTSTRNTWYQPQWADDIKNPNHWF,0.3210836946964264,0.3210837,5,10000,271
NCRYSNMNHQRMFTFIPPFGWGQKFRGLRWNFPKRQRPTCPTKRYGSQTATWRTAWQSQGGQHERT,0.32000309228897095,0.3199598,5,10000,271
KEALNAMRGWGNCGVKWIMAEAWGFGHNTSTADNTEEVHMHDEDPWDVKSEFNTEYGATDRTDRTP,0.31933581829071045,0.31929243,5,10000,271
SRKGLPHQANAAIDREKSQDVHDRGGHAAKVFNPCGFKHQFDSMMNFYNPQHTRTNYMGMRNMHTK,0.31522276997566223,0.31517968,5,10000,271
HPKDDPTHMPSWGTQWSRTENIKQTKQSESCSRWWTTNHVVWRKQHCMIFHSAGEVQWQSESERTM,0.31157174706459045,0.3115289,5,10000,271
GNYDQFHGTERFPMGQQNNHAMNWMEHVPARECEHLPLYNHWNMRNNRHVEVYAPYFNQTRNSWWR,0.31103572249412537,0.31103396,5,10000,271
SKTDDYMIVDEIPHDEDIGKEATNDTGAMSDIRDHHSGHHPVSDTEQKKPEANSGCGGTTSVGWST,0.30994299054145813,0.3099412,5,10000,271
LDIPWSAKWVDTREFTESHEWDHFHRFRTIYIQKKPDGCYDHHTNFRQRHWHVRLKVNKRRKESEA,0.30445677042007446,0.30441448,5,10000,271
NKTYHGKKLFWGHRREQWDSLLWFAVERWTERHHPSTGVTWCTARNFWQDRERGPRYNKKRNKVGH,0.30262917280197144,0.302587,5,10000,271
MLQLYRFRNNCGRMSREPSCDWKDHNSQQFFCPNHQLNPTERSQCWNHYLSLPHPYYFNVWHRHQM,0.2964768409729004,0.29643515,5,10000,271
LRRSYRVLSKEPPWRTIEDQDLPNCWRDTHFSEHPTCMQELYEDFVYEPPHGDKYHYGDNSKYWSR,0.2943466305732727,0.29430515,5,10000,271
YEVLSNLAKQCLRHEHSHDRFLGMGQFCMEASKTSLNQNRSLRPGWQQFHNEFGFLPGRHFENQNY,0.2913249731063843,0.29128373,5,10000,271
GASDMHRSHDTYNWYPAEEHKTPWEDRPYRGRDWMGTKEPPDNDHANVSRNQQPNGINWGKEWHRQ,0.7838018536567688,0.78376794,6,12000,340
EMTTSHRPKSRYIEETLECNFSRKHTLEKQWEDPGERENMTDIPTFQQTQDNCTRTRNEWQCYRQT,0.768242359161377,0.76820666,6,12000,340
ERYDAYYKSMCNPREMWDNAPNHYDQTKYATGKSRDPWRCMPPTRDQQERANAFDEPCVQENRRTQ,0.7099148631095886,0.70991486,6,12000,340
TEMRDQPGMMNRNDTTGGMWSDLFMPQRWKRPYRWGDWQQRYDLTMRYHYDHSMHAHHRTHNHVKQ,0.6430166363716125,0.64301664,6,12000,340
NCKWWLRFNNHTCTRPHGERDWHGTQHSCRHNRDRATQRPRTPSGTEPCWIKIRQCHTRYEDPRRR,0.6390899419784546,0.63908994,6,12000,340
EHTTRNYEYHDHMCFDPWVRVDQEKTGDQDKDYCWACRESFHYTWMRDYQVDHEHEDCDIMEAYQD,0.6147629618644714,0.61476296,6,12000,340
CIQWWFFTHNANHTRDRIQRMHEEHNVHKCRQTYQYERCQGEQDNPSNNSDHDEPKTNQSYQHPQL,0.6090077757835388,0.6090078,6,12000,340
YCTMPQKDDPERHTFHPHPGWPHPRRGLHQLPCVYWKHNHEQTRRTERWRWQEPHYPVHGNKHPGK,0.6015284657478333,0.6015286,6,12000,340
KSVEKYGCSDWPHHKTPGAWLHPEWWSTNCSGWKDKRDRYGHHQRQPVTHNRRTPRDRPFRHRTQR,0.5898100733757019,0.5898101,6,12000,340
HADPEDTEPDPPGAFNQSREYFCWEWQNEGWAHHHDWWRPSAKRNSWDRMQAEGHLWHGDFPTRTG,0.5697944760322571,0.5697945,6,12000,340
RMDHHDDVRPSPEQDPDEQTHGNISCGFQCERSTYWPFNHPDNLMYNQFTNNPYHNDVKPDQPCGH,0.5475766658782959,0.54757667,6,12000,340
VLYTPGFGMRTHEEHVKTIAKQSPRPIHRDMHNAITDCSNKLNWNHQNSRNMQWVRKQNEWSQKQR,0.5428032875061035,0.54280335,6,12000,340
DQTWHRWTHAVSFCRDWHPQDRYDKCHVKNQHGHHDNNALNNHIPHTRLHQSFNVPSAHEMMTQKP,0.5368662476539612,0.5368671,6,12000,340
VRCETCSNHKVHNEWKDSLREEYQQFDNRVSFAQHKFDQSNWQQQRFNRSKPGKDARFCFKRRNQR,0.5261321067810059,0.5261321,6,12000,340
PGSADSHHEDSQWWNQLPEWNNFPEKDWNPRGHKVNMGPGMRAQWERRRRMPAETHKTQGFNFAHV,0.5192785263061523,0.5192785,6,12000,340
GDYPVTDPRNRVAETGHNNEPVMENGQKSKIHVCQTGFNNGERNVENHIARHKWQSTDQVDDEMYV,0.49837926030158997,0.49837914,6,12000,340
SEMRRGPTCEHWGAHNFQRNHVTPGEHDMNDPTISYDNAHWNHQFKEPYHPGHWRAAWACWYHSPR,0.49348002672195435,0.49347988,6,12000,340
NWNREVRFMENFTFDQDMKNRWSEHYKTTSSDNYFGAEECWLEWSHVGYNQEQFEPWRRYMKTSTT,0.475600004196167,0.4756,6,12000,340
DRPRCNSNWIICEGGWPMAGWFCNETPDQMYPNTQKGNHDYPDRNKKEANPTTFFVTPQFNMRWWT,0.46481606364250183,0.4648159,6,12000,340
CAHKDPKWPIQIATVEPEGFGTDTTTREAPTYNHKIRTSENEHRRVQGRTIFENENKQSAGRDGTS,0.4638325870037079,0.46383244,6,12000,340
WDKRNHWRDQYSRTEKYGEHTFTNYHWFKYSNHNVGFEHNWNLWYGHGNNKYIDEANHIGWTWELT,0.45477694272994995,0.45477673,6,12000,340
YCSKADTSGCHHKGHFNHFQVYEKSNNNLQRCCPPLTQPGNGSTWFRTPTNGENVDKGRYRQETDK,0.4542122483253479,0.45421204,6,12000,340
MNGAEQWRRRERNWNKNDRNKRYTYVFRDSWWWTAENWTHDQKTTHHSQFFYHNWVEFFRTFRGHN,0.4501124918460846,0.4501123,6,12000,340
SHAMFYETPEREQTHHYTDRYDYVSSNVRNNYVNRQVGNWHETEQQKQHWHWKTQRVTHEHRYQPD,0.4482417702674866,0.44824168,6,12000,340
EQNWHNSYQNTWYNFQRIQCPVHDVRVQNFTQVSRRQLQQNRCPRDHQRPCHQQPGWRWNQPGSND,0.44209539890289307,0.4420954,6,12000,340
MAGSLQGENNQELQSNKNCDQKCLEWVDGFPDSISWYQMRYMFRPGNNEYDQNTTSAPKCRRSNQE,0.43977445363998413,0.43977445,6,12000,340
SKWLHWDMLELISNWEWIRCERDYWHGWNQEPWGYAHTRGWQQQRGFDPLRQFFRQENPDNDPYQS,0.4390508830547333,0.43905088,6,12000,340
STKFEHVTYDHPAHGDWSQPTGCWTNCFEDDMWFHKTNHHHRNMQCHDVKMKWRNWHREQPFFTHA,0.4349842667579651,0.43498427,6,12000,340
ENNHRFEITDIMDGWHCAGAWDHASAGYRKAGHTPWHSQTHRWDGWSEHAEAGRSRDNKPVQRQSD,0.4305487275123596,0.43054873,6,12000,340
FRYGYSQGWMGTDEELAMQRWKSNGRGVPPNVRDEHAVHTQYKTRSRREHTAEAGDNPRNDIRRRG,0.427118182182312,0.4270693,6,12000,340
KWHYSHEQRTDIAGGGRGKMNQSEEPHGKWFNHRVFYLSSPQQHHMAMPGGHEQDADFKHVLYMHR,0.426756352186203,0.42670748,6,12000,340
AKGWYWPPNRVPRKPGPNKVKMMNNPPNNNMWSGTGAHFHRDRYFKESTPYQVHPREAYQAQVTRY,0.42561405897140503,0.42556527,6,12000,340
KLDFNNPIREHENRSHNGSYQDYGMLRHRLNWRIFHHSQKQRRKRGKDYWPIMVWVKNHEPKTHDW,0.4215886890888214,0.42153996,6,12000,340
QEYDHISCKTQRVDDKMWDHRKCQYSRNRWHCGPWTWFQRHRMNQDYKRLRFIRYLDEQFDYVHGN,0.4192259907722473,0.4191773,6,12000,340
HAYPNEYNVESFNDYKHRSNTNRWENQDQNHWGRHIHFIQKERKGHWLRDLHHPQQTNVIFQAPWR,0.4184321165084839,0.4183837,6,12000,340
EECCWWESGHKRNERNYSWQDKNDGGRTCDIVYKKNVDGNRNPVPLNTRPTCHHPECPGCGQQKQK,0.40873485803604126,0.4086866,6,12000,340
KHSWLDYSSPMPGKRVLAQVRKRQVQWPSDDFRVHVNMCTQSKDSDQEIPYNWWHHKVRVPHWENR,0.40685397386550903,0.4068059,6,12000,340
YKGPVTHHMSVHEAFNATSKNIGHQQRSQCACGPNDSQQEDTVHLQSQSAGSNQYQVHQLFRKYGS,0.4060302674770355,0.40598223,6,12000,340
QVSDIFQFNTHYPQRHEEGMGHQAQITHNKMATGYQNYLLPRMPEHNEGDQNKDTLQHSTLPPAQT,0.40437042713165283,0.40432233,6,12000,340
RKTFWHKHCMRERNARPCHDHPDKQTFDSGTPQTTQVTWENRGSYWASRRCWNRTWDTTSMECPGC,0.39442718029022217,0.39437962,6,12000,340
FNTARGKTNPQHSCRNRQDNVGGDFTTPPYCDWPHSHDVQNTQYNQGCPPAKRCFWHWTRFETNCY,0.3934897482395172,0.39344206,6,12000,340
FHAWWAPTNLEMDRPNRPANVDNAPTRPHGGFSVLQFMRRMCQEPPSDHGDTREYQWAMKMWQWMS,0.3933519423007965,0.39335194,6,12000,340
RNHPYHTDCQCTRETDKSFGKETSRTRNWDWGGCRGKPKGARIDLGTSYNRITHRRDKWDQLPRRF,0.3920040428638458,0.39200404,6,12000,340
TDNPPQRGFHCSSSQDHMREVDHTQCPLGERCTTFQDYRFHQYHEASWYWDYEAQFVDMWHRQCNY,0.39016520977020264,0.39016524,6,12000,340
WKNNAPMFNTWIEPPYRSNKGRQYLLWSEGPSPLFPQRIEIGWNTNDPNCLNLTEFRQRAQEWNSR,0.3868197798728943,0.38681978,6,12000,340
RLQDLDSVMNDQSWMTDAKQEQWGASDWQGMNTKGKGNVNADVEITQNWRERQNGPQGGVGISFRD,0.3835543394088745,0.38355434,6,12000,340
GRENSQTQDRNKYGNQKGEVERNPRKMPAYLDLCYRAKFDSAREHRSCCWGAGQGPRYTMNLTSNT,0.3830725848674774,0.38307258,6,12000,340
IGEHGFHAFKHTFNGSTQWSEVHWNQTEAELCKWGHWEDTFTHTPMRWDQRDHWNIRDPESNGHRV,0.37828707695007324,0.37828708,6,12000,340
SSWNSSRPSPSYQTQLWTTTIWHRDERQHWTWERHPWVGQAVWKFQPGPDEWTTDDYYEWTSRTVR,0.3780715763568878,0.37807158,6,12000,340
PGNDVGTYFVGRNNTGDCGSRAFTAWKMTDWYFRWYQTLFNDPHHHSSSGQRWQFCTQRDVAHINE,0.3758067786693573,0.37580696,6,12000,340
VHLSNGDHWPQFPWDRVANKNVVYTDHPHHKETNGPPWDPTDNGNNWRSKGTSMHNIQMGNNEGHW,0.3736684322357178,0.37366846,6,12000,340
KWRNPNWTCAAGHERGYPGHSRNCHQYHHQHAGWEDATQNWDGFWEQTTRDGPWAMCVCALNHQGV,0.3714548647403717,0.37145486,6,12000,340
KCNYAVARTEVSQDNNRNYPRDNNHKHWYWQCQDDTDNGTYDAWHRKFETRRAWINRSRRRRTLLH,0.3670872747898102,0.36708748,6,12000,340
MFSNYTRMHNKNDDYLHSHAYVFVTQCEPGEHGWTKETTWWQLENEDRRYESTRWNRPGFNNMQTP,0.3656676709651947,0.36566767,6,12000,340
PKTNNSKMGTFCYEGNCESDIVLEHPQEHWQGVWTNGWTEETRNNQTWLGSRGRPPDTRKTMDNDR,0.36319684982299805,0.36319685,6,12000,340
HSSDEYNFQRFKRRSGLHHENVIIDQKVNLQDERNWWVRTHCRKQYNHPHRKQQLNYTRSHRQTWH,0.3622029721736908,0.36220318,6,12000,340
RFWYWWTNPMNRLLRTKEPIFTRGPQLQNDGHFTTMSVNENVNTDAQEQRFKEQVQNRFCLEDRKH,0.36196622252464294,0.36196637,6,12000,340
AYSTYTSCSDAIQHDPGTPRPSRYQTPPEPNYMGTTTHVQKTTKCCHINPMYTPTHGVGSMQEPGS,0.3597448170185089,0.35974497,6,12000,340
NVENMMWTEHTGFRFQHEPSRQNWPLSNQDTHWEDDGRNREETTMPQNNQHLTLRDREHKVSPVET,0.358356237411499,0.35835624,6,12000,340
NTWFEYYGPRPCSVTHGPDNWTNYYESQDPKPCDRNFSMSKWGTMDPERFNQQWTNPSVTLNHRGM,0.3567603826522827,0.3567605,6,12000,340
SMNNFIHISNSWAADSRPRCDNNEVNRQWMEFTVVVRIPQCRHDTCSPGWSESKMSVHRRIDSVKR,0.35511013865470886,0.35511014,6,12000,340
NHHRYKWKGTGINYPMWANKYDHTENPQRHYTRSQLSSHKHFAWLTGPPNKQHWYTRKHFSQYWPE,0.35298576951026917,0.35298592,6,12000,340
MEQGTQSGQLSRGLPDFHTWWNESYTYEGGLNQWNPWKVECYQWTCDWSYPHTDQSPDWMHPVPQT,0.35217466950416565,0.3521748,6,12000,340
PSMRECNYRNIASCYHRGKPSQSDHHWSYWVQCQSATGKDMRGNQNINFNHERWTEHHNIPRGDDH,0.3516455888748169,0.35164574,6,12000,340
SYWYCNDDPSPGKCQDWWSTVNGSMNQCLEPSQYDLDAQTWAIMFNRQMYHPHTQDHQMHIKEEKN,0.3470849096775055,0.3470849,6,12000,340
ALPLGWVNYKTVRVEWDIFTKYWYRDNCPGNMMNWFYICPLTDDKASKGNSDMLQWNTRQRNRVRR,0.34703266620635986,0.34703267,6,12000,340
DKGYTPHIPYNSGTWSMNSENPTDNRKGFGPTLIQGFYPPEDPISTWPWDDGNQEPYHQWEPYTAV,0.3450327515602112,0.34503275,6,12000,340
SRIGIHEPMYQPTKVDDNLFWWQTWIMQNSARQDQWRDIKKWEIRPPTDHKHGPRTTTNPHTAQQN,0.3445325493812561,0.34457776,6,12000,340
THPNSMLNHRYGDATGRPSKKEGTTHINLIRIDQWKLEAPSQPHTPPTGTWDTFFCRNSRFRYWWE,0.338623970746994,0.33862397,6,12000,340
MHTWQHLCPGNQTENVQTHREEPQWTDAPEHRHDVRGTHYNDQDVTRTSNDPHRTTRQHTGRRNTV,0.8061453104019165,0.8061448,7,14000,414
DENNNHNKEETRNSQEICWCPQDMQTHHWKGKWDHDPGMPQQTSLGRHAHEWKRWKTQWHTETERE,0.7993521690368652,0.79935175,7,14000,414
QGMHKQGYHSKCEWVSNGREHWEHPYTNTNACDDTTEMDTNTKHSSQHWRVSWTQTNHRDRQTYTN,0.7948455810546875,0.79484504,7,14000,414
DKNRWMGMDTDPSNEGPVHHGWGKPQAYIKYPKWYRWHQYDMDSWFHKLHIQEQRHDWNYPWKGDR,0.7804262042045593,0.78045994,7,14000,414
FNSDNGQLERNSHWDLHFRQCNWNGERDGGKTQYWQRWVGMNPATADNWCHENTYWPNKSHRNPRT,0.7801479697227478,0.7801474,7,14000,414
KSEWHNPFYPGGVIEFKNHSPHSFNEKEWRHKHMPHQTGQDNWQHNQWFSHGQWQEHFGNEQCHET,0.7458423972129822,0.7458418,7,14000,414
NKNDCWEHRWTVVQDTPSYRNLHGHHRDVMYGETFGILEDPCMNHQRDNFDQAHNSHRNHSTQQTD,0.7348288893699646,0.7348289,7,14000,414
DQYHCDFARDHPNDRESECSEWNPFPDTHEDFNHYGLQNFNNQPNTCYWQDSSEEHQVTRRCHTTQ,0.7062556743621826,0.7062564,7,14000,414
PIRNPNMPYERNFTYTQEDSLQGGQDMSDTPRTHTKQNCTKHWRPPVTGPTMEDEGVYNHHNRWWE,0.7060425877571106,0.7060433,7,14000,414
LQLRTNAWHHAHHGMRSGRTHSHEKNHDRNNTQGDDDKWSPKHRHWTHEQNRMKQYTQSWDVRINR,0.6988003849983215,0.6988004,7,14000,414
HKNYTWKKKRMCRLSLRSRGCCQPTHGREREFRWLDWHQWKNEDQNHKWIDDHAHNHTHIPSRDDV,0.6965782642364502,0.69657826,7,14000,414
QNSVRWFFSSQDEPGCNSHCDHGERFETGRTSAEFDSHRNDNRRWSRHHRVHQPSNEVQQPYGKWT,0.6870858669281006,0.68708587,7,14000,414
NHCSNRQCQRPTCQRRTNDRAHANEIERHNTVYNQFDKKDGANTGFKEENDKCEWNTYNWGPWMDH,0.6864827275276184,0.6864827,7,14000,414
RLEWKGLFEDNHYNWGDEWRQLNPNKWIADFDYEQKNHNNRELNNYQNEDSVYRGYYFYTSERPKH,0.6761223077774048,0.6761223,7,14000,414
ADSDNPPPHTGHSGKQSYESNMRGCFRHHQNRQVPSWTMWWREHDFQCKPRWVPHPRDYSVPTAWR,0.6556032299995422,0.65560323,7,14000,414
YKADFNREPMHQQEKEDFTKVKSLCEHPVNHNSTHEPEAQEKPLTGGKNHNMENTWVETEHTHLRH,0.6504042148590088,0.6504042,7,14000,414
ETGKWTQTQTKPLEHNCDVHHRKDQEYHSHPQRWTEQNPTKHHRFFNFKSEREEDHYKQTDREVRL,0.6468057632446289,0.6468066,7,14000,414
SNHYHHNDYDPWPMIQEDNSSCPNAPGWVNVTSETNPNTTANDHYERFHSIRKQPTETKEREMWAW,0.6234557032585144,0.62350273,7,14000,414
EHTNRFHVSTVCRQAGEFTRNTCPHCRKNRRHEQQDNTQWWGHQRWDMNWPWNQNNMTDVEEPKIS,0.6195284724235535,0.6195298,7,14000,414
EKWQPKYNYDWFVISTTWQRDATPHDECDTHTQLQYWEMQDLVRRIPNVWVRTPHGNQEYYPMTPP,0.6123279929161072,0.61237556,7,14000,414
EAHLDPTGSACNHTQVFVWGNEGDPTQPKEEDQKHNRVHGVHKPQETSRCNVPTGVHNPKWEPTQN,0.6032657623291016,0.60326576,7,14000,414
VDNDVGPNVGSVEGHYHDGRPNQDPPNQIEQQYVDLLNFPHEDNRRHFTQQHKTRTECDGMTQTWL,0.6005133986473083,0.6005134,7,14000,414
KDHYGKYRMRDCAARPRTMEVRTPWGRQDRLFDGRGDDIVQRVGQDTKMRTMRRHRTQNYRPRRNI,0.5949820280075073,0.59503037,7,14000,414
PSRGDTSHERSPSKDWHWYNPPNDFNFTDHHTTMHSMSRDHSNYETRNWCGETCVYIPGQMGMKKP,0.5944996476173401,0.59449965,7,14000,414
INKKTGHWSAEAENAPSIHHFMCQDHEQWGCETHEKYCYSCHRESEHWWEPKHATDMQQDGPRDRN,0.5728382468223572,0.57283825,7,14000,414
QGESKWDPRHNDYEQTGDQARRMIRTAEDNYSERPKCMPQFQHIRCQDHHWVWRKTEEYVHERICT,0.5704519152641296,0.5704519,7,14000,414
HYYQSQSQSTQFGCESRHYCHEHKEWTWNREPRTWTWIYDHRNNAARQGHNQWRYTKHFQQRQWRR,0.5619158744812012,0.5619159,7,14000,414
INRTSPYAAYPQESDWTMDGRFWERSQAQRYWMIVDNDSVWHEQASKPECEVGVEYTEHFLRDFTQ,0.5535799860954285,0.5535808,7,14000,414
FNGSMDHQFHKDYCTKRIAHGMQEHHHFGSCYRNVTYRNEYNNTPTNPTPNNRGRHRKSGHHIPEG,0.5535433292388916,0.55354327,7,14000,414
MSPNFSNERGYPSRCKPEQKMPKRRYKNFPEYWRFVFNSSPQNPEICEEKTHNERQFEHQCDHTRS,0.5529294013977051,0.5529294,7,14000,414
KNRWYNENHIHCFMTCRINVCHNEETPHPPYHKNPNWQIRWKTPRDVRNGWDPGDMMQRTWTYQSE,0.5503906011581421,0.5503906,7,14000,414
DNWNFRSNVHNHWDRLRFGGQQNLNTHHPTMCYNKWQGSEENNEYDNRETNEPQDPMAYTTPWTTM,0.5443553924560547,0.5443562,7,14000,414
EWKYGDLCLGTHMAKCGHWQQMEKGYPHWNNHQVPPMHTPSCETSWEQNICSRGPGRQHFCGSKTT,0.5390867590904236,0.5390867,7,14000,414
YVDEDSYNFWNLNPTQEHGANDDNCHQETNHMMQCNWWEQHQVHQDVRTTLEWPWHIFEGEEDEVT,0.5361694693565369,0.53616947,7,14000,414
ANQESPRGLDRYQFTPNFRPYPNFATPNERWWSWEPDDFFSQFRPAPCRPFGHDDPKTHDRREPPP,0.5278173685073853,0.52781737,7,14000,414
KQTRCHLQKWTNCNEYELGDAAHVHPHTDNQVPTHSTYNRTDDAHTRYVVKERCMTQHHRHTTEKT,0.5222663879394531,0.5222664,7,14000,414
TWTNRNNNVAIIQHQCDDMRWPRKPYQTCRQYNVCVRHLQRRQQTQNNNLPTTENHYEEVRNPFQK,0.5193349123001099,0.5193349,7,14000,414
DQPRKGLGGYGFCSNGNKGGEFNTWCRHQSMCRNPLPWYSHIDRDCEHDQTWETTQWNPPTQSTWE,0.5189334154129028,0.5189334,7,14000,414
NQEVSPYTVPMRRKYFDTEDDLTRKHYVKVNVEPWHRNYRQNQTDCQEQGMRLQPCQTNRANCRDW,0.5186110734939575,0.5186119,7,14000,414
QFWSDQNMWQHCKPHNHCHVNQESWGWKDQNRKQPQKWTFWWGMWTCIHFDIGWRNRSASWDEEAE,0.5177862048149109,0.5177862,7,14000,414
AMIRPWNCMRKDSDLGPWSPEFTEHNSRCDHDHQDNFTPDWNHPLGPCPGHSRHEKDADSNVWPSS,0.5159749984741211,0.515975,7,14000,414
RVSSRYDNNRPHGNPLRQGHDQRSRHHRWSHSNCIQEPDIFPRDVFHFWPRPYRYWFECCRNFPWQ,0.502501904964447,0.5025019,7,14000,414
MNSHRPYDTENNDCHDINRNQNEYWDQLHNQQMRLLCQWDNRWDNYTPHVHERVFCCSTYFYRKQE,0.4982501268386841,0.49825013,7,14000,414
FHDRRWPSLRPTESDQTSDTEQGQHPLYVEKTWDWACVNQWDAKASKRKPGQWYTNYHPYCAAFHL,0.4957897663116455,0.49578977,7,14000,414
HYHTRFAVRMPQQERHNHPQHWAWNMEGDNKHWMQQVYEEVEPDIDRKWHQFTYQFVNHKPGHEND,0.4912116527557373,0.49121165,7,14000,414
WQSCCNTITYPCEGWHRWIPKWNWHAIPPNPARGCWWNCYDKTKDLNMSWQDRRYWQWDYYRNNRL,0.48949241638183594,0.48949242,7,14000,414
RNGREWSNINNCRGEVRQIPEHESPQLWKTRPRANSQSEYQNWERRQYWMEYDWCISKVYRESQKR,0.4861358106136322,0.48618585,7,14000,414
QDRWDQKWEGNMTFNMWWETWEQQTPTQRSEPSQQRWKITNSLCETSLTNDWLSRETRSLTCQGTQ,0.4859088659286499,0.48590887,7,14000,414
QRTVHTFDDSHNPNVPAFYREPKRPIKATQVKAGAQAMSHHDMTQQLQTNEGVTAWYNEHIDEPES,0.478678822517395,0.47867882,7,14000,414
TKSARWHHADPLEINDDKAHDDRPNCNDHCFCFRYEVHIHWDPDHVSFRYSMNAVQNMHCFQQKHR,0.471546471118927,0.4715473,7,14000,414
WIKNFGQTLSNKRRLTNQINDDNRCFDEEDYKSHNKEDWNVNYRRPSHNHTHFWITRRHSNMRWEH,0.4711213707923889,0.4711222,7,14000,414
HLQPRRDGQRRGKHVSHHTAPHIAMAKKKQHHRMNEDWWCTATHSDRNMRIHHKNNTQGHQTEYWY,0.46195223927497864,0.46195224,7,14000,414
FDAYDVTYNSSPGRLRPDHHATNSEEGINHPHAHSGDSFGCDQHKSDNNFKEQCTANEDKFTPVWH,0.4593498408794403,0.45934984,7,14000,414
SDSDYNMMPGHETASLESGPSRWTSYEPQLQNGFFSPQWHTQDLNHDKMYQWTEEVAGRNWSIIKN,0.45780274271965027,0.45780274,7,14000,414
CHGMSTRTDKSFNNFNKPWGKEGQEVPRWWPKRGEVRFHRQQKCLPKKEQETNTQHQYTYWWKRNK,0.45393311977386475,0.45393312,7,14000,414
KRYHTTYWYKNNQFRHECHWFNCCPYQARVTRVHEHKLYKKGICWANTHWHERHAWSWQFWQDTEN,0.4429001808166504,0.44290158,7,14000,414
HHWYRNKWNASQDYEREGNQMVGTHAGPVTFWRWLQIIHDDSRSNRDDINQPWPQCYSQHERVHNA,0.44035759568214417,0.4403576,7,14000,414
MNEPRHRVWFCHLTYSFDHQKGWTHPHFFIHNSRFCWDKASWWHNHNKWFNAIPENRTAHHSENDD,0.4388376772403717,0.43883768,7,14000,414
TLPYQEWCTATCSDHGTTLDDWPWQHCQEPFGPNRWQKSAHPRSINWDWPQFARWRTQKEWDNCLD,0.438275545835495,0.43827555,7,14000,414
KKSASPNPCHVTVLQNRPIHWHWPNHMQEKDPYDKWRNHIKTWDHKVNACSRSTWPHRRDHWHVDR,0.43763577938079834,0.4376372,7,14000,414
NLIPVKHKKVNCSSSVSYMENQRNPSHTYMKDHHITDEYDMEKNQLDVNQSDWSITNETNRQNKNN,0.43485644459724426,0.43485644,7,14000,414
DHGWDWTRRWKGEQLVMVPSDSGQTGNETNHVKQCQCGHFRGISQNQRSHKAGHLCTHREDYQLHH,0.433124303817749,0.4331243,7,14000,414
NSENTEHSRATQANWQWQLVKPQVRRHRGFVEYHWPQQSSMRPFWWPKHHGQWNHCELRENFNEQM,0.43204638361930847,0.43204656,7,14000,414
MEMRYKKVNFPWNVQLQPFHEFENGEWNHNTPPFYKHPTSHDPQWTPPTHVVILSYYHERHYRPCK,0.4313504993915558,0.43135047,7,14000,414
VMNMDIFQTEHYQYYERYFEHYEVMTHEEWKHLGYDTFDTWQWEPQEPHHFQYEYWEGTFWTNETG,0.43096399307250977,0.430964,7,14000,414
QNSHPMYWQMLAEHFNHECMVQKWPFTMRLRHYKWFPVLNEGRQDPETYWPQNWYWKEMPDPHKRE,0.42876553535461426,0.42876554,7,14000,414
ALSFNFFRSDQQNNMNLPFTHNESKISFLVWKNRFANCKERSFYNHMKNVDNPDIWDAPSHKNEYE,0.4244241416454315,0.42442426,7,14000,414
DQGGGEGKDPPTMWTTWCCVDMGGDQQSHSPEWRGDWWNHTQHNRMPVNQDRVHSIDRHTTEMINP,0.4218982458114624,0.42189965,7,14000,414
WRWRFHENMKDVCFTKTNIWDYHINRDDRQLGTEMKRHDIRENHNIGFEVRIENRVTAYHRTDDHR,0.4216463267803192,0.42164633,7,14000,414
PLEHPWYCKGDWCGKWETCHQLSFCDDRNHWCHRGATWVVPNSNKGNIRFPDKPGKLMRFNFHHEH,0.4206804931163788,0.4206805,7,14000,414
EFQTFDLKPATEESRFSSGLVHQGYSTITQKTPHDDNSRKKTRCRYIWWRSPGLWSKNRQRDTPSE,0.4174904525279999,0.41753703,7,14000,414
TKHMSMQTVQECNSKYDFTREFKNRPHHRMHAWDRMQTHTETPMPFRRRQRHVNRVQMVEWTKQVP,0.41658371686935425,0.41658372,7,14000,414
HDEVNCMMTDHSQLEKFHHADGVVSVHPDGNKSKTIACGENAQMWPAKTARQYDGMCRRVMEDGRP,0.41440463066101074,0.4144054,7,14000,414
KRMDDGGPRNRADRQSSHQWWVQPMQFVSEPDSWLQSRLNNNSHRSKVRWFTTVNNEECNSGCQDT,0.41317638754844666,0.4131764,7,14000,414
QAHDDDGPREDRCSQGRPGRQSHQPTQQTETTQNWNKDQRRYDKHPQLPIIHYSGRRIEYTEVDHT,0.9278078079223633,0.9278078,8,16000,493
HATHMWNPRWNWKTIPQQEFYHFDDHHEHYQQDHIEPMINRNNDHRVSNENHDNHEKNKQRRRHNL,0.8518235683441162,0.85184884,8,16000,493
DDTYTNQTDNPEMHTQERYQAVQDHNVYEVEHYHGKHNDTDEHYHWEEQAAAGYDQNHHWDHTDKE,0.8402341604232788,0.8402342,8,16000,493
SECYDSGTGRPNVFHSHGDTRHQEDWHKPQDQWRPYKRLNNTPPQNEENKQEKPYHTEGYPDGFTS,0.8358384966850281,0.8358385,8,16000,493
SNSWNFRQPDDNEKRNWVFEWYTVNRQAQDVYTVRQWHHHTWQGEPGEPKRNHQQYHTHQVSNTRE,0.7643319964408875,0.764332,8,16000,493
ENENKGSNRTKKGNNWGFHANGHVTWKKKEAHEFSRWRHELRETHYIQQNATDTNEEYNVWTTDTW,0.7616190910339355,0.7616191,8,16000,493
NSETEPNDKPDQAGQDEKCPQLRQRWDLPPLHSEDHYELDWGFGEGYDQNRTKNLFKTKHECNNGN,0.7586379647254944,0.75863796,8,16000,493
SNKYQHNFANRWENQIWSDGNAIEYNPDNRSNNDKSFEGDHTQTEFNTSNRKENINRQSRRWPRIN,0.7465028166770935,0.7465029,8,16000,493
WRQTYCPFAWNLREAHGDRGRYAGECYKSVQSWHMKLWHGHRTHHQMRNHGDFSWFHNREHTHHRD,0.729037880897522,0.7290379,8,16000,493
WDNTKNDDDDDEFDYDSDNNNRKWLNERWDNIDPHVARNRLLHRMMDRPRMRMKDELCDTRDHNRH,0.7252758741378784,0.7252759,8,16000,493
INVDKSPARSRNRTGDKRWIKPSWEDNWNRRDETQPQTLRNTDNSEDPHFWRKTENPNWSWDCWDW,0.7023299336433411,0.70233065,8,16000,493
NKGRIPQRDRIYQRHFEQCKRYSYKNTVWYCWKHQEHMRHPGNNRFQMTYNTHQSHNRQHTNNQEN,0.6966227293014526,0.6966227,8,16000,493
LQSIVDHGDEETRQNTMSGHWRRPNEWWREFGRNNNASYDLYMCNRGKYTTKNWRNPADRFTTRRN,0.6893811821937561,0.6893812,8,16000,493
WFTCHQQQDGKCELSHNDSERPQVDNWQEFRHIGHEDYRVPESSTMSYNWNTTADSRANVINQYGP,0.6608030200004578,0.66080284,8,16000,493
GWRNTQYQPNEREPDRISHTSNFGQRFMLRRHKNEQNEHEWKEKTMQLDQWTKGAHEQNNNMERDA,0.6562421321868896,0.65624195,8,16000,493
RRKDFDSMQIQGSGTGRHCWDIDLDVYKDNEGFHRPQFNSRRGCNERTNTWLKNRRPTRPYGDWRR,0.6496210694313049,0.64962107,8,16000,493
GWRIRRSERWKWVGENGWGRNDHWVQHERNKDRNVRWWRATMREDAPKNIRGRLRPYRKQGPTATD,0.6489191651344299,0.64891917,8,16000,493
SNLRNHLSYRSEMNEDGSEDTWPITFQGLVQQNHRRHTPEWATEEWQQNSNVSRPRRCDSFNLNNN,0.6456833481788635,0.6456835,8,16000,493
WWYRSMANSTDHTMDGMYNEHHHRVYPYERPPDGHFPDHCDWAQQIDVSWNRYHSHYRRHCDNRDW,0.6083428263664246,0.6083428,8,16000,493
PDLGECMYYQAHPRHHRWEKSQPYHDWMDGPYDGEGFNYNVWHERNSKRTNSTHRGPENYMNQTGP,0.5932145714759827,0.5932146,8,16000,493
HEKVELIERTMGRSDNSSYAYYIQKQPIHQERTDFDTHSAIRYNEDEKEMTRETKQYVHRPNGWER,0.5929753184318542,0.5929753,8,16000,493
CLYDTKSGCEEYNKGNNMFKHWICRSSNWNEWHYQHSEKCQFHDAQHKGTNSKRQWTWNKHHTRHN,0.5842663645744324,0.58426636,8,16000,493
KRHQDQRHLANLKAGEFPREGKPVANHEDEFWGHHPGTQTHMFQPTTERTRTNLNHTVCCNTKSER,0.5823237895965576,0.5823238,8,16000,493
NFWTNRDEPPTRQFTHNGIDDGFPDNDRQEQGPIGTPKPTWGMPTPMQAQWTTHKRHFKNIQCTHM,0.578916609287262,0.5789166,8,16000,493
PHSISNYWDQCPAQSPEDGEHLWRDQTCNRESGTSDTPFMEHPWRLRKHDVYKYHRVKVSCWPSQR,0.5759189128875732,0.5759189,8,16000,493
CNSPQRNWFARWTQIQMNNRPPRWEPENQSRERCTDCNNYWWWHQPWHNPWIQTWVTAEWHDDYRP,0.5751440525054932,0.57514405,8,16000,493
HYSGSFNAPEEWYNHHMDSNIRCVHTDCKPNTHWSNVKKGRMTHESRTWTKDNNMGDWMRHWSNHN,0.5704950094223022,0.57049507,8,16000,493
RKTIPPYNHCARDMNYDDDNQMFNTDNQWYNEDATHEDGWEWTWREQTNQGHQRHSRTWRNYYNQN,0.5641258358955383,0.5641272,8,16000,493
HRYKWPECDTSRTGHWNRPNQVWETAFHNWHHDGAGSGGADTDRHHDHWPQDPANPHVQMNAFYNR,0.5628730654716492,0.56287307,8,16000,493
IEDRFNRSAKTDHRNSHTPHRNFYWPDSRKCAQWEYFRWQYYEEMPPPTTPPFQPMEWMDQHDRTC,0.5582221150398254,0.5582221,8,16000,493
DCGSDHKSCDSQMCRQKGNTHTPEECWCWRTFHYRPNYVQPNYQQYQKAHWQWGKAQRKEPRMYHG,0.5554364323616028,0.5554366,8,16000,493
NRPGREHFVVKSKYQHKQPQCEPPNSNDYQPVIPNWWQFRPSGNSDAEALSPSCSRNYMNQSRRWK,0.550878643989563,0.55087864,8,16000,493
QPRERSEHTFCGNEMEWCYQDSCTRDPHNHPSLGRYQHKRHHHKNRIMRNIRHWTWDGQYWGFHVT,0.5487381815910339,0.54873836,8,16000,493
PDPNWNGHNPTQKAPKCCEEIKRPEPEEPLYRDGRVFVTPTHVVAEWESPHNSFPSAQHHRRIDDH,0.543251633644104,0.543253,8,16000,493
THDLYNWMEQGPNQHWIDYQKEPERNKCYEEWYPDGSQWQQNNTFKSCRTPNPSWRTCATCQVQSS,0.5387389063835144,0.5387389,8,16000,493
KYDWDQKPSMWDLEFMCKMWDPQDPHVEEEIHPEHTTWMQQKNYKYYCSWNTEPHHQVQGFNGREW,0.5303076505661011,0.53035736,8,16000,493
MEYADTQNRHWCPQIPWDYQNFRKRHENYRNSQSPRNSWNHNIQVNPPGECKERQGDYPKNNNQIL,0.5204663276672363,0.52051413,8,16000,493
IKGNEWQFARMHKEEMTKHPGIPQWPPHKTSHCFWNYDDPYNVHTTRDERNYGYPKVRTRGKPHRG,0.5156717896461487,0.51571965,8,16000,493
WLDPQKYRHQNSSMNQMAFHHRYQDEESIMKTGSPGAFNRKEHQSQSWRLGDDWVQTRTAGRQQQT,0.5142524838447571,0.51430255,8,16000,493
DNWPYYQPLMWGCHGTHGGKEHCVSSNISNGWQDENTWDNFTQQGMRPTEQRMGFWDMTTKGRTTH,0.5088446140289307,0.5088446,8,16000,493
MWLHDPNEGFIHYQDDGNSKQDEHPSWPHQDLMKSIPHVWHPQHTTERSCHPTWQPGQHRTHDDDT,0.5080793499946594,0.50807935,8,16000,493
YKPDYDRLQTRSEWCRFGRRCRYWNWRTDPHIPNKHWRSAHPEIENNAEKCTAWRCHCAHYGKHNE,0.5060259699821472,0.50607383,8,16000,493
IWHTSHRQRDQPTSRETWVERWGHFPESYLMNWKKEREREYQPQLGRPQLSDGTQGYYRWREVVEM,0.5029860138893127,0.502986,8,16000,493
PQNSKPPGWDRNNPRMDFSRDQTVNSRDQWMCTYMTYETTHPVHPEEVHREWLIDTQRNYRHWEQR,0.5019737482070923,0.5019739,8,16000,493
WNMDLHGAHIEYEQTREAVPRRHRAYRECWTCAHYGNHMGPTGYKQNRDINSPPDNRITTYGQFPN,0.49649906158447266,0.49649906,8,16000,493
DRPTSQHNTENQRSSWTECRDTMSSNNNPQNKESIRNREQNTTVWRQHFKHWPFDFWAWHSYHSMR,0.49584251642227173,0.49584252,8,16000,493
SYRTNNWRNGKFHVLQCPGELEHTQEHFHRHRHTHAANKNLHQHQTVKPNYRFPHHMQAMDKPVEC,0.47848981618881226,0.47848982,8,16000,493
NKVRWHQCFKCAFGDGVRKNFDARYQGQMPREGCTTHTPKYCHQQGRTKWNFTDTFENGREEPYTP,0.4749194085597992,0.4749196,8,16000,493
HSRTDFRPFKNDANFWFYDQTGDVDWENQNSYEKQCLEHQPTHSWDWRRFKAPVHKHDNWNNPYVG,0.47399136424064636,0.47399136,8,16000,493
RPFRIWHLRFPMAQPTPPLWQMQFSGEDTNACNFQRKHHRQSQTHVEGWSAYNPTGPNSWPTHEGQ,0.46782439947128296,0.46787423,8,16000,493
NRHWWWDVNGRTDDSNLDDKNNHDEMTLMNECGHWINCEMDWHDEQHNEWRNNHAETQANNQHIIW,0.46437832713127136,0.46437913,8,16000,493
WNDRYPLHTFKPLWQDRRVVNRDNQWEDRRHQTYGRQKQYAINRETWGANKGYTHCVVRGPDHGQQ,0.4605540633201599,0.46055406,8,16000,493
TLRQATGPHSHHKRPRARVTCKVPEVEMPRHRKWTWIHNDSSTTSQQFYCNKPPWNEYQKQNNPRQ,0.4579225480556488,0.45792255,8,16000,493
KAPGNWGWMLMCMHEQHHTLPNDVRHREQDHAQGCNHNEWWHYMQSWGDNVNRTQHDGTDEERYPR,0.45599856972694397,0.45599857,8,16000,493
AKNPHEKQPDDIKCSAVLAPHHFAEYSGHNKQDEPNNWMRWRMHTSPLRTCQPSPWSWWKPTYTNR,0.4539663791656494,0.45396653,8,16000,493
RTENKLHKPRSSVDRSQHVNGHHREVYPVDEPPEENRRQPRFTPRNLVFMIPKAYDRDWREQKGKW,0.45372962951660156,0.4537297,8,16000,493
LQISRNNNTKGVCDLEHATYHYRNPNEWVIWQHETQYTGHQWHHNSKVTKDTQERQQEQNECPQSE,0.4517855644226074,0.45178694,8,16000,493
NHPTVTKPCKQEPEHHRHKTKLNHKPYFGNNQSAHDEIRYDETKNSSGNGTFHYPTNCWEGTKCSN,0.45164841413497925,0.4516484,8,16000,493
TTDSPAHTGPRGRGKEYHRDHRCHYEDTQPDGFNGIQYCQTRCHAPGNHRYMESPTAFTNRYMSQD,0.44996294379234314,0.44996294,8,16000,493
HQDYDYMMNRFTSHGRRMGTNWFQYCMMQNQWHHLEDWHGQRVCTPSRMERPRDSRRAQSCFRWNW,0.44979724287986755,0.44979864,8,16000,493
NPLSSQYLTPPGWRWCHYIVETYREQNIERNTGEWNSMNPWARPQYYKKPPMLTWCHHNGLFDETK,0.44681286811828613,0.44681302,8,16000,493
NCNAPYAKQSFMCGENPHNSPRLKGHWQRKTWHAERCCNRVWHARGCQNGMHKMRWRTKDPNKDEH,0.444848895072937,0.444849,8,16000,493
WSEDNYHMQTYGQDRNEWGYKKNPAAKSGPHVRTEDLHEECYNFPDNCSRINREVWFFTKHRNRRW,0.4446345865726471,0.4446346,8,16000,493
GSEGARNRKHGDWWHPRCRPPGGQKNFTDKGMRFGGKIWNKNKTECFHENTINRTNQRDGVYDEGS,0.44164904952049255,0.44164905,8,16000,493
LNYHNEEYGCHEKYRKKTHCQFGVREEQQIPTGAYTVDHTTKEDQNAPNDQKSPDYRDINWQYHQG,0.4416351616382599,0.4416824,8,16000,493
YEMDLLSNNTMPCRHPDNQQEWGYQHTAQPQCRQLQIENNPICTLRRDKWSYASQTKYERQEVDER,0.4407317638397217,0.44073176,8,16000,493
KQNHCKFDTHNWKDDPHGMNSNWLILGHEPKPWAEGDNAIWTGEMAAPEWTTPEYVHWTDWEEQRS,0.4398556649684906,0.43985566,8,16000,493
WAMVYPKEIKALPTHQRHRWHTEPEVNHRTPEWEHNQQAWFRPSYHWRSRRPTHYQQPQETPHYRD,0.43863093852996826,0.43863094,8,16000,493
HDDNDEPPRCKEGMRQSAPYDPYMEDDVITNWNNRFTTWLNKWRYLDRDTDVTGTYTNTRRVSEPS,0.43750861287117004,0.43750873,8,16000,493
TARIQYQSQELARRRQMLSRHQPWAMARDMPQHQHRMEWREKEENTRGTSMKTPFNERCEQQNDNT,0.4353048801422119,0.43530503,8,16000,493
HGRMRNGNTRHRFTYVPRKRRHNNQKKPCNQRGISKHFCQQHMDSQDWFSNPQLCHLHRPPGNDPH,0.4340100884437561,0.4340101,8,16000,493
DMSDWFCHHARIHNKPQDKDPPRNVDKNNEQKPLCFKNHDWWLRRSYGTWHRQFAMNMMVWRWWRP,0.4339207410812378,0.43392074,8,16000,493
NADNNTIQFNGEKIWRGWQYQHAPEVEDRYRSRQQPKTREESEHMVATRTNHKSEMHKKPQFPQYR,0.4327893853187561,0.4328364,8,16000,493
KPTGNHRATTRGMMQAAYPCNGTQVMGDQARRKPTPRNWRTDEDTASFKVEQYGTQHKGTTAKIPR,0.43253594636917114,0.43253595,8,16000,493
EPWRMPTCIENFNESPPPHTSEDYEDWYKHGYFPKTFDFAPQHRHNEEPYPIAVVFTQGYQKCEGP,0.43183788657188416,0.4318379,8,16000,493
NMYHRYWKDFSIQERFNCHCFCCFTKTHDNEPGRPFYCMRQWYYQCTHRHPHTMFHRHVDWRRYRC,0.4310727119445801,0.4310727,8,16000,493
INRMAQKDETQLSPKNQETGRERKGQHTNFHWRPCHYHKGETEHNDREVSDIPDDLCESRTTRVVR,0.4308567941188812,0.4308568,8,16000,493
RANLQGPVPQNCKMPRMSCERSCSWWPWHNGRHFTFQKRRTGYPRPTWETRRLWWVHEEFQDWLER,0.43083852529525757,0.4308399,8,16000,493
SKYHDMAVTSHATYTQTDAHKEYRKRNVSCGNTQQPYVWCSRTNETNVGSRNHQRWSWPNNRQNNT,0.4286552369594574,0.42865524,8,16000,493
TWHDNSPNDTNEGGRQDFCERHCPRNHMEDQNELQGTCTKHEHGWPTNKGHRNTWQQTHRNHHNYT,0.9162530303001404,0.91625303,9,18000,577
WRDLAADEDEDSTNYYGLEGTEGNENWENEPMTYWGRHHDCNQMPTTKRTKGPHRDRFNPPEKDYD,0.8863758444786072,0.88637584,9,18000,577
CKPPCCYGPHHEASPGQQQDPHWERPQERHKTPTTKQPRDYQKHHHYRRNVTEGPQRCEPVNCPMS,0.8855531811714172,0.8855734,9,18000,577
DGEDRNKADWVHWNFCANKHRFHERPVNQEPMDGYEQNRKQDRERWHRDQRDQHQNHFRAEKWPQR,0.869842529296875,0.8698425,9,18000,577
QKKNSDIYDMGWQRRDDNNPQDYLPQKSFKREMKYKKDRQHKANHSTLYQKQGRKQNTVNHANYTN,0.8359304666519165,0.83593047,9,18000,577
NYGTFWRYNWQVEEEYEYVDHNPGHFNRKFYQYYEYTPIEHDRQKRWETPHDGWTRPATSKPDTSH,0.8003101944923401,0.80034214,9,18000,577
KSEENMPISWNTCEQRQMNAQYGNDDHEEQSNHKNWFANDWQAHDQTNFCEEDWNRRQTHFVWHSS,0.7877984046936035,0.7877989,9,18000,577
GKGRYDEQCQHHVPRNSDFKNHANKMHHQHLKYSNRRFQGPHVCDTTEHGFHNTNGQPTNDQRRSH,0.7837703824043274,0.7838028,9,18000,577
EFTFPQHPEPWGGIDKLIHQNPCRNWDHSGFTCHPKWHDEFNNPKEWNVTSHWTSYHPNYYRSFKS,0.7710651755332947,0.7711006,9,18000,577
QPRDCTDFRHENLFSKRDVWGEDYTDTQHRHCEKQSTSPNEKWPKPMTQEETKPNWHDTDRDKTTN,0.7693485617637634,0.76934856,9,18000,577
DDNNFGNQENSWDHPCKGWKSHTNSSQVTIRRANQHWSPAINIYHHDSRNQTPQHVQRTENPNWCR,0.7556371688842773,0.75563717,9,18000,577
SWEHKGIHGNQKLWQCTEFRTETQKSSENEQHNRNQETPQNATHGNEMTVRYIVWTRYPMNKHHQN,0.7545716166496277,0.7545716,9,18000,577
PYKHCQRIAHNDHDCAHLKQTEWHDSRPPDRCCWNPWRSEDTNKRSPVERFDQQCYLRSFNQHTET,0.7484012842178345,0.74840194,9,18000,577
KRQNANDEDRMNRAKERKNTEYHPCKNMQLCNKEGWHGRVQEGTIHETNHNMCRFPEPQWDTHRRP,0.740311861038208,0.74031186,9,18000,577
GDNNCPYNHEMPPRRHSGNQCNSTRHHTHWNKEENWWGQRLQDMAQREQRQLAWWQKAKDNRAERR,0.7376776337623596,0.73767775,9,18000,577
GRHYMDHNRNERRMPELTGLNSWRDEGWQYWWPKRKRQHMTFWPKHFNDHRRNPRIGRSNHSFGEW,0.7374213933944702,0.7374214,9,18000,577
CRPHIHPGAWTHWHQEMFNFGLNESREIQDEYHGEFDPVGPKQQPHWEYPERVNPTHQRWHHQRGK,0.7341662049293518,0.7341662,9,18000,577
DCRDNDRWHQPFQRKKFEDSEKARQENERHKSMPNDALCTWQYNNANCAVEENNYQCNQWWEICPE,0.7337636947631836,0.7337638,9,18000,577
NDNFKTPYDMDHSGRRIHTQQHNRCHRYHHFYYTQDNRQMWQQGPYIRCEQGRTYNEGRSDNDEAN,0.7268073558807373,0.72680736,9,18000,577
TVWQPRTWSNMGRASMSNTHMSHWKPQHNEHRPDTTNRDTFHNSKHPGDKHEYEHNTDGGHKAFST,0.7031477093696594,0.7031477,9,18000,577
DSQDQNRWPNMDKWPNNFTELTYQFDNNKPTLWNYAWSAKPTRNFVRGQDQRWERNWETFLRECNR,0.6979753971099854,0.6979755,9,18000,577
HQTHHSIEFENMNPMGCMNHKPDETSFNHDSEKHRGKEWRDNTNQRGQEYHPNEQLKEHEHDHPEP,0.6890949606895447,0.68909496,9,18000,577
YEYFGDDSFRSYDNDEHNERDENRFWWEKPRWRPLCQTMNLRQNAQQPGSEGEPQVWHYDRDWNNR,0.6846207976341248,0.6846208,9,18000,577
KAQDQSLATNHDHKHDMWWQQRHGAEHQGHEQRSYVKHSYQHHWHYCEQYTDDNGHDSNVANSQNW,0.6748021841049194,0.6748462,9,18000,577
ADNPIDHKHGEWITAQNGHPKPHCDRMYQRNPYTFGNKGGNRSPRHSIFYDQKKRPPNWWHSWATR,0.6742510199546814,0.674251,9,18000,577
NGNVPDKPPWRGGKMTNWCDWQCDQTRSDKRHYWQRGSHWQHLHSPHWGHWMHLWFNHEDANNHST,0.6663485169410706,0.6663485,9,18000,577
KGVPRWLTHRNWDNLNHMYDNHQQKTDEHHRMDNMNHEQDEEAQGTTISWTRRNDYEFDRMTNSEW,0.664752721786499,0.6647527,9,18000,577
EERKHNQNGWYDEVVSKQHDNIFTSSFAEMTDYTEQNECDQQSWEPHQHYVRHKQWCNEFQQSRNP,0.6620293259620667,0.6620293,9,18000,577
STELQRDRMPQCRNEPWYNDGKETRTPFNNQQRVTHNDQPNTQDMCTDFNQTRESFQDRQTEKVFT,0.6584890484809875,0.65848905,9,18000,577
IDQRPRNWMDEFGEEQWHLTPRNVKARNEQHNFPDTLEAGNPECHSIENEWTAPSYTYEHVNVQNV,0.6579873561859131,0.65798813,9,18000,577
HQLNDCMQFEYNHQPDKWSGWMLFKWWEEPRFRHLDQKSHPHDNWHCFNFDRRQHHWPNDNERNHD,0.6255736947059631,0.62562066,9,18000,577
YHADGTSYMWSWENHIRPPPGYMHRPPQDFEQNRRDNNKSNPRANHIWYHDQYINGKTVDYPHHHR,0.6223016381263733,0.6223487,9,18000,577
NNVPQMSWGRDQPTQWPNYHAVDPVAQNWPTGHPSGPWDKRQADHRQRNFWMPEPTPPRWYSEYRC,0.6216384172439575,0.6216384,9,18000,577
HRKEDNDGGRLIHESWWPNFECWIDRRKRDHQHRHHWHGRAWINFFNDVDQTTRWLETSLKVNMND,0.6164571046829224,0.6164571,9,18000,577
RQMPQHCGMQWFGCSTRSEYNTDDRDQWHQTHMHEYRFHEERHEENYYLMYWDLEKSNPDKREPNT,0.6118136644363403,0.6118612,9,18000,577
DINLKPINESKHPYQHEPGQGQNICTDIAIKEAGHEDGNRNTHANPNGGNDPSRYMKDGYWIDTED,0.6099427938461304,0.6099428,9,18000,577
NGPRACMDTVFRSVNDMHDSHHNPESNNQWLNLHQPGNKAWYDPYQPEEPNENWINQHPQCREWEY,0.6049157977104187,0.6049158,9,18000,577
PWLDTRDHEKYKPTPCRQNTKGHYQSEGQRVSTPIRSNPVFTPTATERKSTNENEWRRQPTRMEWW,0.5954645872116089,0.5955128,9,18000,577
NNPYNQMLHKPPSQNSWHRYTQRMHSQHRRFNACHQGKVRDVRPPPHMHWHEHSGGPHACVPVSQN,0.5914867520332336,0.59148675,9,18000,577
EDQSTNACSRKPETPMDRDWRMINIWRARMPMDTHQTHRWKKNHGDNSGQKSNGLQYEHRFQPQSD,0.5798960328102112,0.57989603,9,18000,577
NSLLANFSFPKGGEKNKIWRDRDTGDMPPRIPEMQMNYEPTPDDGRPEQYHWWHARRQYPERHYKE,0.5769819021224976,0.5770307,9,18000,577
NAGCSSRFSSNQQMDPRNRLPRYRTRHGDHWMERPSGNTRWRRIGTNPQMQTGRPERCFRAQMTQN,0.5753318667411804,0.57533187,9,18000,577
RWTARRIWTNWMDSGPRDTQNCDLGFDIDLWSEQKTDQWDSRGNHMEHNQGGWMLNHEEFNHVPTL,0.5729610919952393,0.5729611,9,18000,577
CNTNLHCYNNYWEPFNNADNSCNNKQRRDMHHWEGPEGDMFQNVSEQLNFSHWNIHEDDPYNVVAD,0.569826602935791,0.5698268,9,18000,577
WIMTTQMDNLWARINDYYESRQRNGHGSRVEHYNEQRTVDSRRSMYNNRQRRLYGRDDQDVGPNNK,0.5694788694381714,0.56947887,9,18000,577
ADLCRFNPNDDTESVPQKSDPPWGHCKGNQQSHEQTTPFDVPVTFMPETHRQTWQIPETRSQMVER,0.5683056712150574,0.5683057,9,18000,577
EGPVAHVRLDGYGEATHRRGPEPESRGFQSTRDNIQADHRTTTRNWKQSGWGPYLFNWQNATSQQH,0.5674391984939575,0.5674392,9,18000,577
QFAGASCHYHESHPSERPFDHELMEHGNIQAYWREPRFHLWPEQYNNNWIWRCKLHKDSMWETPFC,0.5652154684066772,0.5652646,9,18000,577
SNEWYHHWHHVPHHWITYQHDDIHNELQQHCRSWRVMEQQRETMATTEHWKVPWDKRTCQQTRERR,0.5648657083511353,0.56486654,9,18000,577
ERDRGMMTWSSEEQDTRHSFVGFLLGPNHRGKVKPNHGYGVGDVTDKPKPDGPTERDGMHNTGVRV,0.5600506067276001,0.5600506,9,18000,577
LWALTQFMTTDTCNRVSWHPNHECRPPNKKTPWWFDRRGQCSNYPPHKEPAQTEQYGENEHWPTKP,0.5581343173980713,0.5581837,9,18000,577
YKFHNRYMDAARGTHNHIRWKTEMQKSVDYRAHHIHFCQQGWMNNEREQEEWYRNDRWRRRQQDHP,0.5573738217353821,0.5573738,9,18000,577
QRMRNTGTYHCVPWCNAMRMQDSIKRRTWWNDSSNEVHRNNTEGGGWQRYTTMQNSECNNTHHGPQ,0.5537761449813843,0.5537763,9,18000,577
PNDHWQCPSDENWGPARGRTWKAHKTTREETVIMLNDHKNCEEQAQETVISSTMCWEMGTDDRRPR,0.5528339743614197,0.5528835,9,18000,577
VMNLIQTMNNNVKKPNESSMNPNWSEPNDDHQFIPDTFHTNDQWDNMPQSDFNRATNAREAEQTQT,0.5405555963516235,0.5406053,9,18000,577
DDPQWTHGEIRHLKQGMEESEDRNDTWIQKCPHTDKAAPQKNEDHCTPWDTKYWECEKTTADFAQD,0.537339448928833,0.53738916,9,18000,577
SAQMYPVGVRSHEPEHECESICAMRWPDVSKSNREWNLWYRTKYDDEHHTRNEDGMGHGHDYYPER,0.5368682742118835,0.5369159,9,18000,577
MSKSVNCNKHHCTVAPDSWLGTWRNNGNSPWATPIRPYFEWKRDQTGVPQAAHDNDPRHWPRYQKR,0.5316783785820007,0.5316784,9,18000,577
NPFQDFDRTQEWEPSKIDPSMDQGQCGTGDQKNFLWCSWDVSAHGDEETVRERYGESSGQDKTSAV,0.53145831823349,0.53150815,9,18000,577
YQRCHPPWRQKGSTLFDHWKWTKNQPFEHTWNTENANSHDPPHLDPCPPPYNQQETCNYRQGPQSE,0.530279815196991,0.53028065,9,18000,577
NRQCPENPDWWFKQNHGSRCWIRGRKKHTQQNNRWVWFIKHQPPQLYYKWECEPVHSRSHPVQWWG,0.5277608633041382,0.52776086,9,18000,577
RTPGPNAKYTCHGHTDWVPWENGYHVDPGTFSYRKTKDRRLYFPHCQSQDWRVTRQEWSHNSQPQR,0.5221792459487915,0.52217925,9,18000,577
HTWSKHRGDDEIGNKESTNHYWLFTKKCMNRWNTTMEGEDENEQSEHTNTNFTFHPRRDRKTVGDN,0.517785370349884,0.5177854,9,18000,577
EFQPDIFSFRNCRLPWGWMWAQIAELNNREEHWQNCRTNRTWNGSRKDTWNQEQRYYKNRFQGTPD,0.5157855749130249,0.51583344,9,18000,577
ACQNVWKNNPYNESQYNKYNDTHMADDDNVRFKTVLVDPHRSQVDQMRRRRQNENQFQHSGQGTER,0.5123670101165771,0.512417,9,18000,577
YHQRRHRNYDYGAYWGGQEIRYYGWHPDSCFSDCGYRHNKEKLDDYHRDVSRYSEYFFHPQQRRVR,0.5063318610191345,0.50633186,9,18000,577
HNHNQHSYKRCRCHHHRWDFLDMWETEWTYTVVFDEWNHECERWDHPRRGNDCWMPRRTFSCRWGE,0.5042988657951355,0.5043488,9,18000,577
AYAPKWDIVNHSENNETPYRDSRGQDGFNEATTNFHKNRQAPWPRPNKHPGVTTHGWNERRTTCHP,0.5008071064949036,0.5008071,9,18000,577
RHEIEWKEDRHCQNSRDEMKKTNDHYNRHQGCAVWRGGIFPWMKWFNRTTKHRSKREDQGRVHMSN,0.49348828196525574,0.49348828,9,18000,577
ANPTSIKGPDSEDPTMRHPWRKFKFRSVPLHRTWEMVEYSHYPKENWKDGARAWVSVSSTFQDHEQ,0.49120453000068665,0.4912544,9,18000,577
ESDGLYTPGWDRQQHNKEPQDMDWLASCVDTNDPTIRHDDWYDKYTVQNTLDDEAEKPQTDGKQHQ,0.489880234003067,0.48988023,9,18000,577
APSKRGDSTWQWQPNDESDYPTGRFDHPPPMWGYWPKVQNLRDKPLKNNDFPPQANAKPTYFTTFS,0.4876466989517212,0.4876467,9,18000,577
KGNDNEKYKTMERGDLHEPEWSMPDARVNNKNQQQVLGWWKERGHDNQSMPQDTIRTAQMIGNRSK,0.4862111210823059,0.48626104,9,18000,577
NLNKCDYDHDTDFTGCWDRQMTFEWDYHEWPQVPCDVIQRNAHGDEHLNSSQKNKWPTRQHRTDEQ,0.47958579659461975,0.4795858,9,18000,577
DRQNDKIREPQQSPVRREVKNIWNSVRFVITWKVVRGRHTPFDNDQHNHRDGRRPRTQWHKDDTPD,0.47949281334877014,0.4794928,9,18000,577
CPNRDWGENNECPMRADPWYWRPLHGCSATWVGFGRAPTKKHEDRVRHKPPGGPVVTRETREDREP,0.4793945550918579,0.47939456,9,18000,577
YWGELRQSMREVDTNKDTCETEQICPGYPDECMTYTAPGHNDGYKRQRQNDDHYYANVQWNHGINK,0.47276771068573,0.4727679,9,18000,577
ENFLMFTCPSNAGSQKQNNQSHPKDQSTLNNWHWHNARRVRNCSHRKWNKKRHWEQEFTKEWRRVK,0.4697241485118866,0.46972418,9,18000,577
KNFGPPMTHTWGHPMQAEGESTDEEDHEHYDNGQVIMEAQRSHTNVKYNNFRPETVEFKNNNETNE,0.4690181016921997,0.46901804,9,18000,577
FMPPWNNHRPNFCSEERILTKTNTGGWYECPDGRQMENEDFIHRQSDLEMYRYTLLYSVNRRRENR,0.4672508239746094,0.46725082,9,18000,577
PTCPSTPGWDMNMCGNQNHLPQDGVGRQFLTCQRGCYDSTRRHRRPRSNFHRGPNPTQHWKSTDKD,0.46603336930274963,0.46603337,9,18000,577
KRVCSTLQGYVRNSAEENQRNHTCEKNHRVRENYAQLSTRRPNFRSASVTMRDTRPQNFTEQSRFQ,0.46489566564559937,0.46489707,9,18000,577
SLPQMMHWNQEFQPQTREINYFPWYKIMAEDTNYRQNSHEQRTEHEGSGIQIQTRHRSAKGWNRYP,0.4637560546398163,0.46375605,9,18000,577
HTWRQQCMDWNHLKELGVFTMREEHRPWGRPPRPRYNWRRRWDNTQHRTTARKCRFTQENPRFNLD,0.46179428696632385,0.4617943,9,18000,577
EPNYCEKADFTERERGDTASHTTETTKNRPSHRKHDTMSPWKKEQPDDREEPTMPGQDEPNPSGPG,0.9282692670822144,0.92828256,10,20000,666
SWTHGENKSRDHNNPMHRVKDQCQPSCLKEDNHGQHQPQQYSNRQWRSDKSPQPQELGTREEPRAR,0.9050710797309875,0.9050714,10,20000,666
YDNRWNRPTPPREQDHAKYNHSHHNQNDNQNWDQDDIYNGDHVPWNTPVTFWQEQPHWHWNHQQRK,0.8990786671638489,0.89907867,10,20000,666
QIDEKRQNRMRQCHAQHHNEFNMDRDHEKHIPQLDGYPPPRPLNWERVGREDKPNDNMENVEEHQM,0.8793215751647949,0.8793216,10,20000,666
DQQMDNCKHIQERVRYHYRQQHSWHTLNERRNHPDDHNEQQLHDHETFSTDRHPNRSGDFQPRERR,0.8766437768936157,0.8766438,10,20000,666
KHRTNWDDHWPHWFAKDNHGWSKERVPTISPNNSDQHHQIRDKTHYVNQDERYRERQQSGKERWHG,0.8580886721611023,0.8580887,10,20000,666
WQANPWTGPSGHPRNYCPRNYPATWHPWDNNPQSCHRPRNDIETPDRSNGDRGWHPHEHHHTHHDV,0.8473622798919678,0.8473624,10,20000,666
WWHRHLDWVNDQNRNDEYHWNEYPPLKTCNKENTSGRHTNTNKRTRRDKYRTNCEEYHKPHQRLSE,0.8391498923301697,0.8391499,10,20000,666
FKPCNQPGQAPRPNNTFLEREWCNTGTPRDEHTHPHHPPHRPRWIGNQNRREIPDSRIRRHTRRHK,0.8148787021636963,0.81490755,10,20000,666
PHETYYLKTRIDFEKNDAREQDVGPKPDNNRRLERQPTYTHTPEHHDNSVYQQAGCRVRTYNNKQT,0.8074368238449097,0.80743694,10,20000,666
SEYTTPDNCTDGSNEFVEGHVLGTNHNNKRRWHHSTDRPHRHHEKETPTNWNFHTTNTQAHTSHPS,0.7689122557640076,0.76891226,10,20000,666
LKDRDEHDPHQSCGWCWWAETTAEDEFHNNFKQQNSNRREMNGSNHCRVCPIREYRHDFDKQDNPK,0.7596551775932312,0.7596558,10,20000,666
TMNQRRGPEPMYDGAHGNTMTYHSNPIDLNERHGNQKANSRCHHEWWERNCQKWNCYQPYTVHFRE,0.7557384967803955,0.7557386,10,20000,666
CNQNMTYEHTEFRDSHDVEEQHPVDPWDWVRYQSGCPGQNHEPDPPHRETEHLPWHACNNKRRNEI,0.7542165517807007,0.75421727,10,20000,666
AQTSMPQNFWNHSRQEQRIDQFWQPIRASQGWQQPRNYQTPSHHQEKSWPLGDCSRERQEWNHFIN,0.7530417442321777,0.75304174,10,20000,666
DKPRHACLKPEHLRWYGESNFQHNHNGNCRRNTEHNVRKSLTQPTYHNSDDSTQDTQHDTNTRWHN,0.7453087568283081,0.7453094,10,20000,666
RRWRRHFCKHHQGNYNPKMVDCNPHKPHRQRSCENLKSMSHRQRDDPRSSSRLAQSHQYQNWHVRE,0.7365193963050842,0.7365194,10,20000,666
NWHYRSLTNRYWDDDWDIPRKIYSHEKQQNNYVDPLLWTRNWHHQRHPGRRNLRQGGWHYYRYPER,0.7256156802177429,0.72565544,10,20000,666
EDGFNSKQRLAQYWRGNAERHRQDKDDTRQRHTPRGYQHEPRKRNCNCGDYWRRDDWNFMEFQQWL,0.7238359451293945,0.7238743,10,20000,666
YENDYFSHKVWHPTYQMDGECPNQKCWTRGLRTCQHQTNGHRDHGYDSRETEHTEHKHTCQINPEE,0.7228966355323792,0.72289675,10,20000,666
PTHPDKWLFTLRSPARNTRVWWTPDANYNPTWQEDENDLPYSSNDSNRRWTNEDKDDRNQIPPMDD,0.7211437821388245,0.7211445,10,20000,666
VHNFIQDCRLEGMESHSNWRPYRQKAQMTQYEVHHWCDGHWLSDDWDEWNTDQGTNHNEHYNRHHH,0.7164270281791687,0.7164677,10,20000,666
SECTAMDYHNPSDPKNIPDRGDREDWPRMQHENTWDRSQPCNVSQYNNNEKESDGCRRFESHKPFM,0.7053875923156738,0.70538825,10,20000,666
FAIPYQMGNEKNITHDQQLHTTPHREEDHRYRRFGCRPKDAEGSDCQNCPAQEGRLRENDHRDDKE,0.7053108215332031,0.7053109,10,20000,666
LPQEHRNQQENGNHMDRKQYEWCAQNWKNACHPKSPRYSRCKQNQNDYEGHMHRVPECSGATDEAR,0.6978523135185242,0.6978523,10,20000,666
KHNCNNNIHHCWLNAYSNDTKHNHKSHEQNWSNGSRWYWGRGNNGTRDKKQYACKFCMNRTSPHNE,0.6975690126419067,0.697569,10,20000,666
DQRHCNTFSEMFKGDSHWDNEEPHMHRDPAEFRVDFHGQKLRKRRKQRWRWHRQNDNQHRLEMNEL,0.6964893341064453,0.69648933,10,20000,666
AWWKRHTTRATHQGTNFRQGHMGLRGPHEQQDTHRSSGRNQQRPCNDISRNWERNHEDQDPGGRWK,0.6936783194541931,0.6936783,10,20000,666
QWLTQMTWDQRYQNMSKMRFDNGPTEQWTQRGQTKDRWWYFTENNPFLDCWKDDPSHSEYSIHWSR,0.6934924721717834,0.6934925,10,20000,666
FDRNSGNQTDNEEYYSGVLESFDEQPRGNMREWWPRRKTDNTQRTIMRRTEFHSRHSSRDARLLPK,0.6906575560569763,0.69070023,10,20000,666
TSTWPMNHEKDWNHQQAIYTPETTKTNGNSFRNKRNRPRNAGDAMLNNFRYTRKNNRRRPWTCRNE,0.6900619268417358,0.6900619,10,20000,666
KAKPEQRYQGYWDQRIYRHWSHWHQRKPERFNWGYREPECENHTIKHDHFPPRTSSQCRQRGFEYY,0.6827422976493835,0.6827423,10,20000,666
KPRPKNLDRGKPKQMCWNAYWGPAFESQQQSEEEWRSQQTPTPMTFSWFHPHKNYQPHDTTRRYYD,0.6819766163825989,0.68197674,10,20000,666
NDNPNRNMSKPGENYTNDRSRVPEAHDQDMWTYYDNIMHNDDDVMCFNNRFQRWWRRGNNLYDTDK,0.6711212992668152,0.6711654,10,20000,666
DANRWSAPSKCPPRHYQQNMTCQQTNRPRGGEHPWMHSKARDFTRNKYYWFMTRCDPGDQYRCPHN,0.669366180896759,0.6693662,10,20000,666
ECFPEPDRQSDRWGMRNWKRTTPWKVHTKRWYRMTHRQNTTYPRHRWTKFEHKVIEERKHDTENAF,0.6593477725982666,0.6593928,10,20000,666
CANPNERFPWESNYLNHQVKAYHAHSTEQHHPTKRTRWPCRDHRQPVRDQCRTHGNTTRRTRRSDP,0.6485040783882141,0.6485497,10,20000,666
SRDPSWDHTEVKHGYQKQELRYHHCHWTFPRHPYDQHSTFNHREHFRHGQRYDEQMYYQEQQEVGF,0.6446972489356995,0.644743,10,20000,666
LYGPGYNHNCHYSDHHVTHEECRAGWGYASPHNNNMEKHRWIWPGHYRRMTEQAQPTMRPHEWWRR,0.6419776678085327,0.6420236,10,20000,666
HVKHPEFSMDNPYGNHRRENHRPDVRKPGWEHDGHESHRFDQKQYREWSNTRNVAVWSTNEHSSSC,0.6419104933738708,0.6419105,10,20000,666
YEKWCWKNVPQSRQPRECDKRTHFQWDFIAYPTQHRIETNPQSKRTEWELHHMKDWHSQYIDPRDQ,0.6406840085983276,0.64073,10,20000,666
TCMYCRHCWVNPCSQKDDQFPDDEGDEGNTSLDNVNPRATYNDDPETRKMQQRSEPHMRRSGPKVG,0.6390224695205688,0.6390227,10,20000,666
FRFMSHSRVSEIGNNSKSGDYNVNPNQHFYKHRDAWNFQPFQERWEEGQNGQWYFDKVDHWNRGKE,0.6282373666763306,0.62823737,10,20000,666
NYFGNAFGFFPLNWRGSHLHQHSNGDNKGRINEAHSHESGRHNAESEWHHKEQKSEEHQNWNTWHG,0.6264087557792664,0.62640876,10,20000,666
GTWQDGTRRESNQERLTGGRQPTWRNQQDLVNDSIGYKKRRRNRVERFAQFGESDQAYTGWPQNKK,0.6254658699035645,0.62546587,10,20000,666
NGNDEPSKNIRIYYCRPIDQNTTELQYQREQRRIPWLHPRHGNSTFTQQSESRETMQNPYFNDHRR,0.620642900466919,0.6206899,10,20000,666
PLRSDKRWNDDSNDNNWQKHTMVMHQKRDHPTGKDAHPMHYTMGYWPWRYFDQHHNACSCFAKCKH,0.6169302463531494,0.61693025,10,20000,666
HLDVDTNGTTNDRVDHMYLLSHCTDQAAQQHCFPTDPTRSQSGTTQRRPEGHNNYFQFNRTNRTSQ,0.6160311102867126,0.61607647,10,20000,666
PDKNMENEESNCQSGDHDSAFKRQHGSCTTMYDTYCMQGEWDFEQRNDWQDKPNQDWPFAYSRVRT,0.6136310696601868,0.61367846,10,20000,666
EPMPDDLYHMWAHWEPWWTGRAMEPRQPYQRNYEWMRDHKNYRLYSSTKDYDWYWHTTKSRSKRPT,0.6120874285697937,0.6120882,10,20000,666
RGLPYWHVDNSWHEDDAEWEFKLPALVKPSKHWKWPEQPARKEVDYNPDQNNMANSRPMWGPEVRN,0.6118755340576172,0.6118763,10,20000,666
LTNPTDCARNHCRQHQDMFGDFYERAYEDHDQNEDRQDGQNTVPTHPYSQIFKYGNHGMHGWRREG,0.6005879640579224,0.60058796,10,20000,666
RSERQGSSDGCLCGDTWGPAWIGPGTNRKDNDTYRKPFKKLVCHDAPRWHTTTRWNRTGGAKHEAS,0.5980573892593384,0.59805745,10,20000,666
GHKSQWYQTNDSFQMRVAAEQPKKDVPENYWAYWEHNKQMFHSWRYNEQISRSWYRWTQEFEKSWP,0.595738410949707,0.5957384,10,20000,666
NNQTSQNWYNTWEWPMSENIDNATWVSFSWDQHRHIHFGEPTQPGKPKRQAFRWTPNHPFERSPPH,0.5900307893753052,0.5900316,10,20000,666
KCKFNQNCRDWRSDGNHLEHHNFSLDWELMVRCVGDTNRAKNERSSENRYVRGRTNSDSKWHRNHA,0.5731053948402405,0.5731054,10,20000,666
FQILKDNNTRARFYEDHTEWHPWQNQNNLTENGWPSETETRPRTNIQNTMRHGRHYRNGWSNQERF,0.5682047605514526,0.56825376,10,20000,666
CYSSWCPQPPNVNWRKRFKNQWLHHNKGDHCNTYQFPTLFNTSADNGDDSQVRYFTDTNHPRQITK,0.5662819743156433,0.5663311,10,20000,666
YYKAPKFRFHGWAQHMANTQKGKEQPQQKNSDVPTRQWVVPNQPDKEQQDQWQQPQYDQGSNWWEF,0.5615894794464111,0.56163865,10,20000,666
DCNRHKRTSTGRLTDDPYTEEGHGIAETEWYGEMFKSMPRQHHMYVEPHWEEETTDYDEPYYVNWH,0.5608135461807251,0.56081355,10,20000,666
DKVMPMNYCTKVNIHMRTQPWDHRQGSQEGTFKNCYDDTFAYDKTTQDYNTDRWTRQDNNVDGDRR,0.5588036179542542,0.5588037,10,20000,666
SYRRENNMLPCHQFRDCNCKRTQHHDDYECRNLERNWAQQPNRWHQRFETSCDEQQFIKTQEQDAR,0.5580306649208069,0.55803066,10,20000,666
KYRNHEWSGCMRFRQLDNHHHHNFWNCPNEETHWPAELNYEPPRRETMVYVWANFFHYEQQEPYEE,0.5576159358024597,0.5576159,10,20000,666
VQPRRSSCRYNLNEPTDANYQRHTANYEPNQPYNAWIYNSSDTQRAHMNNQCFDHQHHEWDNKAHH,0.5546229481697083,0.55462295,10,20000,666
QSDQLTHRWDDFVTPMEPYETPGPENVWAPTHQPLAERRFQHHDRVWPFWEFPPWMHGMPKWKHQS,0.546351969242096,0.5464016,10,20000,666
LHSMYNQDWPNEDVTDGDTDDHNWNAKHDYHCHHYCGNFKFTRFENENWGENEHGCWTPRTTKTHT,0.5458788275718689,0.5458788,10,20000,666
VLNKSDETAPHVMGRQRMVNAHCKHQCRSDGNQVYHVWHRPTWRDHEETHNKRTHMYWERHMKIVW,0.545793890953064,0.5457939,10,20000,666
VWKARSQNRLRSQISKHPNQWDPEKFQKHAHCRNQIMDAQNLKDEDYTTWRRTHDRYCECYQRRTL,0.5454802513122559,0.5454811,10,20000,666
MFNQSDSHPNRRKMKGWQHCEHCPMLKGSTESKGRRQVWDRNQFTQFYESHRRWSTNDSSKYDRKR,0.544220507144928,0.54422134,10,20000,666
VRWHRPRTNLACPTLRRFMTHCFGGNEWETHRHQEARNEEWFTSYKWEEFNHDWQDHNYYTNWGRN,0.543923020362854,0.543923,10,20000,666
IQCQNQKRKRTERINRGGHNQTQMMEMIQNWLNHGDDNEKQFDQLFDKEHHHDENCRRPCGTCRKD,0.5426062941551208,0.5426559,10,20000,666
YFRVITSWSPYYVTHHKARKDCQVRPHYADFRHNGEPEMHGHTVEEPTNDKRAIHNQERHHHHTNH,0.5406084656715393,0.54060847,10,20000,666
FARFDFFDLQDLYGDCLEHLKMVERLFNKPTTRKRYQYNHSHSNPQRSGSQWNDYQEHENEDRSKE,0.5388346910476685,0.5388844,10,20000,666
WQEGDAMHHYLKSQDSSKRTYHFKSPRTKAGDVYKYRPDTNNRANPRPLRRDTNHSFKESGPETMN,0.5372887253761292,0.53728956,10,20000,666
NNKGLEINTPGECPQNHHVPRNWRHDPWGSQMHWQAWHTWQEPFQSTRWQAREMHMMLASGNPGQC,0.5361363291740417,0.53618616,10,20000,666
RNKRRNHMDDNNYNAGIQMWSCNQKANFKELEALHDQFDQSRLNKNVPNGYVYRTNNYGHQTTTRN,0.5359548926353455,0.5359549,10,20000,666
TQQHREQRHIPNWADKKCVFSEWPPKHRPTHRRTNKQNNNTMLKFLELEYIRRHHECQPPWKRQYW,0.5350334644317627,0.53503346,10,20000,666
LLPTRSPPRRIYVDTYDNYPHGGPEDGRWFMRWTQNRWPNHWRNEPNQQVPMYELPHEEHVNMFHD,0.5328370928764343,0.5328868,10,20000,666
DIHCQNTNHHRKWRNVERAQCGWTKLLWQEQTTNYTHHHHCEQQTHTTTPHEIHNNHHQQRFSWSR,0.5284242630004883,0.528472,10,20000,666
HHMETQKIKPWDANVRSDFHKRCEVQHGHHHSHCRHAWEHPQDNEERDGSGWTTMKVHDTTKHQWQ,0.5279693603515625,0.52796936,10,20000,666
AKIRKFKPPEQMEGYNMHIIVYNPDETGKPSEVNQPNDRIGEIVHHQYHNREGQNRRPNPWANWSA,0.5212293267250061,0.5212293,10,20000,666
QPKMEFGDAKNGRANQSYTRKPHIMDDHSHPTNFNQPNEWAQNYTTAWYTQMPTDTERWMWPWFQN,0.5192059874534607,0.5192559,10,20000,666
WRHNRHRQSYHNEVDGQVRQRYCHHNGNNLHVANWRQTQMERGETQAMKNNLTTHCHRDNWENEER,0.5177233815193176,0.5177234,10,20000,666
GINRNDNPFSAPARREYGDDNEFDIDTWVERQNHTHFHDFYQQQEKWTQTGHWDTNQNHHTNREHY,0.5134077072143555,0.51340854,10,20000,666
NMKDSMFNYNYSNNENVVKRRFPTDSWNHKSDSQHSHLGNLNHQSSKKAYWYSCWPDFGGRQDYFK,0.5122044086456299,0.5122523,10,20000,666
TNVNTDTWKSMEIMHDNSHQNHCNPHWEFTSVHPMLHPSQDETNWFEDRGEQYTSPRQQTKKWEEQ,0.509904682636261,0.5099546,10,20000,666
CGEWGMHRTTMFTRAQYNLSGVMARPHEQIGKANGEQVGSHRHYPHQETASRNESDEEKQWWNSGR,0.5035844445228577,0.5036323,10,20000,666
CHDHAGWQTHRISGTCYYQYRHQQHTHQNTGRHQQGELEQASMWTPHLCRRRGYHNTYHWNQWPRE,0.5017794370651245,0.50177944,10,20000,666
PSAQDNKEMETGWAWEWYCNWCIHHQNSNPDHNIQQFQQEIECDEPRHSNRHVRQTEGDERSGRRQ,0.5012272000312805,0.50127506,10,20000,666
