{"run_id": "18:00:46-09/28/2020", "exp_name": "GeneticAlgorithm_pop_size=40_parents=wright-fisher_recomb=None", "model_name": "LandscapeAsModel=RosettaFolding", "landscape_name": "RosettaFolding", "rounds": 10, "sequences_batch_size": 100, "model_queries_per_batch": 2000}
sequence,model_score,true_score,round,model_cost,measurement_cost
WAQRSVVANQLIPINTGLTLVMMRSELVTGVGAPAEDIPRLVSMQVNRAVPLGTTNMPDMVKGYAA,,0.1639741,0,0,1
NRRRSMDANQKIPNNTKLVQGQMTSKQGKTDGMWDEFYHKLIGMQMNRSVPKTSHINGDMWKNYKA,0.9802405,0.9802405,1,1962,100
NRQTSYDANQPIPNNTRLVKGQMKSEQGKTNGFPDEFWHKLIGMQVNRDVSKRTTINGDMVKGWKK,0.9767021,0.9767021,1,1962,100
NAQTSYDANQKIPNNTRLVKGQMKSEQKKTNGFPDEFWHKLIGMQVNRDVSKRTTINGDMVKGWKK,0.9752892,0.9752892,1,1962,100
NAQTSYDANQKIPNNTRLMKGVMKSEQGKDNGSPDDFAHKLDGMQVNRDVSKRTTINGDMVKGWKK,0.9734395,0.9734395,1,1962,100
NRRRSMDANQKIPNNTKLVQGQMTSKQGKTDGMWDEFYHKLICMQMNRSVPKTSHINGDMWKNYKA,0.973139,0.973139,1,1962,100
NTQTSYDANQKIPNNTRLVKGVMKSEQGKDNGSPDDFDHKLIGMQVNRDVSKRTTINGDMVKGWKK,0.97283167,0.97283167,1,1962,100
NRRRSMDANQKIPNNTKLVQGQMTSKQGKTDGMWDEFYHKLICMQMNRSVPKTHHINGDMWKNYSA,0.9723785,0.9723785,1,1962,100
NAQRSYDANQKIPNNTGLGPGQMKSEDGKTDGMPDEFIHKLNCMQVNRSVPKTRTINGDMVKEWKA,0.97231615,0.97231615,1,1962,100
NRRRSMDANQKIPNNTKLVQGQMTSKQGKTDGMWDEFYHKLICMQMNRSVPKTSHINGDMWKNYSA,0.9717448,0.9717448,1,1962,100
NAQTSYDANQKIPNNTRLVKGQMKSEQGKTNGFPDEFWHKLIGMQVNRDVSKRTTINGDMVKGWKK,0.9713932,0.9713932,1,1962,100
NAQRSYDANQKIENNTGLHKGQMKSEGGKDDGMPDEFIHKLNCMQVNRSVPKTTTINGDMVKEWKA,0.97097516,0.97097516,1,1962,100
NAQTSYDANQKIPNNTRLMKGVMKSEQGKDNGSPDDFDHKLIGMQVNRDVSKRTTINGDMVKGWKK,0.97077876,0.97077876,1,1962,100
NRQRSMDANQKIPNNTKLVQGQMTSKQGKTDGMWDEFYHKLVCMQMNRSVPKTSHINGDMWKNYKA,0.97030044,0.97030044,1,1962,100
KAQTSYDANQKIPNNTRLVKGVMKSEQGKDNGSPDDFDHKLIGMQVNRDVSKRTTINGDMVKGWKK,0.96975887,0.96975887,1,1962,100
NRQRSMDANQKIPNNTKLVQGQMTSKQGKTDGMWDEFYHKLICMQMNRSVPKTSHINGDMWKNYKA,0.9696391,0.9696391,1,1962,100
NAQTSYDANQKIPNNTRLVKGVMKSEQGKDNGSPDDFDHKLIGMQVNRDVSKRTTINGDMVKGWKK,0.96963084,0.96963084,1,1962,100
NAQRSYDANQKIPNNTGLGPGQFKSEQGKTDGMPDEFIHKLNCMQVNRSVPKTRTINGDMVKEWKA,0.9693552,0.9693552,1,1962,100
NAQRSYDANQKIPNNTGLGPGQMKSEQGKTDGMPDEFIHKLNCMQVNRSVPKTRTINGDMVKEWKA,0.96857363,0.96857363,1,1962,100
NAQTSYDANQKIPNNTRLVKGVMKSEQGKDNGSPDDMDHKLIGMQVNRDVSKRTTINGDMVKGWKK,0.96846116,0.96846116,1,1962,100
NRQRSMDANQKIPNNTKLVKGQATSKQGKTDGMWDEFIHKLIRMQMNRSVPKTSHINGDMWKNYKA,0.96813846,0.96813846,1,1962,100
NAQTSYDANQKIPNNTRLMKGVMKSEQGKDNGSPDDFAHKLIGMQVNRDVSKRTTINGDMVKGWKK,0.967902,0.967902,1,1962,100
NRQRSMDANQKCPNNTKIVQGQMTSKQGKTDGMWDEFYHKLICMQMNRSVPKTSHINGDMWKNYKA,0.96782714,0.96782714,1,1962,100
NRQRSMDANQKIPNNTKLVKGQATSKQGKTDGMWDELIHKLIRMQMNRSVPKTSHINGDMWKNYKA,0.96778274,0.96778274,1,1962,100
KAQTSYDANQKIPNNTRLVKGVMKSEQGKDNGSPDDFDHKVIGMQVNRDVSKRTTINGDMVKGWKK,0.9676261,0.9676261,1,1962,100
NRRRSMDANQKIPNNTKLVQGQMTSKQNKTDGMWDEFYHKLICMQMNKSVPKTSHINGFMWKNYKA,0.967361,0.967361,1,1962,100
NAQTSYDANQKIPNNTRLVKGVMKPEQGKDNTSPDDFDHKLIGMQVNRDVSKRTTINGDMVKGWKK,0.9666199,0.9666135,1,1962,100
EAQRSYDANNKIPNNTGLVKGQMKSEQGKDDGMNDEFIHKLIGMQCNRSVSDTTTINGDMVKGWKA,0.9665164,0.9665164,1,1962,100
NAQTSYDANQKIPPNTRLVKGQMKSEQGKTNGSPDDFDHKLGGMQVNRDVSKRTTINGDMVKGWKK,0.96642816,0.96642816,1,1962,100
NAQRSYDANQKIPNNTGLGPGQMKSEQGKTDRMPDEFIHKLNCMQVNRSVPKTRTINFDMVKEWKA,0.9660772,0.9660772,1,1962,100
NAQRSYDANNKIPNNTMLVKEQMKSEQRKTDSMPDEFIHKLIGMQVNRNVSKTTTINFDMVKGWKA,0.9659959,0.96599567,1,1962,100
NAQRSYDANQKIPNNTGLVKGQMKSEGGKTDGMPDEFIHKLNSMQVNRSVPKTTTINGDMVKEWKA,0.96589035,0.96589035,1,1962,100
NAQTSYDANQKIPNNTRLVKGVMKSEQGKDNGSPDDMDHKLIGMPVNRDVSKRTTINGDMVKGWKK,0.96556383,0.96556383,1,1962,100
NAQRSYDANNKIPNNTMLVKEQMKSEDGKTDSMPDEFTHKLIGMQVNRSVSKTTTINFDMVKGWKA,0.9655527,0.9655527,1,1962,100
NAQRSYDANQKIPNNTGLGPGLMKSEQGKTDGMPDEFIHKLNCMQVNRSVPKTRTINGDMVKEWKA,0.9652073,0.9652073,1,1962,100
NAQRSYDANQKIPNNTGLVKGQMKSEQGKTDGMPDEFIHKLNCIQVNRSVPKRTTINGDMVKEWKA,0.9649515,0.9649515,1,1962,100
NAQTSYDANQKIPNNTRLVKGQMKSEQGKTNGSPDEFDHKLIGMQVNRDVSKRTTINGDMVKGWKK,0.9649,0.9649,1,1962,100
NKQTSYDANQKIPNNTRLVKTVMKSEQGKDNGSPDDCDHKLVGMQDNRDVSKRTTINGDMVKGWKK,0.96481764,0.96481764,1,1962,100
NKQTSYDANQKIPNNTRLVKTVMKSEQGKDNGSPDDFDHKLVGMQDNRDVSKRTTINGDMVKGWKK,0.96455973,0.96455973,1,1962,100
NAQTSYDANQKIPNNTRLVKGQMKSEQGKTNGSPDDFDHKLIGMQVNRDVSKRTTINGDMVKGWKK,0.96377885,0.96377885,1,1962,100
NAQRSYDANQKIPNNTGLGPGQMKSEQGKTDGMPNEFIHKLNCMQVNRSVPKTRTINGDMVKEWKA,0.96347016,0.96347016,1,1962,100
NAQTSYDANQKIPNNTRLVKGQMKSEQGKTDGSDDEFDHKLMGVQVNRSVSKTKTINGDMVKGWKK,0.96334046,0.96334046,1,1962,100
NAQRSYDANNKIPNNTMLVKEQMKSEQGKTDGMPDEFIQKLIAMQVNRSVSKTTTINGDMVKRWSA,0.96322066,0.96322066,1,1962,100
NAQRSYDANQKIENNTGLVKGQMKSEGGKDDGMPDEFIHKLNCMQVNRSVPKTTTINGDMVKEWKA,0.9629533,0.9629533,1,1962,100
NAQTSYDANQKIPNNTRLVKGQMKSEQGKTDGSDDEFDHKLMGMQVNRSVSKTKTINGDMVKGWKK,0.96294117,0.96294117,1,1962,100
NAQRSYDANNKIPNNTMLVKEQMKSEDGKTDSMPDEFIHKLIGMQVNRSVSKTTTINFDMVKGWKA,0.962541,0.962541,1,1962,100
NAQRSYDANNKIPNNTMLVKEQMKSEQGKTDGMPDEFIQKLIGMQVNRSVSKTTTINGDMVKRWSA,0.9624726,0.9624726,1,1962,100
NRQRSMDANQKCPNNTKIVQGQMTSKQGKTDGMVDEFYHKLICMQMNRSVPKTSHINGDMWKNYKA,0.9619639,0.9619639,1,1962,100
NAQRSYDANQKIPNNTGLVKGQMKSEGGKTDGMPDEFIHKLNSMQVGRSVPKTTTINGDMVKEWKA,0.9619128,0.9619128,1,1962,100
NAQRSYDANQSIPNNTGLVKGQMKSEQGKTDGMPDEFIHKLNCIQVGRSVPKRTTINGDMVKEWKA,0.9619083,0.9619083,1,1962,100
NAQRSYDAPNKIPNNTMLVKEQMKSEQGKTDGMPDEFIQKLIGMQVNRSVSKHTTINGDMVKRWSA,0.9616794,0.9616794,1,1962,100
NAQRSYDANQKIPNNTGLVKGQMKSEGGKTGGMPDEFIHKLNSMQVNRSVPKTTTINGDMVKEWKA,0.9614776,0.9614776,1,1962,100
EAQRSYDANNKIPNNTGLVKGQMKSEQGKDDGMNDEFIHKLIGMQCNRSVSKTTTINGDMVKGWKA,0.96137726,0.96137726,1,1962,100
NAQRSYDANQKIPNNTGLVKGQMKSEQGKTDGMPDEFIHKLNCIQVHRSVPKRTTINGDMVKEWKA,0.96117777,0.96117777,1,1962,100
NAQRSYDANQKIPNNTGLVKGMMKSEQGKTDGMPDEFIHKLNCIQVNRSVPKRTTINGDMVKEWKA,0.96109354,0.96109354,1,1962,100
NAQRSYDANQKIPNNTGLGPGQMKSEQGKTDGMPDEFIHKLNCMQVNRSVFKTRTINGDMVKEWKA,0.96108264,0.96108264,1,1962,100
NAQTSYDANQKIPNNTRLVKGVMKSEQGKDNGSPDDMDHKLIGMQVNRDSSKRTTINGDMVKGWKK,0.96102065,0.96102065,1,1962,100
NAQRSYDANNKIPNNTHLVKELMKSEQGKTDSMPDEFIHKLIGMQVNRSVSKTTTINFDMVKGWKA,0.9610136,0.9610136,1,1962,100
NAQRSYDANNKIPNNTMLVKEQMKSEQGKTDSMPDEFIHKLIGMQVNRNVSKTTTINFDMVKGWKA,0.9608358,0.9608358,1,1962,100
NAQRSYDANNKIPNNTMIVKELMKSEQGKTDSMPDEFIHKLIPMQVNRSVSKTTTINFDMVNGWKA,0.96067154,0.96067154,1,1962,100
NAQTSYDANQKIPNNTRLVKGQMKSEQGKTDGSDDEFDHKLIGMQVNRSVSKTKTINGDMVKGWKK,0.9606326,0.9606326,1,1962,100
NAQTSYDANEKIPVNTRLVKGVMKSEQGKDNGSPDDFDHKLIGMQVNRDVSKRPTINGDMVKGWKK,0.96017706,0.96017706,1,1962,100
NAQRRYDANQKIPNNTGLVPGQMKSEQGKTDGMPDEFIHKLNCMQVQRSVPKTTTINGDMVKEWKA,0.96009815,0.96009815,1,1962,100
YAQTSYDANQKIPNNTRLVKGQMKSEQGKENGSPDEFDHKLIGMQVNRDVSKRTTINGDMVKGWKK,0.96003693,0.96003693,1,1962,100
NAQRSYDANNKIPNNTMLVKEQMKSEQGKTDGMPDEFIQKLIGMQVNRSVSKTTTINGDMVKGWKA,0.95993656,0.95993656,1,1962,100
NAQRSYDANNKIPNNTMIVKELMKSEQGKTDSMPDEFIHKLIGMQVNRQVSKTTTINFDMVNGWKA,0.9599052,0.9599052,1,1962,100
NAQTSYDANQKIPNNTRLVKGQMKSEQGKTNGSPDEFDHKLIGMQVNRSVSKRTTINGDMVKGWKK,0.9598469,0.9598469,1,1962,100
NAQRSYDANNHVPNNTMLVKEQMKSEDGKTDSMPDEFIHKLIGMQVNRSVSKTTTINFDMVKGWKA,0.9598313,0.9598313,1,1962,100
NRQRSMDANQKIPNNTKLVQGQMTSKQGKTDGMWDEFIHKLICMQMNRSVPKTSHINGDMWKNYKA,0.95968497,0.95968497,1,1962,100
NRQRSMDANQKQPNNTKLVKGQATSKQGKTDGMWDEFIHKLIRMQMNRSVPKTSHINGDMWKNYKA,0.95961833,0.95961833,1,1962,100
NAQRSYDANQKIPNNTGLVKGQMKSEGGKTDGMPDEFIHKLNSMHVNRSVPKTTTINGDMVKEWKA,0.959616,0.959616,1,1962,100
NAQRSYDANNKIPNNTMLVKEQMKKEQGKTDSMPDEFIHKLIGMQVNRSVSKTTTISFDMVKGWKA,0.9593749,0.9593749,1,1962,100
EAQRSYDANNKIPNNTGLVKGQWKSEQGKDDGMNDEFIHKLIGMQCNRSVSKTTTINGDMVKGWKA,0.9592678,0.9592678,1,1962,100
NAQRSYDANQKIPNNTPLVKGIMKEEQGKTDGMPDEFIHKLICMQVNRSVPKTTTINGDMVKEWKA,0.959212,0.959212,1,1962,100
NAQRSYDANNKIPNNTMIVKELMKSEQGKTDSMPDEFIHKLIGMQVNRSVSKTTTINFDMVNGWKA,0.9590671,0.9590671,1,1962,100
NRQRSMDANQKIPNNTKLVKGQMTSKQGKTDGMWDEFIHKLICMQMNRSVPKTSHINGDMWKNYKA,0.95898,0.95898,1,1962,100
NAQRRYDANQKIPNNTGLVPGQMKSEQGKTDGMPDEFIHKLNCMQVNRSVPKTTTINGDMVKEWKA,0.9587604,0.9587604,1,1962,100
NAQRSYDANNKIPNNTMLVKEQMKSEQGKTDGMPDEFIHQLIGMQVNRSVSKTTTINGDMVKGWKA,0.9585894,0.9585894,1,1962,100
NAQRRYDANQKIPNNTGLVPGQMKSEQGRTDGMPDEFIHKLNCMQVQRSVPKTTTINGDMVKEWKA,0.95837474,0.95837474,1,1962,100
NAQTSKDANQKIPNNTRLVKGVMKPEQGKDNTSPDDFDHKLIGMQVNRDVSKRTTINGDMVKGWKK,0.9583305,0.9583305,1,1962,100
NAQRSYNANQKIPNNTGLVKGQMKSEQGKTDGSPDEFMHKLIGMQVNRSVSDTTTINGDMVKGWKA,0.95824754,0.95824754,1,1962,100
EAQRSYDANNKIPNNTGLVKGQMKSEQGKDDGANDEFIHKLFGMACNRSVSDTTTINGDMVKAWKA,0.95821345,0.95821345,1,1962,100
NAQTSYDANQKIPNNTRLVKGVMKPEQGKDNTSPCDFDHKLIGMQVNRDVSKRTTINGDMVKGWKK,0.9580574,0.9580574,1,1962,100
NAQKSYDANNKIPNNTMLVKEQMKSEQGKTDGMPDEFIHKLIGMQVNRSVSKTTTINGDMVKGWKA,0.9580519,0.9580519,1,1962,100
NAQRSYDANNKIPNNTMLVKEQMKSEQGKTDSMPDEFIHKLIGMQVNRSVSKTTTINFDMVKGWKA,0.9575347,0.9575347,1,1962,100
NAQRSYDANQKIPNNTGLVKGQMKSEQGKTDGMPDEFIHKLNCMQVNRSVPKTTTINGDMVKEWKA,0.9574017,0.9574017,1,1962,100
NAQTSYDANQKIPNNTRLVKGQMKSEQGKTDGSDDEFDHKLIGMQVNRSVSKTTTINGDMVKGWKK,0.95731014,0.95731014,1,1962,100
NAQRSYDANQKQPNNTGLGPGQMKSEQGKTDGMPDEFIHKLNCMQVNRSVPKTRTINKDMVKEWKA,0.95717204,0.95717204,1,1962,100
NAQRSYDANNKIPNNTHLVKELMKSEQGKTDSMPDEFIHKLIMMQVNRSVSKTTTINFDMVKGWKA,0.95714825,0.95714825,1,1962,100
NRQRSMDANQKIPNNTKLVQGQMTSKQGKTDGMTDEFIHKLICMQMNRSVPKTSHINGDMWKNYKA,0.9570366,0.9570366,1,1962,100
NRQRSMDANQKIPNNTKLVKGQMTSKQGKTDGMWDEFIHKLICMQMNRSVPKTSQINGDPWKNYKA,0.9570204,0.9570204,1,1962,100
NAQRSYDANNKIPNNTMLVKEQMKSEQGKTDGMPDEFIQKLIGMQVNRSVSKTTTINGDMVKGWSA,0.9569471,0.9569471,1,1962,100
NAQRSYDANNKIPNNTMLVKEQMKSEQGKTDSMPDEFIHKLIGCQVNRSVSKTTTINFDMVKGWKA,0.9566962,0.9566962,1,1962,100
NAQRSYDANNKIPNNTMLVKEQMKSEQGKTDGMPDEFIHKLIGMQVNRSVSKTTTINGDMVKGWKA,0.95669043,0.95669043,1,1962,100
NRQRSMDANQKIHNNTKLVQGQMTSKQGKTDGMWDEFIHKLICMQMNRSVPKTSHINGDMWKNYKA,0.95668215,0.95668215,1,1962,100
NAQRSYDVNNKIPNNTMLVKEQMKSEQGKTDSMPDEFIHKLNGCQVNRSVSKTTTINFDMVKGWKA,0.9566481,0.9566481,1,1962,100
NAQRSYDANQKIPNNTPLVKGIMKSEQGKTDGMPDEFIHKLICMQVNRSVPKTTTINGDMVKEWKA,0.95639765,0.95639765,1,1962,100
NAQRSWDANQKIRTNTGLVPGWMNSEQSKTDGMPDEFVHKLICMQVQRSVHNNTHINWDMVKGYEA,0.95631164,0.95631164,1,1962,100
NRRRAMDANQKIPNNTKLVQGQMTSKQGKTDGMWDEFYLKLICMQMNRSVPKTSHINGDMWKNYKA,0.95621395,0.95621395,1,1962,100
NAQRSYDANNKIPNNTMLVKEQMKKEQGKTDSMPDEFIHKLIGGQVNRSVSKTTTISFDMVKGWKA,0.95609146,0.95609987,1,1962,100
EQQTKYDAHQDTNDNARLEDPQIKREQPKNDDADDEDDKKIRDVDVNRSFKKTSPINKDMFKGWKK,0.99785525,0.99785525,2,3930,199
EQQTKYDAHQDINDNARLEDPQIKREQPKNDGADDEDDKKIRDVDVNRSFKKTSPINKDMFKGWKK,0.9977349,0.9977349,2,3930,199
NQQTKYDAHDDIEENQRLEQPQMKREQPKNDERDDEDDKKIQDIQVNRSYKKNKPINGDMVKGWKK,0.99760866,0.99760866,2,3930,199
EQQTKYDAHQDINDNARLEDPQIKREQPKNDGTDDEDDKKIRDVDVNRSFKKTSPINKDMFKGWKK,0.99758863,0.99758863,2,3930,199
NQQTKYDAKDDIEENQRLEQPQMKREQPKNDGRDDEDDKKIQDIQVNRSYKKNKPINGDMVKGWKK,0.99756014,0.99756014,2,3930,199
NQQQKYDYHQDIEDNARLEDPQIKRHQPKNDGTDDEDDKKIRDVEVNRSVKKTSPINGDMVKGWKK,0.9975049,0.9975049,2,3930,199
NNQQKYDYHQDIEDNARLEDPQIKRHQPKNDGTDDEDDKKIRDVEVNRSVKKTSPINGDMVKGWKK,0.99750346,0.99750346,2,3930,199
NQQQKYDYHQDIEDNARLEDPQIKREQPKNDGTDDEDDKKIRDVEVNRSVKKTSPINGDMVKGWKK,0.99749786,0.99749786,2,3930,199
NQQTSWDANQDIPKNTRMERQQMKNKQGKNDNRDPEYDDKLMQPQLNEEVSKTKDIDQDMVENWKD,0.9974617,0.9974617,2,3930,199
NQQTKYDAHQDINDNARLEDPQIKRKQPKNDGTDDEDDKKIRDVDVNRSFKKTSPINGDMFKGWKK,0.9973695,0.9973695,2,3930,199
NQQQKYDYHQDIEDNARLEDPQIKREQPKNDGTDDEDDKKIRDVEVNRSVKKTSPINGDHVKGWKK,0.99735534,0.99735534,2,3930,199
NQQQKYYYQQDIEDNARLEDPQIKREQPKNDGTDDEDDKKIRDVEVNRSVKKTSPINGDMVKGWKK,0.9973506,0.9973506,2,3930,199
NQQTKYDAHDDIEENQRLEQPQMKREQPKNDGRDDEDDKKIQDIQVNRSYKKNKPINGDMVKGWKK,0.99734503,0.99734503,2,3930,199
NQQQKYDYHQDIEDNARLEDPQIKREQPKNDGTEDEDDKKIRDVEVNRSVKKTSPINGDMVKGWKK,0.99734384,0.99734384,2,3930,199
NQQTKYDAHDDIEENQRLEQPQMKREQPKNDGRDDEDDKKIQDDQVNRSYKKNKPINGDMVKGWKK,0.99732083,0.99732083,2,3930,199
EQQTKYDAHQDINDNARLEDPQIKREQPKNDGTDDEDDKKIRQVDVNRSFKKTSPINKDMFKGWKK,0.9973035,0.9973035,2,3930,199
NQQTKYDYHQDIEDNARLEDPQIKREQPKNDGTDDEDDKKIRDVEVNRSVKKTSPINGDMVKGWKK,0.9972711,0.9972711,2,3930,199
NQQTKYDYHKDIEDNARLEDKQIKRENPKNDGTDDEDDKKIRDVQVNRSFKKTSPINGDMVKGWKK,0.99725527,0.99725527,2,3930,199
KQQTKHDAHQDINDRARLEDPQIKREQPKNDGTDDEDDKKIRDVDVNRSFKKTSPINKDMFKGWKK,0.9972186,0.9972186,2,3930,199
NQQTSWDWNQDIPNNTRMEKQQMKNKQGKNDRRDDEYDEKLMRPQVNEEVSKTKDIDQDMVENWKD,0.9972095,0.9972095,2,3930,199
NQQTSWDTNQDIPNQTRMEKQQMKNKQGKNDRRDDEYDDKLMRPQVNEEVSKTKDIDQDMVENWKD,0.99720144,0.99720144,2,3930,199
NQQTKYDAHDDIEENQRLEQPQMKREQPKNDGRDDEDDKKIQDIQVNRSVKKNKEINGDMVKGWKK,0.9972005,0.9972005,2,3930,199
NQQTSWDWNQDIPNNTRMEKQQMKNKQGKNDRRDDEYDDKLMRPQVNEEVSKTKDIDQDMVENWKD,0.99719316,0.99719316,2,3930,199
NQQTKYDYHKDIEDNARLEDKQIKREQPKNDGTDDEDDKKIRDVQVNRSFKKTSPINGDMVKGWKK,0.99717796,0.99717796,2,3930,199
NQQTSWDWNQDIPNQTRMEKQQMKNKQGKNDRRDDEYDDKLMRPQVNEEVSKTKDIDQDMVENWKD,0.997174,0.997174,2,3930,199
NQQTKYDAHQDINDNARLEDPQIKREQPKNDGTDDEDDKKIRDVDVNRSFKKTSPINKDMFKGWKK,0.9971576,0.9971576,2,3930,199
NQQTSWDANQDIPKNTRMERQQMKNKQGKNDNRDPEYDDKLMRPQVNEEVSKTKDIDQDMVENWKD,0.99715024,0.99715024,2,3930,199
EQQTKYDAHQDINDNARLEDMQIKREQPKNDGADDEDDKKIRDVDVNRSFKKTSPINKDMFKGWKK,0.99714077,0.99714077,2,3930,199
NQQTKYDAHQDIEENTRLEQPQMKREQPKNDGRDDEDDKKIQDVQVNRRVKKTKPINGDMVKGWKK,0.99714017,0.99714017,2,3930,199
NQQTKYDAHQDINDNNRLEDPQIKREQPKNDGTDDEDDKKIRDVDVNRSFKKTSPINGDMFKGWKK,0.99713093,0.99713093,2,3930,199
EQQTKYDAHQDTNDNARLEDPQIKREQPKNDGADDEDDKKIRDVDVNRSFKKTSPINKDMFKGWKK,0.9971046,0.9971046,2,3930,199
NQQTKYDYHQDIEDNARLEDPQIKREQPKNDGTDDEDDKKIRDVEVNRPVKKTSPINGDMVKGWKK,0.9970981,0.9970981,2,3930,199
NQQTKYDYHKDIEDNARLEDKQIKRENPKNDGTDDEDDKKIRDVQVNRSFKKNSPINGHMVKGWKK,0.99708956,0.99708956,2,3930,199
NQQTKYDYHQDIEDNARLEDPQIKREQPKNDGTDDEDDKKIRDVEVNRSVKKTSPINGDMVKGQKK,0.99708444,0.99708444,2,3930,199
NQQTKYDAHQDIEDNARLEDPQIKREQPKNDGTDDEDDKKIRDVDVNRSFKKTSPINGDMVKGWKK,0.99704355,0.99704355,2,3930,199
NQQTKYDAHDDIEENQRLEQPQMKREQPKNDQRDDEDTKKIQDIQVNRSVKKNKEINGDMVKGWKK,0.997038,0.997038,2,3930,199
NQPTSWDTNQDIPNQTRMEKQQMKNKQGKNDRRDDEYDDKLMRPQVNEEVSKTKDIDQDMVENWKD,0.997031,0.997031,2,3930,199
NQQTKYDAHDDIEENQRLEQPQMKREQPKNDGGDDEDDKKIQDIQVNRSVKKTKPINGDMVKGWKK,0.9970048,0.9970048,2,3930,199
NQQTSWDADDDIPNNTRMEKQQMKNKQGKNDNRDDEYDDKLMRPQVNEEVSKTKDIDQTMVENWKD,0.9969764,0.9969764,2,3930,199
NQQTSWDANQDIPKNTRMERQQMKNKQGKNDNRDPETHDKLMRPQVNEEVSKTKDIDQDMVENWKD,0.99696034,0.99696034,2,3930,199
NQQTSWDWNQDIPNNTRMEKQQMKNKQGKNDNRDDEYDDKLMRPQVNEEVSKTKDIDQDMVEEWKD,0.99695516,0.99695516,2,3930,199
NQQTKYDAHQDLEENTRLEQPQMKREQPKNDGRDDEDDKKIQDVQVNRRRKKTKPINGDMVKGWKK,0.99695146,0.99695146,2,3930,199
NQQTKYDAHDDIEENQRLEQPQMKREQPKNDGRDDEDDKKIQDIQVNRSVKKNKPINGDMVKGWKK,0.99693775,0.99693775,2,3930,199
NQQTSWDANQDIPKNTNMERQQMKNKQGKNDNRDPETHDKLMRPQVNEEVSKTKDIDQDMVENWKD,0.9969292,0.9969292,2,3930,199
NQQTKYDAHDDIEENQRLEQPQMKREQPKNDGRDDEDDKKIQDDQVNRSYEKNKPINGDMVKGWKK,0.99692196,0.99692196,2,3930,199
NQQTSWDADDDIPNNTRMEKQSMKNKQGKNDNRDDEYDDKLMRPQVNEEVSKTKDIDQTMVENWKD,0.99689615,0.99689615,2,3930,199
NQQTKYDYHKDIEDNARLEDPQIKREQPKNDGTDDEDDKKIRDVQVNRSFKKTSPINGDMVKGWKK,0.996881,0.996881,2,3930,199
NQQTKYDAHDDIEENARLEQPQMKREQPKNDGGDDEDDKKIQDIQVNRSVKKTKPINGDMVKGWKK,0.99686843,0.99686843,2,3930,199
DQQTSWDANQDIPNNQRMEKQQMKNKQGKNDNRDDEYDTKLMRPQVNEGVSKTKDIDQDMVENWKD,0.996837,0.996837,2,3930,199
NQQTKYDAHQDINDNARLEDPQIKREQPKNDGTDDEDDKKIRDVDVNRSFKKTSPINGDMFKGWKK,0.9968359,0.9968359,2,3930,199
NQQQKYYYHQDIEDNARLEDPQIKREQPKNDGTDDEDDKKIRDVEVNRSVKKTSPINGDMVKGWKK,0.9968335,0.9968335,2,3930,199
NQQTSWDANQDIPNNTRMEKDQMKNKQGKNDNRDDEYDDKLMRPQVNEEVSKTKDIDQDMVENWKD,0.9968182,0.9968182,2,3930,199
NQQTKYDAHQDINDNARLEDPQIKRKQPKNDGTDDEDDKKARDVDVNRSFKKTSPINGDMFKGWKK,0.9968156,0.9968156,2,3930,199
NQQTKYDAHQDIEDNHHLEDPQIKREQPKNDGTDDEDDKKIRDVDVNRSFKKTSPINGDMVKGWKK,0.9968125,0.9968125,2,3930,199
NQQTSWDWNQDIPNNTRMEKQQMKNKQGKNDNRDDEYDDKLMRPQVNEEVSKTKDIDQDMVENWKD,0.9968104,0.9968104,2,3930,199
NQQTSWDANQDIPKNTRMERQQSKNKQGKNDNRDPEYDDKLMPPQLNEEVSKTKDIDQDMVENWKD,0.996784,0.996784,2,3930,199
NQQTKYDYHKDIEDNARLEDHQIKREQPKNDGTDDEDDKKIRDVQVNRSFKKTSPINGDMVKGWKK,0.9967632,0.9967632,2,3930,199
NQQTSWDANQDIPNNTRMEKQQMKNKQGKNDNRDDEYDDKLMRPQVNEEVSKTKDIDQDMVENWKD,0.9967444,0.9967444,2,3930,199
NQQTKYDAHQDIEENTRLEQPQMKREQPKNDGRDDEDDKKIQDFQVNRRRKKTKPINGDMVKGWKK,0.99673164,0.99673164,2,3930,199
NQQTKYDYHKDIEDNARLEDKQIKREQPKNDGTDDEDDKKIRDVHVNRSFKKTSPINGDMVKGWKK,0.99672526,0.99672526,2,3930,199
DQQTSWDANQDIPNNQRMEKQQMKNKQGKNDNRDDEYDTKLMRPQVNEEVSKTKDIDQDMVENWKD,0.99672467,0.99672467,2,3930,199
NEQTKYDAHQDIAENTRLEQPQMKREQPKNDGSDDEDDKKIQDVQVNRSVKKTKPINGDLVKGWKK,0.99672467,0.99672467,2,3930,199
NQQTKYDYHQDIEDNARLEDPQIKREQPKNDGTDDEDDKKIRDVEVNRSVKKTSPFNGDMVKGWKK,0.996716,0.996716,2,3930,199
NQQTSWDWNQDIPNNTRMEKQQNKNKQGKNDRRDREYDDKLMRPQVNEEVSKTKDIDQDMVENWKD,0.99671197,0.99671197,2,3930,199
NQQTKYDAHDDIEENQRLEQPQMKREQPKNDGGDDEDDKKIQDIQVNRSVKKTKPINGDMVKFWKK,0.99670815,0.99670815,2,3930,199
NQQTSWDWNQDIPNQTRMEKQQMKNKQGKNDRRDDEYDDKLMRPQVNEEVSKTKDIDQDMVENWSD,0.99670404,0.99670404,2,3930,199
NQQTSWDANQDIPKNTRMEKQQMKNKQGKNDNRDDEYDTKLMSPQVNEEVSKTKDIDQDMVESWKD,0.99670094,0.99670094,2,3930,199
NQQTKYDAHQDIEENTRLEQPQMKREQPKNDGRDDEDDKKIQDVQVNRRRKKTKPINGDMVKGWKK,0.9967,0.9967,2,3930,199
NQQTKYDYHQDIEDNARLEDPQIKREQPKNDGTDDEDDKKIRDVEVNRSVKKTSPINLDMVKGWKK,0.9966995,0.9966995,2,3930,199
NQQTKYDYHKDIEDNARLEDPQIKREQPNNDGTDDEDDQKIRDVQVNRSFKKTSPINGDMVKGWKK,0.9966859,0.9966859,2,3930,199
NQQTKYDYHQDIEDNARLEDPQIKREQPKNDGTDDEDDKKIRDVQVNRSVKKTSPINGDMVKGWKK,0.99667597,0.99667597,2,3930,199
NQQTSWDWNQDIPNNTRMEKQQMKNKQGKNDNRDDEYDDKLMRPQVSEEVSKTKDIDQDMVENWKD,0.9966725,0.9966725,2,3930,199
NQQTKYDYHQDIEQNARLEDPQIKREQPKNDGTDDEDDKKIRDVEVNRSVKKTSPINGDMVKGWKK,0.9966522,0.9966522,2,3930,199
NQQTKYDYHQDIEDNMRLEDPQIKREQPKNDGTDDEDDKKIRDVEVNRSVKKTSPFNGDMVKGWKK,0.99664515,0.99664515,2,3930,199
NQQTKWDAHQDIEENTRLEQPQMKREQPKNDGRDDEDDKKIQDVQVNRRVKKTKPINGDMVKGWKK,0.99660575,0.99660575,2,3930,199
NQQTKYDAHQDIEDNAHLEDPQIKREQPKNDGTDDEDDKKIRDVDVNRSFKKTSPINGDMVKGWKK,0.99659973,0.99659973,2,3930,199
NQQTKYDYHQDIEDNARLEDPQIKREQPKNDGTDDEDDKKIRNVEVNRGVKKTSPINGDMVKGWKK,0.99658257,0.99658257,2,3930,199
NQQTKYDAHDDIEENQRLEQPQMKREQPKNDGRDDEDDKKIQDVQVNRSVKKTKPINGDMVKGWKK,0.99658245,0.99658245,2,3930,199
NQQTKYDAQQHINDNNRLEDPQIKREQPKNDGTDDEDDKKIRDVDVNRSFKKTSPINGDMFKGWKK,0.9965597,0.9965597,2,3930,199
NQQTKYDAHQDIAENPRLEQPQMKREQPKNDGRDDEDDKKIQDVQVNRSVKKTKPINGDMVENWKK,0.99655616,0.99655616,2,3930,199
NQQTKYDAHDDIEENQRLEQPQMKREQPKNDGRDDEDDKKIQDIQVNRSVKKTKPINGDMVKGWKK,0.99654704,0.99654704,2,3930,199
NQQTKYDAHDDIEENQRLEQPQMKREQPKSDGGDDEDDKKIQDIQVNRSVKKTKPINGDMVKGWKK,0.9965044,0.9965044,2,3930,199
NQQTKYDAHQDIAENPRLEQPQMKREQGKNDGRDDEDDKKIQDVQVNRSVKKTKPINGDMVENWKK,0.99648476,0.99648476,2,3930,199
NQETSWDANQDIPKNTRMERQQMKNKQGKNDNRDPEYDDKLMRPQVNEEVSKTKDIDQDMVEHWKD,0.9964658,0.9964658,2,3930,199
NQQTKYDAHDDIEENQRLEQPQMKREQPKNDGRDDEDDKKIQDNQVNRSVKKTKPINGDMVKGWKK,0.9964551,0.9964551,2,3930,199
TQQQKYDYHQDIEDNARLEDPQIKREQPKNDPTEDEDDKKIRDVEVNRSVKKTSPINGDMVKGWKK,0.996447,0.996447,2,3930,199
NQQTRYDAHQDIGENTRLEQPQMKREQPKNDGRDDEDDKKIQDVQVNRSVKKTKPINGDMVEGWKK,0.99641514,0.99641514,2,3930,199
NQQTKYDAHQDIEDNARLEDPQIKREQPKNDGTDDEDDKKIRDVQVNRSVKKTSPINGDMVKGWKK,0.99641246,0.99641246,2,3930,199
NQQPHWDANQDIPNNTDMEKQQMKNKQGKNDNRDDEYDTKLMRPQVNEAVSKTKDIDGDMVEEWKD,0.996409,0.996409,2,3930,199
NQTTKYDAHQDIEDNARLEDPQIKREQPKNDGTDDEDDKKIRDVDVNRSFKKTSPINGDMVKGWKK,0.9964001,0.9964001,2,3930,199
NQQTSWDANQDIPKNTRMERQQMKNKQGKNDNRDPEYDDKLMRWQVNEEVSKTKDIDQDMVENWKD,0.99639755,0.99639755,2,3930,199
NQQTSWDANQDIPNNTRMEKQQMKNKQGKNDNRDDEYDTKLMRPQVNEEVSKTKDIDQDMVENWKD,0.99639744,0.99639744,2,3930,199
NQQTSWDANQDIPNNQRMEKQQMKNKQGKNDNRDDEYDTKLMRPQVNEEVSKTKDIDQDMVENWKD,0.9963894,0.9963894,2,3930,199
NQQTKYDAHDDIEENQRLEQPQMKREQPKNDGRRDEDDKKIQDAQVNRSVKKNKEINGDMVKGWKK,0.9963831,0.9963831,2,3930,199
NQQTKYDAHQDIAENTRLEQPQMKREQPKNDGSDDEDDKKIQDVQVNRSVKKTKPINGDLVKGWKK,0.99637306,0.99637306,2,3930,199
NQQTKYDAHQDINDNARLEDPQIKREQPKNDGTDDEDDVKIRDVDVNRSFKKTSPINKDMFKGWKK,0.9963559,0.9963559,2,3930,199
NQPTSWDTNQDIPNQTRMEKQQMKNKQGKNDRRDDEYDDKLMRPQVMEEVSKTKDIDQDYVENWKD,0.99634796,0.99634796,2,3930,199
KQQTKYDAHQDINDNARLEDPQIKREQPKNDGTDDEHDKKIRDVDMNRSFKKTSPINKDMFKGWKK,0.9963405,0.9963405,2,3930,199
NQQQKYDYHQDNEDNARLEDPQIKRHQPKNDGTDDEDDKKIRDVEVNRSVKKTSPINGDMVKGWKK,0.99633753,0.99633753,2,3930,199
EQQDKRTDHQDWEDEARLEDEQHKREQQKNDDPDDEDDKKLRDVDVERPWKKSSPINKDHAKKWKK,0.99972254,0.99972254,3,5897,298
EQQDKRTDHQDWEDNARLEDEQHKREQQKNDDPDDEDDKKIRDVDFERPWKKSSPINKDHAKKWKK,0.9997118,0.9997118,3,5897,298
EQQDKRTDHQDWEDEARLEDEQNKREQQKNDDPDDEDDKKLRDVDVERPWKKSSPINKDHAKKWKK,0.999701,0.999701,3,5897,298
EQQDKRTDHQDWEDNARLEDPQHKREQDKNDDPDDEDDKKIQDYDCERPWKKSQPIDKDHAKKWKK,0.9996991,0.9996991,3,5897,298
EQQDKRTDHQDWEDEARLEDEQHKREQQKNDDPDDEDDKKIRDVDVERPWKKSSPINKDHAKKWKK,0.99969506,0.99969506,3,5897,298
EQQDKRTDHQDWEDNARLEEPQHKRKQPKNDDPDDEDDKKIRDVDVERPWKKSQDINKKHAKKWKK,0.9996923,0.9996923,3,5897,298
EQQDKRTDHQDWQDNARLEDEQHKREQQKNDDPDDEDDKKIRDKDVERPWKKSSPINKDHAKKWKK,0.9996867,0.9996867,3,5897,298
EQQDKRTDHQDWEDEARLEDEQHKREQQKNDDPDDEDDKKIRDVDVERPTKKSSPINKDHAKKWKK,0.9996835,0.9996835,3,5897,298
EQQDKRTDHQDWEDEARLEDEQHKREQQKNDDPDDEDDKKIRDVDVERPWKKSSPINKRHAKKWKK,0.99968207,0.99968207,3,5897,298
EQQDKRTDHQDWEDNARLEDPQHKREQQKNDDPDDEDDKKIRDVDVERPWKKSQDINKDHAKKWKK,0.9996792,0.9996792,3,5897,298
EQQDKRTDHQDWEDNARLEDPQHKREQDKNDDPDDEDDKKIQDYDVERPWKKSQPANKDHAKKWKK,0.9996773,0.9996773,3,5897,298
EQQDKRTDHQDWEDNARLEDPQHKRKQQKNDDPDDEDDKKIRDVDVERPWKKSQDINKDHAKKWKK,0.9996753,0.9996753,3,5897,298
EQQDKRTDHQDWEDNARLEDEQHKREQQKNDDPDDEDDKKIRDVDVERPWKKSSPINKDHAKKWKK,0.9996747,0.9996747,3,5897,298
EQQDKRTDHQDWEDNGRLDDPQHKREQQKNDDPDDEDDKKIRDVDVERPWKKPSPINKDHFKKWKK,0.9996711,0.9996711,3,5897,298
EQQDKRTDHQDWQDNARLEDEQHKREQQKNDDPDDEDDKKIRDVDVERPWKKSSPINKDHAKKWKK,0.9996685,0.9996685,3,5897,298
EQQDKRTDHQDWEDNARLEDPQHKREQDKNDDPDDEDDKKIQDYDVERPWKKSQPIDKDHAKKWKK,0.9996643,0.9996643,3,5897,298
EQKTKYDWHQDKEENTRLEDPQHKRKQQKNDDYDDKDDKDIRDWDYEQSWKKTQPHNKDHFKNWKK,0.99966204,0.99966204,3,5897,298
EQQDKRTDHQDWEDNARLEDPQHKREQDKNDDPDDEDDKKIQDYDVERPWKKSQPINKDHAKKWKK,0.9996619,0.9996619,3,5897,298
EQKTKYDWHQDKEDNTRLEDPQHKRKQQKNDDYDDKDDKDIRDWDYEQSWKKTQPHNKDHFKNWKK,0.9996598,0.9996598,3,5897,298
EQQDKRTDHQDWEDNARLEDPQHKREQDKNDDPDDEDDKKIGDYDCERPWKKSQPIDKDHAKKWKK,0.9996563,0.9996563,3,5897,298
EQQDKRTDHQDWEDNARLDDEQHKREQQKNDDPDDEDDKKIRDVDVEREWKKPSPINKDHAKKWKK,0.99965584,0.99965584,3,5897,298
EQQDKRTDHQDWEDNQRLDDSQHKREQQKNDDPDDEDDKKIRDVDVERPWKKPSPINKDHAKKWKK,0.99965286,0.99965286,3,5897,298
EQQDKRTDHQDWEDNAREEDPQHKREQQKNDDPDDEDDKKIRDVEVERPWKKSQDINKDHAKKWKK,0.9996443,0.9996443,3,5897,298
EQQDKRTDHQDWEDNARLEDPQHKREQQKNDDPDDEDDKKIQDYDVERPWKKSQPANKDHAKKWKK,0.99964094,0.99964094,3,5897,298
EQQDKRTDHQDWEDNGRLDDPQHKREQQKNDDPDDEDDKKIRDVDVERPWKKPSPINKDHAKKWKK,0.9996407,0.9996407,3,5897,298
EQKTKYDEHQDKEDNTDLEDPQHKRKQQKNDDYDDKDDKDIRDWDYEQSLKKTQPHNKDHFKNWKK,0.9996375,0.9996375,3,5897,298
EQQDKRTDHQDWEDNYRLEDPQHKREQQKNDDPDDEDDKPPRDVDVERPWKKESPINKDMAKKWKK,0.99963725,0.99963725,3,5897,298
EQQDKRTDHQDWEDEARLEDPQHKREQQKNDDPDDEDDKKIRDVDVERPWKKPSPINKDHAKKWKK,0.9996369,0.9996369,3,5897,298
EQQDKRTDHQDWEDNYRLEDPQHKREQQKNDDPDDEDDKPPRDVDVERPWRKESPINKDMAKKWKK,0.99963367,0.99963367,3,5897,298
EQQDKRTDHQDWEDEARLEDNQHKREQQKNDDPDDEDDKKIRDVDVERPWKKSSPINKRHAKKWDK,0.9996319,0.9996319,3,5897,298
EQQDKRTDHQDWEDNARLEDPQHKREQQKNDDPDDEDDKKKRDVDVERPWKKSQDINKDHAKKWKK,0.9996284,0.9996284,3,5897,298
EQQDKRTDHQDWEDNARLEDPQHKREQQKNDDEDDEDTKKIRDVDVERPWKKSNDINKDHAKKWKK,0.9996247,0.9996247,3,5897,298
EQKTKYDAHQDKEDNTRLEDPQHKRKQRKNDDYDDKDDKDIRDWDYEQSWKKTQPHNKDHFKNWKK,0.9996209,0.9996209,3,5897,298
EQQDKRTDHQDWEDNARLEDPQHKREQQKNDDPDDEDDKKIQDYDVERPWKKSQPINKDHAKKWKK,0.9996209,0.9996209,3,5897,298
EQQDKRTDHQDWEDNARLDDPQHKREQQKNDDPDDEDDKKIRDVDVERPWKKPSPINKDHAKKWKK,0.99961686,0.99961686,3,5897,298
EQQGKRTDHQDWEDEARLEDEQHKREQQKNDDPDDEDDKKLRDVDVERPWKKSSPINKDHAKKWKK,0.99961686,0.99961686,3,5897,298
EQQDKRTDHQDWEDNARLEDPQHKREPDKNDDPDDEDDKKIQDYDVERPWKKSQPIDNDHAKKWKK,0.99961406,0.99961406,3,5897,298
EQQDKRTDHQDWEDNARLEDPQHKREQQKNDDPDDEDDKKIRDVDVERPWKKPSPINKDHAKKWKK,0.99961275,0.99961275,3,5897,298
EQQDKRTDHQDWEDNARMEDPQHKREQDKNDDPDDEDDKKAQDYDVERPWKKSQPINKDHAKKWKK,0.9996124,0.9996124,3,5897,298
EQQDKRTDHQDWEDNAREEDPQHKREQQKNDDPDDEDDKKIRDVEVERPWHKSQDINKDHAKKWKK,0.9996106,0.9996106,3,5897,298
EQQDKRTDHQDWEDNARLDDSQHKREQQKNDDPDDEDDKKIRDVDVERPWKKPSPINKDHAKKWKK,0.99960846,0.99960846,3,5897,298
EQQDKRTDHQDWEDNARLEDPQHKREQQKNDDPDDEDDKKIRDVDVERPWKKSSPINKDHAKKWKK,0.999607,0.999607,3,5897,298
EQQHKRTDHQDWEDNARLEDPQHKRKQQKNDDPDDEDDKKIRDVDVERPWKKSQDINKDHAKKWKK,0.9996055,0.9996055,3,5897,298
EQQDKRTDHQDWEDNARLEDPQHKRKQQKNDDPDDEDDKKIRDVDVERPWKKSQDINKDHAKKEKK,0.999605,0.999605,3,5897,298
EQQDKRTDHQDWEDEARLEDEQHKREQQKNDDPDDEQDKKIRDVDVERPWKKSSPINKDHAKKWKK,0.9996031,0.9996031,3,5897,298
EQQDKRTDHQDWEDNERLEDPQHKREQQKNDDPDDEDDKPPRDVDVERPWKKTSPINKDMAKKWKK,0.9996008,0.9996008,3,5897,298
EQQDKRTDHQDWEDNARLEDPQHKRKQQKNDDPDDEDDKKIRDVDVERDWKKSQDINKDHAKKEKK,0.9996008,0.9996008,3,5897,298
EQQDKRTDHQDWEDNAREEDPQHKREQQKNDDPDDEDDKPIRDVEVERPWHKSQDINKDHAKKWKK,0.9995944,0.9995944,3,5897,298
EQQDKRTDHQDWEDTARLEDEQHKREQQKNDDPDDEDDKKIRDVDVERPTKKSSPINKDHAKKWKK,0.9995919,0.9995919,3,5897,298
EQQDKRTDHQDWEDNARLEDEQHKREQQKNDDPDDEDDKHIRDVDFERPWKKYSPINKDHAKKWKK,0.9995912,0.9995912,3,5897,298
EQQDKRTDHQDWEDNARLEDPQHKREQQKNDDEDDEDTKTIRDVDVERPWKKSNDINKDHAKKWKK,0.99958974,0.99958974,3,5897,298
EQKTKYDAHQDKEDNTRLEDPQHKRKQQKNDDYDDKDDKDIRDWDYEQSWKKTQPHNKDHFKNWKK,0.999584,0.999584,3,5897,298
EQQDKRTDHQDWEDNARLEDPQHKREQQKNDDEDDEDDKKIRDVDVERPWKKSIDINKDHAKKWKK,0.9995827,0.9995827,3,5897,298
EQKTKYDAHQDKEDNTRGEDPQHKRKQQKNDDYDDKDDKDIRDWDYEQSWKKTQPHNKDHFKNWKK,0.9995814,0.9995814,3,5897,298
EQQDKRTDHQDWEDNYRLEDPQHKREQQKNDDPDDEDDKPPRDVDVERPWKKESSINKDMAKKWKK,0.9995796,0.9995796,3,5897,298
EQQDKRTDHQDWEDNARLEDPQHKQKQQKNDDPDDEDDKKIRDVDLERPWKKSQDINKDHAKKWKK,0.9995789,0.9995789,3,5897,298
EQKTKYDAHQDKEDNTRLEDPQHKRKQQKNDDYDDRDDKDCRDWDYEQSWKKTQPHNKDHFKNWKK,0.99957806,0.99957806,3,5897,298
EQKTKYDEHQDKEDNTDLEDPQHKRKQQKNDDYDDKDDKDIRDWDYQQSLKKTQPHNKDHFKNWKK,0.99957794,0.99957794,3,5897,298
EQQDKRTDHQDWEDNARLEDPQHKREKQKNDGPDDEDDKKIRDVDVERPWKKSSPQNKDHAKKWKK,0.99957484,0.99957484,3,5897,298
EQQDKRTDHQDWEDNAREEDPQHKREQQKNNDPDDEDDKKIRDVEVERPWKKSQDINKDQAKKWKK,0.9995739,0.9995739,3,5897,298
EQQDKRTDHQDWEDNQRLDDSQHKREQQKNDDPDDSDDKKIRDVDVERPWKKPSPINKDHAKKWKK,0.9995726,0.9995726,3,5897,298
EQQDKRTDHQDDEDNARLEDPQHKRKQQKNDDPDDEDDKKIRDVDVERPWKKSQDINKDHAKKWKK,0.99956733,0.99956733,3,5897,298
EQQDKRTDHQDWEDEARLEDPQHKREQQKNDDPDDEDDKKIRDVDVERPWKKPSPINKDHAKKNKK,0.99956626,0.99956626,3,5897,298
EQQDKRTDHQDWEDNYRLEDPQHKREQQKNDDPDDEDDKPPRDVDVERPWKKTSPINKDMAKKWKK,0.99956566,0.99956566,3,5897,298
EIQDKRTDHQDWEDNGRLDDPQHKREQQKNDDPDDEDDKKIRDQDVERPGKKPSPINKDHFKKWKK,0.99956256,0.99956256,3,5897,298
EQQDKRTDHQDWETNEKLEDPHHKREQQKNDDPDDEDDKPPRDVDVERPWKKTSPINKNMAKKWKK,0.99956185,0.99956185,3,5897,298
EQQDKRTDHQDWEDNGTLDDPQHKREQQKNDDPDDEDDKKIRDVDVERPWKKPSPINKDHAKKWKK,0.99956113,0.99956113,3,5897,298
EQQDKRPDHQDWEDNYRLEDPTHKREQQWNDDPDDEDDPPPRDVDVERPWRKESPPNKDMAKKWKK,0.9995566,0.9995566,3,5897,298
EPQDKRTDHQDWEDNARLEDPQHKREQQKNDDPDDEDDKKIQDYDVERPWKKSQPINKDHAKKWKK,0.9995554,0.9995554,3,5897,298
EQQDKRTDHQDWEDNERLEDPQHKREQQKNDDPDDEDDKPPRNVDVERPWKKTSPINKDMAKKWKK,0.9995522,0.9995522,3,5897,298
EQKTKYDWHQDKEDNTRLEDMQHKRKQQKNDDYDDKDDKDIRDWDYEQSWKKTQPHNKDHFKNWKK,0.9995521,0.9995521,3,5897,298
EQQDKRTCHQDWEDNARLEDEQHKREQQKNDDPDDEDDKKIRDVDVERPWKKSSPINKDHAKKWKK,0.99955004,0.99955004,3,5897,298
EQQDKRTDHQDWETNEKLEDPQHKREQQKNDDPDDEDDKPPRDVDVERPWKKTSPINKDMAKKWKK,0.99954885,0.99954885,3,5897,298
EQKGKYDAHQDKEDNTRLEDPQHKRKQQKNDDYDDKDDKDIRDWDYEQSWKKTQPHNKDHMKNWKK,0.99954754,0.99954754,3,5897,298
EQQDKRTDHQDWEDNASLEDPQHKREQQKNDDPDDEDDKKIRDVDVERPWKKSSPINKDHAKKWKK,0.99954575,0.99954575,3,5897,298
EQETKYDNHQEFEDNARIEDPQHKKENQKKDDADDEDDKKIRDVDVERRWKKTSNFEKDVMKRWKK,0.99954456,0.99954456,3,5897,298
EQQDKRTDHQDWEDEARLEDEQHKREQQKNDDPDDEDDKKIRDVDNERPWKKSSPINKIHAKKWKK,0.99954444,0.99954444,3,5897,298
EQKTKYDAHQDKEDNTRLEDPQHKRKQQKNDDYDDPDDKDIRDWDYEQSWKKTQPHNKDHFKNWKK,0.99954444,0.99954444,3,5897,298
EQQDKRTDHQDWEDNARLEDPQHKREQQKNDDEDDEDTKAIRDVDVERPWKKSNDINKDHAKKWKK,0.9995425,0.9995425,3,5897,298
EQQDKRTDHQDWQDNASLEDEFHKREQQKNDDPDDEDDKKIRDKDVERPWKKSSPINKDHAKKWKK,0.9995395,0.9995395,3,5897,298
EQQDKRADHQDWEDEARLEDEQHKREQQKNDDPDDEDDKKIRDVDVERPTKKSSPINKDHAKKWKK,0.99953914,0.99953914,3,5897,298
EQQDKRTDHQDWEDNARLYDPQHKRKQQKNDDPDDEDDKKIRDVDVERPWKKSQDINKDHAKKWKK,0.9995389,0.9995389,3,5897,298
EQQDKRTDHQDWEDNARLEDPQHKREQQKNDDPDDEDDKKIRDVDVERPWKHPSPINKDHAKKWKK,0.99953496,0.99953496,3,5897,298
EQQDKRTDHQDWEDNARLEDPQHKREKQKNDGPDDEDDKKIRDVDVERPWKKSSPINKDHAKKWKK,0.9995339,0.9995339,3,5897,298
EQQDKRTDHQDWEDNERLEDPQHKREQQKNDDPDDEDDKPIRDVDVERPWKKTSPINKDMAKKWKK,0.99953365,0.99953365,3,5897,298
EQQDKRTDHQDWEDNARLEDPQHKREQQKNDDEDDEDDKKIRQVDVERPWKKSIDINKDHAKKWKK,0.999532,0.999532,3,5897,298
EQQDKRTDHQDSEDEARLEDNQHKREQQKNDDPDDEDDKKIRDVDVERPWKKSSPINKRHAKKWDK,0.9995315,0.9995315,3,5897,298
EQQDKRTDHQDWEDNARLDDPQHKREQQKNDDPDDEDDKKIRDVDVERPVKKPSPINKDHAKKWKK,0.99953103,0.99953103,3,5897,298
KQKTKYDAHQDKEDNTRLEDPQHKRKQQKNDDYDDKDDKDIRDWDYEQSWKKTQPHNKDHFKNWKK,0.99952877,0.99952877,3,5897,298
EQQTKYDNHQEFEDNARIEDPQHKKENQKKDDADDEDDKKIRDVDVERRWKKTSNFEKDVMKRWKK,0.99952745,0.99952745,3,5897,298
EQQDKRTDHQDWEDNARHEDPQHKREQQKNDDEDDEDDKKIRDVDVERPWKKSIDINKDHAKKWKK,0.99952734,0.99952734,3,5897,298
EQYDKRTDHQDWEDNARLEDPQHKREQQKNDDPDDEDDKKIQDYDVERPWKKSQPANKDHAKKWKK,0.99952686,0.99952686,3,5897,298
EQQDKRTEHQDWEDNARLEDPQHKREQQKNDNPDDEDDKKIRDVDVERPWKKSSPINKDYAKKWKK,0.9995253,0.9995253,3,5897,298
EQQDKRTDHQDWEWNARLEDPQHKREQQKNDDEDDEDTKKIRDVDVERPWKKENDINKDHAKKWKK,0.9995214,0.9995214,3,5897,298
EQQTKYDNHQEFEDNARIEDPQHKKEQQKKDDADDEDDKKIRDVDVERRWKKTSNFEKDVMKRWKK,0.9995214,0.9995214,3,5897,298
EQKTKYDAHQDKEDNTRLEDPQHKRKQQKNDDNDDPDDKDIRDWDYEQSWKKTQPHNKDHFKNWKK,0.99952054,0.99952054,3,5897,298
EPQDKRTDHQDWEDNARLEDPQHKREQQKNDDPDDEDDKKIQDYDVEREWKKSQPINKDHAKKWKK,0.99951744,0.99951744,3,5897,298
EQQDKRTDHQDWEDNARLEDEQHKREQQKNDWPDDEDDKKHRDVDVERPWKKSSPINKDHAKKWKK,0.9995171,0.9995171,3,5897,298
EQQTKYDADQDFEDNQRIEDPQHKKEQQKNDDADDEDDKKIRDVDVERRWKKTSPMNKDRFKGWKK,0.99951625,0.99951625,3,5897,298
EQQDKRTDHQDWEDNARHEDDQHKRDQQKNDDEDDEDDSKPRDPDWEEDHKKKRDYNKQHAKKWKK,0.99997795,0.99997795,4,7863,397
EQQDKRTDHQDWEDNARHEDDQHKREQQKNDDEDDEDDSKPRDPDWEEDHKKKRDYNKQHAKKWKK,0.9999771,0.9999771,4,7863,397
EQQDKNHDHSDWEDRSRDDDWHEDRERQKPDDEDWEDDKEHRDYDTERPPKKSNDRNKDHRKKWKK,0.99997365,0.99997365,4,7863,397
EQQDKRTDHQDWEDNARHEDDQHKREQQKNDDEDDEDDSKPRDPDWEEDHKKKRDYNKQHAKKSKK,0.99997187,0.99997187,4,7863,397
EQQDKRTDHQDWEDNARHEDDQHKREQQKNDDEDDHDDSKPRDPDWEEDHKKKRDYNKQHAKKWKK,0.9999702,0.9999702,4,7863,397
EQQNKRTDHQDWEDNARHEDDQHKREQQKNDDEDDHDDSKPRDPDWEEDHKKKRDYNKQHAKKWKK,0.99996924,0.99996924,4,7863,397
EQRDKPKDHSDWEDRDRDNDWQEDREQQKEDDEQWQDDKKERDYDTERPPKKSNDRRKKHRKKWKK,0.99996805,0.99996805,4,7863,397
EQQDKPHDHSDWEDRSRDDDWHEDRERQKPDDEDWEDDKEHRDYDTERPPKKSNDRNKDHRKKWKK,0.9999664,0.9999664,4,7863,397
NQQDKNHDHSDWEDRSRDDDWHEDRERQKPDDEDWEDDKEHRDYDTERPPKKSNDRNKDHRKKWKK,0.9999659,0.9999659,4,7863,397
EQRDKRKDHSDWEDKSRHDDWQHDREQQKTDDEDDEDDEHLRDYDTERRPKDSNDRNKKHQKKWKK,0.99996555,0.99996555,4,7863,397
EQQDKRTDHQDWEDNARHEKDQHKREQQKNDDEDDGDDSKPRDPDWEEDHKKKRDYNKQHAKKSKK,0.99996364,0.99996364,4,7863,397
EKRDKRTDHQDNEDNARHEDHQHKRERQKNDDEDDEDDSKHRDPDWERHYKKKKDINKQHWKKWKK,0.9999628,0.9999628,4,7863,397
EKRDKRTDHQDNEDNARHEDHQHKREEQKNDDEDDEDDSKHRDPDWERDYKKKKDVNKQHWKKWKK,0.9999628,0.9999628,4,7863,397
EQRDKPKDHSDWEDRDRDNDWQEDREQQKTDDEDWQDDKKERDYDTERPPKKSNDRRKKHRKKWKK,0.9999627,0.9999627,4,7863,397
EQQDKPHDHSDWEDRSRDDDWQEDRERQKPDDEDWEDDKEHRDYDTERPPKKSNDRNKDHRKKWKK,0.99996054,0.99996054,4,7863,397
EQRDKRKDHSDWEDKSRHDDWQHDREQQKTDDEDDEDDEHLRDYDTERPPKKSNDRNKKHQKKWKK,0.99996054,0.99996054,4,7863,397
EQRDKRKDHSDWEDKSRHDDWQHDREQEKTDDEDDEDDEHLRDYDTEPPKKKSNDRNKKHQKKWKK,0.99995995,0.99995995,4,7863,397
EQQDKRTDHQDWEDNARHEDDQHKREQQKNDDEDDHDDSKPRDPDWEEDHKKKRDYNKQHAEKWKK,0.9999598,0.9999598,4,7863,397
EQRDKRKDHSDWEDKTRHDDWQHDREQEKTDDEDDEDDEHLRDYDTEPPKKKSNDRNKKHQKKWKK,0.9999597,0.9999597,4,7863,397
EQRDKPKDHSDWEDRSRDDDWQEDREQQKTDDEDWQDDKKERDYDTERPPKKSNDRNKKHRKKWKK,0.99995923,0.99995923,4,7863,397
EQRDKPKDHSDWEDRDRDNDWQEDREQQKTDDEDWQDDKKERDYDTERPPKKSNDRNKKHRKKWKK,0.9999591,0.9999591,4,7863,397
EQRDKREEHQDHEDNARHEKDQHKREQEKNDDEDDEEDSKIRDPDWERPHKKKRDINKQHAKKWKK,0.999959,0.999959,4,7863,397
EQRDKPKDHSDWEDRSRDDDWQEDREQQKTDDEDWQDDKKERDYDTERPPKKSNDRNKDHRKKWKK,0.99995744,0.99995744,4,7863,397
EQRDKREEHQDHEDNARHEKHQHKREQEKNDDEDDEEDSKLRDPDWERPHKKKRDINKQRAKKWKK,0.99995744,0.99995744,4,7863,397
EKRDKRTDHEDNEDNARHEDHQHKRERQKNDPEDDEDDSKHRDPDWERHYKKKKDINKQHWKKWKK,0.9999566,0.9999566,4,7863,397
EQRDKREEHQDHEDNARHEKHQHKREQEKNDDEDDEEDSKLRDPDWERPHKKKRDINKQHAKKWKK,0.9999566,0.9999566,4,7863,397
EKRDKRTDHQDNEDNARHEDHQHKREEQKNDDEDDEDDSKHRDPDWERDYKKKKDINKQHWKKWKK,0.99995637,0.99995637,4,7863,397
EQRDKRKDHSDWEDKSRHDDWQHDREQQKTDDEDDEDDEHLRDYDTEPPPKKSNDRNKKHQKKWKK,0.9999559,0.9999559,4,7863,397
EQRDKRKDHSDWERKSRHDDWQHDREQQKTDDEDDEDDEHLRDYDTEPPPKKSNDRNKKHQKKWKK,0.9999559,0.9999559,4,7863,397
EQRDKREEHQDWEDNARHEKHQHKREQEKNDDEDDEEDSKIRDPDWERPHKKKRDINKQHAKKWKK,0.99995553,0.99995553,4,7863,397
EQQDKPHDHSDWEDRSRDDDWQEDRERQKTDDEDWEDDKEHRDYDTERPPKKSNDRNKDHRKKWKK,0.9999553,0.9999553,4,7863,397
EQRDKPKDHSDWEDRSRDNDWQEDREQQKTDDEDWQDDKKERDYDTERPPKKSNDRNKKHRKKWKK,0.9999548,0.9999548,4,7863,397
EQQDKPHDHSDWEDRSRDDDWHEDRERQKPDDEDWEDDKEHRDYDTERWPKKSNDRNKDHRKKWKK,0.9999547,0.9999547,4,7863,397
EQRDKRKDHSDWEDKTRHGDWQHDREQEKTDDEDDEDDEHLRDYDREPPKKKSNDRNKKHQKKWKK,0.99995434,0.99995434,4,7863,397
EQQDKPHDHSDWDDRSRDDDWQEDRERQKTDDEDWEDDKEHRDYDTERPPKKSNDRNKDHRKKWKK,0.99995434,0.99995434,4,7863,397
EQQDKRTDHQDWEDNARHEDDQHKREQQKNDDEDDEDDSKPRDPDWEEDHKKKRDINKQHCKKWKK,0.9999542,0.9999542,4,7863,397
EQRDKRKEHQDWEDNARHEKHQHKREQEKNDDEDPEEDSKIRDPDWERPHKKKRDCNKQHAKKWKK,0.9999542,0.9999542,4,7863,397
EQQDKPHDHSDWEDRDRDDDWQEDREQQKTDDEDWEDDKEHRDYDTERPPKKSNDRNKDHRKKWKK,0.999954,0.999954,4,7863,397
EQRDKPKDHSDWEDRSRDDDWQEDREQQKTDDEDWQDDKKHRDYDTERPPKKSNDRNKDHRKKWKK,0.99995375,0.99995375,4,7863,397
EQRDKREEHQDHEDNARHEKHQHKREQEKNDDEDDEEDSKLRKPDWERPHKKKRDINKQRAKKWKK,0.9999534,0.9999534,4,7863,397
EQRDKREEHQDHEDNARHEKHQHKREQEKNDDEDEEEDSKLRDPDWERPHKKKRDINKQHAKKWKK,0.9999534,0.9999534,4,7863,397
EQRDKPKDHSDWEDRSRDDDWQEDRDQQKTDDEDWQDDKKHRDYDTERPPKKSNDRNKDHRKKWKK,0.99995315,0.99995315,4,7863,397
EQRDKRKDHSDWEDKSRHDDYQHDREQQKTDDEDDEDDEHLRDYDTERPPKDSNDRNKKHQKKWKK,0.9999529,0.9999529,4,7863,397
EQRDKRKEDQDWEDNARHEKHQHKREQEKNDDEDPEEDSKIRDADWERPHKKKRDCNKQHAKKWKK,0.9999528,0.9999528,4,7863,397
EQRDKRKEHQDWEDNARHEKHQHKREQEKNDDEDDEEDSKIRDPDWERPHKKKRDINKQHAKKWKK,0.9999527,0.9999527,4,7863,397
EQRDKRKDHSDWEDKSRHDDWQHDREQQKTDDEDDEDDEHLRDYDTERPPKDSNDRNKKHQKKWKK,0.99995244,0.99995244,4,7863,397
EQRDKRKDHSDWRDKSRHDDWQHDREQQKTDDEDDEDDEHLRDYDTERPPKDSNDRNKKHQKKWKK,0.9999522,0.9999522,4,7863,397
EQRDKRKDHSDWEDKSRHDDWQHDREQQKTDDEDDEDDEGLKDYDTEPPKKKSNDRNKKHQKKWKK,0.9999521,0.9999521,4,7863,397
EQQDKPKDHSDWEDRSRDDDWQEDREQQKTDDEDDEDDKKLRDYDTERPPKKSNDRNKDHRKKWKK,0.9999521,0.9999521,4,7863,397
EQRDKREEHQDHEDNPRHEKHQHKREQEKNDDEDDEEDSKLRQPDWERPHKKKRDINHQRAKKWKK,0.99995184,0.99995184,4,7863,397
EQRDKREEHQDHEDNARHEKHQHKREQEKNDDEDDEEDSKIRDPDWERPHKKKRDINKQHAKKWKK,0.9999517,0.9999517,4,7863,397
EQQDKPKDHSDWEDRSRDDDWQEDREQQKTDDEDWEDDKKHRDYDTERPPKKSNDRNKDHRKKWKK,0.9999516,0.9999516,4,7863,397
EQRDKRKDHSDWEDKSRHDDWQHDREQQKTDDEDDEDDEHLRDYDTEPPKKKSNDRNKKHQKKWKK,0.9999516,0.9999516,4,7863,397
EQRDKRKDHSDWEDKSRHDDWQHDREEQKTDDEDDEDDEHLKDYDTEPPKKKSNDRNKKHQKKWKK,0.99995136,0.99995136,4,7863,397
EQQDKRTDHQDWEDNARHEDDQHKREQQKNDDEDDEDDSKPRDPDWEEDHKKKRDINKQHAKKWKK,0.9999505,0.9999505,4,7863,397
EQQDKPKDHSDWEDRSRDDDWQEDREQQKTEDEDWEDDKKHRDYDTERPPKKSNDRNKDHRKKWKK,0.9999505,0.9999505,4,7863,397
EQRDKREEHQDHEDNARHEKHQHKREQEKNDDEDDEEDSKPRDPDWERPHKKKRDINKQHAKKWAK,0.9999504,0.9999504,4,7863,397
EQRDKRKEHQDWEDNCRHEKHQHKREQEKNDDEDPEEDSKIRDPDWERPHKKKRDCNKQHAKKWKK,0.9999504,0.9999504,4,7863,397
KQRDKREEHQDWEDNARHEKHQHKREQEKNDDEDDEEDSKIRDPDWERPHKKKRDINKQHAKKWKK,0.9999504,0.9999504,4,7863,397
EQQDKPKDHSDWEDRSRDDDWQEDREQQKTEDEEWEDDKKHRDYDTERPPKKSNDRNKDHRKKWKK,0.9999503,0.9999503,4,7863,397
EQRDKRKDHSDWEDKSRHDDWQHDREQQKTDDEDDEDDEHLKDYDTEPPKKKSNDRNKKHQKKWKK,0.99995005,0.99995005,4,7863,397
EQQDKPHDHSDWEDRSDDDDWQHDREQQKTDDEDWEDDKEHRDYDTERPPKKSNDRNKDHRKKWKK,0.9999498,0.9999498,4,7863,397
EQRDKPKDHSDWEDRDRDNDWQEDREQQKTDDEDWQDDKKERDYDTERPPKKSNDRTKKHRKKWKK,0.9999497,0.9999497,4,7863,397
EKRDKRTDHQDNEDNARHEDHQHKREEQKNDDEDDEDDSKHRDPDWERDYKKKKDVNKQHWKTWKK,0.99994946,0.99994946,4,7863,397
EQRDKREEHQDHYDNARHEKHQHKREQEKNDDEDDEEDSKLRDPDWERHHKKKRDINKQRAKKWKK,0.99994946,0.99994946,4,7863,397
EQQDKPHDHSDWEDRSRDDDWQEDREQQKTDDEDWEDDKEHRDYDTERPPKKSNDRNKDHRKKWKK,0.999949,0.999949,4,7863,397
EQQDKRKDHSDWEDKSRHDDWQHDREQQKTDDEDDEDDEHLRDYDTERPPKKSNDRNKDHQKKWKK,0.99994886,0.99994886,4,7863,397
EQRDKREEHQDWEDNARHEKHQHKREQEKNDDEDDEEDSKIRDPDWERPHKKKRSINKQHAKKWKK,0.99994874,0.99994874,4,7863,397
EQRDKREEHQDHEDNPRHEKHQHKREQEKNDDEDDEEESKLRQPDWERPHKKKRDINHQRAKKWKK,0.9999486,0.9999486,4,7863,397
EQQDKRKDHSDWEDNHRHDDPQHDREQQKTDDEDDEDDEKLRDYDTERPPKKKIDRNKDHQKKWKK,0.9999485,0.9999485,4,7863,397
EQRDKPKDHSDWEDRSRDDDWQEDREQQKTDDEDWQDDKKERDYDTERPPKDSNDRNKDHRKKWKK,0.9999485,0.9999485,4,7863,397
EQRDKPKDHSDWEDRSRDNDWQEDREQQKTDDEDWQDDKKERDYDTERPPKKSNDRNKKHRDKWKK,0.99994814,0.99994814,4,7863,397
EQRDKREEHQDHEDNARHEKHQHKREQEKNDDEDDEEDSKLRDPDWERPNKKKRDINKQHAKKWKK,0.9999479,0.9999479,4,7863,397
EQRPKRKDHSDWEDKSRHDDYQHDREQQKTDDEDDEDDEHLRDYDTERPPKDSNDRNKKHQKKWKK,0.9999474,0.9999474,4,7863,397
EQRDKRQEHQDWEDNYRHEKHYHKREQEKNDDEDPEEDSKIRDPDWERPHKKKRDCNKQHAKKWKK,0.9999473,0.9999473,4,7863,397
EQRDKRPEHEDHYDNARHEKHQHKREQEKNDDEDDEEDSKLRDPDWERHHKKKRDINKQRAKKWKK,0.9999472,0.9999472,4,7863,397
EQRDKRKDHSDWEDKSRHDDWQHDREQQKTDDEDDEDDEHLRDYDTEPPPKKSNDSNKKHQKKWKK,0.9999472,0.9999472,4,7863,397
EQQDKPHDHSDWDDRSRDDDWQEDRERQKTDDEDWEDDKEHRDYDTERPPKNSNDRNKDHRKKWKK,0.9999471,0.9999471,4,7863,397
EQRDKRKDHSDWERKSRHDDWQHDREQQKTDDEDDEDDTHLRDYDTEPPPKKSNDRNKKHQKKWKK,0.9999471,0.9999471,4,7863,397
EQQDKRKDHSDWEDNSRHDDWQHDREQQKTDDEDDEDDEKLRDYDTERPPKKSNDRNKDHQKKWKK,0.99994695,0.99994695,4,7863,397
EQQDKPKDHSDWEDNSRDDDWQEDREQQKTDDEDDEDDKKLRDYDTERPPKKSNDRNKDHRKKWKK,0.9999467,0.9999467,4,7863,397
EQRDKREEHQDHEDNARHEKHQHKREQEKNDDEDDEEDSKLRDPDWERPKKKKRDINKQRAKKWKK,0.9999465,0.9999465,4,7863,397
EQQDKRTDHQDWEDNARHEDDQHKREQQKNDDEDDEDDSKPRDPDWEEDHKVKRDYNKQHAKKWKK,0.9999461,0.9999461,4,7863,397
EQQNKPKDHSDWEDRSRDDDWQEDREQQKTEDEDWEDDKKHRDYDTERPPKKSNDRNKDHRKKWKK,0.9999461,0.9999461,4,7863,397
EQRDKREEHQDWEDNAPHEKHQHKREQEKNDDEDDEEDSKIRDPDWERPHKKKRDINKQHAKKWKK,0.999946,0.999946,4,7863,397
EQRDKRKDHSDWEDKSRHDDYQHDREQQKTDDEDDEDDEHLRDYDTERPPKDSNDRNKKHQNKWKK,0.9999459,0.9999459,4,7863,397
EQQDKPKDHSDWEDRSRDDDWQEDREQQKTEDEDWNDDKKHRDYDTERPPKKSNDRNKDHRKKWKK,0.99994576,0.99994576,4,7863,397
EQRDKREEHHDHEDNARHEKHQHKREQEKNDDEDDEEDSKIRDPDWERPHKKKRDINKQHAKKWKK,0.9999453,0.9999453,4,7863,397
EQQDKRKDHSDWEDNSRHDDWQHDREQTKTDDEDDEDDEKLHDYDTERPHKKSNDRNKDHQKKWKK,0.99994516,0.99994516,4,7863,397
EQEDKREEHQDHEDNARHEKHQHKREQEKNDDEDEEEDSKLRDPDWERPHKKKRDINKQHAKKWKK,0.99994504,0.99994504,4,7863,397
EKRDKRTDHQDNEDNARHPDHQHKRERQKNDDEDDEDDSTHRDPDWERHYKKKKDIHKQHWKKWKK,0.99994504,0.99994504,4,7863,397
EQRDKRKDHSDWEDKSRHDDWQHDREYQKTDDEDDEDDEHHRDYDTERPPKDSNDRNKKHQKKWKK,0.99994504,0.99994504,4,7863,397
EQQDKRTDHQDWEDNNRHEDHQHKREQQKNDDEDDEDDSKIRDPDWERDHKKKRDINKQDAKKWKK,0.9999448,0.9999448,4,7863,397
EQRDKRKDHSDWEDKSRHDDWQHDREEQKTDDEDDEDDQHLKDYDTEPPKKKSNDRNKKHDKKWKK,0.99994457,0.99994457,4,7863,397
EQRDKRKDHSDWEDKSRHDDWQHDREQQKTDDEDDSDDEHLRDYDTEPPPKKSNDRNKKHQKKWKK,0.9999443,0.9999443,4,7863,397
EQRQKRKEDQDWEDNARHEKHQHKREQEKNDDEDPEEDSKIRDADWERPHKKKRDCNKQHAKKWKK,0.9999442,0.9999442,4,7863,397
EQQDKRTDHQDWGDNARHEDDQHKREQQKNDDEDDEDDSKPRDPDWEEDHKKKRDINKQHAKKWKK,0.9999441,0.9999441,4,7863,397
EQQDKPKDHSDWEDRSRDDDWQEDREQQKTDDEDWEDDKKHRDYDTERPPKKSNDRNKDHRKQWKK,0.9999441,0.9999441,4,7863,397
EQQDKPHDHSDWEDRSRDNDWQEDREQQKTDDEDWEDDKEHRDYDTERPPKKSNDRNKDHRKKWKK,0.99994373,0.99994373,4,7863,397
EKRPKNKDHNDDEDRDRDNDRKEDREQRKNDDEDEQEDKESRDNDDERNRKKDNDRKKKHRKKRTK,0.9999994,0.9999994,5,9829,496
EKRPKNKDHNDDEDRDRDNDRKEDREQRKNDDEDWQEDKESRDNDDERNRKKDNDRKKKHRKKRTK,0.99999917,0.99999917,5,9829,496
EKRDKNKDHNDDEDRDRDNDRKEDREQRKSDDEDWQEDKESRDNDDERNRKKDNDRKKKHRKKRTK,0.99999905,0.99999905,5,9829,496
EDKDKPKDHEDDEDRDRDHDRKEDRENEKEDDEDWQNDKKRRDNDTERNRKKDNDRRKKERKKWKK,0.99999845,0.99999845,5,9829,496
EKRYKNKDHEDDEDRRRDNDRKEDRDQQKSDDEDWQSDKESRDNDDERNRKKDNDRKKKHRKKDTK,0.99999845,0.99999845,5,9829,496
EKRYKNKDHEDDEDRRRDNDRKEDRDQQKSDDEDWRSDKESRDNDDERNRKKDNDRKKKHRKKDTK,0.99999833,0.99999833,5,9829,496
EKRPKNKDHNDDEDRDRDNDRKEDREQRKNDDEDWQEDKESRDNDDERNRKKDNDRKKKHRAKRTK,0.99999833,0.99999833,5,9829,496
EKRYKNKDHEDDEDRDRDNDRKEDRDQQKSDDEDWQSDKESRDNDDERNRKKDNDRKKKHRKKDTK,0.9999982,0.9999982,5,9829,496
EKRYKNKDHEDDEDRRRDNDPKEDRDQQKSDDEDWQSDKESRDNDDERNRKKDNDRKKKHRKKDTK,0.9999982,0.9999982,5,9829,496
EHRYKNKDHEDDEDRRRDNDRKEDRDNQKSDDEDWQSDKESRDNDDERNRKKDNDRKKKHRKKDTK,0.9999981,0.9999981,5,9829,496
EHRYKNKDHEDDEDRRRDNDRKEDRDQQKSDDEDWQSDKESRDNDDERNRKKDNDRKKKHRKKDTK,0.999998,0.999998,5,9829,496
EKRDKNKDDNDDEDRDRDNDRKEDREQQKSDDEDWQRDKESRDNDDERNRKKDNDRKKKHRKKWTK,0.999998,0.999998,5,9829,496
ENRDKNKDHNDDEDRKRDNDRKEDREQQKSDDEDWQRDKESRDNDDERNRKKDNDRKKKHRKKYTK,0.99999774,0.99999774,5,9829,496
EKRDKNKDDNDDEDRDRDNDRKESREQQKSDDEDHQRDKESRDNDDERNRKKDNDRKKKHRKKWTK,0.99999774,0.99999774,5,9829,496
EKRYKNKDHEDDEDRRRDNDRKEDRDQQKSDDEDWQSDKESRDNDRERNRKKDNDRKKKHRKKDTK,0.99999774,0.99999774,5,9829,496
EKRYKNKDHEDDEDRDRDNDRKEDRDQQKSDDEDWQRDKESRDNDDERNRKKDNDRKKKHRKKWTK,0.99999774,0.99999774,5,9829,496
EKRDKNKDHNDDEDRDRDNDRKEDREQQKSDDEDWQEDKESRDNDDERNRKKDNDRKKKHRKKWTK,0.99999774,0.99999774,5,9829,496
EKRDKDKDHSDDEDRDRDNDRKEDREQNKKDDEDWQRDKEERDNDTERHRKKDNDRKKKHRKKWKK,0.9999976,0.9999976,5,9829,496
EKRYKNKDHEDDEDRDRDNERKEDREQQKSDDEDWQRDKESRDNDDERNRKKDNDRKKKHRKKWTK,0.9999976,0.9999976,5,9829,496
EKRYKNKDHEDDEDRDRDNDRKEDREQQKSDDEDWQRDKESRDNDDERNRKKDNDRKKKHRKKWTK,0.9999976,0.9999976,5,9829,496
EQQDKPKDHEDWEDRDRDDDRKEDRENEKEDDEDEQNDKKRRDNDTERNRKKDNKRRKKETKKWKK,0.9999976,0.9999976,5,9829,496
EDKDKPKDHEDWEDRDRDHDRKEDRENEKEDDEDWQNDKKRRDNDTERNRKKDNDRRKKERKKWKK,0.9999975,0.9999975,5,9829,496
EQQDKPKDHEDWEDRDRDNDRKEDRENEKEDDEDEQNDKKRRDNDTERNRKKDNDRRKKEKKKWKK,0.9999975,0.9999975,5,9829,496
EKRYKNKDHEDDEDRDRDNDRKEDRDQQKSDDEDWQSDKESRDNDDERNRKKDNDRKKKHRKKWTK,0.9999975,0.9999975,5,9829,496
EKRDKPKDHSDDEDRDRDNDRKEDREQNKKDDEDQQRDKEERDNDTERHRKKDNDRKKKHRKKWKK,0.9999975,0.9999975,5,9829,496
EKRYKNKDHEDDEDRDRDNDRKEDREQQKSDDEDWQRDKDSRDNDDERNRKKDNDRKKKHRKKWTK,0.9999975,0.9999975,5,9829,496
ENRDKNKDHNDDEDRDRDNDRKEDREQQKRDDEDWQRDKESRDNDDERNRKKDNDRKKKHRKKWTK,0.9999975,0.9999975,5,9829,496
EKRDKNKDHSDDEDRDRDNDRKEDREQQKSDDEDWQRDKESRDNDDERNRKKDNDRKKKHRKKWDK,0.9999975,0.9999975,5,9829,496
EDKDKPKDHEDDEDRDRDHDRKEDRENEKESDEDWQNDKKRRDNDTERNRKKDNDRRKKERKKWKK,0.9999974,0.9999974,5,9829,496
EKRWKNKDHEDDEDRDRDNDRKEDREQQKSDDEDWQRDKDSRDNDDERNRKKDNDRKKKHRKKWTK,0.9999974,0.9999974,5,9829,496
EKRDKNKDHNDDEDRDRDNDRKEDREQQKSDDEDWQRDKESRDNDDERNRKKDNDRKKKHRKKWTK,0.9999974,0.9999974,5,9829,496
EQQPKPKDHEDWEDRDRDNDRKEDRENEKEDDEDEQNDKKRRDNDTERNRKKDNDRRKKEKKKWKK,0.99999726,0.99999726,5,9829,496
EDQDKPKDHEDWEDRDRDNDRKEDRENEKEDDEDWQNDKKRRDNDTERNRKKDNDRRKKERKKWKK,0.99999726,0.99999726,5,9829,496
EKRCKNKDHEDDEDRDRDNDRKEDRDQQKSDDEDWQSDKESRDNDDERNRKKDNDRKKKHRKKDTK,0.99999726,0.99999726,5,9829,496
EQQDKPKDHEDWEDRDRDNDRKEDRENEKEDDEDWQNDKKRRDNDTERNRKKDNDRRKKERKKWKK,0.99999726,0.99999726,5,9829,496
ENRDKNKDHNDDEDRDRDTDRKEDREQQKRDDEDWQRDKESRDNDDERNRKKDNDRKKKHRKKWTK,0.99999714,0.99999714,5,9829,496
ENRDKNKDHNDDEDRDRDNDRKEDREQQKSDDEDWQRDKESRDNDDERNRKKDNDRKKKHRKKYTK,0.99999714,0.99999714,5,9829,496
EQQDKPKDHEDWEDRQRDNDRKEDRENEKEDDEDWQNDKKRRDNDTERNRKKDNDRRKKERKKWKK,0.99999714,0.99999714,5,9829,496
EDKDKPKDHEDDEDQDRDHDRKEDRENEKESDEDWQNDKKRRDNDTERNRKKDNDRRKKERKKWKK,0.99999714,0.99999714,5,9829,496
EQQDKPKDHEDWEDRDRDNDRREDKENEKEDDEDWQNDKKRRQNDTERNRKKDNDRRKKERKKWKK,0.999997,0.999997,5,9829,496
EKRDKPKDHSDDEDRDRDNDRKEDREQQKSDDEDWKRDKEERDNDDERNRKKDNDRKKKHRKKWTK,0.999997,0.999997,5,9829,496
EKRDKPKDHSDDEDRDRDNDRKEDREQQKSDDEDGQRDKEERDNDDERNRKKDNDRKKKHRKKWTK,0.999997,0.999997,5,9829,496
EDKDKPKDHEDWEDRDRDHDRKEDRENEKEDDEDWQNDKHRRDNDTERNRKKDNDRRKKERKKWKK,0.999997,0.999997,5,9829,496
EKRDKPKDHSDDEDRDRDNDRKEDREQNKKDDEDWQRDKEERDNDTERHRKKDNDRKKKHRKKWKK,0.999997,0.999997,5,9829,496
ENRDKNKDHNDDEDRDRDNDRKEDREQQKSDDEDWQRDKESRDNDDERNRKKDNDRKKKHRKKWTK,0.999997,0.999997,5,9829,496
EKRYKNKDHEDDEDRDRDNDRKEDRDQQKSDDEDWQCDKESRDNDDERNRKKDNDRKKKHRKKWTK,0.999997,0.999997,5,9829,496
EDQDKPKDHEDWEDRDRDHDRKEDRENEKEDDEDWQNDKKRRDNDTERNRKKDNDRRKKERKKWKK,0.9999969,0.9999969,5,9829,496
EDQDKPKDHEDWEDRDRDTDDKEDRENEKEDDEDYQNDKKRRDNDTERNRKKDNDRRKKERKKWKK,0.9999969,0.9999969,5,9829,496
EDQDKPKDHEDWEDRDRDTDRKEDRENEKEDDEDWQNDKKRRDNDTERNRKKDNDRRKKERKKWKK,0.9999969,0.9999969,5,9829,496
EDQDKPKDHEDWEDRDRDTDDKEDRENEKEDDEDWQNDKKRRDNDTERNRKKDNDRRKKERKKWKK,0.9999969,0.9999969,5,9829,496
EQQDKPKDHEDWEDRDRDKDRKEDRENEKEDDEDWQNDKKRRQNDTERNRKKDNDRRKKERKKWKK,0.9999969,0.9999969,5,9829,496
EKRDKNKDHSDDEDRDRDNDRKEDREQQKSDDEDWQRDKESRDNDDERNRKKDNDRKKKHRKKWTK,0.9999969,0.9999969,5,9829,496
EKRDKPKDHSDDEDRDRDNDRKSDREQNKKDDEDWQRDKEERDNDTERHRKKDNDRKKKHRKKWKK,0.9999969,0.9999969,5,9829,496
EKRNKPKDHSDDEDRDRDNDRKEDREQQKSDDEDWKRDKEERDNDDERNRKKDNDRKKKHRKKWTK,0.9999968,0.9999968,5,9829,496
EKRDKPKDHSDDEDRDRDNDRKEDREQQKSDDEDWQRDKEERDNDDERNRKKDNDRKKKHRKKWTK,0.9999968,0.9999968,5,9829,496
EKRDKPKDHSDDEDRDRDNDRKEDREQQKKDDEDWQRDKEDRDNDTERNRKKDNDRKKKHRKKWKK,0.9999968,0.9999968,5,9829,496
EKRDKPKDHSDDEDRHRDNDRKEDREQQKSDDEDWKRDKEERDNDDERNRKKDNDRKKKHRKKWTK,0.9999968,0.9999968,5,9829,496
EKRDKNKDHNDDEDRDRDNDRKEDREQRKSDDEDWQIDKESRDNDDERNRKKDADRKKKHRKKRTK,0.9999968,0.9999968,5,9829,496
EQQDKPKDHEDWEDRDRDNDRKEDRENEKEDDEDWQNDKKRRQNDTERNRKKDNDRRKKERKKWKK,0.9999968,0.9999968,5,9829,496
EDQDKPKDHEDWEDRDRDNDRKEDRENEKEDDEDWQNDHKRRDNDTERNRKKDNDRRKKERKKWKK,0.9999968,0.9999968,5,9829,496
EQQDKPKDHEDWEDRDRDNDRKEDRENEKEDDEDEQNDKKRRDNDTERNRKKDNDRRKKETKKWKK,0.9999968,0.9999968,5,9829,496
EKRDKNKDHNDDEDRDRDNDRKEDREQQKSDDEDWQRQKESRDNDDERNRKKDNDRKKKHRKKWTK,0.9999968,0.9999968,5,9829,496
EKRDKPKDHSDDEDRDRDPDRKEDREQQKSDDEDWQRDKEERDNDDERNRKKDNDRKKKHRKKWTK,0.9999968,0.9999968,5,9829,496
EPQDKPKDHEDWEDRDRDNDRKEDRENEKEDDEDWQNDKKRRDNDTERNRKKDNDRRKKERKKWKK,0.9999968,0.9999968,5,9829,496
ENRDKNKDHNDDEDRDRDNDRKEDREQTKSDDEDWQRDKESRDNDDERNRKKDNDRKKKHRKKWTK,0.9999968,0.9999968,5,9829,496
EKRYKNKDHNDDEDRDRDNDRKEDRDQQKSDDEDWQRDKESRDNDDERNRKKDNDRKKKHRKKWTK,0.9999968,0.9999968,5,9829,496
EKRDKPKDHPDDEDRDRDNDRKEDREQQKKDDEDWQRDKEDRDNDTERNRKKDNDRKKKHRKKWKK,0.9999968,0.9999968,5,9829,496
EKRDKPKDHSDDEDKDRDNDRKEDRENQKSDDEDWQEDKEERDNDTERNRKKDNDRKKKHRKKWKK,0.99999666,0.99999666,5,9829,496
EQQDKPKDHEDWEDRDRDDDRKEDRENEHEDDEDEQNDKKRRDNDTERNRKKDNKRRKKETKKWKK,0.99999666,0.99999666,5,9829,496
EKRYKNKDHNDDEDRDRDNDRKEDREQQKSDDEDWQRDKESRDNDDERNRKKDNDRKKKHRKKWTK,0.99999666,0.99999666,5,9829,496
EKRDKPKDHDDDEDRDRDNDRKEDREQQKRDDEDWQRDKEERDNDTERNRKKDNQRKKKHRKKWKK,0.99999666,0.99999666,5,9829,496
EKRDKPKDHSDDEDRDRDTDRKEDREQQKSDDEDGQRDKEERDNDDERNRKKDNDRKKKHRKKWTK,0.99999666,0.99999666,5,9829,496
EKRDKPKDHSDDEDRDRDNDRKEDREQQKKDDEDWQRDKEERDNDTERHRKKDNDRKKKHRKKWKK,0.99999666,0.99999666,5,9829,496
EQQDKPKDHEDWEDRDRDNDRKEDRENEKEDDEDWQNDKKRRQQDTERNRKKDNDRRKKERKKWKK,0.99999666,0.99999666,5,9829,496
EKRDKPKDHSDDEDRDRDNDRKEDREQQKKDDEDWQRDKEERDNDTERNRKKDNDRKKKHRKKWKK,0.99999654,0.99999654,5,9829,496
EDQDKPKDHEDWEDRYRDTDDKEDRENEKEDDEDWQNDKKRRDNDTERNRKKDNDRRKKERKKQKK,0.99999654,0.99999654,5,9829,496
EKRDKPKDHSDDEDRDRDNDRKDDRENQKSDDEDSQHDKEERDNDSERNRKKDNDRKKKHRKKWKK,0.99999654,0.99999654,5,9829,496
EDQDKPKDHEDWEDRDRDNDRKEDRENEKEDDEDWQNDKKRRDNDTERNRKKDNDRRKKEEKKWKK,0.99999654,0.99999654,5,9829,496
EKRDKPKDTSDDEDRDRDNDRKEDREQQKSDDEDWQRDKEERDNDDERNRKKDNDRKKKHRKKWTK,0.99999654,0.99999654,5,9829,496
EQQDKPKDHEDWEDRDRDNDRKEDRENEKEDDEDWQKDKKRRQNDTERNRKKDNDRRKKERKKWKK,0.9999964,0.9999964,5,9829,496
EQQDKPKDHEDWEDRDRDNDRKEDRENEKEDDEDEQNDKKRRDNDTERNRKKDNDRRKKETKKWNK,0.9999964,0.9999964,5,9829,496
EKRYKNKDHEDDEDRDRDNDMKEDRDQQKSDDEDWQRDKESRDNDDERNRKKDNDRKKKHRKKWTK,0.9999964,0.9999964,5,9829,496
EKRDKNQDDNDDEDRDRDNDRKEDREQQKSDDEDWQRDKESRDNDDERNRKKDNDRKKKHRKKWTK,0.9999964,0.9999964,5,9829,496
EKRYKNKDHNDDEDRDRDNDRKEDREQQKSDDEDWQGDKESRDNDDERNRKKDNDRKKKHRKKWTK,0.9999964,0.9999964,5,9829,496
EKRAKNKDHEDDEDRDRDNDRKEDREQQKSDDEDWQRDKDSRDNDDERNRKKDNDRKKKHRKKWTK,0.9999964,0.9999964,5,9829,496
EQQDKPKDHEDWEDRDRDNDRKEDRENEKEDDEDWQNDKKRRDNDTERGRKKDNDRRKKERKKWKK,0.9999964,0.9999964,5,9829,496
EDKDKPKDHEDDEDRDRDHDRTEDRENEKEDDEDWQNDKKRRDNDTESNRKKDNDRRKKERKKWKK,0.9999963,0.9999963,5,9829,496
EKRDKNKDHNDDEDRDRDNDRKEDREQQKSDDEDWQEDKESRANDDERNRKKDNDRKKKHRKKWTK,0.9999963,0.9999963,5,9829,496
EKRDKNKDHSDDEDRDRDNDRKEDREQQKSDDEDWTRDKESRDNDDERNRKKDNDRKKKHRKKWTK,0.9999963,0.9999963,5,9829,496
EKRDKPKDHSDDEDRDRDNDRKDDRENQKSDDEDSQHDKEERDNDSERNRKKDNERKKKHRKKWKK,0.9999963,0.9999963,5,9829,496
EKRDKNKDDNDDEDRDRDNDRKKDREQQKSDDEDWYRDKESRDSDDERNRKKDNDRKKKHRKKWTK,0.9999963,0.9999963,5,9829,496
EKRDKPKDHDDDEDRDRDNDRKEDREQQKRDDEDWQRDKEERDNDTERNRKKDNQRKKNHRKKWKK,0.9999963,0.9999963,5,9829,496
ESQDKPKDHEDWEDRDRDKDRKEDRENEKEDDEDWQNDKKRRQNDTERNRKKDNDRRKKERKKWKK,0.9999963,0.9999963,5,9829,496
EDQDKPKDHEDWEDRDRDTDRKEDRENEKEDDEDWQNDKKRRDNDTERNRKKDNDRRKKERKKWSK,0.9999963,0.9999963,5,9829,496
EKRDKPKDHDDDEDRDRDNDRKEDKEQQPRDDEDWHRDKEERDPDPERNRKKDNQRKKKHRKKWKK,0.9999963,0.9999963,5,9829,496
EQQDKPKDHEDWEDRDRDNDRREDKENEKEDDEDWQNDKKRRQNDTERNRKKDNDRRKKERKPWKK,0.9999963,0.9999963,5,9829,496
EKRYKNKDHEDDEDRDRDNDRKEDRDQQKSDDEDWQSDKESRDNDDERNRKKDNDRKLKHRKKDTK,0.9999963,0.9999963,5,9829,496
EKRDKPKDHSDDEDRDRDNDRKEDREQQKSDDEDWQRDKESRDNDDERNRKKDNDRKKKHRKKWTK,0.9999963,0.9999963,5,9829,496
EKRYKTKDHEDDEDRDRDNDRKEDREQQKSDDEDWQRDKESRDNDDERNRKKDNDRKKKHRKKWTK,0.9999963,0.9999963,5,9829,496
EKREKNKDHNDEEDRDRDPRRKEDREQRKNDDEDEQEDKESKDDDDERNRKKDEDRKKKHRKKRQK,0.99999964,0.99999964,6,11789,595
EKRPKRKDHNDEEDRDRDNRRKEDREQRKNDDEDGQEDKEERDNDDERNRKKKNDRKKKHRKKRKK,0.99999964,0.99999964,6,11789,595
EKRDKNKDHEDDEDRDRDRDRKEDRENNKEDDEDEQEDKESRDNDDERNRKKDNDRKKKHRKKRTK,0.99999964,0.99999964,6,11789,595
EKRPKNKDHNDDEDRDRDNDRKEDREQEKNDDEDEDEDKDSRDNDDERNRKKDKDRKKKHRKKRRK,0.99999964,0.99999964,6,11789,595
EKRPKNKDHNDDEDRQRDNDRKEDREQEKNDDDDEQEDKDSRDNDDERNRKKDKDRKKKHRKKRRK,0.99999964,0.99999964,6,11789,595
EKRKKNKDKEDDEDRDHDNDRKEDKEQNKNDDEDEQEDKESRDDDEERPRKKDNDREKKHRKKRTK,0.99999964,0.99999964,6,11789,595
EKRDKNKDHNDDEDRDRDRDRKEDRENNKEDDEDEQEDKESRDEDDERNRKKDNKRKKKHRKKRTK,0.99999964,0.99999964,6,11789,595
EKRPKNKDHNDEEDRDRDPERKEDREQRKNDDEDEQEDKESRDDDDERNRKKDEDRKKKHRKKRNK,0.99999964,0.99999964,6,11789,595
EKRPKRKDHNDEEDRDRDNRRKEDREQRKNDDEDGQEDKEERDNDDERNRKKDNDRKKKHRKKRKK,0.99999964,0.99999964,6,11789,595
EKRDKNKDHNDDEDRDRDRDRKEDRENNKEDDEDEQEDKEQRDEDDERNRKKDNKRKKKHRKKRTK,0.99999964,0.99999964,6,11789,595
EKRDKNKDHNDDEDRDRDRDSKEDRENNKEDDEDEQEDKEQRDEDDERNRKKDNKRKKKHRKKRTK,0.99999964,0.99999964,6,11789,595
EKRPKNKDENDDEDRDRDNDRKEDREQEKNDDEDEQEDKDSRDNDDERNRKKDKDRKKKHRKKRTK,0.99999964,0.99999964,6,11789,595
EKRDKNKDHNDDEDRDRDRDRKEDRENNKEDDEDEQEDKESRDEDDERNRKKDNDRKKKHRKKRTK,0.99999964,0.99999964,6,11789,595
EKRPKNKDHNDDEDRDRDNDRKEDREQEKNDDEDEQEDKDSRDNDDERNRKKDKDRKKKHRKKRRR,0.9999995,0.9999995,6,11789,595
EKRPKNKDHNDEEDRDRDPRRKEDREQRRNDDEDEQEDKESRDDDDERNRKKDEDRKKKHRKKRNK,0.9999995,0.9999995,6,11789,595
EKRPKNKDENDDEDRQRDNDRKEDREQEKNDDEDEQEDKDSRDNDDEGNRKKDKDRKKKHRKKRRK,0.9999995,0.9999995,6,11789,595
EKEKKNKDHEDDEDRDRDKDRKEDREQRKRDDEDEQEDKESRDKDEERNRKKDNDREKKHRKKRDK,0.9999995,0.9999995,6,11789,595
EKRPKRRDHNDEEDRDRDNRRKEKREQRKNDDEDGQEDKEERDNDDERNRKKDNDRKKKHRKKRKK,0.9999995,0.9999995,6,11789,595
EKRPKNKDENDDEDRDRDNDSKEDREQEKNDDEDEQEDKDSRDNDDERNRKKDKDRKKKHRKKRTK,0.9999995,0.9999995,6,11789,595
EKRKKNKDPEDDEDRDHDNDRKEDKEQNKNDDEDEQEDKESRDDDEERPRKKDNDREKKHRKKRTK,0.9999995,0.9999995,6,11789,595
EKREKNKDHDDEEDRDRDPWRKEDREQRKNDDEDEQEDKESKDDDDERNRKKDEDRKKKHRKKRQK,0.9999995,0.9999995,6,11789,595
EKRPKNKDENDDEDRKRDNDRKEDREQNKNDDEDEQETKESRDNDDERKRKKKNDRKKKHRKKNAK,0.9999995,0.9999995,6,11789,595
EKRPKNKDHNDEEDRDRDPRRKEDREQRKNDDEDEQEDKESRDDDDERNRKKDEDRKKKHRKKRTK,0.9999995,0.9999995,6,11789,595
EKRPKNKDHNDEEDRDRDPRRKEDREQRKNDDEDEQEDKESRDDDDERNRKKDEDRKKKHRKKRNK,0.9999995,0.9999995,6,11789,595
EKRPKRKDHNDEEDRDRDNRRKERREQRKNDDEDGQEDKEERDNDDERNRKKDNDRKKKHRKKRKK,0.9999995,0.9999995,6,11789,595
EKRDKNKDHNRDEDRDRDRDRKEDRENNKEDDEDEQEDKESRDEDDERNRKKDNDRKKKHRKKRTK,0.9999995,0.9999995,6,11789,595
EKRDKNKDHNDDEDRDRDRDRKEDRENNKKDDEDEREDKESRDNDDERNRKKDNDRKKKHRKKRTK,0.9999995,0.9999995,6,11789,595
EKRPKRKDHNDEEDRDRDNRRKEDREQDKNDDEDGQEDKEEKDNDDERNRKKKNDRKKSHRKERKK,0.9999995,0.9999995,6,11789,595
EKRPKNKDHNDDEDRKRDNDRKEDREQEPNDDEDEKEEKDSRDNDDERNRKKDKDRKKKHRKKRRK,0.9999995,0.9999995,6,11789,595
EKRDKNKDHNDDEDRDRDRDRDEDRENNKEDDEDEQEDKESRDEDDERNRKKDNDRKKKHRKKRTK,0.9999995,0.9999995,6,11789,595
EKRPKNKDHNDEEDRDRDPRRKEDREQRKNDDEDEQEDKESRDDDDERNRKKDEDRKKKHRKRRNK,0.9999995,0.9999995,6,11789,595
EKRDKNKDHNDDEDRDRDRDRKEDRENNKKDDEDEQEDKESRDNDDERNRKKDNDRKKKHRKKRTK,0.9999995,0.9999995,6,11789,595
EKRPKNKDRNDDEDRKRDNDRKEDREQNKNDDEDEQETKESRDNDDERKRKKKNNRKKKHRKKNTK,0.9999995,0.9999995,6,11789,595
EKRPKNKDHNDDEDRDRDNDRKEDREQEKNDDEDEQEDKDSRDNDDERNRKKDKDRKKKHRKKRRK,0.9999995,0.9999995,6,11789,595
EKRDKNKDHNDDEDRDSDRDRKEDRENNKEDDEDEQEDKEQRDEDDERNRKKDNKRKKKHRKKRTK,0.9999995,0.9999995,6,11789,595
EKRDKNKDHNDDEDRDRDRDRKEDRENNKEDDEDEQEDKESRDEDDERNRKKDNKRKKKWRKKRTK,0.9999995,0.9999995,6,11789,595
EKRDKNKDHNDDEDRDRDRDRKEDRENNEEDDEDEQEDKESRQDDDERNRKKDNDRKKKHRKKRTK,0.9999995,0.9999995,6,11789,595
EKRPKNKDHNDEEDRDRDPRRKEDEEQRKNDDEDEQEDKESRDDDDERNRKKDEDRKKKHRKKRQK,0.9999995,0.9999995,6,11789,595
EKRPKRKDHNDEEDRDRDNRRKEDREQRKNDDEDGQEDKEERDNDDERNRKKKNDRKKSHRKERKK,0.9999995,0.9999995,6,11789,595
EKRPKNKDHNDDEDRDRDNDRKEDREQNKNDDEDEQEDKESRDNDDERKRKKKNDRKKKHRKKRTK,0.9999995,0.9999995,6,11789,595
EKRPKNKDHNDEEDRDRDPRRKEDREQRKNDDEDEQEDKESRDDDDERNRKKDEDRKKKHRKKRQK,0.9999995,0.9999995,6,11789,595
EKRPKNKDHNDEEDRDRDPRRKEDDEQRKNDDEDEQEDKESRDDDDERNRKKDEDRKKKHRKRRNK,0.9999995,0.9999995,6,11789,595
EKRPKRKDHNDEEDRDRDNRRKEDREQRENDDEDGQEDKEERDNDDERNRKKKNDRKKKHRKKRKK,0.9999995,0.9999995,6,11789,595
EKRPKNKDRNDDEDRKRDNDRKEDREQNKNDDEDEQETKESRDNDDERKRKKKNDRKKKHRKKNAK,0.9999995,0.9999995,6,11789,595
EKRPKNKDHNDDEDRQRDNDRKEDREQEKNDDEDEQEDKDSRDNDDERNRKKDKDRKKKHRKKRRK,0.9999995,0.9999995,6,11789,595
EKRPKNKDHNDEEDRDRDPRRKEDPEQRKNDDEDEQEDKESRDDDDERNRKKDDDRKKKHRKKRQK,0.9999995,0.9999995,6,11789,595
EKRPKNKDHNDEEDRDRDPRRKEDPEQRKNDDEDEQEDKESRDDDDERNRKKDEDRKKKHRKKRQK,0.9999995,0.9999995,6,11789,595
EKRDKNKDHNDDEDRDRDRDRKEDRENNKEDDEDEQEDKESRDNDDERNRKKDNDRKKKHRKKRTK,0.9999995,0.9999995,6,11789,595
EKRPKNKDHNDDEDRDRDNDRKEDREQEKNDDEDEQEDKDSRDNDDERNRKKDKDRKKKHRKKRTK,0.9999995,0.9999995,6,11789,595
EKRPKDKDHNDDEDRDRDNDRKEDREQNKNDDEDEQEDKESRDNDDERKRKKKNDRKKKHRKKRTK,0.9999995,0.9999995,6,11789,595
EKRPKNKDHNDDEDRDRDNDRKEDREQEKNDDEDEDEDKDSRDNDDERNRKKDKDRKKKHRKKRTK,0.9999995,0.9999995,6,11789,595
EKRPKNKDHNDEEDRDRDPRRKEDREQRKNDDEDEQEDKESRDDDDERNRKKDEDRKKKHRKKKQK,0.9999995,0.9999995,6,11789,595
EKRPKRKDHNDEEDRDRDNRRKEKREQRKNDDEDGQEDKEERDNDDERNRKKDNDRKKKHRKKRKK,0.9999995,0.9999995,6,11789,595
EKRPKNKDHNDDEDRKRDNDRKEDREQNKNDDEDEQEDKESRDNDDERKRKKKNDRKKKHRKKNTK,0.9999995,0.9999995,6,11789,595
EKRPKNKDHNDEEDRDRDPRRKEDREQRRNDDEDEQEDRESDDDDDERNRKKDEDRKKKHRKKRNK,0.9999995,0.9999995,6,11789,595
EKRDKNKDHNDDEDRYRDRDRKEDRENNKEDDEDEQEDKESRDEDDERNRKKDNDRKKKHRKKRTK,0.9999995,0.9999995,6,11789,595
EKRPKRRDHNDEEDRDRDNRRKEDREQRKNDDEEGQEDKEERDNDDERNRKKDNDRKKKHRKKRKK,0.9999995,0.9999995,6,11789,595
EKRPKQKDHNDDEDRDRDNDRKEDREQNKNDDEDEQEDKESRDNDDERKRKKKNDRKKKHRKKRDK,0.9999995,0.9999995,6,11789,595
EKRPKNKDHNDEDDRDRDPRRKEDPEQRKNDDEDEQEDKESRDDDDERNRKKDEDRKKKHRKKRQK,0.9999995,0.9999995,6,11789,595
EKRPKNRDHNDEEDRDRDPRRKEDPEQRKNDDEDEQEDKESRDDDDERNRKKDEDRKKKHRKKRQK,0.9999995,0.9999995,6,11789,595
EKRPKRKDHNDEEDRDRDNRRKEDREQEENDDEDGQEDKEERDNDDERNRKKKNDRKHKHRKKRKK,0.9999995,0.9999995,6,11789,595
EKRPKRRDHNDEEDRDRDNRRKEDREQRKNDDEDGQEDKEERDNDDERNRKKDNDRKKKHRKKRKK,0.9999995,0.9999995,6,11789,595
EKRPKNKDHNDEEDRDRDPRRKEDREQRKRDDEDEQEDKESRDDDDERNRKKDEDRKKKHRKKRNK,0.9999995,0.9999995,6,11789,595
EKRPKNKDHNDEEDRDRDPRRKEDREQRKNDDEDEQEDKESRDDDDERNRKKDNDRKKKHRKKRTK,0.9999994,0.9999994,6,11789,595
EKRPKNKDHNDDEDRDRDNDRKEDREQEPNDDEDEKEEKDSRDNDDERNRKKDKDRKKKHRKKRRK,0.9999994,0.9999994,6,11789,595
EKPPKNKDHNDDEDRDRDNDRKEDREQEKNDDEDEQEDKDSRDNDDERNRKKDKDRKKKHRKKRRK,0.9999994,0.9999994,6,11789,595
EKRPKNKDHNDEEDRDRDPRRKEDREQGKNDDEDEQDDKESRDDDDERNRKKDEDRKKKHRKKRQK,0.9999994,0.9999994,6,11789,595
EKRPKNKDHNDEDDRDRDPRRKEDPEQRKPDDEDEQEDKESRDDDDERNRKKDEDRKKKHRKKRQK,0.9999994,0.9999994,6,11789,595
EKRPKNKDHNDDEDRDRDNDRKEDREQRKNDDEDEQEDKDSRDNDDERNRKKDKDRKKKHRKKRTK,0.9999994,0.9999994,6,11789,595
EKEKKNKDHEDDNDRDRDKDRKEDREQRKRDDEDEQEDKESRDKDEERNRKKDNDREKKHRKKRDK,0.9999994,0.9999994,6,11789,595
EKRPKNKDHNDDEDRDRDRDRKEDRENNKNDDEEEQEDKESRDNDDERNRKKDNDRKKKHRKKRTK,0.9999994,0.9999994,6,11789,595
EKRDKNRDHNDDEDRDRDRDRKEDRENNKEDDEDEQEDKQSRDNDDERNRKKDNDRKKKHRKKRTK,0.9999994,0.9999994,6,11789,595
EKRPKNKDHNDEEDRDRDPRRKEDREQRKNDDEDEQEDKESRSDDDERNRKKDEDRKKKHRKRRQK,0.9999994,0.9999994,6,11789,595
EKRPKNKDHNDEEDDDRDPRRKEDREQRKNDDEDEQEDKESRDDDDERNRKKDEDRKKKHRKKRTK,0.9999994,0.9999994,6,11789,595
EKRPKRRDHNDEEDRDRDNRRKEDREQRKNDDEEGQEDKEERDNDDERNRKKDNDRKQKHRKKRKK,0.9999994,0.9999994,6,11789,595
EKRPKNKDHNDEEDRDRDPRRKEDREQRKNDDEDEQEDVESRDDDDERNRKKDEDRKKKHRKKRQK,0.9999994,0.9999994,6,11789,595
EKRPKNKDHNDEEDRDRDWRRKRDREQRKNDDEDEQEDKEWRDDDDERNRRKDEDRKKKHRKKRQK,0.9999994,0.9999994,6,11789,595
EKRPKRKDHNDEEDRDRDNRRKEDREQRKNDDEDGQEDKEERDNNDERNRKKKNDRKKKHRDKRKK,0.9999994,0.9999994,6,11789,595
EKRKKNKDPEDDEDRDRDNDRKEDKEQNKNDDEDEQEDKESRDKDEERPRKKDNDREKKHRKKRTK,0.9999994,0.9999994,6,11789,595
EKRPKNKDHNDDEDRDRDNDRKEDREQEKNDDEDEQEDKDSRDNDDERNRKKDKDRKKKHRQKRRR,0.9999994,0.9999994,6,11789,595
EKRPKNKDHNDEEDRDRDPRRKEDREQRRNDDEDEQEDRESDDDDDERSRKKDEDRKKKHRKKRNK,0.9999994,0.9999994,6,11789,595
EKRDKNKDLEDDEDRDRDRDRKEDRENNKEDDEDEQEDKESRDNDDERNRKKDNDRKKKHRKKRTK,0.9999994,0.9999994,6,11789,595
EKRPKNKDHNDDEDRDRDNDRKEDREQNKRDDEDEQEDKESRDNDDERNRKKKNDRKKKHRKKRTK,0.9999994,0.9999994,6,11789,595
EKRPKNKDHNDDEDRDRDNDRKEDREQRKNDEEDEQEDKESRDNDDERNRKKDNDRKKKHRKKRTK,0.9999994,0.9999994,6,11789,595
EKRPKNKDHNDEEDRDRDNRRKEDREQRKNDDEDEQEDKEERDNDDERNRKKDNDRKKKHRKKRTK,0.9999994,0.9999994,6,11789,595
EKRPKNKDHNDEEDRDRDPRSKEDREQRKNDDEDEQEDKESRDDDDERNRKKDNDRKKKHRKKRTK,0.9999994,0.9999994,6,11789,595
EKPPKNKDHNDDEDRDRDNDRKEDREQRKNDDEDEQEDKDSRENDDERNRKKDNDRKKKHRKKRKK,0.9999994,0.9999994,6,11789,595
EKRPKNKDHNDEEDRDRDPRRKEDREQRKNDDEDEQEDKESRDDDDERNRRKDNDRKKKHRKKRTK,0.9999994,0.9999994,6,11789,595
EKRKKNKDHEDDEDRDRDNDRKEDKEQNKNDDEDEQEDKESRDKDEERPRKKDNDREKKHRKKRTK,0.9999994,0.9999994,6,11789,595
EKRPKNKDHNDEEDRDRDPRRKEDREQRKNDDEDEQEDKEWRDDDDERNRRKDEDRKKKHRKKRQK,0.9999994,0.9999994,6,11789,595
EKEKKNKDHEDDEDRDRDKDRKEDREQRKRDDEDEQEDKESRDKDEERKRKKDNDREKKHREKRTK,0.9999994,0.9999994,6,11789,595
EKRPKNKDHNDEEDRDRDPRRKEDREQRKNDDEDEQEDKESRDDDDERNRKKQEDRKKKHRKKRTK,0.9999994,0.9999994,6,11789,595
EKRPKNKDHNDDEDRDRDNDRKEDREQEENDDEDEQEDKDSRDNDDERNRKKDKDRKKKHRKKRRR,0.9999994,0.9999994,6,11789,595
EKRPKNKDHNDDEDRDRDNDRKEDREQNKNDDEDEQEDKESRDNDDERNRKKKNDRKKKHRKKRTK,0.9999994,0.9999994,6,11789,595
EKRPKNKPENDEEDRDRDPERKEDREQRKNDDEDEQEDKESRDDDDERNRKKDEDRKKKHRKKRNK,0.9999994,0.9999994,6,11789,595
EKRPKNKDHNDDEDRDRDPRSKEDREQRKNDDEDEQEDKESRDDDDERNRKKDNDRKKKHRKKRTK,0.9999994,0.9999994,6,11789,595
EKRPKQKDHNDDEDRDRDNDRKEDREQNKNDDEDEQEDKESRDNDDERKRKKKNDRKKKHRKKRTK,0.9999994,0.9999994,6,11789,595
EKEKKNKDHEDDEDRDRDKDRKEDREQRKRDDEDEQEDEESRDKDEERNRKKDNDREKKHRKKRTK,0.9999994,0.9999994,6,11789,595
EKEKKNKDHEDDEDRDRDKDRKEDREQRKRDDEDEQEDKESRDKDEERNRKKDNDREKKHRKKRTK,0.9999994,0.9999994,6,11789,595
EKRDKNKDHNEEEDRDRDPRDKEDREQRKEDDEDEQEDKESRDDDDERNRKKDNDKKKKRRKKRTK,0.99999976,0.99999976,7,13751,694
EKRKRNKDHNEEEDRDRDKRDKEDREQRKEDDEDEQEDKESRDDDDERNRKKDNDKKKKRRKKRTK,0.99999976,0.99999976,7,13751,694
EKRKKNKDHNEEEDRDRDPRDKEDREQRKEDDEDEQEDKESRDDDDERNRKKDNDKKKKRRKKRTK,0.99999976,0.99999976,7,13751,694
EKRKKNKDHNEEEDRDRDPRDKEDREQRKEDDEDEQEDKESRDDDDERNRKKDNQKKKKRRKKRTK,0.99999964,0.99999964,7,13751,694
EKRPKNKDDNDEEDRDRDPRDKEDREQRKNEDEDEQDDQESRDDDDEHNRKKDNDKKKKRRKKRSK,0.99999964,0.99999964,7,13751,694
EKRKRNKDHNEEEDRDRDPRDNEDREQRKEDDEDEQEDKESRDDDDERNRKKDNDKKKKRRKKRTK,0.99999964,0.99999964,7,13751,694
EKRPKNKDHNDEEDRDRDPRDKEDREQRKNDDEDEQDDQESRDDDDERNRKKDNDKKKKRRKKRSK,0.99999964,0.99999964,7,13751,694
EKRPKNKDHNDEEDRDRDPRDKRDREQRKNDDEDEQDDQESRDDDDERNRKKDNDKKKKRRKKRSK,0.99999964,0.99999964,7,13751,694
EKRPKNKDTEDDEDRDRDNDRKEDDEQEKNDDEDEQEDKDSRDNDDERKRKKDKDRKKEHRKKRMK,0.99999964,0.99999964,7,13751,694
EKRKRNKDHNEEEDRDRDPRDKEDREQRKEDDEDEQEDKESRDDDDERNRKKDNDKKKKRRKKRTK,0.99999964,0.99999964,7,13751,694
EKRKRNKDHNEENDEDRDKRDKEDREQRKEDDEDEQEDKESRDDDDERNRKKDNDKKKKRRKKRTK,0.99999964,0.99999964,7,13751,694
EKRPKNKDTEDDEDRDRDNDRKEDREQEKNDDEDEQEDKDSRDNDDERKRKKDKDRKKKHRKDRMK,0.99999964,0.99999964,7,13751,694
EKRPKNKDHNDEEDRDRDPRDKEDREQRKNDDEDEQEDKESRDDDDERNRKKDNDKKKKKRKKRTK,0.99999964,0.99999964,7,13751,694
EKRPKNKDHNDDEDRDRDNERKEDREQEKNDDEDEQEDKDGRDNDDERNRKKDKDRKKKDRKKRDK,0.99999964,0.99999964,7,13751,694
EKRPKNKDTEDDEDRDRDNDRKEDRKQEKNDDEDEQEDKDSRDNDDERKRKKDKDRKKKHRKDRMK,0.99999964,0.99999964,7,13751,694
EKRPKNKDTEDDEDRDRDNDRKEDRKQEKNDDEDEQEDKDKRDNDDERKRKKDKDRKKKHRKDRMK,0.99999964,0.99999964,7,13751,694
EKRPKNKDHNDEEDRDRDPRSKEDKEQRKNDDEDEQEDKEERDDDDEENRKKDNDRKKKHRKKKTK,0.99999964,0.99999964,7,13751,694
EKRPKNKDHNDDEDRDRDNERKEDREQEKNDDEDEQEDKKSRDNDDERNRKKDKDRKKKDRKKRDK,0.99999964,0.99999964,7,13751,694
EKRPKNKDHNDEEDRDRDPRDKEDREQRKNEDEDEQDDQESRDDDDERNRKKDNDKKKKRRKKRSK,0.99999964,0.99999964,7,13751,694
EKRPKNKDENEEEDRDRDPRDKEDREERKNDDEDEQEDQESRDDDDERNRKKDNDKKKKRRKKRSK,0.99999964,0.99999964,7,13751,694
EKRPKNKDHNDDEDRDRDNERKEDREQEKTDDEDEQEDKDSRDNDDERNRKKDKDRKKKDRKKRDK,0.99999964,0.99999964,7,13751,694
EKRPKNKDDNDEEDRDRDPRDKEDREQRKNEDEDEQDDRESRDDDDEHNRKKDNDKKKKRRKKRSK,0.99999964,0.99999964,7,13751,694
EKRKRNKDHREEEDEDRDKRDKEDREQRKEDDEDEQEDKESRDDDDERNRKKDNDKKKKRRKKRTK,0.99999964,0.99999964,7,13751,694
EKRPKNKDHNDDEDRDRDNERKEDREQEKNDDEDEQEDKDSRDNDDERNRKKDKDRKKKDRKKRDK,0.99999964,0.99999964,7,13751,694
EKRPKNKDTEDDEDRDRDNDRKEDREQEKNDDEDEQEDKDSRDNDDERKRKKDKDRKKEHRKKRMK,0.99999964,0.99999964,7,13751,694
EKRPKNKDHNDEEDRDRDPRDKEDREQRKNDDEDEQEDKESRDDDDERNRRKDNDKKKKRRKKRTK,0.99999964,0.99999964,7,13751,694
EKRPKNKDTEDDEDRDRDNDRKEDREKEKNDDEDEQEDKDSRDNDDERKRKKDKDRKKKHRKDRAK,0.99999964,0.99999964,7,13751,694
EKRPKNKDHNDEEDRDRDGRDKEDREQRKNDDEDEQEDKESRDDDDERNRKKDNDRKRKRRKKRTK,0.99999964,0.99999964,7,13751,694
EKRPKNKDTEDDEDRDRDNDRKEDREQEKNDDEDEQEDKDSRDNDDERKRKKDKDRKKKHRKKRMK,0.99999964,0.99999964,7,13751,694
EKRPKNKDENDEEDRDRDGRDKEDREERKNDDEDEQEDQESRDDDDERNRKKDNDKKKKRRKKRSK,0.99999964,0.99999964,7,13751,694
EKRPKNKDHNDEEDRDRDPRDKEDREQRKNDDEDEQEDKESRRDDDERNRKKDNDKKKKRRKKRTK,0.99999964,0.99999964,7,13751,694
EKRPKNKDTEDDEDRDRDNDRKEDDEQEKNDDEDEQEDKDSRDNDDERKRKKDKDRKKEYRKKRMK,0.99999964,0.99999964,7,13751,694
EKRDRNKDHNEEEDRDRDKRDKEDREQRKEDDEDEQEDKESRDDDDERNRKKDNDKKKKRRKKRTK,0.99999964,0.99999964,7,13751,694
EKRPKNKDHNDEEDRDRDPRDKEDREQRKNDDEDEQEDKESRDDDDERNRKKDNDRKKKRRKKRTK,0.99999964,0.99999964,7,13751,694
EKRPKNKDHNDEEDRDRDPRDKEDREQRKNDDEDEQEDQESRDDDDERNRKKDNDKKKKRRKKRSK,0.99999964,0.99999964,7,13751,694
EKRPKNKDHNDEDDRDRDPRDKEDREQRKNDDEDEQEDKESRDDDDERNRRKDNDKKKKRRKKRTK,0.99999964,0.99999964,7,13751,694
EKRPKNKDTEDDEDRDRDNDRKEDEEQEKNDDEDKQEDKDSRDNDDERKRKKDKDRKKEHRKKRMK,0.99999964,0.99999964,7,13751,694
EKRPKNKDHNDEEDRDRDGRDKEDREQRKNDDEDEQEDQESRDDDDERNRKKDNDKKKKRRKKRSK,0.99999964,0.99999964,7,13751,694
EKRPKNKDHNDEEDRDRDPRDKEDREQRKNDDEDEQEDKESRDDDDERNRKKDNDKKKKRRKKRTK,0.99999964,0.99999964,7,13751,694
EKRRRNKDHNEEEDRDRDPRDKEDREQRKEDDEDEQEDKESRDDDDERNRKKDNDKKKKRRKKRTK,0.99999964,0.99999964,7,13751,694
EKRPKNKDHEDEEDRDRDGRDKEDREQRKNDDEDEQEDKESRQDDDERNRKKDNDRKKKRRKKRTK,0.99999964,0.99999964,7,13751,694
EKRKRNKDHNEEEDRDRDPRDNEDREQRKEDDDDEQEDKESRDDDDERNRKKDNDKKKKRRKKRTK,0.99999964,0.99999964,7,13751,694
EKRKKNKDHNEEEDRDRDPRDKEDREQRKEDDEDEQEDKESRDDDDERNRKNDNDKKKKRRKKRTK,0.99999964,0.99999964,7,13751,694
EKRPKNKDHNDEEDRDRDPRDKEDREQRKNEDEDEQDDQESRDDDDENNRKKDNDKKKKRRKKRSK,0.99999964,0.99999964,7,13751,694
EKKPKNKDHDDEEDRDRDPRSKEDRENRKNDDEDEQEDKESRDDDDETNRKKDNDRKKKRRKKRRK,0.99999964,0.99999964,7,13751,694
EKRKRNKDHNEEEDRDRDPRDKEDREQRKEDDEDEQKDKESRDDDDERNRKKDNDKKKKRRKKRTK,0.99999964,0.99999964,7,13751,694
EKRDKNKDHNEEEDRDRDPRDKEDREQRKNDDEDEQEDKESRDDDDERNRKKDNDKKKKRRKKRTK,0.99999964,0.99999964,7,13751,694
EKRPKNKDHNDEEDRDRDGRDKEDREQRKNDDEDEQEDKESRDDDDERNRKKDNDRKKKRRKKRTK,0.99999964,0.99999964,7,13751,694
EKRRRNKDHNEEEDRDRDHRDKEDRQQRKEDDEDEQEDKESRDDDDERNRKKDNDKKKKRRKKRTK,0.99999964,0.99999964,7,13751,694
EKRPKNKDHEDEEDRDRDGRDKEDREQRKNDDEDEQEDKESRDDDDERNRKKDNDRKKKRRKKRTK,0.99999964,0.99999964,7,13751,694
EKRPKNKDENDEEDRDRDGRDKEDREQRKNDDEDEQEDQESRDDDDERNRKKDNDKKKKRRKKRSK,0.99999964,0.99999964,7,13751,694
EKRRRNKDHNEEEDRDRDPRDKEDREGRKEDDEDEQEDKESRDDDDERNRKKDNDKKKKRRKKRTK,0.99999964,0.99999964,7,13751,694
EKRDKNKDHNEEEDRDRDPRDKEDREQRKNDDEDEQEDPESRDDDDERNRKKDNDKKKKRRKKRFK,0.9999995,0.9999995,7,13751,694
EKRPKNKDHNDDDDRDRDNDNKEDREQNKNDDEDEQEDKESRDNDDERDRKKKNDRKKKHRKKRNK,0.9999995,0.9999995,7,13751,694
EKRPKNKDHNDEEDRDRDGRDKEDREQRKNDDEDEQEDKNSRDDDDERNRKKDNDRKKKRRKKRTK,0.9999995,0.9999995,7,13751,694
EKRPKNKDHNDEEDRDRDPRDKEDREQRKNDDEDRQDDQESRDDDDERNRKKDNDKKKKRRKKRSK,0.9999995,0.9999995,7,13751,694
EKEPKNKDHNDEEDRDRDPRDKEDREQDKNDDEDEQEDKESRDDDDEDNRKKDNDRKKKRRPKRTK,0.9999995,0.9999995,7,13751,694
EKRPKNKDHNDEEDRDRDPRDKNDREQRKNDDEDEQEDKESRDDDDERERKKDNDKKKKKRKKRTK,0.9999995,0.9999995,7,13751,694
EKRKKNKDHNEEEDRDRDPRDKEDREQRKEDDEDEQEDKESRDDDDERNRKKDNQKKKKWRKKRTK,0.9999995,0.9999995,7,13751,694
EKRPKNKDHNDEEDRDRDPRDKEDREQRKNDDEDEQEDKSSRDDEDERNRKKDNDRKKKRRKKRTK,0.9999995,0.9999995,7,13751,694
EKRPKNKDHNDEEKRDRDGRDKEDREQRKNDDEDDQEDKESREDDDERNRKKDNDRKRKRRKKRTK,0.9999995,0.9999995,7,13751,694
EKKPKNKDHDDEEDRDRDPRSKEDRENRKNDDEDHQEDKESRDDDDETNRKKDNDRKKKRRKKRRK,0.9999995,0.9999995,7,13751,694
EKRPKNKDHNDEEDRDRDPRPKRDREQRKNDDEDEQDDQESRDDDDERNRKKDNDKKKKRRKKRSK,0.9999995,0.9999995,7,13751,694
EKRPKNKDHNDEEDRDRDPRDKEDREQRKNDDEDEQEDKESRRDDDERPRKKDNDKKKKRRKKRTK,0.9999995,0.9999995,7,13751,694
EKRPKNKDHNDEEDRDRDPRDKEDREQRKNDDEDEQEDKPSRDDDDERNRKKDNDRKKKRRKKRTK,0.9999995,0.9999995,7,13751,694
EKRPKNKDHNDEEDRDRDPRSKEDKEQRKNDDEDEQEDKESRDDDDEENRKKDNDRKKKHRKKRTK,0.9999995,0.9999995,7,13751,694
EKKPKNKDHDDEEDRDRDPRSKEDRENRKNDDEDEQEDKESGDDDDETNRKKDNDRKKKRRKKRRK,0.9999995,0.9999995,7,13751,694
ERRPKNKDHNDEEDRDRDPRDKEDREQRKNDDEDEQEDKESRRDDDERNRKKDNDKKKKRRKKRTK,0.9999995,0.9999995,7,13751,694
EKRPKNKDHNDEEDRDRDPRDDEDNEERKNDDEDEQEDKESRDDDDERNRKKDNDKKKKRRKKRTK,0.9999995,0.9999995,7,13751,694
EKRPKNKDHNDEEDRDRDPRSKEDKEQRKNDDEDEQEDKESREDDDEENRKKDNDRKKKHRKKRTK,0.9999995,0.9999995,7,13751,694
QKRKRNKDHNEEEDRDRDPRDKEDREQRKEDDEDEQKDKESRDDDDERNRKKDNDKKKKRRKKRTK,0.9999995,0.9999995,7,13751,694
EKRPKNKDENDEEDRDRDPRDKEDREQDKNDDEDEQEDKESRDDDDERNRKKDNDRKKKRRPKRTK,0.9999995,0.9999995,7,13751,694
EKRPKNKDTEDNEDRDRDNDRKEDREQEKNDDEDEQEDKDSRDNDDERKRKKDKDRKKEHRKKRMK,0.9999995,0.9999995,7,13751,694
EKRPKNKDHNDEEDRDRDPRDKEDREQRKNDDEDEQEDKESRDDDDERNRRKRNDKKKKRRKKRTK,0.9999995,0.9999995,7,13751,694
EKRPKNKDTEDDEDRDRDNDRKEDREQEKNDDEDEQEDKDSRSNDDERKRKKDKDRKKKHRKDRMK,0.9999995,0.9999995,7,13751,694
EKRPKNKDTEDDEDRDRDNDRKEDREQEKNDDEDEQEDKDSRPNDDERKRKKDKDRKKKHRKDRMK,0.9999995,0.9999995,7,13751,694
EKRPKNKDHNDEEDRDRDPRNKEDREQRKNEDEDDQEDKESRDDDDERNRKKDNDRKKKHRKKRTK,0.9999995,0.9999995,7,13751,694
EKRPKNKDHNDEEDRDRDPRDKEDREQRKNDDEDEQDDQESRDDDDERNRKKDNDKKKKRRKERSK,0.9999995,0.9999995,7,13751,694
EKRPKNKDHNDEEDRDRDPRDKEDQEQRKNDDEDEQEDKESRDDDDERNRKKDNDKKKKRRKKRTK,0.9999995,0.9999995,7,13751,694
EKRPKNKDHNDEEDRDRDPRDKEDREQRKNDDEDEQEDQESRDDDDERNRKKDNDRKKKRRPKRQK,0.9999995,0.9999995,7,13751,694
EKRPKNKDHNDEEDRDRDPRDKRDREQRKNDDEDEQDDQESRDDDDERNRKKDNDKKKKQRKKRSK,0.9999995,0.9999995,7,13751,694
EKRPKNKDHNDEEDRDRDPRDKEDREQRKSDDEDEQEDKESRDDDDERNRKKDNDKKKKRRKKRTK,0.9999995,0.9999995,7,13751,694
EKRPKNKDHNDEEDRDRDPRDKEDREQRKNEDEDEQDDQESRDDDDERNRKKDNDKKKKRRNKRSK,0.9999995,0.9999995,7,13751,694
EKRPKNKDHNDEDDRDRDPRDKEDREQRKNDDEDEQEDKESRDDDDERNRDKDNDKKKKRRKKRTK,0.9999995,0.9999995,7,13751,694
EKRPKNKDHWDDEDRDRDNERKEDREQEKNDDEDEQEDKDSRDNDDERNRKKDKDRKKKDRKKRDK,0.9999995,0.9999995,7,13751,694
EKRPKNKDHNDDEDRHRDNDRKEDREQEKNDDEDEQEDKDSRDNDDEKNRKKDKDRKKKHRKKRTK,0.9999995,0.9999995,7,13751,694
EKSPKNKDHNDEEDRDRDPRDKEDREQRKNEDEDEQDDQESRDDDDENNRKKDNDKKKKRRKKRSK,0.9999995,0.9999995,7,13751,694
EKKPKNKDHDDEEDRDRDPRSKEDRENRKNDDEDEQEDKESRDDDDQTNRKKDNDRKKKRRKKRRK,0.9999995,0.9999995,7,13751,694
EKRSKNKDTEDDEDRDRDNDRKEDRKQEKNDDEDEQEDKDSRDNDDERKRKKDKDRKKKHRKDRMK,0.9999995,0.9999995,7,13751,694
EKRPKNKDHNDEEDRDRDPRDKRDREQRKNDDEDEQDDQESRDDDDERNRKNDNDKKKKRRKKRSK,0.9999995,0.9999995,7,13751,694
EKRPKNKDHNDEEDRDRDPRDKEDREQRKNDDEDEQENKESRDDDDERNRRKDNDKKKKRRKKRTK,0.9999995,0.9999995,7,13751,694
EKRDKNKDHNEEEDRDRDPRDKEDREQRKNDDEDEQEDKSSRDDDDERNRKKDNDKKKKRRKKRTK,0.9999995,0.9999995,7,13751,694
EKRPKNKDHEDEEDRDRDGRDKEDREQRTNDDEDEQEDKESRDDDDERNRKKDNDRKKKRRKKRTK,0.9999995,0.9999995,7,13751,694
EKRPKNKDHNDEEDRDRDPRDKEDREQRKNDDEDEQDDQESRDDDDERNRKKDNDKKNKRRKKRSK,0.9999995,0.9999995,7,13751,694
EKRPKNKDHNDEEDRDRDPRDKGDREQRKNDDEDEQDDQESRDDDDERNRKKDNDKKKKRRKKRSK,0.9999995,0.9999995,7,13751,694
EKRPKNKDHNDEEDRDRDPRDKEDREQRKNDDEDEQEDSESRDDDDERNRKKDNDRKKKRRKKRTK,0.9999995,0.9999995,7,13751,694
EKRPKNKDHNDEEDRDRDPRDKEDREQRKNDDEDEQEDKEYRDDDDERNRRKDNDKKKKRRKKRTK,0.9999995,0.9999995,7,13751,694
EKRPKNKDHNDEEKRQRDGRDKEDREQRKNDDEDDQEDKESREDDDERNRKKDNDRKRKRRKKRTK,0.9999995,0.9999995,7,13751,694
EKRPKNKDHNDEEDRDRDPRDKEDREQRKNDDEDEQEDKESRDDDDERNRKKDNDRKKKRRPKRQK,0.9999995,0.9999995,7,13751,694
EKRPKKKDHEDEEDRDRDGKDKEDRENRKNDDEDEQEDKESRDDDDERNRKKDNDRKKKRRKKREK,0.9999999,0.9999999,8,15713,793
EKRPKKKDHEDEEDRDRDGNDKEDRENRKNDDEDEQEDKESRDDDDERNRKKDNDRKKKRRKKREK,0.9999999,0.9999999,8,15713,793
EKRPKKKDHEDEEDRDRDGRDKEDRENRKNDDEDEQEDKESRDDDDERNRKKDNDRKKKRRKKREK,0.9999999,0.9999999,8,15713,793
EKRPKNKDHEDEEDRDRDPRDKEDREQRKRDDEDEQEDKESPDDDDENNRKKDNDRKKKRRKKREK,0.99999976,0.99999976,8,15713,793
EKRPKNKDENEEEDRDRDPRDKEDREERKNDDEDEREDRERRDDDDERNRKKDNDKKKKRRKKRSK,0.99999976,0.99999976,8,15713,793
EKRPKNKDHEDEEDRDRDGRDKEDKEQRKNDDEDEQEDKESRDDDDERNRKKDNDRKKKRRKKRRK,0.99999976,0.99999976,8,15713,793
EKRPKNKDHEDEEDRDRDGRDKEDREQRKNDDEDEDEDKESKDDDDERNRKKDNDRKKKRRKKRRK,0.99999976,0.99999976,8,15713,793
EKRRRNKDHNEEEDRDRDPRDKEDREDRKEDDEDEDEDKEKRDDDDERNRKKDNDKKKKRRKKRTK,0.99999976,0.99999976,8,15713,793
EKRPKNKDHNDEEDRDRDPRDKEDREDRKNDDEDEQEDKEDRDDDDERNDRKRNDKKKKRRKKRRK,0.99999976,0.99999976,8,15713,793
EKRPKNKDHEDEEDRDRDGRDKEDREQRNNDDEDENEDKEERDDDDEHNRKKDNDRKKKRRKKRKK,0.99999976,0.99999976,8,15713,793
EKRPKNKDHNDEEDRDRDPRDKEDREQKKNDDEDEQEDKEDRDDDDERNRRKRNDKKKKRRKKRTK,0.99999976,0.99999976,8,15713,793
EKRPKNKDHEDEEDRDRDPRDKEDREQRKRDDEDEQEDKESPDDDDERNRKKDNDRKKKRRKKREK,0.99999976,0.99999976,8,15713,793
EKRPKNKDHEDEEDRDRDGRDKEDRNNRKNDDEDEQEDKESRDDDDERNRKKDNDRKKKRRKKREK,0.99999976,0.99999976,8,15713,793
EKRPKNKDHEDEEDRDRDGRDKEDREQRKEDDEDWQEDKESRDDDDERNRKKDNDRKKKRRKKREK,0.99999976,0.99999976,8,15713,793
EKERKNKDHEDEEDRDRDGRDKEDREEEKNDDEDENEDKESRDDDDERNRKKDNDRKKKRRKKRTK,0.99999976,0.99999976,8,15713,793
EKRPKNKDHEDEEDRDRDGRDKEDREQRKKDDEDEQEDKESRDDDDERNRKKRNDRKKKRRKKREK,0.99999976,0.99999976,8,15713,793
EKRPKNKDHEDEEDRDRDPRDKEDNEQKKNDDEDEQEDKEDRDDDDERNRRKRDDKKKKRRKKRTK,0.99999976,0.99999976,8,15713,793
EKKPKKKDHEDEEERSRDGRDKEDREQRKNDDEDEQEDPESRDDDDERNRKKDNDRKKKRRKKRTK,0.99999976,0.99999976,8,15713,793
EKRPKNKDHNDEEDRDRDPRDKEDREDRKNDDEDEQEDKEDRDDDDERNDRKRNDKKKKRRKKRTK,0.99999976,0.99999976,8,15713,793
EKQRKNKEHEDEEDRDRDGRDKEDREEEKNDDEDENEDKESEDDDDERNRKKDNDRKKKRRKKRTK,0.99999976,0.99999976,8,15713,793
EKRPKNKDHEDEEDRDRDGRDKEDREQRKEDDEDEQEDKEWRDDDDERNRKKDNDRKKKRRKKREK,0.99999976,0.99999976,8,15713,793
EKRPKNKDHEDEEDRDNDGRDKEDREQRKKDDEDEQEDKESRDDDDERNRKKDNDRKKKRRKKREK,0.99999976,0.99999976,8,15713,793
EKRKKNKDHEDEEDRDRDGRDKEDREQRKKDDEDEQERKESRDDDDQRRNKKDNDRKKKRRKKREK,0.99999976,0.99999976,8,15713,793
EKRPKNKDHEDEEDRDRDGRDREDREQRKNDDEDENEDKEERDDDDEHNRKKDNDRKKKRRKKREK,0.99999976,0.99999976,8,15713,793
EKRPKKKDHEDEEDRDRDGRDKEDNEHRKNDDEDEQEDKESRDDDDERNRKKDNDRKKKRRKKREK,0.99999976,0.99999976,8,15713,793
EKRPKNKDHEDEEDRDRDGRDKEDREQRKKDDEDEQERKESRDDDDERRRKKDNDRKKKRRKKREK,0.99999976,0.99999976,8,15713,793
EKRPKNKDHEDEEDDDRDGRDKEDREQRKNDDEDEQEDKESRDDDDERNRKKRNDRKKKRRKKREK,0.99999976,0.99999976,8,15713,793
EKRPKNKDHEDEEDRDRDGRDKEDREQRKRDDEDEQEDKESRDDDDERNRKKDNDRKKKRRKKREK,0.99999976,0.99999976,8,15713,793
EKRRRNKDHNEEEDRDRDPRDKEDREDRKEDDEDEDEDKESRDDDDERNRKKDNDKKKGRRKKRTK,0.99999976,0.99999976,8,15713,793
EKRPKNKDHDDEEDRDRDGRDKEDREQRKNDDEDENEDKEERDDDDEHNRKKDNDRKKKRRKKREK,0.99999976,0.99999976,8,15713,793
EKQRKNKDHEDEEDRDRDGHDKEDREEEKNDDEDENEDKESRDDDDERNRKKDNDRKKKRRKKRTK,0.99999976,0.99999976,8,15713,793
EKRPKNKDQEDEEDRDKDGRDKEDREQRKKDDEDEQEERESRDDDDERNRKKDNDRKKKRRKKREK,0.99999976,0.99999976,8,15713,793
EKRPKNKDHDDEEDRDRDGRDKEDRESRKKDDEDEQEDKESRDDDDERNRKKDNDRKKKRRKKREK,0.99999976,0.99999976,8,15713,793
EKRPKNKDDEDEEDDDRDGRDKEDREQRKNDDEDEQEDKESRDDDDERNRKKRNDRKKKRRKKREK,0.99999976,0.99999976,8,15713,793
EKRPKNKDHEDEEDRHNDGRDKEDREQRKKDDEDEQEDKESRDDDDERNRKKDNDRKKKDRKKREK,0.99999976,0.99999976,8,15713,793
EKQRKNKDHEDEEDRDRDGRDKEDREEEKNDDEDEREDKESRDDDDERPRKKDNDRKKNRRKKRTK,0.99999976,0.99999976,8,15713,793
EKRPKNKDHNDEEDRDRDPRDKEDREDRKNDDEDEQEDKEDRDDDDERNRRKRNDKKKKRRKKRTK,0.99999976,0.99999976,8,15713,793
EKRPKNKDHEDEEDRDRDGRDKEDREQRKSDDEDEQEDKEERDDDDEHNRKKDNDRKKKRRKKREK,0.99999976,0.99999976,8,15713,793
EKQRKNKDHEDEEDRDRDGRDKEDREEEKNDDEDDREDKESRDDDDERPRKKDNDRKKNRRKKRTK,0.99999976,0.99999976,8,15713,793
EKRPKNKDHEDEEDRDRDGRKKEDREQRKKDDEDEQEPTESRDDDDERNRKKDNDRKKKRRKKREK,0.99999976,0.99999976,8,15713,793
EKRPKNKDHEDEEDRDRDGRDKEDREQRKNDDEDEQEDKESRDDDDERNRKKDNDRKKKRRKKREK,0.99999976,0.99999976,8,15713,793
EKRPKNKDHEDEEDRDRDGRDKDDREQRKNDDEDENEDKEERDDDDEHNRKKTNDRKKKRRKKREK,0.99999976,0.99999976,8,15713,793
EKQRKNKDHEDEEDRDRDGQDKEDREEEKNDDEDENEDKESRDDDDERNRKKDRDRKKKRRKKRTK,0.99999976,0.99999976,8,15713,793
EKRPKNKDHEDEEDRDRDGRDKEDREQRKKDDEDEQEDTESRDDDDERNRKKDNDRKKKRRKKREK,0.99999976,0.99999976,8,15713,793
EKRPKNKDHEDEEDRDRDGRDKEDREQRKNDDEDEQEDKESRDDDDERNRKKRNDRKKKRRKKREK,0.99999976,0.99999976,8,15713,793
EKQRKNKDHEDEEDRDKDGQDKEDREEEKNDDEDENEDKESRDDDDERNRKKDNDRKKKRRKKRTK,0.99999976,0.99999976,8,15713,793
EKQRKNKDHEDEEDRDRDGRDKEDREEEKNDDEDEREDKESRDDDDERNRKKDNDRKKKRRKKRTK,0.99999976,0.99999976,8,15713,793
EKRPKNKDHNDEEDRDRDPRDKEDREQRKNDDEDEQEDKEDRDDDDERNRRKRNDKKKKRRKKRTK,0.99999976,0.99999976,8,15713,793
EKRRRNKDHNEEEDRDRDPRDKEDREDRKEDDEDEQEDKESRDDDDERNRKKDRDKKKKRRKKRTK,0.99999976,0.99999976,8,15713,793
EKRPKNKDHEDEEDKDRDGRDKEDREQRKNDDEDEAEDKEERDDDDEHNRKKDNDRKKKRRKKREK,0.99999976,0.99999976,8,15713,793
EKQRKNKDHEDEEDRPRDGRDKPDREEEKNDDEDEREDKEERDDDDERPRKKDNDRKKNRRKKRTK,0.99999976,0.99999976,8,15713,793
EKRPKNKDHEDEEDRDRDGRDKEDREQRKKDDEDEQEDKESEDDDDERNRKKDNDRKKKRRKKREK,0.99999976,0.99999976,8,15713,793
EKRPKNKDHNDEEDRDRDPRDKEDREQKKNDDEDEQEDKEDRDDDDERNRRKRDDKKKKRRKKRTK,0.99999976,0.99999976,8,15713,793
EKRPKNKDHEDEEDKDRDGRDKEDREQRKNDDEDENEDKEERDDDDEHNRKKDNDRKKKRRKKREK,0.99999976,0.99999976,8,15713,793
EKRPKNKDHEDEEDRDRDGRDKKDREQRKKDDEDEQEDKDSRDDDDERNRKKDNDRKKQRRKKREK,0.99999976,0.99999976,8,15713,793
EKRPKNKDENEEEDRDRDPRDKEDREERKNDDEDEDEDQERRDDDDERNRKKDNDKKKKRRKKRGK,0.99999976,0.99999976,8,15713,793
EKRPKNKDHEDEEDRDRDGRDKEDREQRKEDDEDEQEDKESRDDDDERNRKKDNDRKKKRRKKRGK,0.99999976,0.99999976,8,15713,793
EKQRKNKEHEDEEDRDRDGQDKEDREEEKNDDEDENEDKENRDDDDERTRKKDNDRKKKRRKKRTK,0.99999976,0.99999976,8,15713,793
EKRPKNKDHNDEEDRDRDPRDKEDRDQRKNDDEDEQEDKEDRDDDDERNRRKRNDKKKKRRKKRTK,0.99999976,0.99999976,8,15713,793
EKRPKNKDHEDEEDRDRDGRDKEDREQRKRDDEDEQEDKESPDDDDERNRKKDNDRKKKRRKKREK,0.99999976,0.99999976,8,15713,793
EKRPKNKDHEDEEDRDRDGRDKEDREQRKKDDEDEQEDKESRDDDDEGNRKKDNDRKKKRRKKREK,0.99999976,0.99999976,8,15713,793
EKRPKNKDHEDEEDRDRDGRDKEDREERKKDDEDEQERKESRDDDDERNRKKDNDRKKKRRKKREK,0.99999976,0.99999976,8,15713,793
EKRDKNKDHEDEEDRDRDGRDKEDREQRKEDDEDEQEDKESRDDDDERNRKKDNDRKKKRRKKREK,0.99999976,0.99999976,8,15713,793
EKRPKNKDHNDEEDRDRDPRDKEDREQKKNDDEDEHEDKEDRDDDDERNRRKRDDKKKKRRKKRTK,0.99999976,0.99999976,8,15713,793
EKRPKNKDENEEEDRDRDPRDKEDREERKNDDEDEDEDQERRDDDDERNRKKDNDKKKKRRKKRSK,0.99999976,0.99999976,8,15713,793
EKRPKNKDHEDEEDRDRDGSDKEDREQRKKDDEDEQERKESRDDDDERNRKKDNDRKKKRRKKREK,0.99999976,0.99999976,8,15713,793
EKRPKNKDHEDEEDRDRDGRDKEDREQRKNDDEDEQEDKEERDDDDEHNRKKDNDRKKKRRKKREK,0.99999976,0.99999976,8,15713,793
EKRPKNKDHEDEEDRDRDGRDKEDREQRKNDDEDENEDKEERDDDDEHNRKKDNDRKKKRRKKREK,0.99999976,0.99999976,8,15713,793
EKRPKNKDHEDEEDRDRDGRDKEDREQRKNDDEDEQEDSEERDDDDEHNRKKDNDRKKKRRKKREK,0.99999976,0.99999976,8,15713,793
EKRPKNKDHEDEEDRDRDGRDKEDREQRKKDDEDEQEDKESRDDDDERNRKKDNDRKKKRRKKREK,0.99999976,0.99999976,8,15713,793
EKRPKNKDHEDEEDRDRDGRDKEDREQRKNDDEDEDEDKESRDDDDERNRKKDNDRKKKRRKKRRK,0.99999976,0.99999976,8,15713,793
EKRPKNKDHEDEEDRDRDGRDKEDRETRKRDDEDEQEDKESRDDDDERNRKKDNDRKKKRRKKREK,0.99999976,0.99999976,8,15713,793
EKQRKNKEHEDEEDRDRDGRDKEDREEEKNDDEDENEDKESRDDDDERNRKKDNDRKKKRRKKRTK,0.99999976,0.99999976,8,15713,793
EKRPKNKDHEDEEDRDRDGRDKEDREQRKNDDEDENEDDEERDDDDEHNRKKDNDRKKKRRKKREK,0.99999976,0.99999976,8,15713,793
EKRPKNKDHEDEEDRDRDGRDKEDREQRKNDDEDENEDKESRNDDDERNRKKDNDRKKKDRKKRKK,0.99999976,0.99999976,8,15713,793
EKRPKNKDHEDEEDRDRDPRDKEDRKQRKRDDEDEQEDKESPDDDDERNRKKDNDRKKKRRKKREK,0.99999976,0.99999976,8,15713,793
EKRPKNKDHEDEEDRDRDGRDKEDREQRKNDDEDEQEDKESRDDDDERNRKKDKDRKKKRRKKREK,0.99999976,0.99999976,8,15713,793
EKRRRNKDHNEEEDRDRDPRDKEDREDRKEDDEDEDEDKEKNDDDDERNRKKDNDKKKHRRKKRTK,0.99999976,0.99999976,8,15713,793
EKRPKNKDHEDEEDRDRDGRDKEDREQRKNDDEDENEDKESRNDDDERNRKKDNDRKKKRRKKRKK,0.99999976,0.99999976,8,15713,793
EKQRKNKDHEDEEDRDRDGRDKEDKEEEKNDDEDEREDKESRDDDDERPRKKDNDRKKNRRKKRTK,0.99999976,0.99999976,8,15713,793
EKRPKNKDHNDDEDRDRDPRDKEDREQKKNDDEDEQEDKEDRDDDDERNRRKRNDKKKKRRKKRTK,0.99999976,0.99999976,8,15713,793
EKRPKNKDHEDEEDRDRDGRDKEDREQRKRDDEDEQEDTERRDDDDERNRKKDNDRKKKRRKKREK,0.99999976,0.99999976,8,15713,793
EKRPKNKDHEDEEDRDRDGRDKEDDEQRKNDDEDENEDKEERDDDDEHNRKKDNDRKKKRRKKREK,0.99999976,0.99999976,8,15713,793
EKRPKNKDHEDEEDRDRDGRDKEDREQRKNDDEDENEDKEERDEDDEHNRKKDNDRKKKRRKKREK,0.99999976,0.99999976,8,15713,793
EKRPKNKDHEDEEDRHNDGRDKEDREQRKKDDEDEQEDKESRDDDDERNRKKDNDRKKKRRKKREK,0.99999976,0.99999976,8,15713,793
EKQRKNKDHEDEEDRDRDGQDKEDREEEKNDDEDENEDKESRDDDDERNRKKDNDRKKKRRKKRTK,0.99999976,0.99999976,8,15713,793
EKRPKNKDHEDEEDRDRDGRDKEDREQRKEDDEDEQEDKESRDDDDERNRKKDNDRKKKRRKKREK,0.99999976,0.99999976,8,15713,793
EKRPKNKDHEDEEDRDRDGRDKEDRENRKNDDEDEQEDKESRDDDDERNRKKDNDRKKKRRKKREK,0.99999976,0.99999976,8,15713,793
EKQRKNKDHEDEEDRDRDGRDKEDREEEKNDDEDENEDKESRDDDDERNRKKDNDRKKKRRKKRRK,0.99999976,0.99999976,8,15713,793
EKRPKNKDHEDEEDRDRDGRDKEDREQRKEDDEDEQEDKKSRDDDDERNRKKDNDRKKKRRKKREK,0.99999976,0.99999976,8,15713,793
EKRPKNKDHEDEEDRDRDGRDKEDREQRKKDDEDEQERKESRDDDDERNRKKDNDRKKKRRKKREK,0.99999976,0.99999976,8,15713,793
EKRPKNKDHEDEEDRDRDGRDKKDREQRKKDDEDEQEDKESRDDDDERNRKKDNDRKKQRRKKREK,0.99999976,0.99999976,8,15713,793
DKRRRNKDHNEEEDRDRDPRDKEDREDRKEDDEDEDEDKESRDDDDERNRKKDNDKKKGRRKKRTK,0.99999976,0.99999976,8,15713,793
EKRRRNKDHNEEEDRDRDPRDKEDREDRKEDDEDEDEDKEKNDDDDERNRKKDNDKKKGRRKKRTK,0.99999976,0.99999976,8,15713,793
EKRPKNKDHEDEEDRDRDGRDKEDREQRKKDDEDEQEDKESRDDDDERNRKKDNDRKKQRRKKREK,0.99999976,0.99999976,8,15713,793
EKRPKNKDHEDEEDRDRDPRDKEDREQRKRDDEDEQEDKESPDDDDERNRKKDNDRKKKRRKKRDK,0.99999976,0.99999976,8,15713,793
EKRPKNKDENEEEDRDRDPRDKEDREERKNDDEDEQEDQERRDDDDERNRKKDNDKKKKRRKKRSK,0.99999976,0.99999976,8,15713,793
EKRRRNKDHNEEEDRDRDPRDKEDREDRKEDDEDEQEDKESRDDDDERNRKKDNDKKKKRRKKRTK,0.99999976,0.99999976,8,15713,793
EKRPKNKDHEDEEDRDRDGRDKEDREGRKNDDEDEDEDKESRDDDDERNRKKDNDRKKKRRKKRRK,0.99999976,0.99999976,8,15713,793
EKRKKNKDHEDEEDRDRDDDDKEDREDRKNDDEDENEDEEERDDDDEHKRKKDNDRKKDYRKKREK,0.9999999,0.9999999,9,17679,892
EKRDKNKDEEDEEDRDRDGRDKEDKEDRKTDDEDEEEDKEERDDDDERNRKKDDDRKKPRRKKRRK,0.9999999,0.9999999,9,17679,892
EKRPKNKDEEDEEDRDRDGRDKEDKEDRKNDDEDEEEDKEERDDDDERNRKKDDDRKKPRRKKRRK,0.9999999,0.9999999,9,17679,892
EKRPKNKDEEDEEDRNRDGRDKEDREDRKNDDEDEEEDKEERDDDDERNRKKDDDRKKPRRKKRRK,0.9999999,0.9999999,9,17679,892
EKRKKNKDHEDEEDRDRDDDQKEDREQRKNDDEDENEDEEERDDDDEHNRKKDNDRKKKRRKKREK,0.9999999,0.9999999,9,17679,892
EKRPKNKDHEDEEDRDRDRDDKEDRENRKNDDEDENEDEEEREDDDEDNRKKDNDRKKKRRKKRRK,0.9999999,0.9999999,9,17679,892
EKRDKNKDEEDEEDKDRDGRDKEDKEDRKNDDEDPEEDKPERDDDDERNRKKDDDRKKPRRKKRRK,0.9999999,0.9999999,9,17679,892
EKRKKNKDHEDEEDRGRDDDDKEDREDRKNDDEDENEDEEERDDDDEHKRKKDNDRKKDYRKKREK,0.9999999,0.9999999,9,17679,892
EKRPKNKDHEDEEERDRDRDDKEDREQRKNDDEDENEDEEERDDEDEDNRKKDNDRKKDRRKKRRK,0.9999999,0.9999999,9,17679,892
EKRKKNKDHDDEEDRDRDDDQKEDREQRKNDDEDENEDEEERDDDDEHNRKKDNDRKKKRRKKREK,0.9999999,0.9999999,9,17679,892
RKRDKNKDEEDEEDRDRDGRDKEDKEDRKNDDEDEEEDKEERQDDDERNRKKDDDRKKTRRKKRRK,0.9999999,0.9999999,9,17679,892
RKRDKNKDEEDEEDRDRDGRDKEDKEDRKNDDEDEEEDKQERDDDDERNRKKDDDRKKPRRKKRRK,0.9999999,0.9999999,9,17679,892
EKRDKNKDHEDEEDKDRDGRDKENREQRKNDDEDEDEDKEERDDDDEENRKKDNDKKKKRRKKREK,0.9999999,0.9999999,9,17679,892
EKRPKNKDHEDEEDRDRDRDDKEDREQRKNDDEDENEDEEEREDDDEDNRKKDNDRKKKRRKKRRK,0.9999999,0.9999999,9,17679,892
EKRPKDKDNEDEEDKDRDGRDKENREQRKEDDEDEDEDKEERDDDDEKNRKKDNDKKKKRRKKREK,0.9999999,0.9999999,9,17679,892
ERRKKNKDREDEEDRDRDDDQKEDREDRKNDDEDENEDEEERDDDDEPNRKPDNDRKKKRRKKREK,0.9999999,0.9999999,9,17679,892
EKRPKNKDHEDEEDRDRDGRDKEDKEDRKNDDEDEQEDKERRDDDDERNRKKDNDRKKKRRKKRRK,0.9999999,0.9999999,9,17679,892
EKRKKNKDHEDEEDRDRDDDQKEDRENRKNDDEDENEDEEERDDDEEHNRKKDNDRKKKRRKKREK,0.9999999,0.9999999,9,17679,892
EKRPKNKDPEDEEDRDRDGRDKEDKEDRKNDDEDEEEDKEERDDDDERNRKKDEDRKKPRRKKRRK,0.9999999,0.9999999,9,17679,892
EERKKNKDHEDEEDRDRDDDQKEDREDRKNDDEDENEDEEERDDDDEHNRKKDNDRKKKRRKKREK,0.9999999,0.9999999,9,17679,892
EKRPKNKDREDEEDRDRDGRDKEDKEDRKNDDEDEQEDKERRDDDDERNRKKDNDRKKPRRDKRRK,0.9999999,0.9999999,9,17679,892
EKRPKNKDEEDEEDRDRDGRDKEDREDRKNDDEDEEEDKEERDDDDERNRKKDDDRKKPRRKKRRK,0.9999999,0.9999999,9,17679,892
RKRDKNKDEEDEEDRDRDGRDKEDKEDRKNDDEDEEEDKEERDDDDERNRKKDDDRKKPRRKKRRK,0.9999999,0.9999999,9,17679,892
EKRKKNKDHEDEEDRDRDDDQKEDREDRKNDDEDENEDEEERDDDDEHNRKKDNDRKKKYRKKREK,0.9999999,0.9999999,9,17679,892
ERRKKDKDREDEEDRDRDDDQKEDREDRKNDDEDENEDEEERDDDDEHNRKPDNDRKKKRRKKREK,0.9999999,0.9999999,9,17679,892
EKRPKNKDHEDEEERDRDRDDKEDREQRKNDDEDENENEEERDDDDEDNRKKDNDRKKDRRKKRRK,0.9999999,0.9999999,9,17679,892
RKRDKNKDEEDEEDRDRDGRDKEDKEDRKNDDEDEEKDKEERDDDDERNRKKDDDRKKPRRKKRRK,0.9999999,0.9999999,9,17679,892
EKRPKNKDEEDEEDRDRDGRDKEDKEDRKNDDEDEEEDKEERDDDEERNRKKDDDRKKPRRKKRRK,0.9999999,0.9999999,9,17679,892
EKRKKNKDREDEEDRDRDDDQKEDREDRKNDDEDENEDEEERDDDDEHNRKPDNDRKKKRRKKREK,0.9999999,0.9999999,9,17679,892
EKRPKNKDHEDEENRDRDRDDKEDREQRKNDDEDENEDEEERDDDDEDNRKKDNDRKKDRRKKRRK,0.9999999,0.9999999,9,17679,892
EKRPKNKDPEDEEDRDRDGRDKEDKEDRKNDDEDEEEDQEERDDDDERNRKKDEDRKKPRRKKRRK,0.9999999,0.9999999,9,17679,892
EKRPKNKDHEDEEDRDRDRDDKEDREQRKNDDEDENEDEEERDDDDEDNRKKDNDRKKKRRKKREK,0.9999999,0.9999999,9,17679,892
EKRKKNKDHEDEEDRDRDDDQKEDREDRKNDDEDENEDEEERDDDDEHNRKKDNDRKKKRRKKREK,0.9999999,0.9999999,9,17679,892
EKRPKNKDHEDEEDRDRDGRDKEDKEDRKNDDEDEEEDKERRDDDDERNRKKDDDRKKQRRKKRRK,0.9999999,0.9999999,9,17679,892
EKRPKDKDHEDEEDKDRDGRDKENREQRKEDDEDEDEDKEERDDDDEKNRKKDNDKKKKRRKKREK,0.9999999,0.9999999,9,17679,892
EERPKDKDHEDEEDKDRDGRDKENREQRKEDDEDEDEDKEERDDDDEKNRKKDNDKKKKRRKKREK,0.9999999,0.9999999,9,17679,892
EKRPKNKDHEDEEDRDRDRDDKEDREQRKNDDEDENNDEEEREDDDEDNRKKDNDRKKKRRKKRRK,0.9999999,0.9999999,9,17679,892
EKRKKNKDHEDEEDRDRDDDQKPDREQRKNDDEDENEDEEERDDDDEHNRKKDNDRKKKRRKKREK,0.9999999,0.9999999,9,17679,892
EKRPKNKDHEDEENRDRDRDDKEDREQRKNDDEDENEDREERDDDDEDNRKKDNDRKKDRRKKRRK,0.9999999,0.9999999,9,17679,892
ERRKKNKDREDEEDRDRDDDQKEDREDRKNDDEDENEDEEERDDDDEHNRKPDNDRKKKRRKKREK,0.9999999,0.9999999,9,17679,892
EKRPKNKDHEDEEDRDRDRDDKEDREQRKNDDEDENEDEEERDDDDEDNRKKDNDRKKDRRKKRRK,0.9999999,0.9999999,9,17679,892
EKRPKNKDHEDEEDRDRDRDDKEDREQRKNDDEDEPEDEEERDDDDEDNRKKDNDRKKKRRKKRRK,0.9999999,0.9999999,9,17679,892
EKRDKNKDEEDEEDRDRDGRDKEDKEDRKNDDEDPKEDKEERDDDDERNRKKDDDRKKPRRKKRRK,0.9999999,0.9999999,9,17679,892
EKRDKNKDEEDEEDRDRDGRDKEDKEDRKNDDEDEEEDKEEKDDDDRRNRKKRDDRKKPRRKKRRK,0.9999999,0.9999999,9,17679,892
EKRPKNKDHEDEEDRDRDNDDKEDREQRKNDDEDENEDEEEREDDDEDNRKKDNDRKKKRRKKRRK,0.9999999,0.9999999,9,17679,892
NKRPKNKDPEDEEDRDRDGRDKEDKEDRKNDDEDEEEDKEERDDDDERNRKKDEDRKKPRRKKRRK,0.9999999,0.9999999,9,17679,892
EKRPKNKDHEDEEDRHRDGRDKEDKEDRKNDDEDEEEDKERRDDDDERNRKKDDDRKKQRRKKRRK,0.9999999,0.9999999,9,17679,892
ERRKKNKDREDEEDRDRDDDQKEDREDRKEDDEDENEDEEERDDDDEHNRKPDNDRKKKRRKKREK,0.9999999,0.9999999,9,17679,892
EKRKKNKDQEDEEDRDRDDDQKEDREQRKNDDEDENEDEEERDDDDEHNRKKDNDRKKKRRKKREK,0.9999999,0.9999999,9,17679,892
EKRPKNKDPEDEEDRDRDGRDKQDKEDRKNDDEDEEEDKEERDDDDERNRKKDEDRKKPRRKKRRK,0.9999999,0.9999999,9,17679,892
EKRDKNKDEEDEEDRDRDGRDKEDKEDRNNDDEDPEEDKEERDDDDERNRKKDDDRKKPRRKKRRK,0.9999999,0.9999999,9,17679,892
EKRPKNKDEEDEEDRDRDGRDKEDKEDRKNDDEDEEEDKEERDDDDERNRKKDHDRKKPRRKKRRK,0.9999999,0.9999999,9,17679,892
RKRPKNKDHEDEEDRDRDGRDKEDKEDRKNDDEDEEEDKERRDDDDERNRKKDDDRKKQRRKKRRK,0.9999999,0.9999999,9,17679,892
ERRKKNKDREDEEDRDRDDDQREDREDRKNDDEDENEDEEERDDDDEHNRKPDNDRKKERRKKREK,0.9999999,0.9999999,9,17679,892
EKRKKNKDHEDEEDRDNDDDQKEDREDRKNDDEDENEDEEERDDDDEHNRKKDNDRKKKRRKKREK,0.9999999,0.9999999,9,17679,892
EKRPKNKDHEDEEDRDRDGRDKEDKEDRKNDDEDEEEDKERRDDDDERNRKKDDDRKKPRRKKRRK,0.9999999,0.9999999,9,17679,892
EKRPKNKDHEDEEDRDRDRDDKEDREQRKNDDEDENEDEEERDDDDEDNRKKDRDRKKDRRKKRRK,0.9999999,0.9999999,9,17679,892
EKRPKDKDNEDEEDKDRDGRDKENREQRKEDDEDEDEDAEERDDDDEKNRKKDNDKKKKRRKKREK,0.9999999,0.9999999,9,17679,892
EKRKKNKDHEDEEDRDRDDDQKEDREDRKGDDEDENEDEEERDDDDEHNRKKDNDRKKKRRKKREK,0.9999999,0.9999999,9,17679,892
RKRDKNKDEEDEEDRDRDGRDKEDKEDRKNDDEDEEEDKEERPDDDERNRKKDDDRKKPRRKKRRK,0.9999999,0.9999999,9,17679,892
EKRKKNKDHEDEEDRDRDDDQKEDRNDRKNDDEDENEDEEERDDDDEHNRKKDNDRKKKRRKKREK,0.9999999,0.9999999,9,17679,892
EKRPKNKDHEDEEDRDRDRDDKEDREQRRNDDEDENEDEEERDDDDEDNRKKDRDRKKDRRKKRRK,0.9999999,0.9999999,9,17679,892
EKREKNKDHEDEEDRDRDRDDKEDREQRKNDDEDENNDEEEREDDDEDNRKKDNDRKKKRRKKRRK,0.9999999,0.9999999,9,17679,892
EKRDKNKDEEDEEDRDRDGRDKEDKEDRKNDDEDEEEDKEERDDDDERNRKKDDDRKKPRRKKRRK,0.9999999,0.9999999,9,17679,892
EKRPKNKDHEDEEDRDRDRDDKEDREQRKNDDEDENEDEEERDDDDEDNRKKDNDRKKKRRKKRRK,0.9999999,0.9999999,9,17679,892
EKRKKNKDQEDEEDRDRDDDQKEDREDRKNDDEDENEDEEERDDDDEHNRKKDNPRKKKRRKKREK,0.9999999,0.9999999,9,17679,892
EKRKKNKDHEDEEDRDRDDDDKEDREDRKNDDEDENEHEEERDDDDEHKRKKDNDRKKDYRKKREK,0.9999999,0.9999999,9,17679,892
EKRKKNKDHEDEEDRYRDDDQKEDREDRKNDDEDENEDEEERDDDDEHNRKKDNDRKKKRRKKREK,0.9999999,0.9999999,9,17679,892
EKRDKNKDEEDEEDRDRPGRDKEDKEDRKNDDEDEEEDKEERDDDDERNRKKDDDRKKPRRKKRRK,0.9999999,0.9999999,9,17679,892
EKRPKNKDHEDEEERDRDRDDKEDREQRKNDDEDENEDEEERDDDDEDNRKKDNDRKKDRRKKRRK,0.9999999,0.9999999,9,17679,892
EKRKKNKDHEDEEDRDRDDDDKEDREDRKNDDEDENEDEEERDDDDEHNRKKDNDRKKDYRKKREK,0.9999999,0.9999999,9,17679,892
EKRDKNKDEEDEEDRDRDGRDKEDKEDRKNDDEDPEEDKEERDDDDERNRKKDDDRKKPRRKKRRK,0.9999999,0.9999999,9,17679,892
EKRKKNKDHEDEEDRHRDDDQKEDREQRKNDDEDENEDEEERDDDDEHNRKKDNDRKKKRRKKREK,0.9999999,0.9999999,9,17679,892
EKRKKNKDREDEEDRDRDDDQKEDREDRKNDDEDEEEDEEERDDDDEHNRKPDNDRKKKRSKKREK,0.99999976,0.99999976,9,17679,892
EKRDKNKDEEDEEDRDRDGRDKEDKEDRKNDDEDEEEDKEERDDDDERNRKKDDDRKKPRRWKRRK,0.99999976,0.99999976,9,17679,892
EKRDKNKDEEDEEDKDRDGRDKEDKEDRKNDDEDPEEDKPERDDDDERNRKKDDDRDKPRRKKRRK,0.99999976,0.99999976,9,17679,892
EKRKKNKDHEDEEDRDRDDDDKEDREDRKNDDEDENEDEEERDDDDEHNRKKDNDRKKDYRNKREK,0.99999976,0.99999976,9,17679,892
EKRDKNKDEEDEEDRDRDGRDKEDKEDRKNDDEDEEEDKEERDDDDERNRKKDDDRKKPRRKKNRK,0.99999976,0.99999976,9,17679,892
EKRKKNKDHEDEEDRDRDDDQKEDREDRKNDDEDENFDEEERDDDDEHNRKKDNDRKKKRRKKREK,0.99999976,0.99999976,9,17679,892
EKRKKNKDQEDEEDRDRDDDQKEDREDRKNDDEDENEDEEEQDDDDEHNRKKDNPRKKKRRKKREK,0.99999976,0.99999976,9,17679,892
EKRPKNKDHEDEEDRDRDGRDKEDKEQRKNDDEDEQEDKEPRDDDDERNRKKDNDRKKKRRKKRRK,0.99999976,0.99999976,9,17679,892
EKRPKNKDEEDEEDRDRDGRDKEDKEDRKNDDEDEEEYKEERDDDEERNRKKDDDRKKPRRKKRRK,0.99999976,0.99999976,9,17679,892
EKRPKNKDHGDEEDRDRDGRDKEDKEDRKNDDEDEEEDKERRDDDDERNRKKDDDRKKQRRKKRRK,0.99999976,0.99999976,9,17679,892
EKRDKNKDHEDEEDKDRDGRDKENREQRKNDDEDEDEDKEERDDDDEHNRKKDNDKKKKRRKKREK,0.99999976,0.99999976,9,17679,892
EKRDKNKDHEDEEDKDRDGRDKEHRESRKNDDEDEDEDKEERDDDDEENRKKDNDKKKKRRKKREK,0.99999976,0.99999976,9,17679,892
EKRKKNKHHEDEEDRDRDDDQKEDREDRKNDDEDENEDEEERDDDDEHNRKKDNDRKKKRRKKREK,0.99999976,0.99999976,9,17679,892
EKRKKNKDHEDEEDRDRDDDQKEDREDRKNDDEDENEWEEERDDDDEHNRKKDNDRKKKYRKKREK,0.99999976,0.99999976,9,17679,892
EKRPKNKDEEDEEDRTRDGRDKEDKEDRKNDDEDEEEDKRERDDDDERNRKKDDDRKKPRRKKRRK,0.99999976,0.99999976,9,17679,892
EKRPKNKDHEDEEDKDRDGRDKENREQRKEDDEDEDEDKNERDDDDEHNRKKDNDKKKKRRKKREK,0.99999976,0.99999976,9,17679,892
ENRPKNKDHEDEEDKDRDGRDKENREQRKEDDEDEDEDKEERDDDDEHNRKKDNDKKKKRRKKREK,0.99999976,0.99999976,9,17679,892
EKRPKNKDHEDEEDRDRDCRDKEDKEDRKNDDEDEQEDKERRDDDDERNRKKDNDRKKPRRKKRRK,0.99999976,0.99999976,9,17679,892
EKRPKNKDHEDEEDRDRDRDDKEDREQRKNDDEDENEDEEERDDDDEDNRKKDNDRKKKRRKKRAK,0.99999976,0.99999976,9,17679,892
EKRPKNKDHEDEEDRDRDGRDKEDKEQRKNDDEDEQEDKERRDDDDERNRKKDNDRKKKRRKKRRK,0.99999976,0.99999976,9,17679,892
EKRPKNKDHEDEEDRHRDQRDKEDKEDRKNDDEDEERDKERRDDDDERNRKKDDDRKKQRRKKRRK,0.99999976,0.99999976,9,17679,892
EKRPKNKDHGDEEDRDRDGRDKEDKEDRKSDDEDEEEDKERRDDDDERNRKKDDDRKKQRRKKRRK,0.99999976,0.99999976,9,17679,892
EKRPKNKDHEDEEDRHRDGRDKEDKEDRKNDDETEEEDKERRDDDDERNRKKDDDRKKQRRKKRRK,0.99999976,0.99999976,9,17679,892
EKRKKNKDREDEEDRDRDDDQKEDREDKKNDDEDENEDEEERDDDDEHNRKPDNDRKKKRRKKQEK,0.99999976,0.99999976,9,17679,892
EKRPKNKDHEDEEDRDRDGRDKEDKEDRKNDDEDEEEDKERRDDDDERNRSKRDDRKKQRRKKRRK,0.99999976,0.99999976,9,17679,892
EKRRRNKDHNEEEDRERDPRDKQDREDRKEDDEDEDEDKEGKDDDDERNRKKDNDKKKHRRKKRKK,0.99999976,0.99999976,9,17679,892
EKRKKNKDKDDEEDRDRDNDDKEDYEQRKNDDEDENEDEEEREDDREDNRKKDNDRKKKRRKKRRR,0.9999999,0.9999999,10,19646,991
EKRDKNKDEEDESDRDRDGRDKEDKEDRKNDDEDEEEDKEERDDDDERNRKKDDDRKKPRRKKRRK,0.9999999,0.9999999,10,19646,991
EKRDKNKDEEDEEDRDRDGRDKGDKEDRKNDDEDEEEDKEERDDDDERNRKKDDDRKKDRRKKRRK,0.9999999,0.9999999,10,19646,991
EKRDKNKDEHDEEDRDRDGRDKEDKEDRKNDDEDEEEDKEERDDDDERNRKKDDDRKKPRRKKRRK,0.9999999,0.9999999,10,19646,991
EKRDKNKDEEDEEDRDDDRRDKEDKEDRKNDDEDEEEDKEERDDDDERNRKKDDDRKKPRRKKRRK,0.9999999,0.9999999,10,19646,991
EKRDKNKDEEDEEDRDRDGRDKGDKEDRKNDDEDEEEDQEERDDDDERNRKKDDDRKKPRRKKRRK,0.9999999,0.9999999,10,19646,991
EKRPKNKDHEDEEDRDRDNDDKEDREQRKNDDEDENEDEEEREDDDEDNRKKDQDRKKKRRKKRRK,0.9999999,0.9999999,10,19646,991
EKRDKNKDEEDEEDRDRDGRDKEDKEDRKNDDEDEEEDKEERDDDDERNSKKDDDRKKPRRKKRRK,0.9999999,0.9999999,10,19646,991
RKRDKNKDEEEEEDRDRDGRDKEDKEDRKNDDEDEEEDKEERDDDDERNRKKDDDRKKPRRKKRSK,0.9999999,0.9999999,10,19646,991
EKRDKNKDEEDEEDRDRDGRDKGDKEDRKNDDEDEEEDKEERDDDDERNRKKDDDRKKPRRKKRRK,0.9999999,0.9999999,10,19646,991
EKRDKNKDQEDEEDRDRDPEDKEDKEDRKNDDEDQEEDKEERDDDDERHEKKDDDKKKPRRKKRRK,0.9999999,0.9999999,10,19646,991
EKRPKNKDPEDEEDRDRDNDDKEDREQEKNDDEDENEDEEEREDDDEDNRKKDNDRKKKRRKKRRK,0.9999999,0.9999999,10,19646,991
EKRDKNKDEEDEEDRDRDPEDKEDKEDRKNDDEDQEEDKEERDDDDERHEKKDDDKKKPRRKKRKK,0.9999999,0.9999999,10,19646,991
EKRDKNKDEEDEEDRDRDGRDKEDKEDRKNDDEDEEEDKEERDDDDERNEKKDDDKKKPRRKKRRK,0.9999999,0.9999999,10,19646,991
RKRDKNKDEEDEEDRDRDGRDKEEKEDRKNDDEDEHEDKEERDDDDERNRKKDDDRKKPRRKKRRK,0.9999999,0.9999999,10,19646,991
EKRDKNKDEEDEEDRDRDGRDKEDKEDRKNDDDDEEEDKEERDDDDERNRKKDDDKKKPRRKKRRK,0.9999999,0.9999999,10,19646,991
EKRDKNKDQEDEEDRDRDGRDKEDKEDRKNDDEDNEEDKEERDDDDERNRKKDDDRKKPRRKKRRK,0.9999999,0.9999999,10,19646,991
EKNPKNKDKDDEEDRDRDNDDKEDREPRKNDDEDENESEEEREDDDEDNRKKDNDRKKKRRKKRRR,0.9999999,0.9999999,10,19646,991
RKRDKNKDEEDEEDRDRDGRDKENKEDRKNDDEDEEEDKENRDDDEERNRKKDDDRKKPRRKKRRK,0.9999999,0.9999999,10,19646,991
EKRDKNKDEEDEEDRDRDGRDKEDKEDRKNDDEDNEQDKEERDDDDERNRKKDDDRKKPRRKKRRK,0.9999999,0.9999999,10,19646,991
EKRDKNKDEEDEEDRDRDGRDKEDKEDRKNDDEDEEEDKSERDDDDERNRKKDDDRKKPRRKKRRK,0.9999999,0.9999999,10,19646,991
EKRPKNKDPEDEEDRDRDNDDKEDREQRKNDDEDENEDEEEREDDDEDNRKKDNDKKKKRRKKRRK,0.9999999,0.9999999,10,19646,991
RKRDKNKDEEDEEDRDRDRRSKEDKEDRKNDDEKEEEDKEERDDDDERNRKKDDDKKKPRRKKRRK,0.9999999,0.9999999,10,19646,991
KKRDKNKDEEDEEDRDRDGRDKEDKEDEKNDDEDEEEDKEERDDDDERNRKKDDDRKKPRRKKRRK,0.9999999,0.9999999,10,19646,991
EKRDKNKDEEDEEDRDRDPEDKQDKEDRKNDDEDQEEDKEERDDDDERHEKKDDDKKKPRRKKRRK,0.9999999,0.9999999,10,19646,991
EKRDKNKDEEDEEDRDRDGRDKEDKEDRKNDDEDEAEDKEERDDDDERNRKKDDDRKKPRRKKRRK,0.9999999,0.9999999,10,19646,991
RKDDKNKDEEDEEDRDRDRRDKEDKEDRKNDDEKEEEDKEERDDDDERNRKKDDDKKKPRRKKRRK,0.9999999,0.9999999,10,19646,991
EKRDKNKDEEDEEDRDRDGADKEDKEDRKNDDEDEEEDKEERDDDDERNRKKDDDRKKPDRKKRRK,0.9999999,0.9999999,10,19646,991
EKRPKNKDKDDEEDRDRDNDDKEDREQRKNYDEDENEDEEEREDDDEDNRKKDNDRKKKRRKKRRR,0.9999999,0.9999999,10,19646,991
EKRDKNKDNEDEEDRDRDGRDKEDKEDRKNDDEDEEEQKEERDDDDERNRKKDDDRKKPRRKKRRK,0.9999999,0.9999999,10,19646,991
RKRDKNKDEEEEERRDRDGRDKEDKEDRKNDDEDEEEDKEERDDDDERNRKKDDDRRKPRRKKRRK,0.9999999,0.9999999,10,19646,991
EKNPKNKDKDDEEDRDRDNDDKEDREQRKNDDEDENESEEEREDDDEDNRKKDNDRRKKRRKKRRR,0.9999999,0.9999999,10,19646,991
EKRPKNKDPEDEEDRDRDGRDKEDKEDRKNDDEDEREDEEERDDDDERNRKKDDDRKKPKRKKRRK,0.9999999,0.9999999,10,19646,991
EKRDKNKDDEDEEDRDRDGRDKNKKEDRKFDDEDEEEDREERDDDDERNRKKDDDRKKPRRKKRRK,0.9999999,0.9999999,10,19646,991
EKRDKNKDEEDEEDQDRDGRDKEDKEDRKNDDEDNEEDKEERDDDDERNRKKDDDRKKPRRKKRRK,0.9999999,0.9999999,10,19646,991
EKRPKNKDKDDEEDRDRDNDDKEDREQRKNDDEDENEDTEEREDDDEDNRKKDNDRKKKRRKKRRR,0.9999999,0.9999999,10,19646,991
RKRDKNKDEEEEEDEDRDGRDKEDKEDRKNDDEDEEEDKEERDDDDERNRKKDDDRKKPRRKKRRK,0.9999999,0.9999999,10,19646,991
EKRDKNKDEEDEEDRDRDGRDKEDKEDRKNDDEDNEEDYEERDDDDERNRKKDDDRKKPRRKKRRK,0.9999999,0.9999999,10,19646,991
KKRDKNKDEEDEEDRDRDGRDKEDKEDRKNNDEDEEEDKEERDDDDERNRKKDDDRKKPRRKKRRK,0.9999999,0.9999999,10,19646,991
EKRDKNKDEEDEEDRDRDGRDKEDKKDRKNDDEDEEEDKEERDDDDERNRKKDYDRKKPRRKKRRK,0.9999999,0.9999999,10,19646,991
RKRDKNKDEEDEEDRARDPRDKEDKEDRKNDDEDEEEDKEERDDDDERNRKKDDDRKKPRRKKRRK,0.9999999,0.9999999,10,19646,991
RKRDKNKDEEDEEDRDRDHRDKENKEDRKNDDEDEEEDDENRDDDEERNRKKDDDRKKPRRKKRRK,0.9999999,0.9999999,10,19646,991
EKRDKNKDEEDEEDRDRDGEDKEDKEDRKNDDEDQEEDKEERDDDDDRNEKKDDDKKKPRRKKRRK,0.9999999,0.9999999,10,19646,991
EKRDKNKDEEDEEDRDRDGRDKEDKEQRKNDDEDEEEQKEEREDDDDRKRKKDDDRKKPRRKKRRK,0.9999999,0.9999999,10,19646,991
EKRDKNKDEEDEEDRDRDGRDKEDKERRKNDDEDEEEQKEEREDDDERNRKKDDDRKKPRRKKRRK,0.9999999,0.9999999,10,19646,991
EKRPKNKDPEDEEDRDRDGRDKEDKEDRKNDDEDEEEDQEERDDDDERNRKKDDDRKKPRRKKRRK,0.9999999,0.9999999,10,19646,991
RKRDKNKDEEDEEDRDRDGRDKEDKEDRKNDDEDEEEDKEERDDDDERNRKKDDDRRKPRRKKRRK,0.9999999,0.9999999,10,19646,991
EKRDKNKDEEDEEDRDRDGRDKERKEDRKNDDEDEEEDKEERDDDDERNRKKDDDRKKPRRKKRRR,0.9999999,0.9999999,10,19646,991
RKRDKNKDEEDEEDRDRDGRDKEDKEDRKNDDEDEHEDKEERDDDDERNRKKDDDRKKPRRKKRRK,0.9999999,0.9999999,10,19646,991
RKRDKNKDEEDEEDRDRDGRDKEDKEDRKNDDEDEEEDKEERDDDDERNNKKDDDRKKPRRKKRRK,0.9999999,0.9999999,10,19646,991
EKRPKRKDPEDEEDRDRDGRDKEDKEDRRNDDEDEQEDQEERDDDDERNRKKDQDRKKPRRKKRRK,0.9999999,0.9999999,10,19646,991
GKRDKNKDEEDEEDRDRDGRDKEDKEDRKNDDEDEEEDKEERDDDDERNRKKDDDRKKPRRKKRRK,0.9999999,0.9999999,10,19646,991
EKRDKNKDEEDEDDRDRDGRDKEDKEDRKNDDEDEEEDKEERDDDDERNRKKDYDRKKSRRKKRRK,0.9999999,0.9999999,10,19646,991
EKRDKNKDENDEEDRDRDGRDKEDKEDRKNDDEDEEEDKEERDDDDERNRKKDDDRKKPRRKKRRK,0.9999999,0.9999999,10,19646,991
EKRDKNKDEEDEEDRDRDGRDKEDKEQRKNDDEDEHEQKEEREDDDDRKRKKDDDRKKPRRKKRRK,0.9999999,0.9999999,10,19646,991
EKRPKNKDHDDEEDRDRDNDDKSDREQRKNDDEDENEDEEEREDDDEDNRKKDNDRKKKRRKKRRK,0.9999999,0.9999999,10,19646,991
EKRPKNKDKDDEEDRDRDNDDKTDREQRKNDDEDENEDEEEREDDDEDNRKKDNDRKKKRRKKRRR,0.9999999,0.9999999,10,19646,991
EKRDKNKDEEDENDRDRDGRDKEDKEDRKNDDEDEEEDKEERDDDDERNRKKDDDKKKPRRKKRRK,0.9999999,0.9999999,10,19646,991
RKRDKNKDEEEEEDRDRDGRKKEDKEDRKNDDEDEEEDKEERDDDDERNRKKDDDRKKPRRKKRRK,0.9999999,0.9999999,10,19646,991
EKRDKNKDEEDEEDRDRDGRKKEDKEDRKNDDEDEEEDKEERDDDDERNRKKDYDRKKSRRKKRRK,0.9999999,0.9999999,10,19646,991
EKRPKNKDKDDEEDRDRDNDDKEDREQRKNDDEDENEDEEEREDDDEDNRKKDNDRKKKRRKKRNR,0.9999999,0.9999999,10,19646,991
EKRPKNKDHDDEEDRDRDNDDKEDREQRKNDDEDENEDDEEREDDDEDNRKKDNDRKKKRRKKRRK,0.9999999,0.9999999,10,19646,991
EKRDKNKDEEDEEDQDRDGRDKEDKEDRKNDDEDNEEDKEERDDDDERNRKKRDDRKKPRRKKRRK,0.9999999,0.9999999,10,19646,991
KKRDKNKDEEDEEDRDRDGRDKEDKEDRKNDDEDEEEDKEERDDDDERNRKKTDDRKKPRRKKRRK,0.9999999,0.9999999,10,19646,991
EKRPKNKDKDDEEDRDRDNDDKEDREQRKNDDEDENEDEEEREDDDEDNREKDNDRKKKRRKKRRR,0.9999999,0.9999999,10,19646,991
EKRPKNKDKDDEEDRDRDNDDKEDRWQRKNDDEDENEDEEEREDDDEDNRKKDNDRKKKRRKKRRR,0.9999999,0.9999999,10,19646,991
PKRPKRKDPEDEEDRDRDGRDKEDKEDRKNDDEDEQEDQEERDDDDERNRKKDQDRKKPRRKKRRK,0.9999999,0.9999999,10,19646,991
EKRDKNKDNEDEEQRDRDGRDKEDKEDRKNDDEDEEEQKEERDDDDERNRKKDDDRKKPRRKKRRK,0.9999999,0.9999999,10,19646,991
EKRDKNKDEEDEEDRDEDGRDKEDKEDRKNDDEDEEEDKEERDDDDERNRKKDDDRKKPRRKKRRK,0.9999999,0.9999999,10,19646,991
EKRPKNKDKDDEEDRDRDNDDKEDYEQRKNDDEDENEDEEEREDDDEDNRKKDNDRKKKRRKKRRR,0.9999999,0.9999999,10,19646,991
EKRDKNKDEEDEEDQDRDGRDKEQKEDRKNDDEDNEEDKEERDDDDERNRKKDDDRKKPRRKKRRK,0.9999999,0.9999999,10,19646,991
EKRDKNKDNEDEEDRDRDGRDKEKKEDRKNDDEDEEEQKEERDDDDERNRKKDDDRKKPRRKKRRK,0.9999999,0.9999999,10,19646,991
EKRDKNKDEEDEEDRNRDGRDKEDKEDRKNDDEDEEEDKEERDDDDERNRKKWDDRKKPRRKKRRK,0.9999999,0.9999999,10,19646,991
DKRDKNKDEEDEEDRDRDGRDKEDKEDRKNDDEDEEEDKEERDDDDERNRKKDDDRKKPRRKKRRK,0.9999999,0.9999999,10,19646,991
EKRDKNKDEEDEEDRDRDGRDKEDKEDRKNDDEEEEEDKEERDDDDERNRKKDDDRKKPRRKKRRK,0.9999999,0.9999999,10,19646,991
RKRDKNKDEEDEEDRSRDGRDKEDKEDRKNDDEDEEEDKEERDDDEERNRKKDDDRKKPRRKKRRK,0.9999999,0.9999999,10,19646,991
RKRDKNKDEEDEEDRDRDERDKEDKEDRKNDDEDEEEDKEERDDDDERNRKKDDDRRKPRRKKRRK,0.9999999,0.9999999,10,19646,991
RKRDKNKDEEDEEDRDRDDRDKEDKEDRKNDDEKEEEDKEERDDDDERNRKKDDDKKKPRRKKRRK,0.9999999,0.9999999,10,19646,991
EKRPKRKDPEDEEDRDRDGRDKEDKEDRKNDDEDEQEDQEERDDDDERNRKKDQDRKKPRRKKRRK,0.9999999,0.9999999,10,19646,991
RHRDKNKDEEDEEDRDRDGRDKEDKEDRKNDDEDEEEDKEERDDDDERNRKKDDDRKKPRRKKRRK,0.9999999,0.9999999,10,19646,991
EKRDKNKDEETEEDRDRDGRDKEDKEDRKNDDEDEEEDKEERDDDDERNRKKDDDRKKPRRKKRRK,0.9999999,0.9999999,10,19646,991
EKRDNNKDEEDEEDRDRDGRDKEDKEDRKNDDEDEEEDKEERDDDDERNRKKDDDKKKPRRKKRRK,0.9999999,0.9999999,10,19646,991
EKRPKRKDPEDEEDRDRDGRDKEDKEDRKNDDEDEQEDQEERDDDDEQNRKKDQDRKKPRRKKRRK,0.9999999,0.9999999,10,19646,991
EKRDKNKDDEDEEDRDRDGRDKEKKEDRKFDDEDEEEDREERDDDDERNRKKDDDRKKPRRKKRRK,0.9999999,0.9999999,10,19646,991
EKRPKRKDPEDEEDRDRDGRDKEDKEDRKNDDEDEQEDQEERDDDDERNRKKDQDRKKPRRKKRTK,0.9999999,0.9999999,10,19646,991
RKRDKNKDEEDEEDRDRDGRDKENKEDRKNDDEDEEEDKEERDDDEERNRKKDDDRKKPRRKKRRK,0.9999999,0.9999999,10,19646,991
EKRPKNKDHEDEEDRDRDNDDKEDREQRKNDDEDENEDKEEREDDDEDNRKKDQDRKKKRRKKRRK,0.9999999,0.9999999,10,19646,991
RKRDKNKDEEEEEDRDRDGRDKEDKEDDKNDDEDEEEDKEERDDDDERNRKKDDDRKKPRRKKRRK,0.9999999,0.9999999,10,19646,991
RKRDKNKDEEEEEDRDRDGRDKEDKEDRKNDDEDETEDKEERDDDDERNRKKDDDRKKPRRKKRRK,0.9999999,0.9999999,10,19646,991
EKRPKNKDPEDEEDRDRDGRDKEDKEDRKNDDEDEREDQEERDDDDERNRKKDDDKKKPRRKKRRK,0.9999999,0.9999999,10,19646,991
EKRDKNKDEEDEEDRDRDGRDKEDKEDRKNDDEDEEEDKEERDDDDERNRKKDDDRKKCRRKKRRK,0.9999999,0.9999999,10,19646,991
EKRDKKKDEEDEEDQDRDGRDKEDKEDRKNDDEDNEEDKEERDDDDERNRKKDDDRKKPRRKKRRK,0.9999999,0.9999999,10,19646,991
RKRDKNKDQEDEEDRDRDGRDKEDKEDRKNDDEDEEEKKEERDDDDERNRKKDDDRKKPRRKKRRK,0.9999999,0.9999999,10,19646,991
EKRPKKKDHDDEEDRDRDNDDKEDREQRKNDDEDENEDEEEREDDDEDNRKKDNDRKKKRRKKRRR,0.9999999,0.9999999,10,19646,991
RKRDKNKDEEDEEDRSRDGRDKEDKEDRKEDDEDEEEDKEERDDDEERNRKKDDDRKKPRRKKRRK,0.9999999,0.9999999,10,19646,991
QKRDKNKDEEDEEDRDRDGRDKPNKEDRKNDDEDEEEDKEERDDDEERNRKKDDDRKKPRRKKRRK,0.9999999,0.9999999,10,19646,991
RKRDKNKDEEEEEDRHRDGRDKEDKEDRKNDDEDEEEDKEERDDDDERNRKKDDDRKKPRRKKRRK,0.9999999,0.9999999,10,19646,991
EKRDKNKDEEDEEDRDRDGRDKEDKEDRKNDDEDEYEDKEERDDDDERNRKKDDDRKKPRRKKRRK,0.9999999,0.9999999,10,19646,991
RKRDKNKDEEDEEDRDRDGRDKEDKEDRKNDDEDEEEDKEERDDDEERNRKKDDDRKKPRRKKRRK,0.9999999,0.9999999,10,19646,991
