{"run_id": "18:55:32-09/28/2020", "exp_name": "CbAS_Q=0.8_generator=VAE_latent_dim=2_intermediate_dim=250", "model_name": "LandscapeAsModel=RosettaFolding", "landscape_name": "RosettaFolding", "rounds": 10, "sequences_batch_size": 100, "model_queries_per_batch": 2000}
sequence,model_score,true_score,round,model_cost,measurement_cost
MAQASVVFNQLIPINTHLTLVMMRFEVVTPVGCPAMDIPRLVSQQVNRAVPLGTTLMPDMVKGYAA,,0.3239406,0,0,1
IKCRENNTHIKCRERTDCRLWDGVDRPDHQQGLSAPHADFYFWCKSARKNHSESPVCEWDIHEMLP,0.26115027,0.26115027,1,2000,100
KCTRSPTHDMFLGGREIHKCMAGTEESHNYVRELEMKCYGLWIRDTKGGCCTKWPYNPPQGVEQHE,0.23326296,0.23326296,1,2000,100
SNDMVEESTRQILNPMFAYKSAGVHLWAREQHDCQSGSRAPSILETAEDWAMRQRKYQNMWRVPAH,0.21028784,0.21032016,1,2000,100
CFNGREAKGRNLWDDKAEITTQYIGLHAKPRHNQVRWMGKFCNLIYGFNQDNPKTSEQEPLDGEDR,0.20719598,0.20719504,1,2000,100
SNDMVEESTRQILNPMFAYKSAGVHLWAREQHNCQSGSRAPSILETAEDWAMRQRKYQNMWRVPAH,0.19771767,0.19774854,1,2000,100
CFNGREPKGRNLWDDKLRITTQYIGCHAKPRHNQVRDMIKFCNLIYGFNQDNPKTSEQDPLWGEDR,0.1869883,0.18698744,1,2000,100
CFNGREPKGRNLWDDKLRITTQYIGCVAKPRHNQVRDMIKFCNLIYGFNQDNPKTSEQEPVDGEDR,0.18414482,0.18414398,1,2000,100
SNDMVEESTRQILNPMFAYKSAGVHLWAREQHDCQSGSPAPSILETAEDWAMRQQKYQNMWRVPAH,0.18010558,0.18013433,1,2000,100
SNDMVEESTRQILNPMWAYKSAGVHLWAREQHDCQSGSRAPSILETREDWAMRQQKYQNMWYVPAH,0.1779928,0.17802127,1,2000,100
WGNHNEGKERNMWMDKSEETTQYIYCHAGPNHNQVRLMNKFEKLHNCWNQAMIQRTTQDPHKGVDI,0.17324533,0.17327319,1,2000,100
SNDMVEESTRQILNPMFAYKSAGVHLWAREQHDCQSGSRAPSILETAEDWAMRQRKYQNMWYVPAH,0.17302033,0.17304821,1,2000,100
SNDMVEESTRQILNPMFAYKSAGVHLWAREQHNCQSGSNAPSILETAEDWAMRQQKYQNMWRVPAH,0.17261884,0.17264667,1,2000,100
SNDMVEESTRQILNPMFAYKSAGVHLWAREQHDCQSGSPAPSILETAEDWAMRQRKYQNMWYVPAH,0.17251083,0.17253861,1,2000,100
YGNHNEGKERWMWMDKSEETTQAIYLHAGPNHDQVRWMNKFEKLHYPFNQAMIQRSTQDPHKGVDI,0.16979319,0.1698206,1,2000,100
CFNGREPKGRNLWDDKLRITTQYIGLHAKPRHNQVRDMIKFCNLIYGFNQDNPKTSEQDPLWGEDR,0.16976109,0.1697603,1,2000,100
SNDMVEESTRQILNPMFAYKSAGVHLWHRPQHDCQSGSPAPSILETAEDWAMRQRKYQNMWYVPAH,0.16864637,0.16867365,1,2000,100
CNDYVEESTRQILNPMWAYKSAGVHLWAREQHDCQSGSNAPSILETAEDWAMRQRKYQNMWRVPAH,0.16779675,0.16782394,1,2000,100
CFNGREAKGRNLWDDKLRITTQYIGCVAKPRHNQVRDMGKFCNLIYGFNQDNPKTSEQEPLWGEDR,0.16512732,0.16512656,1,2000,100
SNDMVEESTRQILNPMFAYKSAGVHLWAREQHDCQSGSDAPSILETAEDWAMRQRKYQNMWYVVAH,0.16425939,0.16428614,1,2000,100
KQRQHDIWMIETATRTWDRKVYGVDINGPQANHLRSKEDSLYADAPRNMKEECNVNACQSGGADLC,0.15952411,0.15955022,1,2000,100
YFNHNEGKERNDWMDKSEETTQYIYLHAGPNHDQVRWMNKFEKLHYCFNQAMIQRSTQDPHKGVDI,0.15795201,0.15797792,1,2000,100
MQIDTQMHDEEVLNPGCKWWSAETEARSNGANECKYMHCPWDHSERFNKCLHRLPVFPQRCTENEE,0.15756597,0.1575652,1,2000,100
YGNHNEGKERNDWMDKSEETTQYIYLHAGPNHDQVRWMNKFEKLHKCFNQAMIQRSTQDPHKGVDI,0.15415868,0.15418407,1,2000,100
SNDMVEESTRQILNPMFAYKSAGVHLWAREQHDCQSGSDAPSILETAEDWAMRQQKYQNMWYVPAH,0.15405867,0.15408403,1,2000,100
CFNGREAKGRNLWDDKLRITTQYIGCHAKPRHNQVRDMIKFCNLIYGWNQDNHKTSEQEPVWGEDR,0.15299758,0.15299684,1,2000,100
CFNGREPKGRNLWDDKLRITTQYIGCVAKPRHNQVRDMIKFCNLIYGFNQDNPKTSEQEPVWGEDR,0.1526818,0.15268107,1,2000,100
YGNHNEGKERWMWMDKSEETTQYIVLHAGPNHDQVRWMNKFEKLHKPWNQAMIQRTTQDPHKGVDI,0.15148483,0.15150985,1,2000,100
WGNHNEGKERMDWMDKSEETTQYIYLHAGPNHNQVRWMNKFEKLHYCFNQAMIQRSTQDPHKGVDI,0.14938863,0.14941335,1,2000,100
YGNHNEGKERNMWMDKSEETTFYIVLHAGPNHDQVRWMNKFEKLHKPFNQAMIQRSTQDPHKGVDI,0.1493207,0.14934541,1,2000,100
YGNHNEGKERMMWMDKSEETTFYIYLHAGPNHDQVRWMNKFEKLHNCWNQAMIQRSTQDPHKGVDI,0.14813249,0.14815706,1,2000,100
SNDMVEESTRQILNPMFAYKSAGVHLWAREQHDCQSGSRAPSILETAEDWAMRQQKYQNMWYVPAH,0.14763816,0.14766265,1,2000,100
CFNGREPKGRNLWDDKLRITTQYIGCVAKPRHNQVRDMGKFCNLIYGFNQSNHKTSEQEPLWGEDR,0.1466437,0.14664298,1,2000,100
CNDMVEESTRQILNPMFAYKSAGVHLWARPQHDCKSGSPAPSILETAEDWAMRQRKYQNMWRVPAH,0.14466667,0.14469078,1,2000,100
CFNGREAKGRNLWDDKAEITTQYIGCHAKPRHNQVRDMIKFCNLIYGFNQDNPKTSEQDPLWGEDR,0.1442956,0.14429493,1,2000,100
CFNGREPKGRMLWDDKLRITTQYIGCHAKPRHNQVRDMGKFCNLIYGFNQDNPKTSEQEPLWGEDR,0.14386725,0.14386654,1,2000,100
SNDMVEESTRQILNPMFAYKSAGVHLWARPQHDCQSGSRAPSILETAEDWAMRQRKYQNMWYVPAH,0.14365017,0.1436741,1,2000,100
CNDMVEESTRQILNPMFAYKSAGVHLWAREQHDCQSGSDAPSILETAEDWAMRQQKYQNMWRVPAH,0.14163123,0.14165491,1,2000,100
YGNHNEGKERMDWMDKSEETTQYIYLHAGPNHDQVRWMNKFEKLHNCFNQAMIQRTTQDPHKGVDI,0.14136557,0.14138922,1,2000,100
SNDMVEESTRQILNPMFAYKSAGVHLWAREQHNCQSGSPAPSILETAEDWAMRQQKYQNMWYVPAH,0.14071202,0.14073555,1,2000,100
SNDMVEESTRQILNPMFAYKSAGVHLWAREQHNCQSGSCAPSILETAEDWHMRQQKYQNMWRVPAH,0.1404977,0.1405212,1,2000,100
YGNHNEGKERMDWMDKSEETTQYIYLHAGPNHDQVRWMNKFEKLHYCFNQAMIQRSTQDPHKGVDI,0.1394266,0.13944997,1,2000,100
KSTDECRYKKYVGIKHRMTVDLLLPFRCNNKKMIALSYDNPNDNVPSPENGDWGENCHNRWYVNAM,0.13814232,0.13816549,1,2000,100
CFNGREPKGRNLWDDKLRITTQAIGLVAKPRHNQVRDMGKFCNLIYGFNQDNPKTSEQEPLWGEDR,0.13771783,0.13771714,1,2000,100
YFNHNEGKERWDWMDKSEEDTQYIYLHAGPNHDQVRWMNKFEKLHKCFNQAMIQRSTQDPHKGVDI,0.1373824,0.13740547,1,2000,100
YGNHNEGKERNDWMDKSEETTQYIVLHAGPNHDQVRWMNKFEKLHYCFNQAMIQRSTQDPHKGVDI,0.13681482,0.13683781,1,2000,100
YGNHNEGKERMDWMDKSEETTQYIYLIAGPNHDQVRWMNKFEKLHKPFNQAMIQRSTQDPHKGVDI,0.13672689,0.1367499,1,2000,100
YGNHNEGKERMDWMDKSEETTQYIVLHAGSNHDQVRWMRKFEKLHNCFNQAMIQRSTQDPHKGVDI,0.13547322,0.135496,1,2000,100
CFNGREPKGRNLWDDKLRITTQYIGCVAKPRHNQVRDMIKFCNLIYGFNQSNPKTSEQEPLWGEDR,0.13463809,0.13463743,1,2000,100
SNDMVEESTRQILNPMWAYKSAGVHLWAREQCDCQSGSPAPSILETAEDWAMRQRKYQNMWYVPAH,0.13448282,0.13450548,1,2000,100
WGNHQEGKERNMWMDKSEETTFYIYLHAGPNHIQVRWMTKFEKLHNCFNQSMIQRSTQDPHKGVDI,0.13402,0.13404259,1,2000,100
CFNGREAKGRNLWDDKLRITTQYIGLHAKPRHNQVRDMIKFCNLIYGFNQSNPKTSEQEPSWGEDR,0.13380684,0.13380618,1,2000,100
EKECGQYWDSEWLVPQDPDASTRHPWYVIQQVWSSIKKGNIYPVDMNEDRTLRMDPYTQFQYYQLY,0.1335646,0.13356397,1,2000,100
SNDMVEESTRQILNPMFAYKSAGVHLWAREQHDCQSGSHAPSILWTAEDWAMRQQKYQNMWYVPAH,0.13292652,0.13294895,1,2000,100
CNDYVEESTRQILNPMFAYKSAGVHLWAREQHNCQSGSRAPSILETAEDWAMRQRKYQNMWAVPAH,0.1324531,0.13247548,1,2000,100
CNDMVEESTRQILNPMFAYKSAGVHLWAREQHDCQSGSNAPSILWTAEDWAMRQRKYQNMWRVPAH,0.13226879,0.13229111,1,2000,100
CNDMVEESTRQILNPMFAYKSAGVHLWAREQHDCQSGSQACSILETAEDWAMRQRKYQNMWRVVAH,0.1316784,0.13170065,1,2000,100
YGNHNEGKERNDWMDKSEETTQYIVLHAGPNHDQVRWMNKFEKLHKCFNQAMIQRSTQDPHKGVDI,0.13109864,0.13112083,1,2000,100
SNDMVEESTRQILNPMWAYKSAGVHLWAREQHNCQSGSPAPSILETAEDWAMRQRKYQNMWRVPAI,0.13089404,0.13091618,1,2000,100
CNDMVEESTRQILNPMFAYKSAGVHLWAREQHDCQSGSNAPSILETAEDWAMRQRKYQNMWYVPAH,0.12934342,0.12936535,1,2000,100
CINGQEASFRYMLDDHEAYSMQAIGYWERPQRNCNIMSAAFFKSETGRFCDMIQGTVQNVWRGPAH,0.12933347,0.12933283,1,2000,100
SNDMVEESTRQILNPMFAYKSAGVHLWAREQHDCQSGSRAPSILETAEDWAMRQRKYQNMWRVPAI,0.12931305,0.12933497,1,2000,100
CFNGREPKGRNLWDDKLEITTQYIGCVAKPRHNQVRDMIKFCNLIYGWNQDNHKTSEQDPLWGEDR,0.12887783,0.1288772,1,2000,100
YGNHNEGKERNDWMDKSEETTQYIVLHAGSNHDQVRWMNKFEKLHKCFNQAMIQRSTQDPHKGVDI,0.1284172,0.128439,1,2000,100
CFNGREPKGRNLWDDKLEITTQYIGCVAKPRHNQVRWMGKFCNLIYGFNQDNHKTSEQDPLWGEDR,0.12522064,0.12522003,1,2000,100
CFNGREPKGRNLWMDKLRITTQAIGCHAKPRHNQVRDMIKFCNLIYGFNQDNHKTSEQEPLWGEDR,0.124979615,0.12497899,1,2000,100
CFNGREPKGRNLWMDKARITTQYIGLVAKPRHNQVRDMIKFCNLIYGFNQSNPKTSEQEPLWGEDR,0.124880604,0.12487996,1,2000,100
CFNGREPKGRNLWDDKARITTQYIGCHAKPRHNQVRDMIKFCNLIYGFNQDNPKTSEQEPLWGEDI,0.124690555,0.12468993,1,2000,100
WGNHNEGKERNDWMDKSEETTQYIYLHAGPNHIQVRWMNKFEKLHKCFNQAMIQRSTQDPHKGVDI,0.12331462,0.12333566,1,2000,100
YGNHNEGKERNDWMDKSEETTFYIYLHAGPNHDQVRWMNKFEKLHYCFNQAMIQRSTQDPHKGVDI,0.12275024,0.12277121,1,2000,100
SNDMVEESTRQILNPMFAYKSAGVHLWAREQHDCQSGSTAPSILETAEDWAMRQRKYQNMWRVPAI,0.12212958,0.122150436,1,2000,100
CFNGREAKGRNLWDDKLEITTQYIGLHAKPRHNQVRDMIKFCNLIYGFNQDNPKTSEQDPLWGEDR,0.122079305,0.12207868,1,2000,100
WFNHNEGKERNDWMDKSEETTFYIYLHAGPNHDQVRWMNKFEKLHYCFNQAMIQRSTQDPHKGVDI,0.12192588,0.12194673,1,2000,100
CFNGREPKGRNLWDDKLRITTQYIGLVAKPRHNQVRDMIKFCNLIYGFNQSNPKTSEQEPLWGEDR,0.121513054,0.121512435,1,2000,100
SNDMVEESTRQILNPMWAYKSAGVHLWAREQHNCQSGSEAPSILEIAEDWAMRQRKYQNMWYVPAI,0.12098937,0.12101006,1,2000,100
IDYTTISSQKYYIKSQEAGCQWGMEHCSHEGGECHNTWLGPTIKLHWGPNHEECAQVHGTDHPTHA,0.11963481,0.11963481,1,2000,100
YGNHNEGKERMDWMDKSEETTQYIYLHAGPNHDQVRWMNKFEKLHKCFNQAMIQRTTQDPHKGVDI,0.119358815,0.119379796,1,2000,100
YGNHNEGKERNDWMDKSEETTFYIYLHAGPNHNQVRWMNKFEKLHKCFNQAMIQRSTQDPHKGVDI,0.11935743,0.11937841,1,2000,100
CFNGREPKGRNLWDDKLRITTQAIGLHAKPRHNQVRDMIKFCNLIYGFNQSNPKTSEQEPLWGEDR,0.11914178,0.11914173,1,2000,100
CFNGRFPKGRNLWDDKARITTQYIGCHAKPRHNQVRDMGKFCNLIYGFNQDNHKTSEQDPLWGEDI,0.11903011,0.11903003,1,2000,100
YGNHNEGKERMMWMDKSEETTQYIYLHAGSNHDQVRWMNKFEKLHKCFNQAMIQRSTQDPHKGVDI,0.118321136,0.11834195,1,2000,100
YGNHNEGKERMDWMDKSEETTQYIVLHAGPNHDQVRWMNKFEKLHYCFNQAMIQRSTQDPHKGVDI,0.118262164,0.11828298,1,2000,100
CFNGREPKGRNLWMDKLRITTQYIGLHAKPRHNQVRDMIKFCNLIYGWNQSNHKTSEQEPVWGEDR,0.11688182,0.116881765,1,2000,100
CINGQEPSFRCMLDDHEAYSMQAIGYWERPQRNCNIMSKAKCKSETGEFCHMIQGTVQNVWRGPAH,0.116874576,0.11687453,1,2000,100
EIEYVCTSSVEPQNPTFWGPNPQHFWMYHGQFHNTYGAHPKTCHDHMSLWKHEDANPINATVLFAD,0.11678187,0.11680245,1,2000,100
YGNHNEGKERNMWMDKSEETTFAIYLHAGPNHDQVRWMNKFEKLHNCFNQAMIQRSTQDPHKGVDI,0.11654386,0.11656444,1,2000,100
YGNHNEGKERMDWMDKSEETTQYIVLHAGSNHNQVRWMNKFEKLHKCFNQAMIQRSTQDPHKGVDI,0.11605255,0.11607301,1,2000,100
YGNHNEGKERMDWMDKSEETTQYIVLHAGSNHDQVRWMNKFEKLHYCFNQAMIQRSTQDPHKGVDI,0.11580829,0.11582874,1,2000,100
YGNHNEGKERWDWMDKSEETTQYIVLHAGPNHDQVRWMNKFEKLHYCFNQAMIQRSTQDPHKGVDI,0.11559468,0.11561508,1,2000,100
WFNHNEGKGRNMWMDWLEETTQAIGLHAGSNHIQVRWMEKFEKLPYCFNQSNIQTSTQDPHKGVDI,0.11558527,0.11560567,1,2000,100
CFNGREAKGRNLWDDKLRITTQAIGCHAKPRHNQVRDMIKFCNLIYGFNQSNPKTSEQEPLWGEDR,0.11484025,0.11484015,1,2000,100
YFNHNEGKGRNMWMDWLEETTQAIGLHAGPRHNQVRWMDKFEKLPYCFNQANIQTSTQDPHKGVDI,0.11450884,0.1145291,1,2000,100
CFNGREPKGRNLWDDKLRITTQYIGCVAKPRHNQVRWMIKFCNLIYGFNQSNPKTSEQDPVWGEDR,0.114403374,0.11440332,1,2000,100
SNDMVEESTRQILNPMFAYKSAGVHLWAREQHDCQSGSKAPSILETAEDWAMRQQKYQNMWRVPAI,0.114204295,0.114224486,1,2000,100
KQTDLLVEFDVFCEHDIQGENLLKPKMKTEAKECHMTPLPIKIGYHRRVKPTRFPMYKGYTPVDRL,0.11319895,0.11321898,1,2000,100
CNDMVEESTRQILNPMWAYKSAGVHLWAREQHNCQSGSQAPSILETLEDWAMRQRKYQNMWYVPAH,0.11309316,0.11311314,1,2000,100
YGNHNEGKERNDWMDKSEETTFYIYLHAGPNHDQVRWMNKFEKLHKCFNQAMIQRSTQDPHKGVDI,0.112797044,0.11281705,1,2000,100
CFNGREPKGRNLWDDKLEITTQYIGLVAKPRHNQVRDMIKFCNLIYGFNQDNPKTSEQEPSWGEDR,0.11253003,0.11252996,1,2000,100
SNDMVEESTRQILNPMFAYSSAGVHLWARPQCNCQSGSKAPSILETAEDWAMRQQKYQNMWRVPAH,0.112309754,0.11232963,1,2000,100
YGNHNEGKERWMWMDKSEETTQYIVLHAGPNHDQVRWMNKFEKLHYCFNQAMIQRTTQDPHKGVDI,0.11226764,0.11228756,1,2000,100
KDKTRMVHEWQMDWYETPKNCVNMRWRYDDHGHSIDNCVPAEVKWSAYRPCHCLGPNCQWPTAWEP,0.34925097,0.34925097,2,4000,199
KDKTRLVQEWQMDWTMTPANCVNMRWPYDDHLHSIDNSVPAEQKHSAYRPCHKLQPNEQWPTAWEP,0.3424197,0.3424197,2,4000,199
KDKTRLVYEWQMDWTTTPKNCVNMRWRYDDHGHSIDNSVPAEVKWSAYRPCHKLGPNMQWPTAWEP,0.32379967,0.32379967,2,4000,199
KDKTRLVYEWQKDWFGTPSNCVNMRWPYDDELHSIDNSVPAEVKWSAYRPCPKLGPNMQWPTSWEP,0.30094635,0.30094635,2,4000,199
KDKTRLVYEWQMDWTTTPKNCVNMRWRYDDHGHSIDNCVPAEVKWSAYRPCHKLGPNMQWPTAWEP,0.29106522,0.29106522,2,4000,199
KDKTRLVYEWQMDWTETPSNCVNMRWRYDDHLHSIDNCVPAEQKWSAYRPCHKLGPNMQWHTAWEV,0.2789525,0.2789525,2,4000,199
YRFKQEISIACTAYNKNNNQDIFVWTGRSSFANHQQPQSETQRMGQEFQWALYSHDTGEMYPNQHA,0.27773526,0.27773526,2,4000,199
KDKTRLVYEWQMDWFLTPKNMVNMRWRYDDHLHSIDNSVPAEVKHSAYRPCHNLQPNMQWPTAWEP,0.2744914,0.2744914,2,4000,199
KDKTRLVHEWQMDWTMTPKNCVNMRWPYQDCLHSIDNSVPAEQKWSAYRPCHKLGPNMQWPTAWEP,0.27248764,0.27248764,2,4000,199
KDKTRLVYEWQMDWTSTPKNCVNMRWRYDDHGHSIDNCVPAESKWSAYRPCHKLGPNMQWPTAWEV,0.26917648,0.26917648,2,4000,199
YRFKQEISIACTAYNKNNNQKIFVWTGRSSFANHQFPQSETQKMGPEFQWALYSHDTGEMYPNQHA,0.2534071,0.2534071,2,4000,199
KDKARMVQEWQMDWTMTPKNCVNMRWPYDDHLHSIDNPVPAEVKWSAYRPCHKLGPNFQWFTAWEP,0.2405451,0.2405451,2,4000,199
KQFQERKYWHCEQHQTRQQDPSQFTRPHSEENWYIDKQSDNIYQCFWDPDHHWDHPVCYYGCCPTQ,0.24022968,0.24026461,2,4000,199
KDKTRMVYEWQMDWTMTPKNCVNMRWNYDDHLHSIDNSVPAEVKWSAYRPCHKLGPNMQWPTAWEV,0.23007974,0.23007974,2,4000,199
KDKTRMVYEWQMDWTTTPSNCVNMRWRYDDHLHSIDNCVPAEVKWSAYRPCKKLGPNMQWPTSWEV,0.22828801,0.22828801,2,4000,199
KDKTRLVQEWQKCWYSTPPNCVNMRWPYDDEGHSIDNSVPAEVKWSAYRPCHKLGPNTQWPTAWEP,0.22731534,0.22731534,2,4000,199
KDKTRLVYEWQMDWTTTPKNCVNMRWRYDDHGHSIDNSVPAEVKWSAYRPCHKLGPNMQWPTAWEV,0.2267382,0.2267382,2,4000,199
KDETRLVQEWQMDWTETPLNCVNMRWRYDDHGHTIDNSVPAEVKWSAYRPCHKLGPYMQWPTAWEP,0.22349676,0.22349676,2,4000,199
KDKTRLVYEWQMDWFETPKNCVNMRWRYFDHLHSIDNCVPAEQKWSAYRPCHKLGPNMQWPTAWEP,0.22311695,0.22311695,2,4000,199
KDKTRMVYEWQKDWTGTPKNCVNMRWRYDDHGHSIDNYVPAEVKWSAYRPCHCLGPNMQWPTAWEV,0.22046271,0.22046271,2,4000,199
KDKTRLVYEWQMDWTTTPKNCVNMRWPYDDHGHSIDNSVPAEVKWSAYRPCHKLGPNMQWPTAWEV,0.21907143,0.21907143,2,4000,199
YRFKQEISIACTAYNKQNNQDIFVCTGRSSFANHQQPQSETQKMGQEFQWALYSHDTGEMYPNQHA,0.21780644,0.21780644,2,4000,199
TGYSTGCWESAVKIVSRNGDQCEHTHPHERMLENHSTYDGQHPWWVMEEPQGGHPQNCYNASTARF,0.21727647,0.21730907,2,4000,199
YRFKQEISIACTAYNKPNNQDIFVCTGRSSFANHQQPQSETQKMGWEFQWALYSHDTGEMYPNQHA,0.2168135,0.2168135,2,4000,199
KDKTRLVYEWQMDWTTTPKNCVNMRWPYDDHGHSIDNCVPAEVKWSAYRPCHRLGPNTQWPTAWEV,0.21676143,0.21676143,2,4000,199
YRFKQEISIACTAYNKQNNQDIFVWTGRSSFAVHQQPQSETQKMGQEFQWALYSHDTGEMYPNQHA,0.21597524,0.21597524,2,4000,199
KDKTRLVYEWQKDWTQTPLNCVNMRWRYDDHLHSIDNSVPAEVKWSAYRPCHKLGPNTQWPTAWEP,0.20991975,0.20991975,2,4000,199
KDKNRMVYEWQKDWTMTPKNCVNMRWRYDDHGHSIDNCVPAEVKWSAYRPCHRLRPNMQWPTAWEV,0.20970954,0.20970954,2,4000,199
KDETRLVYEWQMDWTLTPKNCVNMRWNYDDHLHSIDNCVPAEVKWSAYRPCHCLGPNMQWPTAWEP,0.20727843,0.20727843,2,4000,199
YRFKQEILIACTAYNKANNQDIFVWTGRSSFAVHQQPQSETQKMGWEFQWALYSHDTGEMYPNQHA,0.20587283,0.20587283,2,4000,199
KDKTRLVYEWQMDWTMTPKNCVNMRWRYDDHGHSIDNSVPAEVKWSAYRPCHKLGPNMQWPTAWEV,0.20425856,0.20425856,2,4000,199
KDKTRLVYEWQMDWTTTPKNCVNMRWPYDDHLHSIDNSVPAEVKWSAYRPCHKLGPNMQWPTAWEV,0.20328745,0.20328745,2,4000,199
KDKTRLVYEWQKDWTMTPLNCVNMRWRYQDHGHSIDNCVPAEQKWSAYRPCHKLGPNMQWPTAWEP,0.20161612,0.20161612,2,4000,199
KDKTRLVYEWQMDWTMTPKNCVNMRWPYDDHLHSIDNSVPAEVKASAYRPCHKLGPNTQWFTAWEV,0.20122527,0.20122527,2,4000,199
KDKTRLVYEWQMDWTTTPKNCVNMRWRYDDHGHSIDNCVPAEVKWSAYRPCHKLGPNMQWPTAWEV,0.20090087,0.20090087,2,4000,199
KDKTRLVYEWQMDWTMTPKNCVNMRWPYDDHGHSIDNSVPAEVKWSAYRPCHKLGPNMQWPTAWEV,0.19715807,0.19715807,2,4000,199
KDETRLVQEWQMDWTGTPKNCVNMRWRYDDHGHSIDNSVPAEVKWSAYRPFHCLGPNMQWPTAWEV,0.19705863,0.19705863,2,4000,199
YRFKQEISIACTAYNKANNQDIFVWTGRSSFANHQYPQSETQKMGGEFQWALYSHDTGEMYPNQHA,0.1930075,0.1930075,2,4000,199
KDVTRMVYEWQMDWTTTPKNCVNMRWRYDDHGHSIDNSVPAEVKWSAYRPCHNLGPNMQWPTAWEV,0.19273768,0.19273768,2,4000,199
YRFKQEISIACTAYNKANNQDIFVWTGRSSFANHQMPQSETQKMGQEFQWALYSHDTGEMYPNQHA,0.19263405,0.19263405,2,4000,199
KDKTRLVYEWQKDWTQTPLNCVKMRWEYDDHLHSIDNSVPAEQKWSAYRPCHKLGPNPQWPTAWEV,0.19201273,0.19201273,2,4000,199
KDKTRLVYEWQKDWTTTPKNCVNMRWRYDDHGHSIDNSVPAEVKWSAYRPCHKLGPNMQWPTAWEV,0.19098042,0.19098042,2,4000,199
KDKTRLVQEWQMDWTTTPKNCVNMRWRYDDHGHSIDNSVPAEVKWSAYRPCHKLGPNMQWPTAWQV,0.19065507,0.19065507,2,4000,199
KDKTRLVYEWQMDWTMTPKNCVNMRWRYDDHLHSIDNSVPAEVKWSAYRPCHKLGPNMQWPTAWEV,0.18928315,0.18928315,2,4000,199
YRFKQEISIACTAYNKRNNMKIFVWTGRSSFANHQQPQSETQRMGFEFQWALYSHDTGEMYPNQHA,0.18710887,0.18710887,2,4000,199
YRFKQEISIACTAYNKANNQDIFVCTGRSSFANHQQPQSETQKMGHEFQWALYSHDTGEMYPNQHA,0.18642817,0.18642817,2,4000,199
YRFKQEILIACTAYNKKNNQKIFVCTGRSSFAVHQEPQSETQKMGCEFQWALYSHDTGEMYPNQHA,0.186064,0.186064,2,4000,199
KDKTRLVYEWQMCWTSTPKNCVNMRWEYDDHLHSIDNKVPAEVKWSAYRPCHRLGPNMQWPTAWEV,0.18528397,0.18528397,2,4000,199
YRFKQEISIACTAYNKANNQKIFVWTGRSSFAVHQQPQSETQKMGQEFQWALYSHDTGEMYPNQHA,0.183642,0.183642,2,4000,199
YRFKQEISIACTAYNKENNQKIFVCTGRSSFAVHQQPQSETQKMGQEFQWALYSHDTGEMYPNQHA,0.18322197,0.18322197,2,4000,199
KDETRLVYEWQMDWTLTPKNCVNMRWPYDDHGHSIDNSVPAEVKWSAYRPCHKLGPNMQWPTAWEV,0.18319312,0.18319312,2,4000,199
KDKTRLVYEWQKDWTMTPKNMVNMRWRYDDHLHSIDNSVPAEVKWSAYRPCHKLGPNMQWPTAWEV,0.18264925,0.18264925,2,4000,199
KDKTRLVHEWQMDWTSTPKNCVNMRWRYDDHLHSIDNCVPAEVKWSAYRPCHKLGPNMQWPTAWQV,0.18263635,0.18263635,2,4000,199
YRFKQEISIACTAYNKANNQKIFVCTGRSSFANHQQPQSETQKMGCEFQWALYSHDTGEMYPNQHA,0.182613,0.182613,2,4000,199
KDKTRLVYEWQKDWTPTPKNCVNMRWRYDDHLHNIDNCVPNEVKWSAYRPCHKLGPNMQWPTAWQV,0.18073775,0.18073775,2,4000,199
KDKTRLVQEWQMDWYMTPLNCRNMRWRYDDHGHSIDNCVPAEVKWSAYRPCHRLGPNTQWPTAWEV,0.18044367,0.18044367,2,4000,199
KDKTRLVYEWQMDWTMTPKNCVNMRWRYDDHGHSIDNCVPAEVKWSAYRPCHKLGPNMQWPTAWEV,0.18038525,0.18038525,2,4000,199
KDKTRLVYEWQKCWTGTPKNCVNMRWRYDDHLHSIDNCVPAEVKWSAYRPCHNLGPNTQWPTAWEP,0.17985669,0.17985669,2,4000,199
KDVTRLVYEWQMDWFTTPKNCVNMRWRYDDHLHSIDNSVPAEVKWSAYRPCHCLGPNPQWPTAWEP,0.17913917,0.17913917,2,4000,199
KDKTRLVYEWQKDWFTTPLNCVNMRWEYDDHGHSIDNSVPAEQKWSAYRPCHKLGPNMQWPTAWEV,0.17594217,0.17594217,2,4000,199
YRFKQEISIACTAYNKSNNQKIFVWTGRSSFAVHQAPQSETQRMGREFQWALYSHDTGEMYPNQHA,0.17569388,0.17569388,2,4000,199
WLNGYSAKGRHCWRDWLEITTFARGCVNKSRHNCVRDMIKFGQLPNCWFQDNPKTSEQPPHWGLDR,0.17109302,0.17109302,2,4000,199
KDVTRLVYEWQMDWTQTPKNCVNMRWPYDDHGHSIDNSVPAEVKWSAYRPCHCLGPNTQWPTAWEV,0.17008701,0.17008701,2,4000,199
IQGNKCMYFSTNNVPYRMYQNAKATDFVQGTASNNVGDHNYNDCDDTYSWHCVRQYFFLHQQCRQA,0.16987842,0.16987842,2,4000,199
YRFKQEISIACTAYNKHNNQKIFVWTGRSSFAVHQGPQSETQKMGQEFQWALYSHDTGEMYPNQHA,0.16936873,0.16936873,2,4000,199
FDNGYSAKGRHCWRDWLEITTFARGCVNNSRHNCVRDMIKFGKLPNCWFQSNPHTSEQPPHWGLDR,0.16929641,0.16929641,2,4000,199
KDETRLVYEWQMDWTPTPKNCVNMRWPYDDILHSIDNSVPAQVKWSAYRPCHKLRPNMQWPTAWEV,0.16916066,0.16916066,2,4000,199
FLNGYSAKGRHCWRDWLEITTFASGCVNKSRHNCVRDMIKFGQLPNCWFQDNPKTSEQPPHWGEDR,0.16897368,0.16897368,2,4000,199
KDVTRLVYEWQKDWFMTPLNMVNMRWPYDDHGHSIDNSVPNEQKWSAYRPCHKLGPNMQWPTVWEP,0.16824758,0.16824758,2,4000,199
WLNGYSAKGRHCIRDKLEITTFARGCVNKSRHNCPRDMIKFCQLPNCWFQDNPKTSEQPPHWGEDR,0.16698919,0.1669891,2,4000,199
WLNHYSARGAHWRMDKLEIETFAGWCENSPRHIQMRDMYEDGCLQNVWNQSNNQTTEDIPHWGLDR,0.16680512,0.16680504,2,4000,199
KDETRMVYEWQKDWTLTPKNCVKMRWPYDDHLHSIDNCVPAEQKWSAYRPCHKLGPNMQWPTAWEV,0.1667973,0.16679719,2,4000,199
YRFKQEISIACTAYNKQKNMDIFVWTGRSSFAVHQQPQSETQKMGDEFQWALYSHDTGEMYPNQHA,0.16536118,0.16536108,2,4000,199
KDKNRLVYEWQKDWYTTPLNCVNMRWPYDDHGHSIDNCVPAEVKWSAYRPCHRLGPNMQWPTAWEP,0.1650913,0.1650913,2,4000,199
NGQRSYTPKYCNLIKERVQYSATKTRSGPKFAQNEAFERGWYDSVSSSLCHCENIQVYYKYQETRL,0.16419333,0.16421963,2,4000,199
WLNGYSAKGRHCWRDWLEITTFARGCVNKSRHNQVRDMIKFGGLPNCWFQDNPKTSEQPPHWGLDR,0.16305523,0.16305523,2,4000,199
YRFKQEILIACTAYNKNNNQKIFVCTGRSSFAVHQQPQSETQRMGKEFQWALYSHDTGEMYPNQHA,0.1629655,0.1629655,2,4000,199
KDETRLVYEWQMDWFSTPPNCVNMRWPYFDHGHSIDNSVPAEQKWSAYRPCPKLGPNMQWPTAWEV,0.16275981,0.16275981,2,4000,199
KDKTRLVYEWQKCWTTTPLNCVNMRWRYDDHGHSIDNCVPAEVKWSAYRPCHKLGPSPQWPTAWES,0.162007,0.162007,2,4000,199
KDKTRLVYEWQMDWFMTPKNCVNMRWPYDDHGHSIDNSVPAEVKWSAYRPCHKLGPNMQWPTAWEV,0.16175069,0.16175069,2,4000,199
YRFKQEISIACTAYNKRNNQDIFVWTGRSSFAVHQVPQSETQKMGQEFQWALYSHDTGEMYPNQHA,0.16105443,0.16105443,2,4000,199
KDKTRLVYEWQMDWTMTPKNCVNMRWPYDDHLHSIDNCVPAEVKWSAYRPCHKLGPNMQWPTAWEV,0.1607321,0.1607321,2,4000,199
KDKTRLVYEWQMDWFETPKNCVNMRWPYDDHLHSIDNCVPAEVKWSAYRPCHKLGPNMQWPTAWQV,0.1592564,0.1592564,2,4000,199
KDKTRLVYEWQMDWTTTPKNCVNMRWWYDDHLHSIDNSVPAEVKWSAYRPCHKLGPNMQWPTAWEV,0.15900998,0.15900998,2,4000,199
KDKTRLVYEWQMDWFTTPKNCVNMRWPYDDHGHSIDNCVPAEVKWSAYRPCHKLGPNMQWPTAWEV,0.15895222,0.15895222,2,4000,199
KDKTRMVYEWQMCWFETPKNCVNMRWPYDDHLHNIDNCVPAEVKWSAYRPCHKLGPNMQWPTAWEV,0.1575918,0.1575918,2,4000,199
WLNGYSAKGRHCWRDWLEITTFARGCVNKSRHNCVRDMIKFGGLPNCWFQDNPKTSEQPPHWGEDR,0.15677908,0.15677908,2,4000,199
KDKTRLVQEWQMCWFGTPKNCVNMRWRYDDHLHSIDNSVPCEVKWSAYRPCHKLQPNMQWPTAWEV,0.15493493,0.15493493,2,4000,199
YRFKQEISIACTAYNKVNNQKIFVWTGRSSFAVHQQPQSETQKMGQEFQWALYSHDTGEMYPNQHA,0.15256856,0.15256856,2,4000,199
YRFKQEISIACTAYNKSNNQKIFVCTGRSSFAVHQPPQSETQKMGQEFQWALYSHDTGEMYPNQHA,0.15226063,0.15226063,2,4000,199
YRFKQEISIACTAYNKANNQKIFVWTGRSSFAVHQRPQSETQKMGKEFQWALYSHDTGEMYPNQHA,0.15198468,0.15198468,2,4000,199
FDNGRSAKGRHLIDDKKFITTFARGCVNASRHIQMRDMIKFCSLPNVTNQDNPSTTEDPWHWGLCR,0.15190944,0.15190944,2,4000,199
WLNGYSAKGRHCWRDWLEITTFARGCVNKSRHNCVRDMIKFGGLPNCWFQDNPKTSEQPPHWGLDR,0.1514448,0.1514448,2,4000,199
KDKTRLVQEWQMCWFMTPLNCVNMRWRYDDHGHSIDNCVPAEQKWSAYRPCHKLGPNMQWHTAWET,0.15078561,0.15078561,2,4000,199
WLNGYSAKGRHCWMDWLEITTFARGCVNKSRHNQVRDMIKFGQLPNCWFQDNPKTSEQPPHWGLDR,0.15043125,0.15043113,2,4000,199
YRFKQEISIACTAYNKANNQDIFVWTGRSSFAVHQGPQSETQKMGQEFQWALYSHDTGEMYPNQHA,0.14936404,0.14936395,2,4000,199
WLNHYSAPGADWRMDKLEIHTFAGWCENSPMHIQMRDMYEDGCLQNCWNQSNNQTTEDIPHWGLDR,0.14841846,0.14841838,2,4000,199
KDKTRLVQEWQKDWTMTPKNMVNMRWPYDDHLHSIDNCVPNEVKWSAYRPCHKLGPNMQWPTAWEV,0.14644238,0.1464423,2,4000,199
KDETRLVHEWQMDWTGTPKNCVNMRWPYDDHLHSICNCVPAEVKWSAYRPCHRLQPNMQWPTAWEV,0.14489138,0.1448913,2,4000,199
KQGTHPNNSNQYCITREDHVRENCETFYQMDTSYNKGRACPSNRVDRRDSNMNEPKNEREYYMTAP,0.7424005,0.7424004,3,6000,298
TRCNQTRDTWQNRNPPEAWVSGYSETAHKIEGHYKSGNGEGWNEEPPRHCNKIEQTVYNSYKWTPP,0.5678903,0.5678903,3,6000,298
KGFYGTSWQCKYNANRLHPEKVGKVTFHRHFTHNISSNWEPWNRSDMRCCHKYGQDINRCNKFPHH,0.45308304,0.45308304,3,6000,298
KSDYHNRNSCQVLYDPEHTKMAGCETWHKHQTVVCPQNGETSKSEGAYPSHKCSPQCENYYKWTIN,0.41665408,0.41665408,3,6000,298
EGDYNGQWTCRNLATHFDDEMGNCSMQHQIHGGNTLTNWAGSNREGMEPIHMYFQDHMNYYKMVAE,0.37476078,0.37476078,3,6000,298
KRCMHGQWQNKVLATPENHVDPGTSTEHKFNCHVCSGNWACFARSGMGHIHCIEQQHCRNNKVPPH,0.37171146,0.37171146,3,6000,298
KQGMQTCDSWQVLNTSLHTQKPGGEMIHKLFTGTTLNQAAPHNSEDREHSHMCFPTVMNEWKFTPP,0.36747733,0.3675239,3,6000,298
KNDKHTQDQCKVNIDPFNTQAPGGEMFHDDVMSYKSSNWATHNAWGARPSTHAGQDIENENRFPPD,0.36311975,0.36311975,3,6000,298
HQCYWPRDMWVNRYDPEDHVGGYSSTQHDHDMSVNSGNAEPHNCVGKEWCTMYEQDVNNYYTMPIP,0.3356975,0.3356975,3,6000,298
KQDYHTQDFWVYRNVRFMDEMEQKEMPHRDHTSSKSNRWEPFKRVTQGWSNCASPTKCNENYWVIP,0.333886,0.33393055,3,6000,298
TRGTHNCWAWRIRIDHFDHESVFYSMPHKIEMSSGLVQALGHKRRDMGPRHCIGPQPENHYRWPPN,0.29053134,0.29057264,3,6000,298
TQDYWPQWMWVILNNRWHWWMPHTSTQHRHHGTYTLPRWAPSKRRIQYPCTCAFPDLCRCYKFVTE,0.28282705,0.28282705,3,6000,298
KNDNGGCWFCPYRPPSFAHEDGGTVTPHDFFTGSCYTRALTSNSWGYEHRTCISITLNNSATAPPH,0.26510814,0.26510814,3,6000,298
TNDMWNSWMAKIRNVHFDWKKPDGETPHKIDTGVTPFNAEGHKSRGAGHINCCGPKPLNYNTMVIP,0.25939128,0.25939128,3,6000,298
YRVHYEGLIVCTEQPKAENQTIFVCDYRSMFDNHFREMSEYQKLGNEFNWIVGQHDTGYMHPNQHK,0.25438362,0.2543458,3,6000,298
TSGNHNCWECKILYPHYNFKSPPCSTWYQDEGSYNPVPWEGSNSWTKGWSTCYLPQINNNWYATPD,0.22700204,0.22700204,3,6000,298
TRDKLNLWMWKIRADHIDTKSADCSMALDHNGSNQPGNWAISWCQPFEDRNMLEQEHNRYWKWTAE,0.2170501,0.2170501,3,6000,298
KNGMWNNNQWKIRNDMENTWKVKFVMEHQLHCSAGSLPWAGHNCVGPRDCTMCGQTLYNCRSWVIH,0.20114937,0.20114937,3,6000,298
TQTTGGQDQCKNNITREDTEKVHCSMQHRLFTGNASTPAEPFKSRPAGHIHLAGPQKNNEYRWTIH,0.20099573,0.20102789,3,6000,298
ENDYQTSWAWQILNTAFMHQKAYYSTQHRHFGSNKPQPGATSNCVPARPSHLIEQTICNNWTFVTE,0.19679265,0.19679265,3,6000,298
KSCYQYCNTARVLNNPFDDQKGDCSMELRMETSVIPQNGTPSIREDYYPGHMCLPTLNNKERFTRH,0.18418564,0.18418564,3,6000,298
KRFKNGCNQWRKRIVQENWQDGPCEMAHRDEGVSKSPNAACHNCRIPRHRNLYFQTCCNARTWPPD,0.18050519,0.18050519,3,6000,298
KQCNWPRDFWKVRNDVEHTKMGHTVMWHRMHGVAQPMQWATWNEWPAEPIVKYEPDHWNCWTWVAN,0.17869394,0.17869394,3,6000,298
IGGMWGRWFCVILNTPEHDWKVDSSTQHYDDGSVALQNALTSKSEPKYHFTMYEQQVYNNNRMTTN,0.17630158,0.17630158,3,6000,298
KSDNHPQWQNRILYTAEHHKAAKSSMPHYDEGHKNYVNWLCHIRVTFGMRTCYGPDCYRYAYMMRD,0.17423555,0.17423555,3,6000,298
KNFYGPRNFCKIRNPSFDHKDAQTETFHDDFTSSQLQPWETSACSDMRHIVCAGPQHENEAKMPPH,0.17387669,0.17384791,3,6000,298
TIGKHTQNQCKVRNDSENWEAPFTSMWHDHETGKKLQNALGWKSQILEHSTHIGQQVWRKRRWTAN,0.16791047,0.16791047,3,6000,298
KNDNNTNWFWRVRIPVYNDKDGGSEMEHDFFTSNNPTNGCCFNRVPLEMFHLCEIQVYNEWTFPIE,0.16711882,0.16709095,3,6000,298
KIIMWTCDTCKNNNLSWHTEDENCSMEHKHVMSNQLGNAEGHNCWGQRPIVLCEQDVMREYKFTAE,0.16144642,0.16141932,3,6000,298
INIEWGSWCWQYLYVMLNWKKGNCSMIHKIPCHYGKGPATGSIRWPMEMGVCNEPQLNRSYTWPIN,0.15899856,0.15897179,3,6000,298
SYPRTCDDPKLMNQITSHISMPCKTVHWVQIDAFAGRQGGINMLEQISEWCTHWKGNWLHGMSQNA,0.15342622,0.1534003,3,6000,298
HGITWRQWTNQVRATPENFEMPYTSMAHRMDCVTNSQNWAPHWCETYYMRQHYSITINNCARMTTP,0.14957885,0.14955337,3,6000,298
TGIKQPCWSAKICPVMYATKSPHGETAYKMPTHACLGPATISARQGKYDRHKYGQQNNNYASWPRE,0.14442027,0.14442027,3,6000,298
TRFYHPSWLCDNCAPRWNDEMAHKEMEYRFPCSYGPFNAEPFNKWGYGPITKCFQRHNNCAYMMTE,0.14411217,0.14408755,3,6000,298
HNGTGTSWQAKIRILPFDHVSPQSEMPHDDFTHVAPNNWEISNSETPRPFHCIFPDLNRHNYWPAE,0.14277114,0.14277114,3,6000,298
KQFYNGRNQCKYRIDPNAHWMEVCSMEHYMETVSGLNPWLGWNRWDQEWRTKCGQKNYNNYRPVIE,0.1423037,0.1423037,3,6000,298
KQGTHKCNQWRYNATRLHWEAVGGEMQHYFHMSTKPQNGACWKRSIARWINHIFQTPEEKYYWPPE,0.14191942,0.14189504,3,6000,298
KNGYWGSNSCKIRYVSENFVKAVSEMPHQDHGSSALFRGAPFKSVGYEMFHMAEQTLNRKNTWPAN,0.1416582,0.1416582,3,6000,298
HSCTGNQNTCQILPDHIDWVSENKSMFHQLPTGYCPLNGEGHWCVGKYPFHCNEIQKYNYYTWPTE,0.14155874,0.1415344,3,6000,298
KRFKLPCDTCQVRYDSWNDQAEGYSTPHDDFTSYGLLPWLPWNRRTPYPSHLYEQDVMNYAKFPAD,0.14048341,0.14048341,3,6000,298
KRTNWTCNAWQYLYDAENDKMGVCSTFHRLEGVYKLVQAAGHNASIQGPSNMYGQQKCNERTMPAN,0.13954906,0.13954906,3,6000,298
YRVHYETLIVCTEQIKAENQTIFVWDGRSPFDNHMREMSEYQKLGNEFNWIVGQHDTGTMHPNQHL,0.13557501,0.13557512,3,6000,298
HRTMGGCWCNVVRYDHFHDKSPHSVMAYRFEGSSQPQPGCCWASVTREHRNKYEITKCNKWYWPAE,0.13514544,0.13514544,3,6000,298
KRDTWNRDQCQINILQWMTERGFYSMIHDHVTGYALTPGECHNASGYGHIVMYEPTGYRKYRMPHN,0.13468608,0.13468608,3,6000,298
KQGKQNCNACQVLATPWDWWSVGSSMPHDFPTGYKSNPGLPSIKEIYGWRTMAGITNENSRKFPAE,0.1333576,0.13333446,3,6000,298
TGFHNQSDIERDNYPPSHTQMEGGVTPWRLITYYAIPQSNTSNARGPPCSRLIFVDKWEDNKVVNP,0.13236625,0.13234335,3,6000,298
KRDTWGQWTCVNRNDAIDFVDAYSVTFLQDETSSGYVPWEGWARQIRGPSHCASPRNYNKATMTIP,0.13095649,0.13095649,3,6000,298
IIDKNPSDACRYRYLAFNFQMPQGSTWHDMFTSYTPNPAEPFNSEGKYPFHKIGPKPENSNKWPIH,0.13067392,0.13067392,3,6000,298
YRVHYEGSIVCTEQKKAENMTIFVWDGRSDFDNHMREMSEYQKLGNEFCWIVGQHDTGLMHPNQHI,0.13029881,0.13027619,3,6000,298
KDIYWSSWMFQNLAPVTDHEDVGCRWFGRMQTSYKPYNALGNNRWGAEHSTCCYGEVERHAVWNAP,0.1299129,0.12989034,3,6000,298
SYPRTCDDPKLENQITAHISMPCKTVHWVQIDAFAERQGGINMLEQISEWCTHWKGNWLHGMSQNA,0.12927543,0.12925294,3,6000,298
HRFNGGRDSCVVLITPFHTEKEGKSMPHQDHGSSCPVQAACWNCQDREACTCYSQQLCNKYTFTIN,0.12867191,0.12867191,3,6000,298
KSDELGSWTCRNNILRLMFKMPQSSTIHKIETGKAPSNGATSNREPRRASNCCFPQLERKYTMPPN,0.12736069,0.12736069,3,6000,298
TTIYHTQDMWKIRANSEDWQKPHYETWHRIHGHSAPQPALIHKCSTQEMIVMIGQTCWNNRRWTTH,0.12320476,0.12320476,3,6000,298
YRVHYEHLIVCTEQIKAENMTIFPWDYRSSFDNHMREMSEYQKLGNEFNWIVGQHDTGLMHPNQHA,0.12271444,0.12271451,3,6000,298
SYPRTCEDPKLENQITSHISMPCKTVHWVQIDAFAGRQGGINMLEQISEWCTHWKGNWLHGMSQNA,0.12260326,0.12260336,3,6000,298
SYPRTCNDPKLENQITSHISMPCKTVHWVQIDAFAGRQGGINMLEQISEWCTKWKGNWLHGMSQNA,0.12092528,0.12092537,3,6000,298
SYPRTCDDPKLENQITSHISMPCKTVHWVQIDAFAGRQGGINMLEQISEWCTGWKGNGLHGMSQNA,0.11993565,0.1199357,3,6000,298
KQAMHYRWFCQFCNLHYDDESVVGVMFLQHPCHTNLNPWAGHKREIMEDSQHCGIKPYEKRRATID,0.11865009,0.11865009,3,6000,298
HGCKNYCNQNQNRNNHENHVSEDSSMWHRMHTSVQPQPWLGHNSWIRRWFNMIGITLYRHYYAPAE,0.11621514,0.11621514,3,6000,298
TSIKWGCDSCKINATPLDTKAVKGSTFHKDEGHYKSTNAACFKREPQEHINKISQDKLNYTYWTIH,0.11486577,0.11486577,3,6000,298
ISCEWNNNSARNRYPPEDDWGPKSSMFHQLQGVYKPPNGLGFNREDMEHRVLNLIDHCNHATVPAE,0.11385163,0.11385163,3,6000,298
SYPRTCSDPPLMNQITSHISMPCKTVHWVQIDAFAGRQGGINMLEQISEWCTWWKGNWLHGMSQNA,0.113490514,0.11349059,3,6000,298
YRVHYECSIVCTEQIKAENMTIFVCDGRSSFDNHMREMSEYQKLGNEFNWIVGQHDTGRMHPNQHA,0.11308057,0.11308062,3,6000,298
ISDKHTRNQCQYLNPQLDFEMAQSETAHYMFGSTQSQRWAGHNCVDYEHCVMAGQQCCNSRTMVAN,0.11281607,0.11281607,3,6000,298
TNDKGGQDMWQNRATAWHDQAVKKSMQHDLPTSYKLVQAATHIAWIFFPCVKYGPDHYRCWRWTTP,0.11239494,0.11239494,3,6000,298
SYPRTCSDPKLMNQITAHISMPCKTVHWVQIDAFAGRQGGINMLEQISEWCTHWKGNGLHGMSQNA,0.11014426,0.1101247,3,6000,298
YRVHYERLIVCTEQIKAENQTIFVWDGRSSFDNHMREMSEYQKLGNEFNWIVGQHDTGLMHPNQHL,0.10990282,0.10988328,3,6000,298
SYPRTCGDPDLMNQITSHISMPCKTVHWVQIDAFAGRQGGINMLEQISEWCTVWKGNWLHGMSQNA,0.109019645,0.109000266,3,6000,298
TGFYNQSDIERDNYPPWHTQMEYGKTIWKLITYYAIPNSNTSNARGPPCSRLIFVDKWEDNKVVNP,0.10697513,0.10695604,3,6000,298
SYPRTCTDPKLENQITSHISMPCKTVHWVQIDAFAGRQGGINMLEQISEWCTHWKGGGLHGMSQNA,0.10681868,0.10679965,3,6000,298
ESFTHTCNQAPIRNVHLDHKSEDYSMALYMETHQQKQNWLPFNSVTQGMSNMASPQVENKARWPAH,0.106747076,0.106747076,3,6000,298
TGFHNQSDIKRDNYPPSHTQAEYGVTPWRLITYYAPPQSNTSNARGPPCSVLIFVDKWEDNKVVNP,0.10634662,0.10632765,3,6000,298
KSCEHNCWSADIRAQPFHHWKVQKSMPHQFQGSTCPMNWLPSARSTAYARVCIFQKGYNHWYVPTN,0.10611399,0.10611399,3,6000,298
YRVHYEPLIVCTEQGKAENMTIFVCDYRSSFDNHHREMSETQKLGNEFNWIVGQHDTGAMHPNQHL,0.105962835,0.1059629,3,6000,298
TGITWPNWAWVYCAPPYNFEAGHGEMIHQHHITYTYNQGVGWNCVDPEWIVKYLPQVCRHYYVTRD,0.10573106,0.10575,3,6000,298
YRVHQERSIVCTEQIKAENQTIFVCDGRSSFDNHMREMSEYQKLGNEFNWILGQHDTGIMHPNQHA,0.103516296,0.10351637,3,6000,298
IGCMQNCNMWQNLNNRWNFKAEYKVMIHQLDESVGSGRGLGFKCWEQRWGHKCSPTPYREERFPRH,0.10268833,0.10268833,3,6000,298
SYPRTCHDPKLENQITAHISMPCKTVHWVQIDAFAGRQGGINMLEQISEWCTHWKGNWLHGMSQNA,0.10227994,0.10228003,3,6000,298
SYPRTCMDPRLMNQITAHISMPCKTVHWVQIDAFAGRQGGINMLEQISEWCTNWKGNGLHGMSQNA,0.10179372,0.10179376,3,6000,298
YRVHYENLIVCTEQIKAENQTIFPCDGRSSFDNHMREMSEYQKLGNEFNWIVGQHDTGLMHPNQHL,0.101020336,0.10102042,3,6000,298
IRTNNTNNSCPYLNPQWDFKSEYSSMPYDIQCSYKPTNATPWNCWPYGHINKLLQKVENEWYFPAP,0.1005804,0.100598514,3,6000,298
TRFYQKQNICRNLYPPWDDQKEGSSTIHRMHTVYQPQNAEGHNRWGPFCRTCIGIDTEEHNKWVIN,0.10042023,0.10042032,3,6000,298
SYPRTCDDPQLENQITSHISMPCKTVHWVQIDAFAGRQGGINMLEQISEWCTLWKGNWLHGMSQNA,0.0989904,0.09899046,3,6000,298
SYPRTCNDPHLENQITSHISFPCKTVHWVQIDAFAGRQGGINMLEQISEWCTGWKGNGLHGMSQNA,0.097844094,0.09784419,3,6000,298
TNTMNGCWQCVNRYDREHTKAVYYSTAHRLEGSTNPFPGLIFNSVGAGHIVCYFPTCYNKAKWPPH,0.097569,0.097569,3,6000,298
HRCNHNRNTCKINAPMEAWQRVDYVTIHQDHMSKQSPNAACHICVGKYWSVHCEPTPNNEWTWVTD,0.09754352,0.09754352,3,6000,298
SYPRTCMDPKLENQITSHISMPCKTVHWVQIDAFAGRQGGINMLEQISEWCTHWKGNGLHGMSQNA,0.09742664,0.09742671,3,6000,298
SYPRTCADPKHMNQITAHISMPCKTVHWVQIDAFAGRQGGINMLEQISEWCTVWKGVGLHGMSQNA,0.09721463,0.09721468,3,6000,298
KDIYGSQNMFQNLAPVTDHEDVGCRWFGQMHTSYKPQNALGFWRWGAEHSTKYYGEVCRHYVWRAP,0.095496096,0.09549616,3,6000,298
SYPRTCHDPLLENQITSHISMPCKTVHWVQIDAFAGRQGGINMLEQISEWCTHWKGNWLHGMSQNA,0.095119484,0.095119566,3,6000,298
SYPRTCGDPKLENQITAHISMPCKTVHWVQIDAFAGRQGGINMLEQISEWCTHWKGNGLHGMSQNA,0.09504159,0.09504166,3,6000,298
SYPRTCYDPKLENQITSHISMPCKTVHWVQIDAFAGRQGGINMLEQISEWCTVWKGNGLHGMSQNA,0.09465562,0.09465569,3,6000,298
SYPRTCHDPRLENQITAHISFPCKTVHWVQIDAFAGRQGGINMLEQISEWCTHWKGNGLHGMSQNA,0.094643965,0.09464403,3,6000,298
SYPRTCLDPKLMNQITAHISMPCKTVHWVQIDAFAGRQGGINMLEQISEWCTQWKGNGLHGMSQNA,0.09386083,0.093860894,3,6000,298
SYPRTCDDPKLENQITSHISMPCKTVHWVQIDAFAGRQGGINMLEQISEWCTVWKGNGLHGMSQNA,0.09370268,0.09370272,3,6000,298
SYPRTCTDPHLENQITAHISMPCKTVHWVQIDAFAGRQGGINMLEQISEWCTHWKGNGLHGMSQNA,0.0932783,0.09327835,3,6000,298
SYPRTCPDPKLENQITAHISMPCKTVHWVQIDAFAGRQGGINMLEQISEWCTEWKGNGLHGMSQNA,0.09189971,0.09189976,3,6000,298
SYPRTCPDPKLENQITAHISMPCKTVHWVQIDAFAGRQGGINMLEQISEWCTHWKGNGLHGMSQNA,0.09166088,0.091660924,3,6000,298
HRNHQHSDPRRCECGWAHDQMECRHTPWRQMRYYNGRKGPTWMLRSPEYWDTGQHDNWLGNKPRNY,0.66360486,0.66360486,4,8000,397
HRNHQHSDPSRCECGNAHDQMECRHTPWRQMRYYNGRKGPTWMLRSPECWWTGQHDNWLGNKPRNY,0.64389586,0.64389586,4,8000,397
HRNHQHSDPKRCECGNAHDQMECRHTPWRQMRYYNGRKGPTWMLRSPEYWWTGQHDNWLGNKPRNY,0.63114166,0.63114166,4,8000,397
HRNHQHSDPKRCECGNAHDQMECRHTPWRQMRYCNGRKGPTWMLRSPECWFTGQHDNWLGNKPRNY,0.62797666,0.62797666,4,8000,397
HRNHQHSDPNRCECGNAHDQMECRHTPWRQMRYYNGRKGPTWMLRSPECWFTGQHDNWLGNKPRNY,0.62771755,0.62771755,4,8000,397
HRNHQHSDPYRCECGNAHDQMECRHTPWRQMRYYNGRKGPTWMLRSPEYWKTGQHDNWLGNKPRNY,0.61886275,0.61886275,4,8000,397
HRNHQHSDPDRCECGNAHDQMECRHTPWRQMRYYNGRKGPTWMLRSPECWFTGQHDNWLGNKPRNY,0.61710364,0.61710364,4,8000,397
HRNHQHSDPPRCECGNAHDQMECRHTPWRQMRYYNGRKGPTWMLRSPECWFTGQHDNWLGNKPRNY,0.6132468,0.6132468,4,8000,397
HRNHQHSDPERCECGNAHDQMEFRHTPWRQMRYYNGRKGPTWMLRSPECWFTGQHDNWLGNKPRNY,0.61277527,0.61277527,4,8000,397
HRNHQHSDPRRCECGNAHDQMECRHTPWRQMRYYNGRKGPTWMLRSPEYWFTGQHDNWLGNKPRNY,0.60043323,0.60043323,4,8000,397
HRNHQHSDPHRCECGNAHDQMEFRHTPWRQMRYYNGRKGPTWMLRSPECWFTGQHDNWLGNKPRNY,0.60009915,0.60009915,4,8000,397
HRNHQHSDPSRCECGNAHDQMECRHTPWRQMRYTNGRKGPTWMLRSPEYWATGQHDNWLGNKPRNY,0.5988674,0.5988674,4,8000,397
HRNHQHSDPARCECGNAHDQMEYRHTPWRQMRYKNGRKGPTWMLRSPEYWWTGQHDNWLGNKPRNY,0.59498364,0.59498364,4,8000,397
HRNHQHSDPPRCECGNAHDQMEFRHTPWRQMRYYNGRKGPTWMLRSPECWFTGQHDNWLGNKPRNY,0.59409374,0.59409374,4,8000,397
HRNHQHSDPKRCECGWAHDQMECRHTPWRQMRYGNGRKGPTWMLRSPECWLTGQHDNWLGNKPRNY,0.5927589,0.5927589,4,8000,397
HRNHQHSDPKRCECGNAHDQMEFRHTPWRQMRYMNGRKGPTWMLRSPECWFTGQHDNWLGNKPRNY,0.59239423,0.59239423,4,8000,397
HRNHQHSDPQRCECGWAHDQMECRHTPWRQMRYYNGRKGPTWMLRSPECWFTGQHDNWLGNKPRNY,0.5850164,0.5850164,4,8000,397
HRNHQHSDPPRCECGNAHDQMEFRHTPWRQMRYYNGRKGPTWMLRSPEYWWTGQHDNWLGNKPRNY,0.58462787,0.58462787,4,8000,397
HRNHQHSDPERCECGNAHDQMECRHTPWRQMRYYNGRKGPTWMLRSPEYWFTGQHDNWLGNKPRNY,0.58425486,0.58425486,4,8000,397
HRNHQHSDPRRCECGNAHDQMEFRHTPWRQMRYYNGRKGPTWMLRSPEYWFTGQHDNWLGNKPRNY,0.58315283,0.58315283,4,8000,397
HRNHQHSDPTRCECGNAHDQMEFRHTPWRQMRYYNGRKGPTWMLRSPECWFTGQHDNWLGNKPRNY,0.5783928,0.5783928,4,8000,397
HRNHQHSDPLRCECGNAHDQMEFRHTPWRQMRYHNGRKGPTWMLRSPECWWTGQHDNWLGNKPRNY,0.5745163,0.5745163,4,8000,397
HRNHQHSDPERCECGNAHDQMECRHTPWRQMRYYNGRKGPTWMLRSPEYWLTGQHDNWLGNKPRNY,0.5739862,0.5739862,4,8000,397
HRNHQHSDPSRCECGNAHDQMECRHTPWRQMRYYNGRKGPTWMLRSPEYWFTGQHDNWLGNKPRNY,0.56871384,0.56871384,4,8000,397
HRNHQHSDPMRCECGNAHDQMEFRHTPWRQMRYYNGRKGPTWMLRSPEYWTTGQHDNWLGNKPRNY,0.5648007,0.5648007,4,8000,397
HRNHQHSDPWRCECGNAHDQMECRHTPWRQMRYWNGRKGPTWMLRSPECWVTGQHDNWLGNKPRNY,0.55905443,0.55905443,4,8000,397
HRFHQHSDPQRCECGNAHDQMECRHTPWRQMRYCNGRKGPTWMLRSPECWWTGQHDNWLGNKPRNY,0.5559484,0.5559484,4,8000,397
HRNHQHSDPDRCECGWAHDQMEFRHTPWRQMRYRNGRKGPTWMLRSPECWFTGQHDNWLGNKPRNY,0.55560833,0.55560833,4,8000,397
HRNHQHSDPTRCECGNAHDQMEFRHTPWRQMRYNNGRKGPTWMLRSPEYWFTGQHDNWLGNKPRNY,0.5528482,0.5528482,4,8000,397
HRFHQHSDPRRCECGNAHDQMECRHTPWRQMRYYNGRKGPTWMLRSPECWFTGQHDNWLGNKPRNY,0.55267787,0.55267787,4,8000,397
HRNHQHSDPGRCECGNAHDQMECRHTPWRQMRYYNGRKGPTWMLRSPEYWFTGQHDNWLGNKPRNY,0.5520176,0.5520176,4,8000,397
HRNHQHSDPTRCECGWAHDQMECRHTPWRQMRYYNGRKGPTWMLRSPECWFTGQHDNWLGNKPRNY,0.5506904,0.5506904,4,8000,397
HRNHQHSDPPRCECGNAHDQMEFRHTPWRQMRYYNGRKGPTWMLRSPEYWFTGQHDNWLGNKPRNY,0.54967463,0.54967463,4,8000,397
HRNHQHSDPWRCECGNAHDQMEFRHTPWRQMRYYNGRKGPTWMLRSPECWFTGQHDNWLGNKPRNY,0.54177564,0.54177564,4,8000,397
HRNHQHSDPPRCECGNAHDQMEFRHTPWRQMRYANGRKGPTWMLRSPEYWWTGQHDNWLGNKPRNY,0.5415456,0.5415456,4,8000,397
HRNHQHSDPMRCECGNAHDQMECRHTPWRQMRYYNGRKGPTWMLRSPEYWWTGQHDNWLGNKPRNY,0.5410131,0.5410131,4,8000,397
HRFHQHSDPDRCECGWAHDQMEYRHTPWRQMRYYNGRKGPTWMLRSPECWVTGQHDNWLGNKPRNY,0.53706616,0.53706616,4,8000,397
HRNHQHSDPMRCECGNAHDQMECRHTPWRQMRYPNGRKGPTWMLRSPEYWFTGQHDNWLGNKPRNY,0.5340258,0.5340258,4,8000,397
HRFHQHSDPQRCECGNAHDQMECRHTPWRQMRYYNGRKGPTWMLRSPECWLTGQHDNWLGNKPRNY,0.526204,0.526204,4,8000,397
HRFHQHSDPNRCECGWAHDQMECRHTPWRQMRYYNGRKGPTWMLRSPECWWTGQHDNWLGNKPRNY,0.5261881,0.5261881,4,8000,397
HRNHQHSDPWRCECGNAHDQMEFRHTPWRQMRYYNGRKGPTWMLRSPECWLTGQHDNWLGNKPRNY,0.52616435,0.52616435,4,8000,397
HRNHQHSDPPRCECGWAHDQMECRHTPWRQMRYYNGRKGPTWMLRSPEYWFTGQHDNWLGNKPRNY,0.5251786,0.5251786,4,8000,397
HRFHQHSDPPRCECGNAHDQMECRHTPWRQMRYYNGRKGPTWMLRSPECWFTGQHDNWLGNKPRNY,0.5208999,0.5208999,4,8000,397
HRFHQHSDPSRCECGNAHDQMECRHTPWRQMRYYNGRKGPTWMLRSPECWFTGQHDNWLGNKPRNY,0.5201969,0.5201969,4,8000,397
HRFHQHSDPNRCECGNAHDQMEFRHTPWRQMRYYNGRKGPTWMLRSPECWFTGQHDNWLGNKPRNY,0.51936144,0.51936144,4,8000,397
HRNHQHSDPFRCECGNAHDQMECRHTPWRQMRYYNGRKGPTWMLRSPECWFTGQHDNWLGNKPRNY,0.5184279,0.5184279,4,8000,397
HRFHQHSDPKRCECGNAHDQMECRHTPWRQMRYENGRKGPTWMLRSPEYWFTGQHDNWLGNKPRNY,0.51643324,0.51643324,4,8000,397
HRNHQHSDPSRCECGWAHDQMECRHTPWRQMRYYNGRKGPTWMLRSPEYWVTGQHDNWLGNKPRNY,0.51566744,0.51566744,4,8000,397
HRNHQHSDPMRCECGNAHDQMEFRHTPWRQMRYKNGRKGPTWMLRSPECWFTGQHDNWLGNKPRNY,0.51286876,0.51286876,4,8000,397
HRNHQHSDPARCECGNAHDQMEFRHTPWRQMRYYNGRKGPTWMLRSPEYWFTGQHDNWLGNKPRNY,0.5109636,0.5109636,4,8000,397
HRNHQHSDPCRCECGNAHDQMECRHTPWRQMRYYNGRKGPTWMLRSPECWFTGQHDNWLGNKPRNY,0.51031965,0.51031965,4,8000,397
HRNHQHSDPIRCECGNAHDQMECRHTPWRQMRYYNGRKGPTWMLRSPECWFTGQHDNWLGNKPRNY,0.5099871,0.5099871,4,8000,397
HRFHQHSDPDRCECGNAHDQMEFRHTPWRQMRYYNGRKGPTWMLRSPECWFTGQHDNWLGNKPRNY,0.50978804,0.50978804,4,8000,397
HRFHQHSDPWRCECGNAHDQMECRHTPWRQMRYYNGRKGPTWMLRSPECWWTGQHDNWLGNKPRNY,0.5028635,0.5028635,4,8000,397
HRNHQHSDPARCECGWAHDQMEFRHTPWRQMRYYNGRKGPTWMLRSPEYWWTGQHDNWLGNKPRNY,0.49959978,0.49959978,4,8000,397
HRNHQHSDPARCECGNAHDQMEFRHTPWRQMRYYNGRKGPTWMLRSPEYWLTGQHDNWLGNKPRNY,0.49902973,0.49902973,4,8000,397
HRNHQHSDPYRCECGNAHDQMEFRHTPWRQMRYYNGRKGPTWMLRSPEYWFTGQHDNWLGNKPRNY,0.49663177,0.49663177,4,8000,397
HRNHQHSDPWRCECGWAHDQMEFRHTPWRQMRYYNGRKGPTWMLRSPECWFTGQHDNWLGNKPRNY,0.49603742,0.49603742,4,8000,397
HRNHQHSDPYRCECGWAHDQMECRHTPWRQMRYYNGRKGPTWMLRSPECWLTGQHDNWLGNKPRNY,0.49511325,0.49511325,4,8000,397
HRNHQHSDPGRCECGWAHDQMECRHTPWRQMRYYNGRKGPTWMLRSPEYWLTGQHDNWLGNKPRNY,0.49107903,0.49107903,4,8000,397
HRFHQHSDPNRCECGNAHDQMECRHTPWRQMRYYNGRKGPTWMLRSPEYWFTGQHDNWLGNKPRNY,0.49088764,0.49088764,4,8000,397
HRNHQHSDPMRCECGNAHDQMEFRHTPWRQMRYYNGRKGPTWMLRSPEYWFTGQHDNWLGNKPRNY,0.4908651,0.4908651,4,8000,397
HRFHQHSDPPRCECGNAHDQMEFRHTPWRQMRYYNGRKGPTWMLRSPECWLTGQHDNWLGNKPRNY,0.48922706,0.48922706,4,8000,397
HRNHQHSDPTRCECGWAHDQMECRHTPWRQMRYINGRKGPTWMLRSPECWWTGQHDNWLGNKPRNY,0.48806822,0.48806822,4,8000,397
HRFHQHSDPMRCECGNAHDQMECRHTPWRQMRYTNGRKGPTWMLRSPECWWTGQHDNWLGNKPRNY,0.48558196,0.48558196,4,8000,397
HRNHQHSDPLRCECGNAHDQMEFRHTPWRQMRYWNGRKGPTWMLRSPECWLTGQHDNWLGNKPRNY,0.4849564,0.4849564,4,8000,397
HRNHQHSDPARCECGWAHDQMECRHTPWRQMRYYNGRKGPTWMLRSPEYWFTGQHDNWLGNKPRNY,0.48140505,0.48140505,4,8000,397
HRFHQHSDPQRCECGNAHDQMEFRHTPWRQMRYYNGRKGPTWMLRSPEYWFTGQHDNWLGNKPRNY,0.47564542,0.47564542,4,8000,397
HRNHQHSDPVRCECGNAHDQMECRHTPWRQMRYYNGRKGPTWMLRSPEYWFTGQHDNWLGNKPRNY,0.47559234,0.47559234,4,8000,397
HRNHQHSDPGRCECGWAHDQMEFRHTPWRQMRYYNGRKGPTWMLRSPEYWLTGQHDNWLGNKPRNY,0.47332337,0.47332337,4,8000,397
HRFHQHSDPPRCECGNAHDQMECRHTPWRQMRYTNGRKGPTWMLRSPEYWFTGQHDNWLGNKPRNY,0.46897823,0.46897823,4,8000,397
HRFHQHSDPKRCECGWAHDQMECRHTPWRQMRYANGRKGPTWMLRSPECWFTGQHDNWLGNKPRNY,0.46659067,0.46659067,4,8000,397
HRFHQHSDPARCECGNAHDQMEFRHTPWRQMRYFNGRKGPTWMLRSPECWWTGQHDNWLGNKPRNY,0.46600685,0.46600685,4,8000,397
HRFHQHSDPMRCECGWAHDQMECRHTPWRQMRYHNGRKGPTWMLRSPECWFTGQHDNWLGNKPRNY,0.46494287,0.46494287,4,8000,397
HRNHQHSDPGRCECGWAHDQMECRHTPWRQMRYANGRKGPTWMLRSPEYWFTGQHDNWLGNKPRNY,0.46362633,0.46362633,4,8000,397
HRNHQHSDPARCECGNAHDQMECRHTPWRQMRYLNGRKGPTWMLRSPEYWFTGQHDNWLGNKPRNY,0.462419,0.46241906,4,8000,397
HRFHQHSDPTRCECGWAHDQMECRHTPWRQMRYMNGRKGPTWMLRSPECWWTGQHDNWLGNKPRNY,0.45814294,0.45814294,4,8000,397
HRNHQHSDPIRCECGWAHDQMECRHTPWRQMRYYNGRKGPTWMLRSPECWLTGQHDNWLGNKPRNY,0.4486841,0.4486841,4,8000,397
HRFHQHSDPYRCECGNAHDQMEFRHTPWRQMRYYNGRKGPTWMLRSPECWFTGQHDNWLGNKPRNY,0.44787824,0.44787824,4,8000,397
HRNHQHSDPVRCECGWAHDQMEFRHTPWRQMRYYNGRKGPTWMLRSPEYWWTGQHDNWLGNKPRNY,0.4469357,0.4469357,4,8000,397
HRFHQHSDPHRCECGNAHDQMEFRHTPWRQMRYHNGRKGPTWMLRSPEYWFTGQHDNWLGNKVRNY,0.4442106,0.4442106,4,8000,397
HRNHQHSDPCRCECGNAHDQMECRHTPWRQMRYMNGRKGPTWMLRSPECWWTGQHDNWLGNKVRNY,0.4393091,0.4393091,4,8000,397
HRNHQHSDPFRCECGWAHDQMEFRHTPWRQMRYYNGRKGPTWMLRSPECWLTGQHDNWLGNKPRNY,0.43878686,0.43878686,4,8000,397
HRFHQHSDPYRCECGNAHDQMEFRHTPWRQMRYYNGRKGPTWMLRSPECWLTGQHDNWLGNKPRNY,0.434593,0.434593,4,8000,397
HRFHQHSDPIRCECGNAHDQMEFRHTPWRQMRYYNGRKGPTWMLRSPECWWTGQHDNWLGNKPRNY,0.42982543,0.42982543,4,8000,397
HRFHQHSDPYRCECGWAHDQMECRHTPWRQMRYNNGRKGPTWMLRSPECWFTGQHDNWLGNKPRNY,0.4268103,0.4268103,4,8000,397
HRFHQHSDPHRCECGWAHDQMECRHTPWRQMRYYNGRKGPTWMLRSPEYWLTGQHDNWLGNKPRNY,0.42209962,0.42209962,4,8000,397
HRFHQHSDPSRCECGNAHDQMECRHTPWRQMRYLNGRKGPTWMLRSPEYWFTGQHDNWLGNKPRNY,0.42190173,0.42190173,4,8000,397
HRFHQHSDPARCECGNAHDQMEFRHTPWRQMRYYNGRKGPTWMLRSPEYWLTGQHDNWLGNKPRNY,0.40583423,0.40583423,4,8000,397
HRNHQHSDPCRCECGWAHDQMEFRHTPWRQMRYYNGRKGPTWMLRSPEYWFTGQHDNWLGNKPRNY,0.40582362,0.40582362,4,8000,397
HRFHQHSDPYRCECGNAHDQMECRHTPWRQMRYYNGRKGPTWMLRSPEYWLTGQHDNWLGNKPRNY,0.40525275,0.40525275,4,8000,397
HRFHQHSDPFRCECGNAHDQMECRHTPWRQMRYRNGRKGPTWMLRSPECWLTGQHDNWLGNKPRNY,0.4016957,0.4016957,4,8000,397
HRFHQHSDPLRCECGNAHDQMEFRHTPWRQMRYYNGRKGPTWMLRSPECWFTGQHDNWLGNKPRNY,0.39959377,0.39959377,4,8000,397
HRFHQHSDPARCECGWAHDQMECRHTPWRQMRYYNGRKGPTWMLRSPEYWFTGQHDNWLGNKPRNY,0.38894555,0.38894555,4,8000,397
HRNHQHSDPMRCECGWAHDQMEFRHTPWRQMRYYNGRKGPTWMLRSPEYWLTGQHDNWLGNKVRNY,0.36835825,0.36835825,4,8000,397
HRFHQHSDPVRCECGNAHDQMEFRHTPWRQMRYYNGRKGPTWMLRSPEYWFTGQHDNWLGNKPRNY,0.36744824,0.36744824,4,8000,397
HRFHQHSDPLRCECGNAHDQMEFRHTPWRQMRYYNGRKGPTWMLRSPEYWFTGQHDNWLGNKPRNY,0.3569294,0.3569294,4,8000,397
HRFHQHSDPFRCECGWAHDQMECRHTPWRQMRYYNGRKGPTWMLRSPEYWFTGQHDNWLGNKPRNY,0.33989355,0.33989355,4,8000,397
HRFHQHSDPCRCECGWAHDQMEFRHTPWRQMRYYNGRKGPTWMLRSPEYWFTGQHDNWLGNKPRNY,0.31895244,0.31895244,4,8000,397
KNNKRHTINVRCNCPWAHDQMAFRPSPKRGMRYANGMKGEIDMWRLLECCFTMSDDNTGGNKVEYP,0.2719663,0.27192837,5,10000,496
HNNKRHTINVRCNCPNAHDQMACRPSHKRGMRYANGMKGEIDMLRLLECCFTMSDDNTGGNKVRNP,0.26240823,0.26237118,5,10000,496
HLNKRHTINVRCNCPNAHDQMAFRPSHKRGMRYANGMKGEIDMLRLLECCFTMSDDNTGGNKKRNP,0.26144657,0.2614096,5,10000,496
HNNKRQTINVRCNCPNAHDQGAFRPSHKRGMRYANGMKGEIDMLRILECCFTMSDDNTGGNKVRNT,0.2553277,0.25529128,5,10000,496
KNFKRHRINVRCNCPNAHDQMAYRPSHKRGMRYANGMKGEIDMLRLLEYCFTMSDDNTGGNKKSNY,0.22020349,0.22017062,5,10000,496
HLNKRHTINVRCNCPNAHDQMACRPSHKRGMRYANGMKGEIDMLRLLECCFTMSDDNTGGNKKRNY,0.21689853,0.21686599,5,10000,496
HLNKRHRINVRCNCPNAHIQMACRPSHKRGMRYANGMKGEIDMWRLLEYCFTMSDDNTGGNKKRNE,0.21470244,0.21467014,5,10000,496
HLNKRHTINVRCNCPNAHIQVAYRPSHKRGMRYANGMKGEIDMWRLLECCFTMSDDNTGGNKVRNP,0.21111108,0.21107921,5,10000,496
HNNKRHTINVRCNCPNAHIQGAVRPSHKRGMRYANGMKGEIDMLRLLECCFTMSDDNTGGNKVSNP,0.20387329,0.20384222,5,10000,496
HNNKRHTINVRCNCPNAHIQMAFRPSHKRGMRYANGMKGEIDMLRLLECCFTMSDDNTGGNKVENP,0.2033012,0.2032702,5,10000,496
HLNKRHTINVRCNCPNAHDQGACRPSHKRGMRYANGMKGEIDMLRLLECCFTMSDDNTGGNKVENT,0.20235245,0.20232156,5,10000,496
HLNKRHTINVRCNCPAAHIQMACRPSHKRGMRYANGMKGEIDMWRLLECCFTMSDDNTGGNKKRNY,0.20124479,0.20121399,5,10000,496
HNNKRHTINVRCNCPAAHIQGACRPSHKRGMRYANGMKGEIDMWRLLEYCFTMSDDNTGGNKVRNP,0.19669102,0.19666077,5,10000,496
HNNKRHTINVRCNCPWAHIQMAFRPSHKRGMRYANGMKGEIDMLRLLECCFTMSDDNTGGNKVRNT,0.19641222,0.19638199,5,10000,496
TRRHAWTDVVRCFYFAPHCQMACMLYDARGMRYGAGWHQKIEHWHHHHICFHGLRRNWQGNKHHYY,0.19244729,0.19241843,5,10000,496
HLNKRHTINVRCNCPAAHDQMAFRPSHKRGMRYANGMKGEIDMLRLLECCFTMSDDNTGGNKVENT,0.1919143,0.19188459,5,10000,496
HLNKRQTINVRCNCPNAHDQVACRPSHKRGMRYANGMKGEIDMLRLLECCFTMSDDNTGGNKKENT,0.18882036,0.18879104,5,10000,496
SRNHRHTGVVRCNYFAAHDQMACRPSPKDGMRYDAGMKNRIDMLHLHEYCQHGQRDWWLGNKVRYP,0.1850098,0.18498091,5,10000,496
HNNKRHTINVRCNCPAAHDQMAFRPSHKRGMRYANGMKGEIDMLRLLEYCFTMSDDNTGGNKVSNY,0.18444556,0.18441676,5,10000,496
HLNKRHTINVRCNCPAAHIQMACRPSHKRGMRYANGMKGEIDMLRLLECCFTMSDDNTGGNKKRNP,0.18356438,0.18353567,5,10000,496
HLNKRHTINVRCNCPNAHDQVAFRPSHKRGMRYANGMKGEIDMWRLLECCFTMSDDNTGGNKVENY,0.182715,0.18268639,5,10000,496
HLNKRHTINVRCNCPAAHDQMAFRPSHKRGMRYANGMKGEIDMLRLLECCFTMSDDNTGGRKVSNY,0.1791473,0.17911911,5,10000,496
HLNKRHTINVRCNCPNAHIQMACRPSHKRGMRYANGMKGEIDMLRLLECCFTMSDDNTGGNKKENP,0.17736079,0.17733286,5,10000,496
HLFKRHTINVRCNCPWAHIQNAYRPSHKRGMRYANGMKGEIDMWRLLEMCFTMSDDNTGGNKKRNY,0.17428528,0.17425771,5,10000,496
HLNKRHTINVRCNCPNAHIQMAFRPSHKRGMRYANGMKGEIDMLRLLECCFTMSDDNTGGNKVRNP,0.17137223,0.17134507,5,10000,496
HLNKRHTINVRCNCPNAHIQNAFRPSHKRGMRYANGMKGEIDMLRLLEMCFTMSDDNTGGNKKRNY,0.17098203,0.17095487,5,10000,496
HNNKRHTINVRCNCPNAHIQMAFRPSHKRGMRYANGMKGEIDMLRLLEYCFTMSDDNTGGNKVRNT,0.1702693,0.17024224,5,10000,496
HLNKRHTINVRCNCPWAHDQMACRPSHKRGMRYANGMKGEIDMLRLLECCFTMSDDNTGGNKVRNY,0.16895962,0.16893272,5,10000,496
HLNKRHTINVRCNCPNAHIQGACRPSHKRGMRYANGMKGEIDMLRLLECCFTMSDDNTGGNKVSNP,0.1682191,0.16819231,5,10000,496
HLNKRHTINVRCNCPAAHIQVACRPSHKRGMRYANGMKGEIDMLRLLECCFTMSDDNTGGNKKRNT,0.16597824,0.16595173,5,10000,496
HLNKRHTINVRCNCPNAHIQMAFRPSHKRGMRYANGMKGEIDMLRLLECCFTMSDDNTGGNKVRNT,0.16597533,0.16594885,5,10000,496
DGNHRWRGVVRCIYPNAHDQMECRLSDKDGMEYAAGRKQKTESFHLPEYTVHGQRDWWLGNKPQNY,0.16548753,0.16548753,5,10000,496
HLNKRHTINVRCNCPNAHIQGAFRPSHKRGMRYANGMKGEIDMLRLLEYCFTMSDDNTGGNKKENP,0.16540423,0.1653778,5,10000,496
HNNKRHTINVRCNCPNAHIQMACRPSHKRGMRYANGMKGEIDMLRLLEYCFTMSDDNTGGNKVRNP,0.16491963,0.16489327,5,10000,496
HLNKRHTINVRCNCPAAHIQMAFRPSHKRGMRYANGMKGEIDMLRLLECCFTMSDDNTGGNKVRNP,0.16355602,0.16352983,5,10000,496
HLNKRHTINVRCNCPWAHDQGACRPSHKRGMRYANGMKGEIDMLRLLEYCFTMSDDNTGGNKVSNP,0.16343756,0.16341136,5,10000,496
HLNKRHTINVRCNCPAAHDQMAFRPSHKRGMRYANGMKGEIDMWRLLEYCFTMSDDNTGGNKVENT,0.16165379,0.16162783,5,10000,496
HLNKRHTINVRCNCPNAHIQMACRPSHKRGMRYANGMKGEIDMLRLLECCFTMSDDNTGGNKVRNP,0.16073447,0.16070864,5,10000,496
SRNHRHTGVVRCNYFNAHDQMACRPSPKDGMRYRAGMKNRIDMLHLHECCEHGQRDWWLGNKVRYP,0.15989284,0.15986712,5,10000,496
HLNKRHTINVRCNCPNAHIQMAFRPSHKRGMRYANGMKGEIDMLRLLEYCFTMSDDNTGGNKKSNP,0.15973148,0.15970577,5,10000,496
HLNKRHTINVRCNCPAAHDQGACRPSHKRGMRYANGMKGEIDMLRLLEYCFTMSDDNTGGNKVENP,0.15958512,0.15955944,5,10000,496
HLNKRHTINVRCNCPNAHIQMAFRPSHKRGMRYANGMKGEIDMLRLLECCFTMSDDNTGGNKVENP,0.15921709,0.15919144,5,10000,496
HLNKRHTINVRCNCPNAHIQMAFRPSHKRGMRYANGMKGEIDMLRLLEYCFTMSDDNTGGNKKRNT,0.15902041,0.15899481,5,10000,496
HLNKRHTINVRCNCPAAHIQMACRPSPKRGMRYANGMKGEIDMLRLLECCFTMSDDNTGGNKVRNP,0.15874165,0.15871608,5,10000,496
HNNKRHTINVRCNCPAAHIQMAFRPSHKRGMRYANGMKGEIDMLRLLEMCFTMSDDNTGGNKVENP,0.15767133,0.1576459,5,10000,496
HLNKRHTINVRCNCPNAHIQGAFRPSHKRGMRYANGMKGEIDMWRILECCFTMSDKNTQGNKVRNY,0.15604529,0.15602006,5,10000,496
HLNKRHTINVRCNCPWAHDQMAFRPSHKRGMRYANGMKGEIDMLRLLEYCFTMSDDNTGGNKVENP,0.15464385,0.1546188,5,10000,496
HLNKRHTINVRCNCPAAHIQMACRPSHKRGMRYANGMKGEIDMLRLLECCFTMSDDNTGGNKVRNP,0.15331364,0.1532888,5,10000,496
HLNKRHTINVRCNCPAAHDQMAFRPSHKRGMRYANGMKGEIDMLRLLECCFTMSDKNTGGNKVENP,0.15219134,0.15216665,5,10000,496
HLNKRHTINVRCNCPAAHIQMAFRPSHKRGMRYANGMKGEIDMLRLLECCFTMSDDNTGGNKVENP,0.15185365,0.15182899,5,10000,496
HLNKRQTINVRCNCPNAHIQVACRPSHKRGMRYANGMKGEIDMLRLLECCFTMSDDNTGGNKKENP,0.15124418,0.15121959,5,10000,496
HLNKRHTINVRCNCPNAHDQMACRPSHKRGMRYANGMKGEIDMKRLLEMCFTMSDDNTGGNKVRNY,0.14987771,0.1498533,5,10000,496
HLNKRHTINVRCNCPWAHIQGAFRPSHKRGMRYANGMKGEIDMLRLLECCFTMSDDNTGGNKVRNY,0.14924121,0.14921689,5,10000,496
HLNKRHTINVRCNCPNAHIQMACRPSHKRGMRYANGMKGEIDMLRLLEYCFTMSDDNTGGNKKSNP,0.14854816,0.14852393,5,10000,496
HLNKRHTINVRCNCPNAHIQMACRPSHKRGMRYANGMKGEIDMLRLLECCFTMSDDNTGGNKVENP,0.14794715,0.147923,5,10000,496
DGNHRWRGVVRCIYPKAHDQMECRLSDKDGMPYAAGRKQKTEHFHLPEYTVHGQRDWWLGNKPQNY,0.14741951,0.14739548,5,10000,496
HLNKRHTINVRCNCPAAHDQMAFRPSHKRGMRYANGMKGEIDMLRLLECCFTMSDKNTGGNKVENT,0.14729112,0.14726709,5,10000,496
HLNKRHTINVRCNCPAAHIQMAFRPSHKRGMRYANGMKGEIDMLRLLECCFTMSDDNTGGNKVENT,0.1469624,0.14693841,5,10000,496
HLNKRHTINVRCNCPNAHDQMAVRPSHKRGMRYANGMKGEIDMLRILECCFTMSDKNTGGNKVRNT,0.14691919,0.1468952,5,10000,496
HLNKRHTINVRCNCPWAHIQMAFRPSHKRGMRYANGMKGEIDMLRLYECCFTMSDDNTGGNKVENY,0.14576799,0.14574413,5,10000,496
HLNKRHTINVRCNCPAAHDQVACRPSHKRGMRYANGMKGEIDMLRLLECCFTMSDKNTGGNKKRNY,0.14574544,0.14572161,5,10000,496
TRNHAVTDVVRCFYFNPHCQMACKLYDSRGMRYGAGWHQKIEHLHHHHNCFHGLRDNWQGNKHEYY,0.1455739,0.14555079,5,10000,496
KGNHRWRGVVRCIYPKAHDQMECRLSDKDGMYYAAGRKNKTEMFHLPEYTVHGQRDWWLGNKPQNY,0.14399545,0.14397186,5,10000,496
HLNKRHTINVRCNCPWAHIQVAFRPSPKRGMRYANGMKGEIDMWRILEYCFTMSDDNTGGNKVRNP,0.1395439,0.13952091,5,10000,496
KGNHRWRGVVRCIYPKAHDQMECRLSDKDGMRYAAGRKQKTEHFHLPEYTVHGQRDWWLVNKPQNY,0.13911563,0.1390927,5,10000,496
HLNKRHTINVRCNCPAAHDQVACRPSHKRGMRYANGMKGEIDMLRLLEMCFTMSDDNTGGNKVENP,0.13905215,0.13902923,5,10000,496
HLNKRHTINVRCNCPNAHIQVACRPSHKRGMRYANGMKGEIDMLRLLEYCFTMSDDNTGGNKKRNT,0.13872686,0.13870399,5,10000,496
HLNKRQTINVRCNCPAAHDQGAVRPSHKRGMRYANGMKGEIDMWRILEYCFTMSDKNTGGNKKENY,0.13794503,0.13792224,5,10000,496
TRNHAVTDVVRCFYFNPHCQMACKLYDSRGMRDGAGWHQKIEHLHHHHNCFHGLRHNWLGNKHEYY,0.13730386,0.13728182,5,10000,496
SRNHRHTGVVRCNYFNAHDQMACRPSPKDGMRYKAGMKNRIDMLHLHEYCRHGQRDWWLGNKVRYP,0.1369481,0.13692546,5,10000,496
HLNKRHTINVRCNCPNAHIQGAFRPSHKRGMRYANGMKGEIDMLRLLEYCFTMSDDNTGGRKVENP,0.13622238,0.13619985,5,10000,496
HNNKRHTINVRCNCPWAHDQMACRPSHKRGMRYANGMKIEIDMLRLLECCFTMSDKNTGGNKVENP,0.13511842,0.13509606,5,10000,496
HLNKRHTINVRCNCPNAHIQGACRPSHKRGMRYANGMKGEIDMLRLLEYCFTMSDDNTGGNKVRNT,0.13444492,0.13442266,5,10000,496
TRNHAVTDVVRCFYFAPHCQMACKLYDSRGMRYGKGWHQKIESLHHHHICFHGLRHNWQGNKKEYY,0.13344032,0.13341881,5,10000,496
HLNKRHTINVRCNCPWAHIQVACRPSHKRGMRYANGMKGEIDMWRLLEYCFTMSDDNTGGNKVRNP,0.1323238,0.1323018,5,10000,496
HLNKRHTINVRCNCPNAHIQVACRPSHKRGMRYANGMKGEIDMLRLLEYCFTMSDDNTGGNKKENP,0.13176595,0.13174406,5,10000,496
TRNHAVTGVVRCFYFAPHCQVACKLYDSRGMRDGKGWHQKIESLHHHHNCFHGSRDNWQGNKHEYY,0.13114437,0.1311232,5,10000,496
YGNHRWRGVVRCIYPNAHDQMECRLSDKDGMDYAKGRKQKTEHFHLPEYTVHGQRDWWLGNKPQNY,0.13095002,0.13092822,5,10000,496
HLNKRHTINVRCNCPNAHIQMACRPSHKRGMRYANGMKIEIDMLRLLECCFTMSDDNTGGNKPENT,0.13026482,0.13024312,5,10000,496
HLNKRQTINVRCNCPNAHDQMAFRPSHKRGMRYANGMKGEIDMLRLLEMTFTMSDDNTGGNKKSNP,0.13006853,0.13004684,5,10000,496
TSNHAVTDVVRCFYFNPHCQMACKLYDSRGMRDGAGWHQKIESLHHHHCCFHGLRHNWLGNKHHYY,0.12778008,0.12775938,5,10000,496
YKRGMMALAWCLFKTTPYCESIFTRYHSDMQTHGAWWNVYPKHFSQKLPWVCHLRFWWLVMHSQHT,0.12688811,0.1268669,5,10000,496
HLNKRHTINVRCNCPNAHIQMAFRPSHKRGMRYANGMKGEIDMLRLLEYCFTMSDDNTGGNKVENP,0.1265694,0.12654823,5,10000,496
KGNHRWRGVVRCIYPKAHDQVECRLSDKDGMRYAAGRKQKTEHFHLPECTVHGQRDWWLVNKPQNY,0.12647262,0.12645148,5,10000,496
HLNKRHTINVRCNCPAAHIQMAFRPSHKRGMRYANGMKGEIDMLRLLEYCFTMSDDNTGGNKVRNT,0.12536503,0.12534402,5,10000,496
TLRHAVTDVVRCFYFAPHCQMACKLYDSRGMRDGAGWHQKIESLHHHHICFHGLRHNWQGNKVHYT,0.12516966,0.12514932,5,10000,496
HLNKRHTINVRCNCPNAHIQVAFRPSHKRGMRYANGMKGEIDMLRLLEYCFTMSDDNTGGNKKENY,0.122686274,0.12266566,5,10000,496
YKRGMMALAWCWFKTTHYCTSIFTRYEIDMQTHGAWWNVYPSHFSQKLPWVCHLRFWWLVMHSQHT,0.122539885,0.122519284,5,10000,496
TRNHAVTGVVRCFYFNPHCQMACKLYDSRGMRDGAGWHQKIEHLHLHHCCFHGLRHNWQGNKVHYY,0.12250418,0.12248421,5,10000,496
SRNHRHTGVVRCNYFNAHDQMACRPSPKDGMRYSAGMKNRIDMLHLHECCVHGQRDWWLGNKVRYP,0.122365996,0.12234544,5,10000,496
SRNHRHTGVVRCNYFNAHDQMACRPSPKDGMRYRAGMKNRIDMLHLHECCTHGQRDWWLGNKVRYY,0.12110805,0.121087655,5,10000,496
HLNKRHTINVRCNCPAAHIQGAVRPSHKRGMRYANGMKGEIDMLRLLEYCFTMSDDNTGGNKKENY,0.12054069,0.120520405,5,10000,496
HLNKRHTINVRCNCPNAHIQMACRPSHKRGMRYANGMKGEIDMLRLLEYCFTMSDDNTGGNKVSNT,0.119099386,0.119079284,5,10000,496
HLNKRHTINVRCNCPAAHIQMACRPSHKRGMRYANGMKGEIDMLRLLEMCFTMSDDNTGGNKVRNT,0.11908394,0.11906385,5,10000,496
HLFKRHTINVRCNCPWAHIQMACRPSHKDGMRYANGMKGEIDMLRLLECCFTMSDDNTGGNKPRNY,0.118775755,0.11875573,5,10000,496
YKRGMMALAWCMFKTTHYCQSIFTRYHSDMQTHGAWWNVYPQHFSQKLPWVCHLRFWWLVMHSQHT,0.118196234,0.11817628,5,10000,496
HLNKRHTINVRCNCPNAHIQMAFRPSHKRGMRYANGMKGEIDMLRLLEYCFTMSDDNTGGNKVRNY,0.11794515,0.1179252,5,10000,496
HLNKRHTINVRCNCPAAHIQGAFRPSHKRGMRYANGMKGEIDMLRILECCFTMSDKNTGGNKVENT,0.117617555,0.117597684,5,10000,496
HLNKRHTINVRCNCPNAHIQMACRPSHKRGMRYANGMKGEIDMLRLLEYCFTMSDDNTGGNKVENP,0.11728799,0.11726818,5,10000,496
EKNDQSDGNVRGFTPMYHCQVKSKFACSAKMDQRNENHQKNTSVDKEEYGVHGLHRQWLGCKHQCD,0.27799922,0.27799922,6,12000,595
RKNDQSDGNVRGITPKPYCQVKSKFACIADMDQRNENHQKNTSVDKEEYGVHGLHRQWLVCKHQCD,0.2686223,0.2686223,6,12000,595
AKNDQWDGNVRGFTPNPYCQVKSKFACIAEMDQRNENHNKNTSVDKEEYGVHGLHRQWLGCKHHCD,0.26852196,0.26852196,6,12000,595
YRIDQSDMYLLGFTDKGYCQTKSKFACSASMDGRHGNHNKPTSVDSPENNFHKLRRQELGLMPHTE,0.23667245,0.23667245,6,12000,595
LKNDQSDGNVRGITPMPHCQVKSKFACSAGMDQRNENHQKNTSIDKEEYGVHGLHRQWLGCKHHCD,0.23645736,0.23645736,6,12000,595
TKNDQSDGNVRGFTPKYHCQVKSKFACSANMDQRNENHQKNTSIDKEEYGVHGLHRQWLVCKHHCD,0.23561065,0.23561065,6,12000,595
HKNDQSDGNVRGITPKPYCQVKSKFACIAKMDQRNENCQKNTSVDKEEYGVHGLHRQWLGCKHHCD,0.2325571,0.2325571,6,12000,595
HKNDQSDGNVRGFTPNPYCQVKSKFACSAAMDQRNENCQKNTSVDKEEYGVHGLDRQWLGCKHHCD,0.22625947,0.22625947,6,12000,595
EKNDQSDGNVRGFTPNYHCQVKSKFACSANMDQRNENHQKNTMIDKEEYGVHGLHRQWLVCKHQCD,0.2240121,0.2240121,6,12000,595
QKNDQSDGNVRGITPKPYCQVKSKFACIAMMDQRNENHNKNTSIDKEEYGVHGLHRQWLGCKHHCD,0.220628,0.220628,6,12000,595
NKNDQWDGNVRGFTPKPYCQVKSKFACSADMDQRNENHNKNTSIDKEEYGVHGLHRQWLVCKHQCY,0.20257358,0.20257358,6,12000,595
NKNDQSDGNVRGITPMYYCQVKSKFACSAKMDQRNENCQKNTSIDKEEYGVHGLHRQWLGCKHHCD,0.19832939,0.19832939,6,12000,595
AKNDQSDGYVRGFTPKPHCQVKSKFACIASMDQRNENCQKNTSIDKEEYGVHGLHRQWLGCKHHCD,0.1945418,0.1945418,6,12000,595
NKNDQSDGNVRGITPKPHCQVKSKFACIAQMDQRNENCQKNTSIDKEEYGVHGLDRQWLGCKHHCD,0.19134222,0.19134222,6,12000,595
QKNDQWDGNVRGFTPNPYCQVKSKFACSAAMDQRNENHNKNTSIDKEEYGVHGLHRQWLGCKHQCY,0.18940693,0.18940693,6,12000,595
FKNDQSDGNVRGFTPNYYCQVKSKFACSAQMDQRNENHNKNTSIDKEEYGVHGLDRQWLVCKHHCD,0.18494967,0.18494967,6,12000,595
WKNDQSDGNVRGFTPNPYCQVKSKFACIAMMDQRNENCQKNTSIDKEEYGVHGLHRQWLGCKHQCD,0.17717592,0.17717592,6,12000,595
GKNDQWDGNVRGFTPMYYCQVKSKFACSAQMDQRNENCQKNTSIDKEEYGVHGLHRQWLGCKHQCD,0.17681119,0.17681119,6,12000,595
QKNDQWDGNVRGFTPKPYCQVKSKFACIANMDQRNENHNKNTSVDKEEYGVHGLHRQWLGCKHHCY,0.17485785,0.17485785,6,12000,595
EKNDQSDGYVRGFTPNYYCQVKSKFACIANMDQRNENHNKNTSIDKEEYGVHGLDRQWLGCKHQCD,0.17184812,0.17184812,6,12000,595
TKNDQSDGNVRGITPNPHCQVKSKFACIAWMDQRNENHQKNTSIDKEEYGVHGLDRQWLGCKHQCD,0.17036183,0.17036183,6,12000,595
EKNDQWDGNVRGFTPKYYCQVKSKFACSALMDQRNENCQKNTSIDKEEYGVHGLHRQWLGCKHQCD,0.16856305,0.16856305,6,12000,595
YKIDQWDMNLLGFTDKHYYQQKSKFACIASMDGRKGNHQKPTMVDSPENPFHALRRQELGLMPHTD,0.16605072,0.16605072,6,12000,595
MKNDQWDGNVRGITPNPHCQVKSKFACIAPMDQRNENHNKNTSVDKEEYGVHGLHRRWLGCKHQCY,0.16397631,0.16397631,6,12000,595
QKNDQSDGNVRGFTPNYHCQVKSKFACSANMDQRNENHQKNTSIDKEEYGVHGLHRQWLVCKHQCY,0.15720572,0.15720572,6,12000,595
VKNDQWDGNVRGITPKYHCQVKSKFACIAEMDQRNENCQKNTSVDKEEYGVHGLHRQWLGCKHHCD,0.15684433,0.15684433,6,12000,595
RKNDQWDGNVRGITPNYHCQVKSKFACIANMDQRNENHNKNTSIDKEEYGVHGLDRQWLGCKHQCD,0.15500668,0.15500668,6,12000,595
PKNDQSDGNVRGITPMYHCQVKSKFACSANMDQRNENCNKNTSVDKEEYGVHGLDRRWLVCKHQCD,0.15354928,0.15354928,6,12000,595
DKNDQWDGYVRGFTPKPHCQVKSKFACSALMDQRNENHQKNTSIDKEEYGVHGLHRQWLGCKHHCY,0.1496407,0.1496407,6,12000,595
QKNDQSDGNVRGFTPMYYCQVKSKFACSAAMDQRNENHNKNTSIDKEEYGVHGLHRHWLVCKHHCD,0.14401993,0.14401993,6,12000,595
RRHGRKVLRCSERPYDRMIPNIGTYCSFQWQEDAKHDIPSPEARMYQTTDVLIPRLPEFKCMSDPN,0.14316502,0.14316502,6,12000,595
VKNDQWDGNVRGFTPNPHCQVKSKFACSAAMDQRNENHNKNTSVDKEEYGVHGLDRQWLGCKHQCY,0.14102885,0.14102885,6,12000,595
YLIDQNDMVLLGFTDKNYCQSKSKFACSASMDGRKGNHQKPESVDSPENIFHWLHRQELGLMPQTD,0.14004911,0.14004911,6,12000,595
GKNDQSDGYVRGFTPMYYCQVKSKFACIAEMDQRNENCNKNTSIDKEEYGVHGLHRQWLGCKHQCD,0.13518618,0.13518618,6,12000,595
YEIDQWDMYLLGFTDKSYYQGKSKFACIASMDMRNGNHQKPESVDAPENIFHDLRRQWLGLMPQTE,0.13444479,0.13444479,6,12000,595
RVHGRKVLRCSERSYDRMIPNIGTYCSFQWQPDDKHDIPSPEARMYQTTDVLIPRLPEFKCMSDPN,0.13441494,0.13441494,6,12000,595
HKNDQSDGNVRGFTPNPHCQVKSKFACIAYMDQRNENHQKNTSVDKEEYGVHGLDRTWLVCKHHCD,0.13407218,0.13407218,6,12000,595
YKNDQSDGNVRGITPMPYCQVKSKFACIANMDQRNENCQKNTSVDKEEYGVHGLDRQWLGCKHHCD,0.13358667,0.13358667,6,12000,595
AKNDQSDGNVRGITPNPYCQVKSKFACIAYMDQRNENCQKNTSVDKEEYGVHGLHRQWLVCKHHCD,0.13327265,0.13327265,6,12000,595
EKNDQSDGNVRGFTPNPYCQVKSKFACIADMDQRNENCQKNTSVDKEEYGVHGLDRQWLGCKHQCY,0.13270615,0.13270615,6,12000,595
SKNDQWDGNVRGFTPNPYCQVKSKFACIAKMDQRNENCNKNTSIDKEEYGVHGLHRQWLGCKHQCY,0.13010165,0.13010165,6,12000,595
YKIDQNDMNLLGFTDMTYCQMKSKFACIASMDMRKGNHNKPESVDSPENCFHGLRRQWLGLMPQTD,0.12944669,0.12944669,6,12000,595
EKNDQWDGNVRGITPMPHCQVKSKFACSAVMDQRNENCNKNTSIDKEEYGVHGLDRQWLGCKHQCD,0.1276838,0.1276838,6,12000,595
YKIDQWDMYLLGFTDKAYCQSKSKFACSASMDMRCGNHNKPTMVDAPENYFHHLHRQELGLMPHTE,0.12764196,0.12764196,6,12000,595
YEIDQSDMNLLGFTDNTYCQDKSKFACSASMDMRKGNCQKPEMVDSPENAFHWLHRQELGLMPHTD,0.12464052,0.12464052,6,12000,595
LKNDQWDGNVRGFTPKYHCQVKSKFACIAPMDQRNENHQKNTSIDKEEYGVHGLDRQWLGCKHHCD,0.12458355,0.12458355,6,12000,595
HKNDQSDGYVRGITPMYYCQVKSKFACSAFMDQRNENHNKNTSVDKEEYGVHGLDREWLGCKHHCD,0.123868786,0.123868786,6,12000,595
GKNDQWDGYVRGFTPNPHCQVKSKFACIADMDQRNENCNKNTSVDKEEYGVHGLDRQWLVCKHQCD,0.12280714,0.12280714,6,12000,595
TLNHASTDVVLCIYFKPHCQMACRFYPIEGMRYGAGWCQKNESAHLHENCFHGLDHNWLGNKHHCD,0.121786796,0.1217874,6,12000,595
FKNDQSDGYVRGITPKPYCQVKSKFACIAAMDQRNENHQKNTSIDKEEYGVHGLHRQWLGCKHQCY,0.12106983,0.12106983,6,12000,595
QKNDQWDGYVRGITPNPYCQVKSKFACIAVMDQRNENHNKNTSIDKEEYGVHGLDRQWLGCKHHCD,0.12023327,0.12023327,6,12000,595
YEIDQNDMVLLGFTDKPYYQAKSKFACIASMDMRKGNCNKPESVDSPENGFHDLHRQELGLMPHTD,0.11989666,0.11989666,6,12000,595
AKNDQSDGNVRGFTPMPYCQVKSKFACIAEMDQRNENCQKNTSVDKEEYGVHGLDRQWLVCKHQCD,0.11798508,0.11798508,6,12000,595
TLNHASTDVVLCIYFNPHCQMACRFYDIRGMRQGAGWHQKNESAHLHEICFHGLRHNWLGNKHHCD,0.115770884,0.11577143,6,12000,595
YKIDQNDMVLLGFTDKHYYQKKSKFACIASMDGRKGNCNKPTSVDSPENMFHRLRRQWLVLMPHTE,0.11292347,0.11292347,6,12000,595
YRIDQWDMNLLGFTDKHYYQKKSKFACIASMDMRNGNCNKPEMVDSPENQFHVLRRQELGLMPQTE,0.11254337,0.11254337,6,12000,595
AKNDQWDGYVRGITPMPHCQVKSKFACIANMDQRNENCQKNTSVDKEEYGVHGLHRQWLVCKHHCD,0.11109049,0.11109049,6,12000,595
KKNDQWDGYVRGFTPKYYCQVKSKFACIANMDQRNENHQKNTSVDKEEYGVHGLDRIWLGCKHQCD,0.10923296,0.10923296,6,12000,595
YFIDQSDMYLLGFTDMNYCQKKSKFACSASMDMRPGNCQKPTMVDSPENNFHTLRRQWLGLMPQTE,0.109127745,0.109127745,6,12000,595
HKNDQSDGNVRGITPMPYCQVKSKFACIANMDQRNENCNKNTSVDKEEYGVHGLDRQWLVCKHHCD,0.10771807,0.10771807,6,12000,595
WKNDQSDGYVRGFTPNPHCQVKSKFACIAYMDQRNENCNKNTSVDKEEYGVHGLHRQWLGCKHQCY,0.10749252,0.10749252,6,12000,595
YKIDQSDMYLLGFTDKPYCQLKSKFACIASMDGRKGNHNKPTMVDSPENSFHTLRRQWLVLMPHTE,0.107045434,0.107045434,6,12000,595
DKNDQSDGNVRGITPKYHCQVKSKFACIAIMDQRNENHNKNTSVDKEEYGVHGLHRHWLVCKHHCD,0.10630268,0.10630268,6,12000,595
YKIDQNDMYLLGFTDMYYCQCKSKFACSASMDMRHGNHQKPESVDGPENFFHTLHRQWLGLMPHTE,0.10590886,0.10590886,6,12000,595
TLNHASTDYVLCFYFNPHCQMACRFYDHEGMRQGAGWCQKNESAHLHENCFHGLDRNWLGNKHHCY,0.10487232,0.10487286,6,12000,595
QKNDQWDGNVRGITPMYHCQVKSKFACIAGMDQRNENHQKNTSIDKEEYGVHGLDRQWLGCKHHCD,0.10291507,0.10291507,6,12000,595
TLNHASTDVVLCIYFNPHCQMACRFYPHEGMRQGAGWCQKNESAHLHEICFHGLDHNWLGNKVHCY,0.10259445,0.10259497,6,12000,595
YKIDQNDMYLLGFTDNIYYQAKSKFACIASMDMRKGNHQKPESVDPPENIFHKLHRQWLGLMPHTD,0.10186205,0.10186205,6,12000,595
LKNDQSDGNVRGFTPMYYCQVKSKFACIAFMDQRNENHNKNTSVDKEEYGVHGLHRQWLGCKHHCD,0.101650976,0.101650976,6,12000,595
YKIDQWDMNLLGFTDKEYYQVKSKFACIASMDMRKGNHNKPTMVDSPENDFHALRRQELGLMPQTE,0.101639695,0.101639695,6,12000,595
YFIDQNDMNLLGFTDNLYYQEKSKFACSASMDMRFGNHNKPTSVDNPENTFHPLHRQWLVLMPQTE,0.10142655,0.10142655,6,12000,595
HKNDQWDGNVRGFTPNPHCQVKSKFACIACMDQRNENCNKNTSIDKEEYGVHGLHRQWLVCKHQCD,0.101233736,0.101233736,6,12000,595
RKNDQWDGNVRGFTPKYYCQVKSKFACSAFMDQRNENHQKNTSIDKEEYGVHGLDRQWLGCKHHCY,0.10005099,0.10005099,6,12000,595
TLNHASTDYVLCFYFNPHCQVACRFYDHRGMRQGAGWCQKNESAHLHEICFHGLDRNWLGNKHHCY,0.09997243,0.09997294,6,12000,595
YKIDQNDMVLLGFTDKTYCQMKSKFACIASMDMRKGNHNKPTSVDSPENAFHDLHRQWLVLMPHTE,0.09941788,0.09941788,6,12000,595
TLNHASTDYVLCFYFNHHCQVACRFYDHRGMRQGAGWCQYNESAHLHEICFHGLDDNWLGNKHECD,0.09808287,0.09808338,6,12000,595
IKNDQWDGNVRGFTPNYYCQVKSKFACIANMDQRNENCQKNTSIDKEEYGVHGLHRQWLVCKHHCD,0.09711454,0.09711454,6,12000,595
YKIDQSDMYLLGFTDMFYYQDKSKFACSASMDMRKGNHNKPEMVDSPENDFHLLRRQELGLMPQTE,0.09709677,0.09709677,6,12000,595
YKIDQSDMNLLGFTDMRYYQGKSKFACSASMDMRMGNHNKPEMVDTPENTFHFLRRQELVLMPHTD,0.0970513,0.0970513,6,12000,595
AKNDQWDGYVRGITPMYYCQVKSKFACIAKMDQRNENHQKNTSVDKEEYGVHGLHRVWLGCKHQCD,0.09676981,0.09676981,6,12000,595
YKIDQWDMYLLGFTDNEYYQEKSKFACIASMDMRCGNHNKPTMVDSPENSFHDLHRQELGLMPQTE,0.095751226,0.095751226,6,12000,595
TLNHASTDVVLCFYFKHHCQVACRFYPHRGMRQGAGWCNKNESAHLHENCFHGLDHNWLGNKHECY,0.09528254,0.09528304,6,12000,595
YKIDQSDMVLLGFTDKNYYQPKSKFACIASMDMRPGNHNKPTSVDKPENNFHDLRRQELGLMPHTD,0.09404123,0.09404123,6,12000,595
FKNDQWDGYVRGITPKYHCQVKSKFACSACMDQRNENCQKNTSIDKEEYGVHGLDRYWLGCKHHCD,0.094019055,0.094019055,6,12000,595
SVHGRKVLRCSERDYDRMIPNIGTYCSFQWQYDAKHDIPSPWARMYQETDVLIPRLPEFKCMSDPN,0.093964845,0.093964845,6,12000,595
YKIDQSDMYLLGFTDKGYYQVKSKFACIASMDMRKGNHNKPTMVDFPENLFHGLHRQELGLMPQTE,0.09382071,0.09382071,6,12000,595
YNIDQNDMYLLGFTDMGYYQKKSKFACIASMDMRTGNCNKPESVDIPENLFHRLRRQWLVLMPQTD,0.09355987,0.09355987,6,12000,595
YSIDQWDMYLLGFTDNNYCQHKSKFACIASMDMRCGNHNKPESVDSPENYFHCLRRQELGLMPHTD,0.093394406,0.093394406,6,12000,595
TSNHQSTDVVLVFYFNHHCQMACKFYPHEGMRQGKGWCQKIESIHPHEICFHGLRDNWLGQKHHCY,0.09296084,0.09296084,6,12000,595
MKNDQWDGNVRGITPNYHCQVKSKFACSASMDQRNENHQKNTSIDKEEYGVHGLDRQWLVCKHHCY,0.09257322,0.09257322,6,12000,595
YGIDQSDMVLLGFTDKGYYQEKSKFACIASMDGRNGNHNKPESVDSPENIFHWLRRQWLVLMPHTD,0.092174396,0.092174396,6,12000,595
YKIDQSDMNLLGFTDMFYYQHKSKFACSASMDMRSGNCNKPESVDAPENMFHGLHRQWLVLMPQTD,0.09173872,0.09173872,6,12000,595
YEHGRKVLRCSERVYDRMIPNIGTYCSFQWQGDEKHDIPSPWARMYQSTDVLIPRLPEFKCMSDPN,0.09101574,0.09101574,6,12000,595
QKNDQSDGYVRGFTPMPHCQVKSKFACIAIMDQRNENHQKNTSVDKEEYGVHGLHRQWLGCKHQCY,0.08953019,0.08953019,6,12000,595
EDHGRKVLRCSERKYDRMIPNIGTYCSFQWQIDHKHDIPSPWARMYQGTDVLIPRLPEFKCMSDPN,0.08894363,0.08894363,6,12000,595
TLNHAWTDVVLCFYFNHHCQVACRFYPHRGMRQGAGWCNKNESIHLHENCFHGLDDNWLGNKHECD,0.08852221,0.08852267,6,12000,595
YKIDQNDMYLLGFTDMTYCQPKSKFACIASMDMRKGNCQKPEMVDSPENHFHKLHRQWLGLMPHTE,0.088481516,0.08848151,6,12000,595
MKNDQWDGYVRGITPMYYCQVKSKFACSASMDQRNENHQKNTSVDKEEYGVHGLHRQWLVCKHQCY,0.08842146,0.08842146,6,12000,595
NKNDQSDGYVRGITPMPHCQVKSKFACIANMDQRNENHQKNTDVDKEEYGVHGLDRQWLVCKHHCY,0.08806841,0.08806842,6,12000,595
RDIAQNDMCVSGRKGEPYRCPPCGLYCHDSQEERFQAGEKPTDESTNGNEWHGIHTKWLVWTNKPV,0.29360795,0.29360795,7,14000,694
RDIVQNDMTVTGRKNEPYQCPPCGLYCHDSVEERFQAGEKPTDESTNGNEWHHIHMKWLVKNCKPL,0.25274247,0.25274247,7,14000,694
RDIQQNDMTLSGRKGEPHRCPPCGLYCHDSFEGRFQAGEKPTDESTNGNEWHQIHMRWLVNVKKPV,0.22284439,0.22284439,7,14000,694
RDIKQNDMCLSGRKGEPHQCPPCGLYCHDSFEGRFQAGEKPTDESTNGNEWHGIHTYWLVDRQKPV,0.22086504,0.22086504,7,14000,694
GKIFQWDITVRGFTDMYYCGGKSKFAQSDSMDMRNENINKPTDVSTEENHFHEQRERELVLEEQSE,0.21940175,0.21940175,7,14000,694
GNIFQWRITVRGFTDMYHCGGKPKLAQPDSQDMRHENINKPTDVSTEENHFHDQREKELVLEEQSE,0.21788108,0.21788108,7,14000,694
GQIFQWDICVRGFTDMYHCPGKQKLAQSDSQDMRYENINKPTDVSTEENHFHRQRESELVLEEQSE,0.20259598,0.20259598,7,14000,694
GGIFQNDIYVRGFTDMYYCKGKMKLAQSDSQDMRAENINKPTDVSTEENHFHKQHENELVLEEQSE,0.19933684,0.19933684,7,14000,694
GEIFQWDIYVRGFTDMYYCMGKVKLAQSDSQDMRIENINKPTDVSTEENHFHHQHEKWLVLEEQSE,0.19849163,0.19849163,7,14000,694
GGIFQWDITVRGFYDMYYCEGKRKLAQSDSMDMRAENINKPTDVSTEENHFHEQRERELVLEEQSE,0.19012962,0.19012962,7,14000,694
GSIFQNRITVRGFTDMYYCQGKMGLAQPDSQDMRAENINKPTDVSTEENHFHPQRESWLVLEEQSE,0.18348163,0.18348163,7,14000,694
RDIVQNDMTVSGRKNEFHPCPPCGLYCHDSVECRFQAGEKPTDESTNTNEWHWIHTPWLVHTRKPL,0.17957722,0.17957722,7,14000,694
RDIHQNDMTVSGFNPMFHYRKISGLYCHDSQDMRWGNHNKPEGVSTQENEFHGQHMCELVFMPQTY,0.17589138,0.17589138,7,14000,694
RDIIQNDMTVSGRKGEPHYCPPCGLYCHDSQEQRFQAGEKPTDESTNGNEWHGIHMVWLVRQEKPL,0.17461383,0.17461383,7,14000,694
GQIFQNDITVRGFTDMYYCEGKQGFAQPDSQDMRAENINKPTDVSTEENHFHIQHESELVLEEQSE,0.1695217,0.1695217,7,14000,694
GNIFQNDIYVRGFYDMYYCAGKYKFAQPDSQDMRAENINKPTDVSTEENHFHAQREEELVLEEQSE,0.16838019,0.16838019,7,14000,694
GKIFQNDIYVRGFTDMYYCQGKYKFAQSDSQDMRIENINYPTDVSTEENHFHGQHEGWLVLEEQSE,0.1674267,0.1674267,7,14000,694
GEIFQWDIYVRGFTDMYHCVGKVKLAQPDSQDMRHENINKPTDVSTEENHFHHQHEQELVLEEQSE,0.16386907,0.16386907,7,14000,694
GWIFQWDINVRGFYDMYYCSGKEKFAQPDSMDMRPENINKPTDVSTEENHFHEQREQWLVLEEQSE,0.15749358,0.15749358,7,14000,694
RDISQNDMCLSGRKGEFHGCPPCGLYCHDTFERRFQAGEKPTDESTNGNEWHKIHTPWLVENRKPL,0.15604964,0.15604964,7,14000,694
RDIVQNDMCVSGRKGEPHDCPPCGLYCHDTQEHRFQAGEKPTDESTNGNEWHNIHTAWLVKPMKPL,0.1559201,0.1559201,7,14000,694
RDIVQNDMCLSGRKNEPHCCPPCGLYCHDTVESRFQAGEKPTDESTNGNEWHNIHMCWLVYEQKPV,0.14982769,0.14982769,7,14000,694
GFIFQWDITVRGFTDMYYCHGKKKLAQSDSMDMRVENINKPTDVSTEENHFHDQHEDELVLEEQSE,0.1483398,0.1483398,7,14000,694
RDIVQNDMTLSGRKGEFHCCPPCGLYCHDSQEPRFQAGEKPTDESTNGNEWHAIHTSWLVGSKKPL,0.14659229,0.14659229,7,14000,694
RDIVQNDMCVSGRKGEPHYCPPCGLYCHDTFENRFQAGEKPTDEATNGNEWHRIHTHWLVGPPKPV,0.14566618,0.14566618,7,14000,694
RDIHQNDMTVSGFNPMFYYRSISKLYCHDSQDMRMGNHNKPEGVDTKENEFHGQHMCELVPMPQTY,0.13977334,0.13977334,7,14000,694
RDIHQNDMTLSGFNPMFYYSEISKFYCHDSQDMRMGNHNKPEGVDTHENEFHGQHMCELVFMPQTY,0.13931488,0.13931488,7,14000,694
GAIFQWDIYVRGFYDMYHCRGKVGLAQSDSQDMRAENINKPTDVSTEENHFHRQHERELVLEEQSE,0.13639648,0.13639648,7,14000,694
RDIVQNDMTLSGRKNEPHRCPPCGLYCHDTFESRFQAGEKPTDEATNGNEWHPIHTSWLVAWNKPV,0.13512014,0.13512014,7,14000,694
RDIHQNDMTLSGFNPMFHYHLISGFYCHDSQDMRMGNHNKPEGVDTKENEFHGQHMCELVHMPQTY,0.1343059,0.1343059,7,14000,694
GAIFQNRINVRGFTDMYYCRGKDKFAQSDSMDMRKENINKPTDVSTEENHFHGQREWELVLEEQSE,0.13387817,0.13387817,7,14000,694
GPIFQWRITVRGFYDMYYCDGKPGLAQSDSQDMRRENINKPTDVSTEENHFHMQRESELVLEEQSE,0.1327813,0.1327813,7,14000,694
RDIVQNDMTLSGRKGEPHVCPPCGLYCHDTFEARFQAGEKPTDESTNGNEWHEIHTGWLVMNHKPL,0.13274594,0.13274594,7,14000,694
RDIHQNDMTVSGFNPMFHYDRISKFYCHDSQDMRMGNHNKPEGVDTWENEFHGQHMCWLVDMPQTY,0.1325121,0.1325121,7,14000,694
RDIVQNDMTVWGRKNEPHCCPPCGLYCHDTFEMRFQAGEKPTDEATNGNEWHGIHTKWLVPNGKPV,0.13119784,0.13119784,7,14000,694
GWIFQNDITVRGFTDMYHCSGKVGFAQSDSQDMRMENINKPTDVSTEENHFHTQREAWLVLEEQSE,0.13068748,0.13068748,7,14000,694
SDIVQNDMCVSGRKNEPYDCPPCGLYCHDSVEERFQAGEKPTDEATNKNEWHLIHMPWLVQMKKPL,0.12806621,0.12806621,7,14000,694
RDIHQNDMTLSGFNPMFHYKQISGLYCHDSQDMRKGNHNKPEGVDTKENEFHGLHMCELVQMPQTY,0.12689227,0.12689227,7,14000,694
RDIHQNDMTVSGFNPMFHYHNISGLYCHDSQDMRMGNHNKPEGVATMENEFHGQHMCELVYMPQTY,0.1242379,0.1242379,7,14000,694
GAIFQNDINVRGFTDMYHCTGKGGLAQPDSQDMRVENINYPTDVSTEENHFHRQRESWLVLEEQSE,0.12365143,0.12365143,7,14000,694
RDINQNDMCVSGRKGEPHICPPCGLYCHDTVETRFQAGEKPTDEATNGNEWHGQHMDWLVCKAKPV,0.12333372,0.12333372,7,14000,694
RDIGQNDMCVSGRKNEPYCCPPCGLYCHDSFEARFQAGEKPTDEATNGNEWHHIHTKWLVNVRKPL,0.12251915,0.12251915,7,14000,694
GSIFQNRITVRGFTDMYHCQGKAKFAQSDSQDMRAENINKPTDVSTEENHFHDQHEFELVLEEQSE,0.12193752,0.12193752,7,14000,694
RDIHQSDMTVSGFNPMFHYKPISKFYCHDSQDMRMGNHNKPEGVDTYENEFHGLHMCELVHMPQTY,0.12118486,0.12118486,7,14000,694
RDIHQNDMTVSGFNPMFHYESISKLYCHDSQDMRGGNHNKPEGVDTHENEFHGQHMCELVKMPQTY,0.120829076,0.120829076,7,14000,694
GGIFQWDICVRGFTDMYHCNGKHGLAQSDSMDMRIENINKPTDVSTEENHFHLQRETWLVLEEQSE,0.12052229,0.12052229,7,14000,694
RDIHQSDMTVSGFNPMFHYEDISKFYCHDSQDMRPGNHNKPEGVDTHENEFHGLHMCELVEMPQTY,0.12051361,0.12051361,7,14000,694
RDIVQNDMTLSGRKNEFHNCPPCGLYCHDTQEERFQAGEKPTDEATNGNEWHPIHMYWLVGGQKPL,0.12043553,0.12043553,7,14000,694
RDIHQNDMTLSGFNPMFHYHHISKFYCHDSQDMRMGNHNKPEGVATGENEFHGQHMCWLVVMPQTY,0.118772365,0.118772365,7,14000,694
RDIHQSDMTLSGFNPMFYYHDISGFYCHDSQDMRMGNHNKPEGVATAENEFHGQHMCWLVHMPQTY,0.117188856,0.117188856,7,14000,694
RDIHQSDMTVSGFNPMFHYNQISGLYCHDSQDMRMGNHNKPEGVDTKENEFHGQHMCWLVMMPQTY,0.11700192,0.11700192,7,14000,694
RDIVQNDMCLSGRKNEPHCCPPCGLYCHDSQEGRFQAGEKPTDEATNINEWHAIHMSWLVLNKKPV,0.11558644,0.11558644,7,14000,694
RDIHQSDMTLSGFNPMFYYDYISKFYCHDSQDMRMGNHNKPEGVATHENEFHGQHMCWLVAMPQTY,0.11557488,0.11557488,7,14000,694
RDIHQSDMTLSGFNPMFHYQYISGFYCHDSQDMRGGNHNKPEGVATKENEFHGQHMCWLVQMPQTY,0.11505613,0.11505613,7,14000,694
RDIVQNDMCVSGRKGEFHPCPPCGLYCHDSQEERFQAGEKPTDEATNGNEWHFIHTHWLVNSTKPV,0.114877604,0.114877604,7,14000,694
RDIVQNDMTVSGRKMEPYRCPPCGLYCHDSFEGRFQAGEKPTDEATNFNEWHMIHMRWLVKKHKPL,0.11481887,0.11481887,7,14000,694
GKIFQNDIYVRGFTDMYYCCGKPKFAQPDSMDMRAENINYPTDVSTEENHFHQQRENELVLEEQSE,0.11460523,0.11460523,7,14000,694
RDIHQSDMTLSGFNPMFYYSTISKLYCHDSQDMRYGNHNKPEGVSTNENEFHGLHMCELVQMPQTY,0.11422339,0.11422339,7,14000,694
RDIHQNDMTLSGFNPMFYYEIISGFYCHDSQDMRMGNHNKPEGVATWENEFHGQHMCWLVHMPQTY,0.11376078,0.11376078,7,14000,694
RDIVQNDMCLSGRKGEFHCCPPCGLYCHDSVEHRFQAGEKPTDESTNGNEWHGIHMWWLVYQQKPV,0.11374232,0.11374232,7,14000,694
GAIFQNDINVRGFTDMYHCFGKPKFAQSDSQDMRWENINYPTDVSTEENHFHPQREQWLVLEEQSE,0.113112725,0.113112725,7,14000,694
RDIHQSDMTVSGFNPMFYYNTISKFYCHDSQDMRIGNHNKPEGVDTHENEFHGQHMCELVQMPQTY,0.11285845,0.11285845,7,14000,694
RDIHQSDMTVSGFNPMFYYMQISKFYCHDSQDMRMGNHNKPEGVDTKENEFHGQHMCWLVYMPQTY,0.11285167,0.11285167,7,14000,694
RDIHQSDMTLSGFNPMFHYEGISKFYCHDSQDMRVGNHNKPEGVATRENEFHGQHMCWLVMMPQTY,0.11204354,0.11204354,7,14000,694
GQIFQWDINVRGFTDMYYCHGKVKFAQSDSMDMRIENINYPTDVSTEENHFHLQREEWLVLEEQSE,0.11199401,0.11199401,7,14000,694
RDIHQNDMTLSGFNPMFYYKNISKLYCHDSQDMRAGNHNKPEGVATVENEFHGQHMCWLVNMPQTY,0.11188714,0.11188714,7,14000,694
RDIVQNDMTLMGRKMEPYSCPPCGLYCHDTVEERFQAGEKPTDEATNGNEWHGIHTGWLVCNRKPV,0.11147551,0.11147551,7,14000,694
GYIFQNDIYVRGFTDMYHCIGKCGFAQPDSQDMRIENINKPTDVSTEENHFHEQRENELVLEEQSE,0.110914476,0.110914476,7,14000,694
RDIMQNDMCVTGRKMEFHRCPPCGLYCHDTVEPRFQAGEKPTDESTNGNEWHGIHTKWLVTPGKPL,0.110344864,0.110344864,7,14000,694
GCIFQWRITVRGFTDMYYCGGKMKLAQPDSQDMRAENINKPTDVSTEENHFHMQREHELVLEEQSE,0.11034096,0.11034096,7,14000,694
RDIEQNDMCVSGRKGEPHACPPCGLYCHDSQEMRFQAGEKPTDEATNGNEWHGIHTRWLVMAWKPV,0.11024512,0.11024512,7,14000,694
RDIVQNDMCVSGRKGEPYCCPPCGLYCHDTVEERFQAGEKPTDESTNGNEWHGIHMSWLVLQPKPV,0.11005757,0.11005757,7,14000,694
RDIHQNDMTVSGFNPMFHYSVISKFYCHDSQDMRMGNHNKPEGVDTTENEFHGQHMCELVCMPQTY,0.10932448,0.10932448,7,14000,694
RDIHQSDMTVSGFNPMFHYDKISGLYCHDSQDMRMGNHNKPEGVATQENEFHGLHMCELVPMPQTY,0.10930578,0.10930578,7,14000,694
RDIEQNDMTVSGRKMEPHCCPPCGLYCHDSQEERFQAGEKPTDESTNGNEWHTIHMHWLVLAEKPV,0.109276384,0.109276384,7,14000,694
RDIHQSDMTVSGFNPMFHYQTISKLYCHDSQDMRMGNHNKPEGVSTEENEFHGQHMCWLVKMPQTY,0.10846217,0.10846217,7,14000,694
RDIHQSDMTVSGFNPMFHYANISGFYCHDSQDMRPGNHNKPEGVATQENEFHGQHMCWLVLMPQTY,0.10824404,0.10824404,7,14000,694
RDIHQSDMTLSGFNPMFHYGRISKFYCHDSQDMRFGNHNKPEGVDTDENEFHGLHMCWLVWMPQTY,0.10821481,0.10821481,7,14000,694
RDIVQNDMCVNGRKMEPYCCPPCGLYCHDSFEMRFQAGEKPTDEATNGNEWHRIHMSWLVFEQKPL,0.108045034,0.108045034,7,14000,694
RDIVQNDMCLSGRKGEPYCCPPCGLYCHDTVEQRFQAGEKPTDESTNINEWHPIHTKWLVINGKPL,0.10775207,0.10775207,7,14000,694
RDIVQNDMCVPGRKGEFHCCPPCGLYCHDTQEARFQAGEKPTDESTNNNEWHGIHMHWLVVEKKPV,0.10723907,0.10723907,7,14000,694
RRYGINSCFWSIRKGDREWADQDDCCGSDTTWHDIVETDKFGWPSFQECDREYKCFNMNFSQMGMM,0.106913604,0.106913604,7,14000,694
GEIFQWDITVRGFTDMYYCRGKCKFAQSDSQDMRQENINYPTDVSTEENHFHDQREDELVLEEQSI,0.106596805,0.106596805,7,14000,694
RDIPQNDMTVPGRKMEPYCCPPCGLYCHDTFERRFQAGEKPTDESTNGNEWHDIHTSWLVCSSKPV,0.106361896,0.106361896,7,14000,694
GKIFQNRICVRGFYDMYYCQGKRKFAQPDSQDMRLENINYPTDVSTEENHFHNQREDWLVLEEQSE,0.10607688,0.10607688,7,14000,694
RDIHQNDMTVSGFNPMFYYPRISGLYCHDSQDMRMGNHNKPEGVATDENEFHGQHMCWLVVMPQTY,0.105778955,0.105778955,7,14000,694
GPIFQWDINVRGFYDMYYCRGKYKFAQPDSMDMRPENINYPTDVSTEENHFHKQREGWLVLEEQSI,0.105714396,0.105714396,7,14000,694
RDIKQNDMCLSGRKGEPHTCPPCGLYCHDTFERRFQAGEKPTDESTNGNEWHGIHMGWLVYCEKPV,0.10559544,0.10559544,7,14000,694
RDIHQNDMTVSGFNPMFYYYYISKFYCHDSQDMRMGNHNKPEGVATQENEFHGQHMCELVRMPQTY,0.105312236,0.105312236,7,14000,694
RDIHQNDMTLSGFNPMFHYEIISKLYCHDSQDMRNGNHNKPEGVDTGENEFHGLHMCELVCMPQTY,0.10475669,0.10475669,7,14000,694
RDIHQNDMTVSGFNPMFYYQNISGLYCHDSQDMRMGNHNKPEGVDTWENEFHGQHMCWLVKMPQTY,0.104393184,0.104393184,7,14000,694
GWIFQNRICVRGFTDMYYCTGKCGFAQPDSMDMRKENINKPTDVSTEENHFHAQHEQELVLEEQSE,0.104358695,0.104358695,7,14000,694
RDIHQSDMTVSGFNPMFHYAGISGFYCHDSQDMRPGNHNKPEGVDTRENEFHGQHMCWLVQMPQTY,0.10392063,0.10392063,7,14000,694
RKAMNVECNKPRGVGICIYMGAADYWSSNDFPHAVNIMKRTVDTQYAIHKSPYMFCNANLHHKRSC,0.10378993,0.10378993,7,14000,694
GTIFQNRITVRGFTDMYHCCGKTKFAQSDSQDMRKENINKPTDVSTEENHFHMQHENELVLEEQSE,0.10173614,0.10173614,7,14000,694
RDIVQNDMCVSGRKGEPYCCPPCGLYCHDTQEGRFQAGEKPTDESTNGNEWHTIHTKWLVDMWKPL,0.10171257,0.10171257,7,14000,694
RDIHQSDMTVSGFNPMFHYGDISGLYCHDSQDMRRGNHNKPEGVDTEENEFHGLHMCWLVYMPQTY,0.10168181,0.10168181,7,14000,694
GRIFQNDIYVRGFYDMYYCGGKFGFAQPDSQDMRAENINYPTDVSTEENHFHEQREPWLVLEEQSE,0.101613574,0.101613574,7,14000,694
RDIHQSDMTLSGFNPMFHYSPISKFYCHDSQDMRMGNHNKPEGVDTKENEFHGLHMCELVEMPQTY,0.1010361,0.1010361,7,14000,694
RDIFQNCMCWPCRKNEFYPAPCCGLYFHDSQAMRFCMETKPFDMATNGNELNGHCTKWKAWNFKPV,0.18836245,0.18836245,8,16000,793
RDIFQNPMTWPTRKGEFHPAPCCGLYFHDSQAMRFCMETKPFDMATNGNEWNGHCTKWKHWSFKPL,0.17351669,0.17351669,8,16000,793
RDIFQNPMTWPNRKGEFHPAPCCGLYFHDSQAMRFCMETKPFDMATNGNELNGHCTKWKNWNFKPV,0.16888224,0.16888224,8,16000,793
RDIFQNPMTVSCRKGEFWYAPCFGIYFHDSQAMRFFEMMKPGDFATNMNEWGGHCTKWKECQFKPV,0.16639948,0.16639948,8,16000,793
RDIFQNPMCWPSRKGEFYPAPCCGLYFHDSQAMRFCMETKPFDMATNGNELNGHCTKWKNWNFKPL,0.16139202,0.16139202,8,16000,793
RDIFQNKMTWPCRKGEFYPAPCCGLYFHDSQAMRFCMETKPFDMATNGNELNGHCTKWKKWRFKPL,0.16053106,0.16053106,8,16000,793
RDIFQNPMTWPVRKNEFHPAPCCGLYFHDSQAMRFCMETKPFDMATNGNELNGHCTKWKRWQFKPL,0.15942192,0.15942192,8,16000,793
RDIFQNPMCWPCRKNEFHPAPCCGLYFHDSQAMRFCMETKPFDMATNGNELNGHCTKWKHWWFKPV,0.15928273,0.15928273,8,16000,793
RDIFQNPMCWPWRKNEFHPAPCCGLYFHDSQAMRFCMETKPFDMATNGNELNGHCTKWKKWRFKPL,0.15701269,0.15701269,8,16000,793
RDIFQNPMCWPNRKNEFHPAPCCGLYFHDSQAMRFCMETKPFDMATNGNELNGHCTKWKWWGFKPL,0.15687828,0.15687828,8,16000,793
RDIFQNPMTLSCRKNEFWYAPCQGLYFHDSQAMRFFEMMKPGDFATNMNELGGHCTKWKECPFKPL,0.15325788,0.15325788,8,16000,793
RDIFQNPMTWPCRKGEFHPAPCCGLYFHDSQAMRFCMETKPFDMATNGNELNGHCTKWKGWMFKPV,0.15250482,0.15250482,8,16000,793
RDIFQNPMTWPFRKNEFHPAPCCGLYFHDSQAMRFCMETKPFDMATNGNELNGHCTKWKKWRFKPV,0.14947356,0.14947356,8,16000,793
RDIFQNPMTWPYRKNEFYPAPCCGLYFHDSQAMRFCMETKPFDMATNGNELNGICTKWKHWEFKPV,0.14850095,0.14850095,8,16000,793
RDIFQNPMTWPVRKNEFYPAPCCGLYFHDSQAMRFCMETKPFDMATNGNELNGHCTKWKKWTFKPV,0.1484271,0.1484271,8,16000,793
RDIFQNPMCWPRRKNEFHPAPCCGLYFHDSQAMRFCMETKPFDMATNGNELNGHCTKWKDWEFKPV,0.14803752,0.14803752,8,16000,793
RDIFQNHMCWPDRKNEFYPAPCCGLYFHDSQAMRFCMETKPFDMATNGNELNGHCTKWKHWKFKPL,0.14772268,0.14772268,8,16000,793
RDIFQNPMTWPSRKNEFHPAPCCGLYFHDSQAMRFCMETKPFDMATNGNELNGHCTKWKAWPFKPL,0.1454553,0.1454553,8,16000,793
RDIFQNPMCWPPRKGEFHPAPCCGLYFHDSQAMRFCMETKPFDMATNGNELNGHCTKWKTWKFKPL,0.1405282,0.1405282,8,16000,793
RDIFQNPMCWPSRKNEFYPAPCCGLYFHDSQAMRFCMETKPFDMATNGNELNGHCTKWKIWQFKPV,0.13915424,0.13915424,8,16000,793
RDIFQNPMTWPARKNEFYPAPCCGLYFHDSQAMRFCMETKPFDMATNGNELNGHCTKWKMWEFKPV,0.1391049,0.1391049,8,16000,793
SDIFQNPMTVPYRKNEFWYAPPGGIYFHDSQAMRFFEMMKPGDFATNMNELGGHCTKWKECSFKPL,0.13906154,0.13906154,8,16000,793
RDIFQNPMCWPWRKNEFYPAPCCGLYFHDSQAMRFCMETKPFDMATNGNELNGICTKWKQWDFKPL,0.13730717,0.13730717,8,16000,793
RDIFQNPMTWPMRKNEFHPAPCCGLYFHDSQAMRFCMETKPFDMATNGNELNGHCTKWKLWEFKPV,0.1372467,0.1372467,8,16000,793
RDIFQNWMCWPWRKGEFYPAPCCGLYFHDSQAMRFCMETKPFDMATNGNELNGHCTKWKMWRFKPL,0.13668084,0.13668084,8,16000,793
RDIFQNPMTWPMRKGEFYPAPCCGLYFHDSQAMRFCMETKPFDMATNGNELNGHCTKWKAWRFKPV,0.13587621,0.13587621,8,16000,793
RDIFQNDMCWPWRKNEFHPAPCCGLYFHDSQAMRFCMETKPFDMATNGNELNGHCTKWKAWDFKPV,0.13458437,0.13458437,8,16000,793
RDIFQNPMTWPYRKNEFHPAPCCGLYFHDSQAMRFCMETKPFDMATNGNELNGHCTKWKQWYFKPV,0.1334305,0.1334305,8,16000,793
RDIFQNPMCWPRRKGEFYPAPCCGLYFHDSQAMRFCMETKPFDMATNGNELNGHCTKWKCWDFKPL,0.13254806,0.13254806,8,16000,793
RDIFQNPMTWPQRKNEFHPAPCCGLYFHDSQAMRFCMETKPFDMATNGNELNGHCTKWKIWDFKPV,0.13171692,0.13171692,8,16000,793
RDIFQNAMTWPPRKNEFHPAPCCGLYFHDSQAMRFCMETKPFDMATNGNELNGICTKWKWWQFKPV,0.13154115,0.13154115,8,16000,793
SDIFQNPMTLSWRKNEFWPAPCNGIYFHDSQAMRFFEMMKPGDFATNMNELGGHCTKWKECGFKPV,0.13131778,0.13131778,8,16000,793
RDIFQNPMCWPARKNEFHPAPCCGLYFHDSQAMRFCMETKPFDMATNGNELNGHCTKWKNWGFKPL,0.13091698,0.13091698,8,16000,793
RDIFQNPMTVSNRKGEFWYAPCHGLYFHDSQAMRFFEMMKPGDFATNMNEWGGHCTKWKECTFKPV,0.13069755,0.13069755,8,16000,793
RDIFQNPMCLSSRKNEFWPAPCVGIYFHDSQAMRFFEMMKPGDFATNMNEWGGHCTKWKECNFKPV,0.13042437,0.13042437,8,16000,793
RDIFQNPMTLSPRKNEFWYAPCYGIYFHDSQAMRFFEMMKPGDFATNMNEFGGHCTKWKECHFKPL,0.12988698,0.12988698,8,16000,793
RDIFQNPMTWPWRKNEFYPAPCCGLYFHDSQAMRFCMETKPFDMATNGNELNGICTKWKAWGFKPL,0.1284972,0.1284972,8,16000,793
RDIFQNPMCWPARKNEFYPAPCCGLYFHDSQAMRFCMETKPFDMATNGNELNGHCTKWKFWRFKPL,0.12706622,0.12706622,8,16000,793
RDIFQNPMCWPCRKNEFHPAPCCGLYFHDSQAMRFCMETKPFDMATNGNELNGHCTKWKIWMFKPV,0.12673983,0.12673983,8,16000,793
RDIFQNNMCWPIRKNEFHPAPCCGLYFHDSQAMRFCMETKPFDMATNGNELNGHCTKWKPWTFKPV,0.12588902,0.12588902,8,16000,793
SDIFQNPMTLSHRKNEFYPAPCEGLYFHDSQAMRFFEMMKPGDFATNMNEWGGHCTKWKECRFKPV,0.12507477,0.12507477,8,16000,793
SDIFQNPMCLSPRKNEFYYAPCPGIYEHDSQAMRFFEMMKPGDFATNMNEWGGHCTKWKECSFKPL,0.12482202,0.12482202,8,16000,793
RDIFQNPMTWPSRKGEFHPAPCCGLYFHDSQAMRFCMETKPFDMATNGNELNGICTKWKWWKFKPV,0.12480482,0.12480482,8,16000,793
RDIFQNPMCWPWRKGEFHPAPCCGLYFHDSQAMRFCMETKPFDMATNGNELNGHCTKWKMWKFKPL,0.123681635,0.123681635,8,16000,793
RDIFQNPMTWPSRKGEFYPAPCCGLYFHDSQAMRFCMETKPFDMATNGNELNGICTKWKQWPFKPL,0.12360729,0.12360728,8,16000,793
RDIFQNSMCWPFRKNEFYPAPCCGLYFHDSQAMRFCMETKPFDMATNGNELNGHCTKWKYWHFKPL,0.123449825,0.123449825,8,16000,793
RDIFQNPMTWPVRKGEFHPAPCCGLYFHDSQAMRFCMETKPFDMATNGNELNGICTKWKWWNFKPL,0.12147448,0.12147448,8,16000,793
RDIFQNPMTWPYRKNEFYPAPCCGLYFHDSQAMRFCMETKPFDMATNGNELNGHCTKWKYWIFKPV,0.12113603,0.12113603,8,16000,793
RDIFQNPMCWPRRKGEFYPAPCCGLYFHDSQAMRFCMETKPFDMATNGNELNGHCTKWKWWAFKPL,0.12064604,0.12064604,8,16000,793
RDIFQNLMTWPCRKGEFYPAPCCGLYFHDSQAMRFCMETKPFDMATNGNELNGICTKWKLWTFKPV,0.12055955,0.12055955,8,16000,793
RDIFQNPMTWPERKNEFHPAPCCGLYFHDSQAMRFCMETKPFDMATNGNELNGHCTKWKTWTFKPL,0.11981867,0.11981867,8,16000,793
RDIFQNPMTWPVRKNEFYPAPCCGLYFHDSQAMRFCMETKPFDMATNGNELNGHCTKWKKWWFKPL,0.11975,0.11975,8,16000,793
RDIFQNPMTWPERKNEFHPAPCCGLYFHDSQAMRFCMETKPFDMATNGNELNGHCTKWKGWSFKPV,0.11923736,0.11923736,8,16000,793
RDIFQNGMTWPARKNEFHPAPCCGLYFHDSQAMRFCMETKPFDMATNGNELNGHCTKWKRWYFKPV,0.118806586,0.118806586,8,16000,793
RDIFQNPMTWPRRKGEFYPAPCCGLYFHDSQAMRFCMETKPFDMATNGNELNGICTKWKGWEFKPL,0.11740816,0.11740816,8,16000,793
RDIFQNPMCVSWRKGEFHYAPCWGIYFHDSQAMRFFEMMKPGDFATNMNELGGHCTKWKECDFKPL,0.11671334,0.11671334,8,16000,793
RDIFQNRMCWPGRKGEFYPAPCCGLYFHDSQAMRFCMETKPFDMATNGNELNGHCTKWKWWTFKPV,0.116434366,0.116434366,8,16000,793
RDIFQNPMTLSIRKNEFYPAPPCGIYFHDSQAMRFFEMMKPGDFATNMNEWGGHCTKWKECHFKPV,0.11616477,0.11616477,8,16000,793
RDSQANECTLPSRIGMRHFNHDVGLYIHDTQANFEQFITKPEGCDTGPMHCWGVTMNMEAWYRKKL,0.11580226,0.11580226,8,16000,793
RDIFQNPMTWPVRKGEFHPAPCCGLYFHDSQAMRFCMETKPFDMATNGNELNGHCTKWKCWHFKPV,0.11556957,0.11556957,8,16000,793
RDIFQNPMTVSRRKNEFHPAPCRGIYFHDSQAMRFFEMMKPGDFATNMNEWGGHCTKWKECMFKPV,0.11548981,0.11548981,8,16000,793
RDIFQNPMCWPCRKGEFHPAPCCGLYFHDSQAMRFCMETKPFDMATNGNELNGICTKWKWWYFKPL,0.11544464,0.11544464,8,16000,793
RDIFQNPMTLPRRKGEFHYAPCWGIYFHDSQAMRFFEMMKPGDFATNMNEWGGHCTKWKECHFKPL,0.115130916,0.115130916,8,16000,793
RDIFQNPMTWPDRKNEFYPAPCCGLYFHDSQAMRFCMETKPFDMATNGNELNGHCTKWKVWHFKPV,0.11381927,0.11381927,8,16000,793
SDIFQNPMCVSHRKGEFYYAPCNGLYFHDSQAMRFFEMMKPGDFATNMNEWGGHCTKWKECNFKPL,0.11232037,0.11232037,8,16000,793
RDIFQNPMCWPPRKGEFHPAPCCGLYFHDSQAMRFCMETKPFDMATNGNELNGICTKWKSWRFKPL,0.11195983,0.11195983,8,16000,793
SDIFQNPMTLSCRKNEFHYAPCHGLYFHDSQAMRFFEMMKPGDFATNMNELGGHCTKWKECMFKPL,0.111841165,0.111841165,8,16000,793
RDIFQNPMTLSRRKNEFYPAPPNGLYFHDSQAMRFFEMMKPGDFATNMNELGGHCTKWKECCFKPL,0.111538656,0.111538656,8,16000,793
RDIFQNPMCWPVRKNEFHPAPCCGLYFHDSQAMRFCMETKPFDMATNGNELNGICTKWKWWGFKPL,0.11065562,0.11065562,8,16000,793
RDIFQNPMTVPVRKGEFYPAPCCGLYFHDSQAMRFCMETKPFDMATNGNELNGHCTKWKVWEFKPV,0.109013,0.109013,8,16000,793
RDIFQNPMCWPNRKNEFHPAPCCGLYFHDSQAMRFCMETKPFDMATNGNELNGHCTKWKHWVFKPV,0.108552374,0.108552374,8,16000,793
RDIFQNPMTWPARKGEFHPAPCCGLYFHDSQAMRFCMETKPFDMATNGNELNGICTKWKWWGFKPV,0.106943294,0.106943294,8,16000,793
RDIFQNPMCVPVRKGEFHPAPCCGLYFHDSQAMRFCMETKPFDMATNGNELNGHCTKWKQWQFKPL,0.10608233,0.10608233,8,16000,793
RDIFQNPMCWPYRKGEFYPAPCCGLYFHDSQAMRFCMETKPFDMATNGNELNGHCTKWKFWWFKPL,0.10599859,0.10599859,8,16000,793
RDIFQNPMTWPRRKNEFYPAPCCGLYFHDSQAMRFCMETKPFDMATNGNELNGHCTKWKAWLFKPL,0.10574261,0.10574261,8,16000,793
RDIFQNPMTWPKRKGEFHPAPCCGLYFHDSQAMRFCMETKPFDMATNGNELNGICTKWKSWRFKPV,0.10449305,0.10449305,8,16000,793
RDIFQNPMCLSPRKGEFWYAPCDGLYFHDSQAMRFFEMMKPGDFATNMNEWGGHCTKWKECRFKPV,0.104415566,0.104415566,8,16000,793
RDIFQNMMCWPTRKGEFYPAPCCGLYFHDSQAMRFCMETKPFDMATNGNELNGICTKWKWWGFKPL,0.104327,0.104327,8,16000,793
SDIFQNPMTLSTRKNEFHYAPPVGLYFHDSQAMRFFEMMKPGDFATNMNEWGGHCTKWKECNFKPL,0.10417676,0.10417676,8,16000,793
RDIFQNPMCWPGRKNEFHPAPCCGLYFHDSQAMRFCMETKPFDMATNGNELNGICTKWKQWTFKPV,0.10397331,0.10397331,8,16000,793
SDIFQNPMTVSDRKNEFWPAPCMGIYFHDSQAMRFFEMMKPGDFATNMNELGGHCTKWKECSFKPV,0.10301456,0.10301456,8,16000,793
RDIFQNPMTVSWRKMEFHPAPCNGIYFHDSQAMRFFEMMKPGDFATNMNEWGGHCTKWKECAFKPL,0.10275619,0.10275619,8,16000,793
RDIFQNPMTWPHRKNEFHPAPCCGLYFHDSQAMRFCMETKPFDMATNGNELNGHCTKWKEWVFKPL,0.10264058,0.10264058,8,16000,793
RDIFQNPMTWPHRKNEFHPAPCCGLYFHDSQAMRFCMETKPFDMATNGNELNGICTKWKWWFFKPL,0.10228082,0.10228082,8,16000,793
RDIFQNEMTWPQRKGEFHPAPCCGLYFHDSQAMRFCMETKPFDMATNGNELNGHCTKWKEWNFKPL,0.101236686,0.101236686,8,16000,793
RDIFQNPMTWPNRKGEFYPAPCCGLYFHDSQAMRFCMETKPFDMATNGNELNGICTKWKYWAFKPV,0.10123471,0.10123471,8,16000,793
RDIFQNPMTLSTRKGEFHYAPCPGLYFHDSQAMRFFEMMKPGDFATNMNELGGHCTKWKECQFKPV,0.10054479,0.10054479,8,16000,793
RDIFQNPMTLSRRKNEFYYAPCIGLYFHDSQAMRFFEMMKPGDFATNMNEWGGHCTKWKECGFKPL,0.0995296,0.0995296,8,16000,793
SDIFQNPMTVSKRKNEFWYAPCMGLYFHDSQAMRFFEMMKPGDFATNMNELGGHCTKWKECSFKPV,0.09929813,0.09929813,8,16000,793
RDIFQNPMTWPPRKNEFHPAPCCGLYFHDSQAMRFCMETKPFDMATNGNELNGICTKWKYWFFKPL,0.098256536,0.098256536,8,16000,793
RDIFQNPMCWPHRKNEFYPAPCCGLYFHDSQAMRFCMETKPFDMATNGNELNGHCTKWKMWVFKPV,0.09787095,0.09787095,8,16000,793
RDIFQNPMTLSDRKNEFHYAPCCGIYFHDSQAMRFFEMMKPGDFATNMNELGGHCTKWKECQFKPL,0.09779404,0.09779404,8,16000,793
RDIFQNAMCWPSRKGEFYPAPCCGLYFHDSQAMRFCMETKPFDMATNGNELNGICTKWKWWTFKPL,0.09757911,0.09757911,8,16000,793
RDSQANECTLPSRIGMRHFDQDVGLYIFDTQANFEQDITKPEGCDTGPMHCWPVKMNMHAWYRKKL,0.0966247,0.0966247,8,16000,793
SDIFQNPMCVSCRKGEFHYAPCVGIYFHDSQAMRFFEMMKPGDFATNMNEWGGHCTKWKECKFKPV,0.095605455,0.095605455,8,16000,793
RDIFQNMMCWPWRKGEFYPAPCCGLYFHDSQAMRFCMETKPFDMATNGNELNGHCTKWKGWFFKPV,0.09536631,0.09536631,8,16000,793
RDIFQNPMCVSFRKNEFWYAPCQGIYFHDSQAMRFFEMMKPGDFATNMNELGGHCTKWKECPFKPV,0.09520567,0.09520567,8,16000,793
SDIFQNPMTLSDRKGEFWYAPPSGLYFHDSQAMRFFEMMKPGDFATNMNELGGHCTKWKECSFKPL,0.0951422,0.0951422,8,16000,793
RDSQANECTLDSRIGMRHFDQDVGLYIHDTQANFEQWITKPEGCDTGPMHCWRVLMNMGAWYRKKL,0.09487194,0.09487194,8,16000,793
SKGVDFRYTKHCEPIAGLYQTSCDIPPAPWRNTWNCMMWGWFQYFRGFPKVEQVDHMAAYWWRPES,0.19231956,0.19231956,9,18000,892
SKGVDFRRTKHCEPIAGLYQTSCDIPEAPWTNTRNCMMWGWFQPFRGFPKVEQVDHMAAYWWRPES,0.18097278,0.18097278,9,18000,892
SKGVDFRTTKHCEPIAGLYQTSCDIPEAPWTNTWNCMMWGWFQHFRGFPKVEQVDHMAAYWWRPES,0.18089607,0.18089607,9,18000,892
SKGVDFRFTKHCEPIAGLYQTSCDIPEAPWRNTWNCMMWGWFQWFRGFPKVEQVDHMAAYWWRPES,0.18021226,0.18021226,9,18000,892
SKGVDFRYTKHCEPIAGLYQTSCDIPNAPWTNTWNCMMWGWFQYFRGFPKVEQVDHMAAYWWRPES,0.1766959,0.1766959,9,18000,892
SKGVDFRWTKHCEPIAGLYQTSCDIPKAPWTNTWNCMMWGWFQYFRGFPKVEQVDHMAAYWWRPES,0.1763442,0.1763442,9,18000,892
SKGVDFRDTKHCEPIAGLYQTSCDIPNAPWTNTWNCMMWGWFQWFRGFPKVEQVDHMAAYWWRPES,0.17207061,0.17207061,9,18000,892
SKGVDFRPTKHCEPIAGLYQTSCDIPNAPWSNTWNCMMWGWFQYFRGFPKVEQVDHMAAYWWRPES,0.16846417,0.16846417,9,18000,892
SKGVDFRDTKHCEPIAGLYQTSCDIPMAPWRNTRNCMMWGWFQPFRGFPKVEQVDHMAAYWWRPES,0.16628282,0.16628282,9,18000,892
SKGVDFRCTKHCEPIAGLYQTSCDIPDAPWTNTWNCMMWGWFQYFRGFPKVEQVDHMAAYWWRPES,0.16448984,0.16448984,9,18000,892
SKGVDFRMTKHCEPIAGLYQTSCDIPDAPWTNTWNCMMWGWFQYFRGFPKVEQVDHMAAYWWRPES,0.16168068,0.16168068,9,18000,892
SKGVDFRNTKHCEPIAGLYQTSCDIPRAPWTNTWNCMMWGWFQYFRGFPKVEQVDHMAAYWWRPES,0.16124031,0.16124031,9,18000,892
SKGVDFRFTKHCEPIAGLYQTSCDIPQAPWNNTWNCMMWGWFQYFRGFPKVEQVDHMAAYWWRPES,0.15350755,0.15350755,9,18000,892
SKGVDFRMTKHCEPIAGLYQTSCDIPSAPWRNTWNCMMWGWFQYFRGFPKVEQVDHMAAYWWRPES,0.15335886,0.15335886,9,18000,892
SKGVDFRCTKHCEPIAGLYQTSCDIPQAPWTNTWNCMMWGWFQYFRGFPKVEQVDHMAAYWWRPES,0.14973131,0.14973131,9,18000,892
SKGVDFRNTKHCEPIAGLYQTSCDIPEAPWFNTWNCMMWGWFQYFRGFPKVEQVDHMAAYWWRPES,0.14654693,0.14654693,9,18000,892
SKGVDFRCTKHCEPIAGLYQTSCDIPSAPWNNTWNCMMWGWFQYFRGFPKVEQVDHMAAYWWRPES,0.14568077,0.14568077,9,18000,892
SKGVDFRRTKHCEPIAGLYQTSCDIPGAPWTNTWNCMMWGWFQYFRGFPKVEQVDHMAAYWWRPES,0.14534308,0.14534308,9,18000,892
SKGVDFRFTKHCEPIAGLYQTSCDIPRAPWTNTWNCMMWGWFQYFRGFPKVEQVDHMAAYWWRPES,0.14511462,0.14511462,9,18000,892
SKGVDFRSTKHCEPIAGLYQTSCDIPDAPWFNTWNCMMWGWFQYFRGFPKVEQVDHMAAYWWRPES,0.14415184,0.14415184,9,18000,892
SKGVDFRFTKHCEPIAGLYQTSCDIPDAPWANTWNCMMWGWFQYFRGFPKVEQVDHMAAYWWRPES,0.14272141,0.14272141,9,18000,892
SKGVDFRHTKHCEPIAGLYQTSCDIPMAPWTNTWNCMMWGWFQYFRGFPKVEQVDHMAAYWWRPES,0.14185378,0.14185378,9,18000,892
SKGVDFRCTKHCEPIAGLYQTSCDIPHAPWTNTRNCMMWGWFQYFRGFPKVEQVDHMAAYWWRPES,0.14001907,0.14001907,9,18000,892
SKGVDFRHTKHCEPIAGLYQTSCDIPHAPWANTWNCMMWGWFQYFRGFPKVEQVDHMAAYWWRPES,0.13770239,0.13770239,9,18000,892
SKGVDFRETKHCEPIAGLYQTSCDIPHAPWTNTWNCMMWGWFQRFRGFPKVEQVDHMAAYWWRPES,0.13703626,0.13703626,9,18000,892
SKGVDFRVTKHCEPIAGLYQTSCDIPKAPWRNTWNCMMWGWFQYFRGFPKVEQVDHMAAYWWRPES,0.13702223,0.13702223,9,18000,892
SKGVDFRLTKHCEPIAGLYQTSCDIPNAPWTNTRNCMMWGWFQYFRGFPKVEQVDHMAAYWWRPES,0.13484345,0.13484345,9,18000,892
SKGVDFRSTKHCEPIAGLYQTSCDIPTAPWANTWNCMMWGWFQYFRGFPKVEQVDHMAAYWWRPES,0.13443059,0.13443059,9,18000,892
SKGVDFRKTKHCEPIAGLYQTSCDIPQAPWTNTWNCMMWGWFQPFRGFPKVEQVDHMAAYWWRPES,0.13307896,0.13307896,9,18000,892
SKGVMFRHTKHCEPIAGLYQTSCDIPNAPWFNTWNCMMWGWFQNFRGFPKVEQVDHMAAYWWRPES,0.13251643,0.13251643,9,18000,892
SKGVDFRGTKHCEPIAGLYQTSCDIPTAPWFNTWNCMMWGWFQPFRGFPKVEQVDHMAAYWWRPES,0.13191624,0.13191624,9,18000,892
SKGVDFRFTKHCEPIAGLYQTSCDIPDAPWFNTWNCMMWGWFQYFRGFPKVEQVDHMAAYWWRPES,0.13143915,0.13143915,9,18000,892
SKGVDFRRTKHCEPIAGLYQTSCDIPPAPWTNTWNCMMWGWFQGFRGFPKVEQVDHMAAYWWRPES,0.13006026,0.13006026,9,18000,892
SKGVDFRRTKHCEPIAGLYQTSCDIPPAPWANTWNCMMWGWFQYFRGFPKVEQVDHMAAYWWRPES,0.12982705,0.12982705,9,18000,892
SKGVDFRFTKHCEPIAGLYQTSCDIPKAPWANTWNCMMWGWFQPFRGFPKVEQVDHMAAYWWRPES,0.12895009,0.12895009,9,18000,892
SKGVDFRNTKHCEPIAGLYQTSCDIPMAPWRNTWNCMMWGWFQTFRGFPKVEQVDHMAAYWWRPES,0.12779687,0.12779687,9,18000,892
SKGVMFRFTKHCEPIAGLYQTSCDIPNAPWTNTWNCMMWGWFQYFRGFPKVEQVDHMAAYWWRPES,0.12629409,0.12629409,9,18000,892
SKGVMFRFTKHCEPIAGLYQTSCDIPRAPWANTWNCMMWGWFQPFRGFPKVEQVDHMAAYWWRPES,0.12592728,0.12592728,9,18000,892
SKGVDFRSTKHCEPIAGLYQTSCDIPVAPWNNTWNCMMWGWFQYFRGFPKVEQVDHMAAYWWRPES,0.1250682,0.1250682,9,18000,892
SKGVMFRFTKHCEPIAGLYQTSCDIPSAPWFNTWNCMMWGWFQYFRGFPKVEQVDHMAAYWWRPES,0.123176135,0.123176135,9,18000,892
SKGVDFRATKHCEPIAGLYQTSCDIPSAPWTNTWNCMMWGWFQQFRGFPKVEQVDHMAAYWWRPES,0.12251105,0.12251105,9,18000,892
SKGVDFRQTKHCEPIAGLYQTSCDIPKAPWTNTWNCMMWGWFQIFRGFPKVEQVDHMAAYWWRPES,0.122061454,0.122061454,9,18000,892
SKGVDFRDTKHCEPIAGLYQTSCDIPSAPWANTWNCMMWGWFQLFRGFPKVEQVDHMAAYWWRPES,0.12153018,0.12153018,9,18000,892
SKGVDFRITKHCEPIAGLYQTSCDIPQAPWTNTWNCMMWGWFQWFRGFPKVEQVDHMAAYWWRPES,0.12102119,0.12102119,9,18000,892
SKGVDFRFTKHCEPIAGLYQTSCDIPRAPWFNTWNCMMWGWFQPFRGFPKVEQVDHMAAYWWRPES,0.119754165,0.119754165,9,18000,892
SKGVDFRITKHCEPIAGLYQTSCDIPKAPWTNTWNCMMWGWFQYFRGFPKVEQVDHMAAYWWRPES,0.11735638,0.11735638,9,18000,892
SKGVDFRMTKHCEPIAGLYQTSCDIPMAPWTNTWNCMMWGWFQYFRGFPKVEQVDHMAAYWWRPES,0.11642635,0.11642635,9,18000,892
SKGVDFRCTKHCEPIAGLYQTSCDIPVAPWTNTWNCMMWGWFQHFRGFPKVEQVDHMAAYWWRPES,0.11633781,0.11633781,9,18000,892
SKGVDFRQTKHCEPIAGLYQTSCDIPFAPWTNTWNCMMWGWFQYFRGFPKVEQVDHMAAYWWRPES,0.11604698,0.11604698,9,18000,892
SKGVDFRFTKHCEPIAGLYQTSCDIPHAPWTNTWNCMMWGWFQTFRGFPKVEQVDHMAAYWWRPES,0.1146864,0.1146864,9,18000,892
SKGVMFRMTKHCEPIAGLYQTSCDIPYAPWRNTWNCMMWGWFQYFRGFPKVEQVDHMAAYWWRPES,0.114539236,0.11453922,9,18000,892
SKGVDFRMTKHCEPIAGLYQTSCDIPKAPWFNTWNCMMWGWFQYFRGFPKVEQVDHMAAYWWRPES,0.11440608,0.11440608,9,18000,892
SKGVDFRATKHCEPIAGLYQTSCDIPNAPWANTWNCMMWGWFQEFRGFPKVEQVDHMAAYWWRPES,0.11213227,0.11213227,9,18000,892
SKGVDSRFTKHCEPIAGLYQTSCDIPYAPWRNTWNCMMWGWFQDFRGFPKVEQVDHMAAYWWRPES,0.11211395,0.11211395,9,18000,892
SKGVDFRGTKHCEPIAGLYQTSCDIPYAPWFNTWNCMMWGWFQYFRGFPKVEQVDHMAAYWWRPES,0.11189964,0.11189964,9,18000,892
SKGVDFRQTKHCEPIAGLYQTSCDIPKAPWFNTWNCMMWGWFQTFRGFPKVEQVDHMAAYWWRPES,0.11001505,0.11001505,9,18000,892
SKGVMFRTTKHCEPIAGLYQTSCDIPAAPWTNTWNCMMWGWFQEFRGFPKVEQVDHMAAYWWRPES,0.11000305,0.11000305,9,18000,892
SKGVDFRNTKHCEPIAGLYQTSCDIPCAPWTNTWNCMMWGWFQFFRGFPKVEQVDHMAAYWWRPES,0.10936312,0.10936312,9,18000,892
SKGVDFRPTKHCEPIAGLYQTSCDIPMAPWFNTWNCMMWGWFQPFRGFPKVEQVDHMAAYWWRPES,0.108190775,0.108190775,9,18000,892
SKGVDFRCTKHCEPIAGLYQTSCDIPNAPWANTWNCMMWGWFQAFRGFPKVEQVDHMAAYWWRPES,0.10504996,0.10504996,9,18000,892
SKGVDFRITKHCEPIAGLYQTSCDIPTAPWTNTWNCMMWGWFQFFRGFPKVEQVDHMAAYWWRPES,0.103479154,0.103479154,9,18000,892
SKGVDFRITKHCEPIAGLYQTSCDIPYAPWRNTWNCMMWGWFQQFRGFPKVEQVDHMAAYWWRPES,0.1032294,0.1032294,9,18000,892
SKGVDFRGTKHCEPIAGLYQTSCDIPSAPWFNTWNCMMWGWFQAFRGFPKVEQVDHMAAYWWRPES,0.1028793,0.1028793,9,18000,892
SKGVDFRTTKHCEPIAGLYQTSCDIPRAPWANTWNCMMWGWFQIFRGFPKVEQVDHMAAYWWRPQS,0.10254755,0.10254755,9,18000,892
SKGVMFRCTKHCEPIAGLYQTSCDIPWAPWFNTWNCMMWGWFQYFRGFPKVEQVDHMAAYWWRPES,0.10247904,0.10247904,9,18000,892
SKGVDSRCTKHCEPIAGLYQTSCDIPTAPWTNTWNCMMWGWFQIFRGFPKVEQVDHMAAYWWRPES,0.10178434,0.10178434,9,18000,892
SKGVDFRATKHCEPIAGLYQTSCDIPRAPWANTWNCMMWGWFQKFRGFPKVEQVDHMAAYWWRPES,0.10024065,0.10024065,9,18000,892
SKGVDFRCTKHCEPIAGLYQTSCDIPCAPWTNTWNCMMWGWFQYFRGFPKVEQVDHMAAYWWRPPS,0.09913854,0.09913854,9,18000,892
SKGVDFRFTKHCEPIAGLYQTSCDIPLAPWTNTWNCMMWGWFQQFRGFPKVEQVDHMAAYWWRPES,0.09767116,0.09767116,9,18000,892
SKGVDFRFTKHCEPIAGLYQTSCDIPWAPWGNTWNCMMWGWFQTFRGFPKVEQVDHMAAYWWRPES,0.09753547,0.09753547,9,18000,892
SKGVDFRATKHCEPIAGLYQTSCDIPQAPWFNTWNCMMWGWFQSFRGFPKVEQVDHMAAYWWRPES,0.0971434,0.0971434,9,18000,892
SKGVDFRSTKHCEPIAGLYQTSCDIPWAPWANTWNCMMWGWFQDFRGFPKVEQVDHMAAYWWRPES,0.096630074,0.096630074,9,18000,892
SKGVDFRCTKHCEPIAGLYQTSCDIPCAPWRNTWNCMMWGWFQVFRGFPKVEQVDHMAAYWWRPES,0.096279934,0.096279934,9,18000,892
SKGVDFRSTKHCEPIAGLYQTSCDIPCAPWANTWNCMMWGWFQEFRGFPKVEQVDHMAAYWWRPES,0.09542328,0.09542328,9,18000,892
SKGVDFRITKHCEPIAGLYQTSCDIPMAPWTNTWNCMMWGWFQYFRGFPKVEQVDHMAAYWWRPES,0.09532898,0.09532898,9,18000,892
SKGVDFRCTKHCEPIAGLYQTSCDIPMAPWFNTWNCMMWGWFQYFRGFPKVEQVDHMAAYWWRPES,0.09462278,0.09462278,9,18000,892
SKGVDFRFTKHCEPIAGLYQTSCDIPMAPWFNTWNCMMWGWFQYFRGFPKVEQVDHMAAYWWRPES,0.09370329,0.09370329,9,18000,892
SKGVDFRFTKHCEPIAGLYQTSCDIPFAPWANTWNCMMWGWFQYFRGFPKVEQVDHMAAYWWRPES,0.092573375,0.092573375,9,18000,892
SKGVMFRMTKHCEPIAGLYQTSCDIPMAPWTNTWNCMMWGWFQMFRGFPKVEQVDHMAAYWWRPES,0.09204105,0.09204105,9,18000,892
SKGVDFRCTKHCEPIAGLYQTSCDIPIAPWRNTWNCMMWGWFQIFRGFPKVEQVDHMAAYWWRPES,0.09201611,0.09201611,9,18000,892
SKGVDFRTTKHCEPIAGLYQTSCDIPAAPWFNTWNCMMWGWFQGFRGFPKVEQVDHMAAYWWRPES,0.09192645,0.09192645,9,18000,892
SKGVDFRATKHCEPIAGLYQTSCDIPYAPWTNTWNCMMWGWFQVFRGFPKVEQVDHMAAYWWRPES,0.091126874,0.091126874,9,18000,892
SKGVDFRFTKHCEPIAGLYQTSCDIPWAPWFNTWNCMMWGWFQYFRGFPKVEQVDHMAAYWWRPES,0.09103131,0.09103131,9,18000,892
QRYFETDFVSKFTVQIHEWYNAPSRLHQDEIRTRFTRNTSVGWSPYFPCVTDNRLMIEMNHRKLMC,0.0908191,0.0908191,9,18000,892
SKGVDFRKTKHCEPIAGLYQTSCDIPIAPWRNTWNCMMWGWFQDFRGFPKVEQVDHMAAYWWRPES,0.09028072,0.09028072,9,18000,892
RDSGANEMTLPSRIGMSHFQYDVGLYLHDTQAIFVQFITYPEGCDTGINHCAQQHTNWFACYPFTL,0.090258405,0.090242654,9,18000,892
SKGVDFRFTKHCEPIAGLYQTSCDIPFAPWTNTWNCMMWGWFQLFRGFPKVEQVDHMAAYWWRPES,0.09021646,0.09021646,9,18000,892
SKGVMFRCTKHCEPIAGLYQTSCDIPFAPWTNTWNCMMWGWFQDFRGFPKVEQVDHMAAYWWRPES,0.08750543,0.08750543,9,18000,892
QRYFETDFVSKFTVQIHEWANAPSRLHQKEIATRFTRNTSVGWSPYFPCVTDNRLMIEMNHRKLMC,0.08701011,0.08699487,9,18000,892
RDAGQNEMNLPSRIGMSHFRKDVGLYLHDTQAIFVQFITYPEGCDTGINHCAQQHTNMPAGYDFTL,0.086696535,0.08668136,9,18000,892
SKGVDFRITKHCEPIAGLYQTSCDIPFAPWTNTWNCMMWGWFQYFRGFPKVEQVDHMAAYWWRPES,0.08634986,0.08634986,9,18000,892
SKGVDFRDTKHCEPIAGLYQTSCDIPLAPWFNTWNCMMWGWFQNFRGFPKVEQVDHMAAYWWRPES,0.08609216,0.08609216,9,18000,892
CPARDFKDTKHCGVQICETTTLAMAPSNPETTHRNGMMKGINWFCELPPKKAQMSHVATMHRKLQD,0.08494616,0.08494616,9,18000,892
CPARDFKDTKHCGVQICETTTLAMAPKNPETTHRNGMMKGINWFCELPPKKAQMSHVATMHRKLED,0.08447592,0.08447592,9,18000,892
CPARDFKDTKHCGVQICETTTLAMAPSNPETTHRNGMMKGINWFCELPPKKAQMSHVATMHRKLDD,0.08343671,0.08343671,9,18000,892
SKGVDFRFTKHCEPIAGLYQTSCDIPVAPWANTWNCMMWGWFQNFRGFPKVEQVDHMAAYWWRPES,0.08311719,0.08311719,9,18000,892
SKGVMFRFTKHCEPIAGLYQTSCDIPLAPWFNTWNCMMWGWFQTFRGFPKVEQVDHMAAYWWRPES,0.08195388,0.08195388,9,18000,892
SKGVDFRVTKHCEPIAGLYQTSCDIPMAPWANTWNCMMWGWFQQFRGFPKVEQVDHMAAYWWRPES,0.080798544,0.08079854,9,18000,892
SKGVDFRATKHCEPIAGLYQTSCDIPAAPWFNTWNCMMWGWFQCFRGFPKVEQVDHMAAYWWRPES,0.08056275,0.08056275,9,18000,892
RDTYRWESTVSPRKGMWYDSHDCCLYESETQDIAAQNHMEVFGCGPKITCCAQQHTKKNCQKWFTL,0.2785949,0.27855477,10,20000,991
RDDYRWESEVSPRKGMWYYSHDVCLSEHETQDIAAQNHMKVEGCGPKITCCAQQHTKKNMQKWFTL,0.26281017,0.26277146,10,20000,991
RDDGATFLTVSGDNDMRYYKNDVKLYWSETQDQAAQFINEVEGVGFQHNECFYFHTFKNVAKWKTK,0.25994378,0.2599422,10,20000,991
CPTNMWKPYHHMRVEWTIYQTECTEPNGPEHNPRNPAPEGTFPKIEVRPQDWSLDCTKKSGQYPVS,0.2511975,0.25119594,10,20000,991
RDDYRWESNVSPRKGMWYDSEDCCLYASETQDIAAQGGMEVQGCGPKITCCAQQHTKENSQKWFTL,0.22753511,0.2275,10,20000,991
RDDGQTVLTVSGDNDMRYYPNDVGLYWSETQDQAAQFINEVEGVGFQHNECFYFHTFKNVIDWKTK,0.22662921,0.22662775,10,20000,991
RDGSRNESTVSPRKGMWYYSQDCCLYAHETQDIAAQGGMKVQGCGPKHTCCAQQHTKKNWQKWFTL,0.22153482,0.22150035,10,20000,991
CPTNMWKPYHHMRVNWTIYQTECTEPNGPEHVPRNPAPEGTFPFIEVRPQHWSLDCTKKWGQYPVS,0.19455402,0.19455269,10,20000,991
RDDVQWESNVSPRKGMWYDSHDCCLYEHETQDIAAQGHMKVCGCGPKITCCAQQHTKKNAQKWFTL,0.1938199,0.19378868,10,20000,991
RDDGATWLNVSGDNDMRYYWSDVKLYWSETQDQAAQFINEVEGVGFQHNECFYFHTFKNVAKWKTK,0.18323997,0.18323874,10,20000,991
RDPSQWESNVSPRKGMWYISNDVCLSEHETQDIAAQNHMYVQGCGPKITCCAQFHTKKNMQKWFTL,0.18228509,0.1822553,10,20000,991
CPTNMWKPYHHMRVEWTIYQTECTEPNGPEHMPRNPAPEGTFPFIEVRKQKWSLDCTKKSGQYPVS,0.18168403,0.1816828,10,20000,991
RDEYRNESNVSPRKGMWYDSHDVCLYAHETQDIAAQGHMEVGGCGPKHTCCAQQHTKKNLQKWFTL,0.18037616,0.18034664,10,20000,991
CPTNMWKPYHHMRVNWTIYQTECTEPNGPEHNPRNPAPEGTFPFIEVRPQVWSLDCTKKCGQYPVS,0.17648011,0.17647891,10,20000,991
RDEYRWESNVSPRKGMWYDSHDCCLYASETQDIAAQGGMKVWGCGPKITCCAQQHTKKNMQKWFTL,0.17603673,0.17600775,10,20000,991
CPTNMWKPYHHMRVEWTIYQTECTEPNGPEHVPRNPAPEGTFPFIEVRPQHWSLDCTKKKGQYPVS,0.17430413,0.17430297,10,20000,991
RDDGQTILNVSGDNDMRYYKWDVGLYWHETQDQAAQFINKVEGVGFQHNECFYFHTFKNVQKWKTK,0.17415933,0.17415816,10,20000,991
RDDGQTVLTVSGDNDMRYYSDDVGLYWHETQDQAAQFINYVEGVGFQHNECFYFHTFKNVMKWKTK,0.17261711,0.17261592,10,20000,991
CPTNMWKPYHHMRVEWTIYQTECTEPNGPEHPPRNPAPEGTFPFIEVRPQVWSLDCTKKMGQYPVS,0.16981345,0.16981228,10,20000,991
YPEVQWFRNVSVKMGSRYYRWDVKLYCSETQWIAASNHNKVEGVGPFHGECEYMDTKENHQKWHPK,0.1626014,0.16260028,10,20000,991
YPEVQWFHNVSVHMQSRYYDKDVKLYCSETYWIAASNHNKVEGVGPFHGECFKQDTKENHQKWHPK,0.16236375,0.1623626,10,20000,991
SKTNMWKPYIVMRRIATSYQEVHSNPKGPEMGQRNCNCEITFEPIPFTMQFWQRDCTAEVWMRPAF,0.16173662,0.16173662,10,20000,991
RDDVRWESTVSPRKGMWYYSRDVCLSAHETQDIAAQMGMYVAGCGPKITCCAQQHTKKNVQKWFTL,0.16132683,0.16132683,10,20000,991
RDLYQWESNVSPRKGMWYDSTDVCLYEHETQDIAAQGHMKVCGCGPKHTCCAQQHTKENDQKWFTL,0.1612243,0.1612243,10,20000,991
RDDYRWESNVSPRKGMWYDSWDCCLYASETQDIAAQNGMEVFGCGPKHTCCAQQHTKENDQKWFTL,0.16035603,0.16035603,10,20000,991
CPTNMWKPYHHMRVNWTIYQTECTEPNGPEHVPRNPAPEGTFQFIEVRPQVWSLDCTKKWGQYPVS,0.15871634,0.15874192,10,20000,991
RDWVQNESEVSPRKGMWYDSQDVCLYESETQDIAAQMHMEVGGCGPKHTCCAQQHTKENWQKWFTL,0.15870455,0.15870455,10,20000,991
RDDSQNESNVSPRKGMWYISGDVCLSAHETQDIAAQNHMKVAGCGPKHTCCAQQHTKKNTQKWFTL,0.1581154,0.1581154,10,20000,991
RDDYAWESNVSPRKGMWYYSSDVCLSASETQDIAAQGGMKVDGCGPKITCCAQQHTKKNIQKWFTL,0.15791878,0.15791878,10,20000,991
RDDGATNLTVSGDNDMRYYNRDVGLYWSETQDQAAQFINEVEGVGFQHNECFYFHTFKNVKEWKTK,0.15552524,0.15555039,10,20000,991
RDDGQTKLTLSGDNDMRYYKHDVKLYWFETQDQAAQFINEVEGVGFQHNECFYFHTFKNVHNWKTK,0.15549959,0.15552473,10,20000,991
RDDVRWESTVSPRKGMWYYSYDCCLYESETQDIAAQNGMYVAGCGPKITCCAQQHTKKNVQKWFTL,0.15460578,0.15460578,10,20000,991
RDPVRWESEVSPRKGMWYDSLDVCLCEHETQDIAAQGHMLVNGCGPKITCCAQQHTKENYQKWFTL,0.15411517,0.15411517,10,20000,991
CPTNMVKPYHHMRVEWTIYQTECTEPNGPEHKPRNPAPEGTFQFIEVRPQTWSLDCTKKKGQYPVS,0.14875154,0.1487758,10,20000,991
RDDYRNESTVSPRKGMWYISRDVCLCASETQDIAAQMGMEVYGCGPKITCCAQQHTKKNCQKWFTL,0.14791505,0.14791505,10,20000,991
SKTNMWKPYIVMRRIATSYQEVHSNPKGPEMWQRNCNCPITFEPIPFTMQFWPMDCTAEFWMRPAF,0.14760911,0.14763425,10,20000,991
RDPVRWESTVSPRKGMWYDSHDVCLCAHETQDIAAQGGMKVKGCGPKITCCAQQHTKENTQKWFTL,0.14626732,0.14626732,10,20000,991
RDDGQTFLTVSGDNDMRYYYYDVKLYWHETQDQAAQFINKVEGVGFQHNECFYFHTFKNVFPWKTK,0.14496039,0.14498414,10,20000,991
RDDGQTPLNVSGDNDMRYYSDDVKLYWHETQDQAAQFINLVEGVGFQHNECFYFHTFKNVQKWKTK,0.144751,0.1447747,10,20000,991
RDDGATILNVSGDNDMRYYAPDVKLYWSETQDQAAQFINKVEGVGFQHNECFYFHTFKNVYKWKTK,0.14408004,0.14410366,10,20000,991
SKTNMWKPYIVMRRIATSYQEVHSNPKGPEMVQRNCNCEITFEPIPFTMQFWERDCTAEVWMRPAF,0.14330786,0.14333238,10,20000,991
RDDYQNESTVSPRKGMWYDSHDVCLSAHETQDIAAQMGMEVAGCGPKITCCAQQHTKKNAQKWFTL,0.14154668,0.14154668,10,20000,991
RDDSQWESEVSPRKGMWYDSNDVCLYAHETQDIAAQMGMYVTGCGPKITCCAQQHTKKNVQKWFTL,0.1414209,0.1414209,10,20000,991
CPTNMWKPYHHMRVIWTIYQTECTEPNGPEHYPRNPAPEGTFQFIEVRPQVWSLDCTKKFGQYPVS,0.14083096,0.14085415,10,20000,991
RDDGQTMLTVSGDNDMRYYMSDVKLYWSETQDQAAQFINYVEGVGFQHNECFYFHTFKNVADWKTK,0.13877386,0.13879675,10,20000,991
CPTNMWKPYHHMRVIWTIYQTECTEPNGPEHPPRNPAPEGTFQLIEVRPQVWSLDCTKKFGQYPVS,0.13862228,0.13864516,10,20000,991
SKTNMWKPYIVMRRIATSYQEVHSNPKGPEMVQRNCNCDITFEPIPFTMQFWTSDCTAEVWMRPAF,0.13850032,0.13852416,10,20000,991
RDDGQTKLTVSGDNDMRYYMGDVGLYWSETQDQAAQFINKVEGVGFQHNECFYFHTFKNVAPWKTK,0.13846298,0.13848582,10,20000,991
CPTNMVKPYHHMRVNWTIYQTECTEPNGPEHRPRNPAMEGTFQFIEVRRQEWSLDCTKKKGQYPVS,0.13843879,0.13846163,10,20000,991
RDDGQTELTVSGDIDMRYYPDDVKLYWSETQDQAAQFINKVEGVGFQHNECFYFHTFKNVVKWKTK,0.13822111,0.13824393,10,20000,991
SKTNMWKPYIVMRRIATSYQEVHSNTKGPEMRQRNCNCMITFEPIPFTMQFWNPDCTAEFWMRPAF,0.1375737,0.13759741,10,20000,991
CPTNMWKPYHHMRVNWTIYQTICTEPNGPEHSPRNPAPEGTFQPIEVRNQVWSLDCTKKKGQYPVS,0.13724856,0.13727126,10,20000,991
SKTNMWKPYIVMRRIATSYQEVHSNPKGPEMVQRNCNCEITFEPIPFTMQFWQRDCTAEVWMRPAF,0.13602369,0.13604715,10,20000,991
RDYVRWESNVSPRKGMWYISNDCCLYAHETQDIAAQNGMEVRGCGPKITCCAQQHTKKNRQKWFTL,0.13560647,0.13560647,10,20000,991
RDDGQTVLTVSGDNDMRYYDCDVGLYWFETQDQAAQFINKVEGVGFQHNECFYFHTFKNVFEWKTK,0.13509987,0.13512225,10,20000,991
RDDYRNESTVSPRKGMWYYSHDCCLYASETQDIAAQGHMLVPGCGPKITCCAQQHTKKNHQKWFTL,0.13461599,0.13461599,10,20000,991
RDSVQWESTVSPRKGMWYISMDCCLYESETQDIAAQGGMEVMGCGPKITCCAQQHTKENVQKWFTL,0.13451153,0.13451153,10,20000,991
SKTNMWKPYIVMRRIATSYQEVHSNPKGPEMVQRNCNCEITFEPIPFTMQFWNRDCTAEVWMRPAF,0.13406955,0.13406993,10,20000,991
CPTNMWKPYHHMRVNWTIYQTECTEPNGPEHVPRNPAPEGTFPFIEVRPQVWSLDCTKKPGQYPVS,0.1333807,0.13340282,10,20000,991
RDWYRWESNVSPRKGMWYDSHDVCLCAHETQDIAAQGHMEVSGCGPKITCCAQQHTKENWQKWFTL,0.1332783,0.1332783,10,20000,991
RDKVRNESTVSPRKGMWYYSHDVCLSEHETQDIAAQNGMLVNGCGPKITCCAQFHTKENAQKWFTL,0.13308384,0.13308384,10,20000,991
CPTNMWKPYHHMRVNWTIYQTECTEPNGPEHVPRNPAPEGTFPFIEVRRQVWSLDCTKKSGQYPVS,0.13261484,0.13263689,10,20000,991
RDDGATDLTVSGDNDMRYYQHDVGLYWSETQDQAAQFINEVEGVGFQHNECFYFHTFKNVDNWKTK,0.13258836,0.1326104,10,20000,991
CPTNMVKPYHHMRVNWTIYQTECTEPNGPEHVPRNPAPEGTFQFIEVRPQDWSLDCTKKSGQYPVS,0.13221718,0.13223913,10,20000,991
SKTNMWKPYIVMRRIATSYQEVHSNPKGPEMVQRNCNCSITFEPIPFTMQFWWDDCTAEVWMRPAF,0.13139245,0.13139282,10,20000,991
SKTNMWKPYIVMRRIATSYQEVHSNPKGPEMVQRNCNCEITFEPIPFTMQFWTRDCTAEVWMRPAF,0.13128488,0.13130766,10,20000,991
CPTNMWKPYHHMRVEWTIYQTICTEPNGPEHPPRNPAPEGTFPFIEVRPQVWSLDCTKKPGQYPVS,0.13106033,0.13108213,10,20000,991
RDDYRWESTVSPRKGMWYISHDCCLYASETQDIAAQMHMKVFGCGPKITCCAQFHTKKNLQKWFTL,0.13084318,0.13084318,10,20000,991
RDHYQNESTVSPRKGMWYYSHDCCLSASETQDIAAQNHMKVYGCGPKITCCAQQHTKKNFQKWFTL,0.13072543,0.13072543,10,20000,991
CPTNMWKPYHHMRVNWTIYQTICTEPNGPEHEPRNPAPEGTFQMIEVRPQAWSLDCTKKLGQYPVS,0.13019131,0.13021298,10,20000,991
SKTNMWKPYIVMRRIATHYQEVHSNTKGPEMVQRNCNCEITFEPIPFTMQFWTKDCTAESWMRPAF,0.12996837,0.12999097,10,20000,991
SKTNMWKPYIVMRRIATSYQEVHSNPKGPEMVQRNCNCMITFEPIPFTMQFWGDDCTAEFWMRPAF,0.12993798,0.12996057,10,20000,991
SKTNMWKPYIVMRRIATSYQEVHSNTKGPEMVQRNCNCEITFEPIPFTMQFWDKDCTAEVWMRPAF,0.12963846,0.12963884,10,20000,991
CPTNMWKPYHHMRVIWTIYQTECTEPNGPEHVPRNPAPEGTFQKIEVRPQKWSLDCTKKFGQYPVS,0.12961715,0.12963875,10,20000,991
RDDSQNESNVSPRKGMWYDSHDCCLSAHETQDIAAQMGMEVMGCGPKITCCAQQHTKENSQKWFTL,0.12942456,0.12942456,10,20000,991
SKTNMWKPYIVMRRIALSYQEVHSNPKGPEMYQRNCNCEITFEPIPFTMQFWNWDCTAEVWMRPAF,0.12923266,0.12925515,10,20000,991
RDFYQWESNVSPRKGMWYYSHDCCLSASETQDIAAQNHMEVPGCGPKITCCAQQHTKENQQKWFTL,0.12882625,0.12882625,10,20000,991
KPNDEFFFEFFVWRYVCMGYHVWDRLPSSEGTMAFSMNNTVGAWSYFLTSFRIMDMERHRRQKLDK,0.12857701,0.12857701,10,20000,991
RDDGQTQLTVSGDNDMRYYMLDVKLYWHETQDQAAQFINYVEGVGFQHNECFYFHTFKNVVKWKTK,0.12856889,0.12859035,10,20000,991
SKTNMWKPYIVMRRIATSYQEVHSNPKGPEMVQRNCNCEITFEPIPFTMQFWSYDCTAEVWMRPAF,0.12856805,0.12859042,10,20000,991
SKTNMWKPYIVMRRIATSYQEVHSNPKGPEMVQRNCNCNITFEPIPFTMQFWQADCTAEVWMRPAF,0.12851398,0.12853634,10,20000,991
SKTNMWKPYIVMRRIATSYQEVHSNPKGPEMVQRNCNCEITFEPIPFTMQFWNKDCTAEVWMRPAF,0.12824662,0.12826896,10,20000,991
SKTNMWKPYIVMRRIATSYQEVHSNPKGPEMVQRNCNCMITFEPIPFTMQFWDWDCTAEFWMRPAF,0.12801532,0.12803763,10,20000,991
RDQYQWESNVSPRKGMWYISHDCCLYASETQDIAAQGGMKVHGCGPKITCCAQQHTKENGQKWFTL,0.12801531,0.12801531,10,20000,991
RDDSQWESTVSPRKGMWYYSHDVCLYAHETQDIAAQMHMYVGGCGPKITCCAQQHTKENVQKWFTL,0.12750341,0.12750341,10,20000,991
RDDGATLLNVSGDNDMRYYCEDVKLYWSETQDQAAQFINEVEGVGFQHNECFYFHTFKNVRKWKTK,0.12744044,0.12746173,10,20000,991
RDPSRNESNVSPRKGMWYDSMDCCLYAHETQDIAAQGGMEVCGCGPKITCCAQQHTKKNYQKWFTL,0.12728384,0.12728384,10,20000,991
RDEYRWESEVSPRKGMWYYSHDVCLYAHETQDIAAQGHMYVYGCGPKITCCAQQHTKKNSQKWFTL,0.12592623,0.12592623,10,20000,991
RDDVQNESNVSPRKGMWYISHDCCLCEHETQDIAAQMGMKVPGCGPKITCCAQQHTKKNEQKWFTL,0.1256441,0.1256441,10,20000,991
SKTNMWKPYIVMRRIATSYQEVHSNPKGPEMVQRNCNCEITFEPIPFTMQFWHRDCTAEVWMRPAF,0.1252654,0.1252873,10,20000,991
RDDYRWESTVSPRKGMWYYSHDCCLYAHETQDIAAQGGMEVMGCGPKITCCAQQHTKKNKQKWFTL,0.12500335,0.12500335,10,20000,991
RDDYRNESTVSPRKGMWYISHDVCLYASETQDIAAQMGMKVRGCGPKITCCAQQHTKKNVQKWFTL,0.12437429,0.12437429,10,20000,991
RDDSQWESTVSPRKGMWYDSVDVCLCASETQDIAAQNGMEVRGCGPKITCCAQQHTKENWQKWFTL,0.12386188,0.12386188,10,20000,991
RDDVQWESNVSPRKGMWYISYDVCLSAHETQDIAAQGHMLVMGCGPKITCCAQQHTKKNRQKWFTL,0.1230718,0.1230718,10,20000,991
CPTNMWKPYHHMRVNWTIYQTICTEPNGPEHVPRNPAPEGTFQFIEVRPQEWSLDCTKKAGQYPVS,0.12283914,0.122859776,10,20000,991
RDMVRWESTVSPRKGMWYDSHDCCLYASETQDIAAQGGMKVPGCGPKITCCAQFHTKENLQKWFTL,0.12281199,0.12281199,10,20000,991
SKTNMWKPYIVMRRIATSYQEVHSNPKGPEMVQRNCNCEITFEPIPFTMQFWGKDCTAEVWMRPAF,0.12236777,0.12238922,10,20000,991
RDTYQNESTVSPRKGMWYDSHDVCLYASETQDIAAQMHMYVEGCGPKITCCAQQHTKKNIQKWFTL,0.121991456,0.121991456,10,20000,991
RDDGATTLTVSGDNDMRYYDLDVKLYWFETQDQAAQFINKVEGVGFQHNECFYFHTFKNVWKWKTK,0.1212287,0.12124911,10,20000,991
