{"run_id": "17:54:39-09/28/2020", "exp_name": "Adalead_mu=1_threshold=0.05", "model_name": "LandscapeAsModel=RosettaFolding", "landscape_name": "RosettaFolding", "rounds": 10, "sequences_batch_size": 100, "model_queries_per_batch": 2000}
sequence,model_score,true_score,round,model_cost,measurement_cost
MAQASVVANQLIPINTHLTLVMMRSEVVTYVHIPAEDIPRLVSMDVNRAVPLGTTLMPDMVKGYAA,,0.39779237,0,0,1
MAQTSASANQLIPINTHLTLEMMRSEEITYVHIHAEDIPRLVSMDVNRAVPLGTTLMPDMVKGYAA,0.60926056,0.60926056,1,2064,100
MAQASVVANQLIPINTHLTLKMMRSQVVTYVHIPAEDIPDLVSMDVNRAVVQGTTLMPDMVKGYAA,0.60441554,0.60441554,1,2064,100
MAQASASANQLIPINTHLTLEMMRSEEITYVHIHAEDIPRLVSMDVNRAVPLGTTLMPDMVKGYAA,0.56451285,0.56451285,1,2064,100
MAQASVVANQLISLNTHLTLNMMRSEVVTYVHIPAEDIPRLVSMDVNRAVPTGTTLMPDMVKGYAA,0.55442744,0.55442744,1,2064,100
MAQASVVANQFIPINTHLTLRMMRSVRVTYSHIPAEDIPTLVSMDVNRAVPLGTTLMPDMVKGYAA,0.5539835,0.5539835,1,2064,100
MIQASVVADQLIHVNKKLNCVMMRRAVVTYVHIPAEDIPRLVEMDVNDNVPEGTTLMPEYVKGYAA,0.5512793,0.5512793,1,2064,100
MAKASVVANQGIPINTHLTLRMMRSEVNTYVHIPAEDIPRLVSMDVNRAVPLGTTLMPDMVKGYAA,0.5511681,0.5511681,1,2064,100
GAQASVVATQLIPINTHVTLVMMDSEVVPDVHIPAENIPRLVSMDVNRAVALGTTLMPDYVKEYAA,0.5410006,0.5410006,1,2064,100
MAQASASANQLIPINTHLTLEMMRSEVITYVHIHAEDIPRLVSMDVNRAVPLGTTLMPDMVKGYAA,0.5399396,0.5399396,1,2064,100
GAQASVVATQLIPINTHVTLVMMDSEVVPRVHIPAENIPRLVSMDVNRAVALGTTLMPDYVKEYAA,0.53873634,0.5387364,1,2064,100
MAQASVVATQLIPINTHVTLVMMRSEVVPRVHIPAENIPRLVSMDVNRAVALGTTLMPDYVKEYAA,0.53715765,0.53715765,1,2064,100
MAQASVVANQLIPQNTHLTLEMMMSEVVNYVHIPCEDIPRLNSQDVNRAVPLGTTLMPDMVKGYAA,0.5356445,0.5356445,1,2064,100
MAQPSVVANQTIPINTHLTLVMMRSEVTTAVHIPAECIPRLVSMDVNRAVPLDTTLMPDMVKGYAA,0.5339818,0.5339818,1,2064,100
MAQTSASANSLIPKNTHLTLEMMRMEEITYVHIHAADIPRLVSMDVNYAVPLGTTLMPDMVKGYAA,0.5338227,0.5338227,1,2064,100
MIQASVVADQLIHVNKKLNCVMMRREVVTYVHIPAEDIPRLVEMDVNDNVPEGTTLMPEYVKGYAA,0.5327058,0.5327058,1,2064,100
MAQASVVANQLIPINTHLTLRMMRSEVETYVHIPAEDITRLVSMDVNRAVPLGTTLMPDMVKGYAA,0.5293029,0.5293029,1,2064,100
MAQASVVANQLIPINTHLTLVGMRSEVKTGVHIPAEDIPRLPSMDVNRAVPTGTTLMLDMVKGYAP,0.52757025,0.52757025,1,2064,100
MIQASVVADQLWHVNKKLNCVMMRRATVTYVHIPAEDIPRLVEMDVNDNVPEGTTLMPEYVKGYAA,0.5249256,0.5249256,1,2064,100
MAQASVVANQLIPQNTHLTLEMMMSEVVTYVHIPAEDIPRLNSQDVNRAVPLGTTLMPDMVKGYAA,0.52397555,0.52397555,1,2064,100
MANPSVYANQTIPINTHLTLVMMRSEVTTAVHIPAECIPRLVSMDVNRAVPLDTTLMPDMVKGYAA,0.5237087,0.5237087,1,2064,100
DAQPSVVANQLIPINANLTLVMMRSETVTYVHITNEDAPRLVSMDVNRAVPLWTTLMPDYVKGYAG,0.5234785,0.5234785,1,2064,100
MAQVSASANSLIPKNTHVTLEVMRMEEITYVHITAADIPRLVSMDINYAVPCGTTLMPDMVKGYAA,0.5234338,0.5234338,1,2064,100
MAQASVVANQLIPINTHLTLYMMRSEVVTNVHFPAEDIPRLVSMDVNRAVPLGTTLTPDMVKGYAA,0.5234242,0.5234242,1,2064,100
MAQVSASANSLIPKNTHLTLEMMRMEEITYVHIHAADIPRLVSMDVNYAVPCGTTLMPDMVKGYAA,0.52163815,0.52163815,1,2064,100
MAQASVVANQLIPINTHLTLRMMRSEVETYVHIPAEDIPRLVSMDVNRAVPLGTTLMPDMVKGYAA,0.52146393,0.52146393,1,2064,100
MAQVSASANSLIPKNTHLTLEMMRMEEITYVHIHAADIPRLVSMDVNYAVPLGTTLMPDMVKGYAA,0.5214378,0.5214378,1,2064,100
MAQASVVANQLIPINTHLTLVGMRSEVKTGVHIPAEDIPRLPSMDVNRAVPTGWTLMLDMVKGYAP,0.5209737,0.5209737,1,2064,100
MAQASVVANQLIPQNTHLTLEMMMSEVVTYVHIPCEDIPRLNSQDVNRAVPLGTTLMPDMVKGYAA,0.515192,0.515192,1,2064,100
MAQASVVANQLIPQNTHLTLVMMRSEVVTKVHIPGEDIPRVVSMDVNRAVPLGTTLMPDMVKGYAA,0.515164,0.515164,1,2064,100
MIQASVVADQLWHVNKKLNCVMMRRAVVTYVHIPAEDIPRLVEMDVNDNVPEGTTLMPEYVKGYAA,0.5150263,0.5150263,1,2064,100
MAQASVVANQLIPDNTHLTLVMMRSEVVTYVHIPAEKIPRLVSMDVNRPVPLGTTLMPDMVKGYAA,0.5142201,0.5142201,1,2064,100
MAQASVVANQLISINTHLTLNMMRSEVVTYVHIPAEDIPRLVSMDVNRAVPLGTTLMPDMVKGYAA,0.51277554,0.51277554,1,2064,100
MAQASVVANQLIPINTHLTLNMMRSEVVTYVHIPAEDIPRLVSMDVNRAVPLGTTLMPDMVKGYAA,0.5123967,0.5123967,1,2064,100
MAQASVVANQLIPINTHLTLEMMMSEVVTYVHIPAEDIPRLVSMDVNRAVPLGTTLMPDMVKGYAA,0.5080871,0.5080871,1,2064,100
MAQASVVANQLIPINTHLTLRMMRSEVVDYVHIPAEDIPRLVSMDVNRAVPLGTTLMPDMVKGYAA,0.5079349,0.5079349,1,2064,100
MAQASVVANQLIPINTHLTLRMMRSEVVDYVHIPAEDIPRIVSMDVNRAVPLGTTLMPDMVKGYAA,0.5077276,0.5077276,1,2064,100
MAQASVVANQLIPINTHLTLVMIRSDVVTYVTIPAEWIPRLVSMDVNRAVPLGTTLMPDMVKGYAA,0.50752115,0.50752115,1,2064,100
MAQASVVANQLISLNTHLTLNMMRSEVVTYVHIPAEDIPRLVSMDVNRAVPLGTTLMPDMVKGYAA,0.507242,0.507242,1,2064,100
MAQASVVANQLIPINTHLTLRMMRSEVVTYVFIPAEDIPRLVSMDVNRAVPLQTTLMPDMVKGYAA,0.5071168,0.5071168,1,2064,100
MAQVSASANSLIPKNTHVTLEMMRMEEITYVHIHAADIPRLVSMDVNYAVPCGTTLMPDMVKGYAA,0.50704736,0.50704736,1,2064,100
MANPSVYANQMIPINTHLTLVMMRWEVTTAVHIPAECIPRLVSMDVNRAVPLDTTLMPDMVKGYAA,0.5060205,0.5060205,1,2064,100
MAQASVVANQLIPINTHVTLVMMRSEVVPRVHIPAENIPRLVSMDVNRAVALGTTLMPDYVKEYAA,0.5058803,0.5058803,1,2064,100
MEQASVVANQLIPINTHLTLVFMESEVVTDVHIPTADIPRLVSMDVNRAVPLGTTLMKDMVKGYAG,0.50545293,0.50545293,1,2064,100
MANPSVYANQMIPINTHLTLVMMRSEVTTAVHIPAECIPRLVSMDVNRAVPLDTTLMPDMVKGYAA,0.5051351,0.5051351,1,2064,100
MAQASVVANQLIPQNTHLTLVMMRSEVVTKVHIPAEDIPRVVSMDVNRAVPLGTTLMPDMVKGYAA,0.5041886,0.5041886,1,2064,100
MAQASVVANQLIPINTHLTLVMIRSDVVTYFTIPAEWIPRLVSMDVNRAVPLGTTLMPDMVKGYAA,0.5034709,0.5034709,1,2064,100
MAQASVVANQLIPINTHLTLSMMRSEVVEYVHIPAEDIPRLVSMDVNRAVPLGTPLMPDMVKGYAA,0.50188273,0.50188273,1,2064,100
MAQASVVANQLIPINTHLTLVMMRSEVVTKVHIPAECIPRLVSMDVNRAVPLGTTLIPDYVKGYAA,0.50085837,0.50085837,1,2064,100
MAQASVVANQLIPINTHLTLVMMRSEVVGKVHIPAEDIPRLVSMDVNRAVPLGTTLMPDMVKGYAN,0.4992702,0.4992702,1,2064,100
MAQASVVANQLIPINTHLTLRMMRSEVVTYVFIPAEDIPRLVSMDVNRAVPLGTTLMPDMVKGYAA,0.49837345,0.49837345,1,2064,100
MAQPSVVANQLIPINTHLTLVMMRSEVTTAVHIPAECIPRLVSMDVNRAVPLDTTLMPDMVKGYAA,0.49722373,0.49722373,1,2064,100
MAQASVVANQLIRDNTHLTLVMMRSEVVTYVHIPAEKIPRLVSMDVNRPVPLGTTLMPDMVKGYAA,0.49665982,0.49665982,1,2064,100
MADASVVANQLIPNNTHLTLVMMRSEVVTRVHIPAEDIPRLVSMDVNRAVPLGTTLMPDMVKGYAA,0.49656668,0.49656668,1,2064,100
MAQASVVANQLIPINTHLTLVMMRSEVVTNVHFPAEDIPRLVSMDVNRAVPLGTTLTPDMVKGYAA,0.49607393,0.49607393,1,2064,100
MAQASVVANQLIPINTHLTLHMMRCEVVTYVHIPAEDIPRLQSMDVNRAVPDGTTLMPDMVKGYAG,0.49574593,0.49574593,1,2064,100
MAQAFVVANQLIPINTHLTLVMMRSEVVTGVHIPAEDIPRLVSMDVNRAVPLGTTLGPDMVKGYAG,0.49553442,0.49553442,1,2064,100
MAQTSASANQLIPINTHLTLEMMRMEEITYVHIHAADIPRLVSMDVNYAVPLGTTLMPDMVKGYAA,0.4948403,0.4948403,1,2064,100
MAQASVVANQLIPINTHLTLYMMRSEVVTNVHFPAEDIPRLVSMDVNRAVPLGTDLTPDMYKGYAA,0.4945564,0.4945564,1,2064,100
MAQASVVANQLIPINTHVTLVMMRSEVVTRVHIPAENIPRLVSMDVNRAVALGTTLMPDMVKEYAA,0.49204803,0.49204803,1,2064,100
MAQASVVANQLIPINTHLTLSMMRSEVVTYVHIPAEDIPRLVSMDVNRAVPLGTTLMPDMVKGYAA,0.49172753,0.49172753,1,2064,100
MQQASVVANQLIPINTHLTLVMMRSEVVRYVHIPAEDITRLVSMDVTEAVPLGTTLMPDVVKGYAA,0.48916668,0.48916668,1,2064,100
NKQSSVVAAQLIPINTHLTLVMMRSEVVTYVHIPVEDIPRLVSMDVNRAVPLGTTLMPDMVKGYAA,0.4888725,0.4888725,1,2064,100
MIQASVVACQLIHVNKKLTCVMMRREVVTYVHIPAEDIPRLVEMDVNDAVPEGTTLMPDYVKGYAA,0.4872667,0.4872667,1,2064,100
MEQASVVANQLIPINTHLTLVFMRSEVVTYVHIPAEDIPRLVSMDVNRAVPLGTTLMPDMVKGYAA,0.48314795,0.48314795,1,2064,100
GAQASVVATQLIPINTHVTLVMMDSEVVPDVHIPAENIPRLVSMDVNVAVALGTTLMPDYVKEYAA,0.4830737,0.4830737,1,2064,100
MAQASVVANQLIPDNTHLTLVMMRSEVVTYVHIPAEDIPRLVSMDVNRAVPLGTTLMPDMVKGYAA,0.48251894,0.48251894,1,2064,100
SAQASVVANKLIPINTHLTSVMMRSEVVTYVHIPAEIIPRLVSMDVNRAVPRGTTLMPDMVKGYAA,0.48094854,0.48094854,1,2064,100
MAQTSASANSLIPINTHLTLEMMRMEEITYVHIHAADIPRLVSMDVNYAVPLGTTLMPDMVKGYAA,0.480765,0.480765,1,2064,100
MAQASVVANQLIPINTHVTLVMMRSEVVTRVHIPAENIPRLVSMDVNRAVPLGTTLMPDMVKEYAA,0.48044977,0.48044977,1,2064,100
MAQASVVANQLIPINTHLTLRMMRSEVETYVHAPAEDITRLVSMDVNRAVPLGTTLMPDMVKGYAA,0.4797576,0.4797576,1,2064,100
MAQLSFVANQLIPINTHLTMVMMRSEVVTYVHIPAEHIPRLVSMDVDRAVTLGTTLMPDMVKGYAA,0.479595,0.479595,1,2064,100
MAQASVVANQFCPINTHLTLRMMRSVRVTYSHIPAEDIYTLVSMDVNRAVPLGTTLMPDMVKGYAA,0.47947145,0.47947145,1,2064,100
MAQASVVANQLIPINTHLTLVGMRSEVKTGVHIPAEDIPRLPSMDVNRAVPLGTTLMLDMVKGYAP,0.478999,0.478999,1,2064,100
MAQASVVACQLIPKNTHLTLVMMRSEVVTYVHIPAEDIPRLVSMDVNRAVPLGTTLMPDMAKGYEA,0.47800514,0.47800514,1,2064,100
MAQASVVANQLIPINTHLTLVMMRSEVVTYAHIPARTIPRLVSMDVNRAVPLGTTLMPDMVKNYAA,0.47746754,0.47746754,1,2064,100
MAQASVVANQLIPINTHLTLVMMRSQVVTYVHIPAEDIPDLVSMDVNRAVVQGTTLMPDMVKGYAA,0.47670797,0.47670797,1,2064,100
MAQASVVANQLIPINTHLTLYMMRSEVVTNVHFPAEDIPRLVPMDVNRAVPLGTDLTPDMYKGYAA,0.47659495,0.47659495,1,2064,100
MAQASVVANQLIPINTHLTLHRMRCEVVTYVHIPAEDIPRLQSMDVNRAVPDGTTLMPDMVKGYAG,0.47526145,0.47526145,1,2064,100
MAQASVVANQLIPINTHLTLVFMRSEVVTYVHIPAEDIPRLVSMDVNRAVPLGTTLMPDMVKGYAP,0.47475997,0.47475997,1,2064,100
MAQASVVANQLIPINTHLTLTMMRSEVVTYVHIPAEDIPRLVSMDVNRAVPLGTTLMPDMVKGYAA,0.4747168,0.4747168,1,2064,100
MNQARVVYNQLISLNTHLTLNMMRSEVVTYVHIPAEDIPRLVSMDVNRAVPTGTTLMPDMVKGYAV,0.47427884,0.47427884,1,2064,100
MIQASVVACQLIHVNKKLTCVMMRREVVTYVHIPAEDIPRLVEMDVNDNVPEGTTLMPEYVKGYAA,0.47414166,0.47414166,1,2064,100
MAQASVVANQLIPINTHLTLHMMRCEVVTYVHIPAEDIPRLQSMDVNRAVPDGTTLMPDMVKGYAA,0.47364318,0.47364318,1,2064,100
MAQARVVANQLISLNTHLTLNMMRSEVVTYVHIPAEDIPRLVSMDVNRAVPTGTTLMPDMVKGYAV,0.47333288,0.47333288,1,2064,100
SAQASVVANKLIPINTHLTSVMMRSEVVTYVHIPAEIIPRLVSMDVNRAVPRGTTLMPDMVKGYAR,0.47261426,0.47261426,1,2064,100
MEQASVVANQLIPINTHLTLVFMESEVVTYVHIPTEDIPRLVSMDVNRAVPLGTTLMKDMVKGYAA,0.47260886,0.47260886,1,2064,100
MAQISVVANQLIPINTHLTLVMMRAEVVTYVHIPAEYIPRLVSMDVNRAVPLGTTLMPDMVKGYAA,0.4724488,0.4724488,1,2064,100
MAQAFVVANQLIPINTHLTLVMMRSEVVTGVHIPAEDIPRLVSMDVNRAVPLGTTLGPDMVKGYAA,0.47208124,0.47208124,1,2064,100
MANPSVYANQMIPINTHLTLVMMRWEVTTAVHIPANCIPRLVSMDFNRAVPLDTTLMPDMVKGYAA,0.4719602,0.4719602,1,2064,100
MAQASVVACQLIPKNTHLTLVMMRSEVVTYVHIPAEDIPRLVSMDVNRAVPLGTTLMPDMADGYEA,0.47054514,0.47054514,1,2064,100
MAQASVVANQLIPINTHLTLVMMRSQVVTYVHIPAEDIPDLVSMDVNRAVPQGTTLMPDMVKGYAA,0.47016764,0.47016764,1,2064,100
MQQASVVANQLIPINTHLTLVMMRSEVVTYVHIPAEDIPRLVSMDVNEAVPLGTTLMPDVVKGYAA,0.46971345,0.46971345,1,2064,100
MAQASVVANQLIPINTHLTLHMMRCEVVTYVHIPAEDIPRLVSMDVNRAVPDGTTLMPDMVKGYAA,0.46948576,0.46948576,1,2064,100
MAQASVVANQLIPINTHLTLHMMRSEVVTYVHIPAEDIPRLVSMDVNRAVPLGTTLMPDMVKGYAA,0.46916872,0.46916872,1,2064,100
MQQASVVANQLIPINTHLTLVMMRIEVVTYVHIPAEDIPRLVSMDVNRAVPLGTTLMLDMVKGYAA,0.4679255,0.4679255,1,2064,100
MAQASVVANQLIPINTHLTLRMMRSEVVTYVFIPAEDIPRLVSRDVNRAVPLQTTLMPDMVKGYAA,0.4678378,0.4678378,1,2064,100
MANPSVYANQMIPINTHLTVVMMRWEVTTAVHIPANCIPRLVSMDFNRAVPLDTTLMPDMVKGYAA,0.46769035,0.46769035,1,2064,100
MQQASVVANQLIPINTHLTLVMMRSEVVTYVHIPAEDITRLVSMDVTEAVPLGTTLMPDVVKGYAA,0.46752134,0.46752134,1,2064,100
MAQAFVVANQLIPINTHLTLVMMRSNVVTYMHIPAEDIPRLVSMDVNRAVPLGTTLDPDMVKGYAA,0.46707037,0.46707037,1,2064,100
MAQTSASANQLIPRNTHLTLEMMRSEETTYVHIHEEDIPRLVSMDVNRAVPLSTTLMPDMVNGYAA,0.7622451,0.7622456,2,4072,199
MAQASVVANQTYPANTHLTLKMMRSQVPEYVHIPAEDIPDLVSMDVNRAVVQGTTLEPDMVKQYAA,0.7472367,0.7472372,2,4072,199
MAQTSASANQLIYRNTHLTLEMMRSEETTYVHIHEEDIPRLVSMDVNRAVPLSTTLMPDMVNGYAA,0.74434495,0.74434537,2,4072,199
MAQTSASANQLIPINTHLTLEMMRSEEITYVHIHTEDIPRLVSMDVNRAVPLGTTLMHDMVKGYRH,0.7411113,0.7411118,2,4072,199
WAQTSASANQLISINTHLTLEMMRSEEHTYVHIHAEDIPRLVSMDVNRAVPLGTTLMPDMVKRYAA,0.73789054,0.737891,2,4072,199
MAQTSASANPLIPINTHLTLEMMRSEEITYVHIHTEDIPRLVSMDVNRAVPLGTTLMHDMVKGYRH,0.7318978,0.73189825,2,4072,199
MAQTSASANQLISINTHLTLEMMRSEEHTYVHIHAEDIPRLVSMDVNRAVPLGTTLMPDMVKRYAA,0.72579324,0.72579384,2,4072,199
MAQTSASANQLIPINTHLTLEMMRSEEHTYVHIHAEDIPRLVSMDVNRAVPLGTTLMPDMVKRYAA,0.7254914,0.72549194,2,4072,199
MAQTSASANQLIPKNTHLTLEMMRSEEQTYVHIHAEDIWRLVSMDVNRAVPLGTTLMCDMVKGYAA,0.72367567,0.72367615,2,4072,199
MAQTSASANPLIPINTHLTLEMMRSEEIGYVHIHTEDIPRLVSMDVNRAYTLGTTLMHDMVKGYRH,0.7207187,0.7207192,2,4072,199
MAQTSASANQLIYRNTHLTLEMMRSEETTYVHIHEEDIPRLVSMDVNRAVPLSTTLMPDMVSGYAA,0.7200209,0.7200215,2,4072,199
MAQTSASANQLIPINTHLTLEMMRSEEITKVHIHAEDIPDLVSMDVNRAVPLGTTLMPDMVKGYRA,0.7190171,0.7190177,2,4072,199
MAQTSASANPLIPINTHLTLEMMRSEEIGYVHIHTEDIPRLVSMDVNRAYPLGTTLMHDMVKGYRH,0.71451443,0.7145149,2,4072,199
MAQASVVANQTIPANTHLTLKMMRSQVVTYVHIPAEDIPDLVSMDVNRAVVQGTTLMPDMVKQYAA,0.71105784,0.7110583,2,4072,199
MAQTSASANQAIPINTHLTLETMRSEERTYVHIHAEDIPRLVSMDVNRAVPLGTTLMPDMVKGYAA,0.70942426,0.7094248,2,4072,199
MAQTSASANQLIPINTHLTLEMMRSEEITKVHIHAEDIPRLVSMDVNRAVPLGTTLMPDMVKGYRA,0.70509297,0.70509356,2,4072,199
DAQTSASANQLIPNNTHLTLEMMRSEEITYVHIHAEDIPRLVSMDVNRAVPLGTTLVPDMVKGYAA,0.70341206,0.70341265,2,4072,199
LQQTSASANQLIWPNTHLTLEMMRSEEITYVHIHAEDIPRWVEMDVNRAVPLGTTLMGDMVKGYRA,0.7032071,0.7032076,2,4072,199
MQQTSASANQLIWPNTHLTLEMMRSEEITYVHIHAEDIPRLVSMDVNRAVPLGTTLMLDMVKGYAA,0.70235586,0.7023564,2,4072,199
MAQTSASANQLIPINTHLTLEMMRSEEQTYVHIHAEDIPRLVSMDVNRAVPLGTTLMPDMVKGYAA,0.70123667,0.70123726,2,4072,199
WAQTSASANQLISINTHLCLEMMRSEEHTYVHIHAEDIPRLVSMDVNRAVPLGTTLMPDYVKRYAA,0.70091045,0.70091105,2,4072,199
MAQTSASANQLIPINTHLTLEMMRSEEETYVHIHAEDIPRLVSMDVNRAVPLGTTLMPDMVKGYAA,0.7001757,0.7001762,2,4072,199
MAQASVVANQLIPINTHLTLKMMRSQVSTYVHIPAEHIPDLVSMDVNRAVVQGTTLMPDMVKGYAN,0.69946337,0.69946337,2,4072,199
MAQASVVANQLIPINTHLTLKMMQSQNVTYVHIPAEHIPDLVSMDVNRAVVQGTTLMPDMVKGYAK,0.69899374,0.69899434,2,4072,199
MAQTSASANQLIPINTHLTLETMRSEERTYVHIHAEDIPRLVSMDVNRAVPLGTTLMPDMVKGYAA,0.6985569,0.6985575,2,4072,199
MAQTSASANPLIPINTHLTLEMMRSEEIGYVHIHTEDIPRLVSMDVNRAYTLGTTLMHDMVKGYGH,0.69746125,0.69746184,2,4072,199
MAQASVVANQLIPINTSLTLKMMRSQVVTYVHIPAEDIPDLVSMDVNRAVVQGTTLMPDMVKGYAR,0.696234,0.6962346,2,4072,199
MAQTSASANQLIPINTHLTLEMMRSEERTYVHIHAEDIPRLVSMDVNRAVPLGTTLMPDMVKGYAA,0.69439167,0.6943922,2,4072,199
MAQTSASANQLIPINTHLTLEIMRSEGITEVHIHAEDIPRLVSMDVNRAVPLGTTLMPDMVKGYAA,0.69233036,0.6923309,2,4072,199
MAQASVVANQTYPANTHLTLKMHRSQLTEYVHIPAEDIPDLVSMDVNRAVVQGTTLEPDMVKQYAA,0.69207996,0.69208056,2,4072,199
MAQASVVANQGIAVNMHLRLKMMRDQVVTYVHIPAQYIPDLVSMDVNRAVVQGTTLSPDMVKGYAA,0.6916641,0.6916647,2,4072,199
MAQTSASANQLIPRNTHLTLEMMRSEEITYVHIHEEDIPRLVSMDVNRAVPLSTTLMPDMVKGYAA,0.68989086,0.68989146,2,4072,199
MAQTSASFNQLIPINTHLTLEMMRSEETTYVHIHAEDIPRLVSMDVNRAVPLGTTLMPDMVKGYAA,0.6894425,0.6894431,2,4072,199
MAQTSASANQLIPINTHLTLEMMRSEETTYVHIHAEDIPRLVSMDVNRAVPLGTTLMPDMVKGYAA,0.6886333,0.68863386,2,4072,199
MAQTSASANQLIPINTHLTLEMMRSEEITYVHIHNEDIPRLVSMDVNRAVPLGTTLMPDMVKGYAH,0.6880948,0.6880954,2,4072,199
MAQTSASANQLIPDNTHLTLEMMRSEEITYVHIHAEDIPRLVSMDVNRAVPLGTTLMPDMVKGYAA,0.6876003,0.68760085,2,4072,199
MAQASVVAEQLIPNNTHLTLKMMRSQVVTYVHIPAEDIPDLVSMDVNRAVVQGTTLMPDMVKGYAA,0.68750006,0.68750066,2,4072,199
MAQASVVANQLIPINTHLTLKMMRSQVSTYVHIPAEDIPDLVSMDVNRAVVQGTTLMPDMVKGYAN,0.6873865,0.6873865,2,4072,199
MSQASVVATQGIAVNMHLRLKMMRDQVVTYVHFPAQYIPDLVSMDVNRAVVQGTTLSPDMVKGYAA,0.6864287,0.68642926,2,4072,199
MAQTSASANQLIPGNTHLTLEMMRSENITYVHIHAEDIPRLVSMDVNRAVPYGTTLMPDMVKGYAA,0.6863066,0.6863072,2,4072,199
MAQTSASANQLIPINTHLTLEMMKSEEITYVHIHNEDIPRLVSMDVNRAVPLGTTLMPDMVKGYAH,0.68597335,0.6859739,2,4072,199
MAQVSVVANQLIPINTHLTLKMMRSQCVTKVHIQAEFIPDLVSMDVNRAVVQGTTLMPDMVKGYAA,0.6856457,0.6856463,2,4072,199
MAQASVVATQGIAVNMHLRLKMMRDQVVTYVHIPAQYIPDLVSMDVNRAVVQGTTLSPDMVKGYAA,0.6837742,0.68377477,2,4072,199
MAQTSASINQVFPIDTQLTLEMMRSEEITSVHIHAEDIPRLVSMDVNRAVPLGTTLMPDMVKGYAA,0.6836671,0.68366766,2,4072,199
MAQASVVANQTYPANTHLTLKMMRSQVPTYVHIPAEDIPDLVSMDVNRAVVQGTTLMPDMVKQYAA,0.6834297,0.6834303,2,4072,199
MAQTSASANQLIPGNTHLSLEMMRSENITYVHIHAEDIPRLVSMEVNRAVPYGTTLMPDMVKGYAG,0.6822236,0.68222415,2,4072,199
MIQASVVANQSIPINTHLTLKMMRSQVVTYVCIPAEDIPDLVSMDVNRAVVQGTTLMPDMVKGYAS,0.68173784,0.68173844,2,4072,199
MAQASVVATQGIAVNMHLRLKMMRDQVVTYVHFPAQYIPDLVSMDVNRAVVQGTTLSPDMVKGYAA,0.68101084,0.68101144,2,4072,199
MEQTSASANQLIPINTHLTLEMMRSEEITYVHIHCEDIPRLVSMDVNRAVPLGTTLMPDMVKGYAA,0.68017656,0.6801771,2,4072,199
MAQASVVANQLIPINDHLTLKMFRKQVVTYVHIPAEDIPDLVDMDVNRAVVQGTTLMPDYVQKYAA,0.6797034,0.679704,2,4072,199
MAQTSASANQTIPINTHLTLEMMRSEEITYNHMHAEGIPRLVSMDVNRDVPLGTTLMPDMVKGYAA,0.6784143,0.6784149,2,4072,199
MEQTSASANQLIPINTHLTLEMMRSEEITYVHIHAEDIPRLVSMDVNRAVPLGTTLMPDMVKGYAA,0.67824537,0.6782459,2,4072,199
MAQTSAYANQLIPINTHITLEMMRSEEITNVHIHDEDIPRLVSADVNREVPLGTTLMPDMVKGYAA,0.6776163,0.6776169,2,4072,199
MEQTSASARQLIPINTHLTGEMMRSEEITYVHIHAEDIPRLVSMDVNRAVPLGSTLMPDMVDGYAA,0.67757255,0.67757314,2,4072,199
MEQTSASANQLIPINTHLTLEMMRSEEITYVHIHAEDIPRLVSMDVNRAVPLGSTLMPDMVKGYAA,0.67756134,0.6775619,2,4072,199
MAQTSASANQLIPGNTHLTLEMMRSEEITYVHIHAEDIPRLVSMDVNRAVPYGTTLMPDMVKGYAA,0.67676264,0.67676324,2,4072,199
MAQTSASANQLIPINTHLTLETMRSEEITQVHIHAEDIPRLVSMDVNRAVPLTTTLMPDMVKGYAA,0.67673653,0.67673653,2,4072,199
MIQASVVANQEIPINTHLTLKMMRSQVKTWVHIPAEDIPDLVKMDVNRAVVQGTTLMPDVVKGYAA,0.6765138,0.6765143,2,4072,199
MAQTSASANQLIPINTHLTLEMMRSEEITYVHIHAEDIPRLVSMDVNRAVPLGTTLMHDMVKGYRA,0.6762909,0.6762915,2,4072,199
MAQASVVANQLIPINTHLTLKMMRKQVVTYVHIPAEDIPDLVDMDVNRAVVQGTTLMPDYVQKYAA,0.67567956,0.67568016,2,4072,199
SAQTSASANQLIPINTHLTLEMMRSEEITYVHIHAEDIPSLVSMNVNEAVPNGTTLMPDMVKGYAA,0.6752154,0.675216,2,4072,199
MEQTSASANQLIPINTHLTGEMMRSEEITYVHIHAEDIPRLVSMDVNRAVPLGSTLMPDMVDGYAA,0.67326874,0.67326933,2,4072,199
MAQCSVVANELIPINTHLTLKMMRSQNVTYVHIPGEDIPDLVSMDVNRYVVQGTTLMPDMVKGYNA,0.6731862,0.6731868,2,4072,199
MAQASVVAEQLILNNTHLTLKMMRSQVVTYVHIPAEDIPDLVSMDVNRAVVQGTTLMPDMVKGYAA,0.67183673,0.67183733,2,4072,199
MAQTSASANQLIPINTHLTLEMMRSEEPTYVHIHAERIPRLVSMDVNRAVKLGTTLMPDMVKGYAA,0.67175406,0.67175406,2,4072,199
MAQASVVAQQLIPINTHLTRKMMRVQVVTYSHIPAEDIEDLVSLDVNRAVVIGTTLMPDMVKGYAA,0.6711309,0.6711315,2,4072,199
SAQTSASANQLIPINTHLTLEMMRSEEITYVHIHAEDIPRLVSMNVNEAVPNGTTLMPDMVKGYAA,0.6707665,0.670767,2,4072,199
MAQTSASANQLIPINTHLTLEVMRSEEITRVHIHAEDIPRLVSMDVNRAVPLGTTLMPDMVKGYAA,0.6705925,0.6705931,2,4072,199
MAQTSASANQLIPKNTHLTLEMMMSEEQTYVHIPAEDIWRLVSMDVNRAVPLGTTLMCDMVKGYAA,0.67050135,0.67050195,2,4072,199
MAQASVVANQLIPINTHLTLKMMRSQVVTYVHIPAEDIPDLVDMDVNRAVVQGTTLMPDYVQKYAA,0.6703837,0.6703843,2,4072,199
MAQTSASANQLIPYNTHLTLEMMRSEEITYGHWHAEDIPRLVSMDVNRAVPWGTTLMPDMVKGYAA,0.6696683,0.6696689,2,4072,199
MAQTSASANQLIPINTHLTLEMMRSEEATYVHIHAEDIPRLQSMDVNRAVPLGTTLMPDMVKGYAA,0.6694207,0.6694213,2,4072,199
TAQTSASANQLIPINTHLTLEMMRSEEITRVHIHAEDIPRLVSMDVNRAVRLGTTLMPDMVKGYAA,0.6691419,0.6691424,2,4072,199
MAQAIVVANQLIPINTHLTLKMMRSQVVTYVHIPAEEIPDLVSMDVNEAVVQGTTLMTDMVKDYAA,0.6690835,0.6690841,2,4072,199
MAQASVVANQLIPINDHLTLKMFRKQVVTYVHIPAEDIPDLVDMDVNRAVVQGTTLMPDYVSKYAA,0.66837853,0.6683792,2,4072,199
MQQTSASANQLIPINTHLTLEMMRSEEITYVHIHAEDIPRLVSMDVNRAVPLGTTLMPDMVKGYAA,0.66731423,0.6673148,2,4072,199
MAQTSASANQLIPGNTHLSLEMMRSENITYVHIHASDIPRLVSMEVNRAVPYGTTLMPDMVKGYAG,0.66699195,0.66699255,2,4072,199
MAQTSASANQLIPINTHLTLEMMRSEEPTYVHIHAEDIPRLVSMDVNRAVKLGTTLMPDMVKGYAA,0.6667057,0.6667057,2,4072,199
MAQASVVANQLIPINTHLTLKMMRSQVVTYVSIPAEDYPDLVSMDVNRAVVQGTTLMPDMVKGYAN,0.66637325,0.6663739,2,4072,199
MAETSASANQLIPINTHLTLEMMRSQEITYVHIHAEDIPRLVSMDVNRAVPRGTTLMPDMVKPYAA,0.66632247,0.6663231,2,4072,199
MAQTSASANQPIPINTHLTLEMMRSEEITYHHIHWEEISRLVSMDVNRAVPLGTTLMPDMVKGYAA,0.66607064,0.6660712,2,4072,199
MAQASVVANQLIPINTHLTLKMMRSQVVTYVSIPAEDIPDLVSMDVNRAVVQGTTLMPDMVKGYAN,0.6651186,0.6651192,2,4072,199
MQQASVPANQLIPINTHLTLKMARSQVVTYVHIPAEDIPDLVSMDVNRAVVQGTTLMPDMVKGYAE,0.6646431,0.66464365,2,4072,199
MAQTSASANQLIPINTHLTLEMMRSEEITKVHIHAEDIPRLVSMDVNRAVPLGTTLMPDMVKGYAA,0.66447145,0.6644721,2,4072,199
MAQVSVVANQLIPINTHLTLKMMRSQCVTKVHIQAEFIPDLVSMDVNRGVVQGTTLMPDMVKGYAA,0.66423213,0.6642327,2,4072,199
MAQTSASANPLIPINTHLTLEMMRSEEIGYVHIHTEDIPRLVSMDVNRAYTLGTTLMHDMVKGYMH,0.66400754,0.66400814,2,4072,199
MAQTSASANQLITINTHLTLEMMRSEEITYVHIHAEDIPRLVSMDVNRAVPLGTTLMPDMVKGYKA,0.66399246,0.66399306,2,4072,199
MAQLSVVANELIPINTHLTLKMMRSQVVTYQHIPAEPIGDLLSMDVNRAVVQGTTLMPDMVKGYAA,0.6638667,0.66386735,2,4072,199
MAQTSASANQLIPINTHLTLEMMRSEEITNVHIHAEDIPRLVSMDVNRAVPLGTTLMPDMVKGYAA,0.66374505,0.66374564,2,4072,199
MAQASVVANQTYPANTHLTLKMMRSQVVTYVHIPAEDIPDLVSMDVNRAVVQGTTLMPDMVKQYAA,0.663601,0.66360164,2,4072,199
MAQASVVANQLIPINTHLTLKMMRSQVVTYQHIPAEPIPDLVSMDVNRAVVQGTTLMPDMVKGYAA,0.66356313,0.6635637,2,4072,199
MAQTSASANQPIPINTHLTLEMMRSEEITYHHIHAEEISRLVSMDVNRAVPLGTTLMPDMVKGYAA,0.6635128,0.66351336,2,4072,199
MSQAPVVATQGIAVNMHLRLKMMRDTVVTYVHFPAQYIPDLVSMDVNRAVVQGTTLSPDMVKGYAA,0.663429,0.66342956,2,4072,199
MAQAIVVANQLIPINTHLTLKMMRSQVVTYVHIPAEEIPDLVSMDVNRAVVQGTTLMTDMVKDYAA,0.6632687,0.6632693,2,4072,199
MAQTSASANQLIPINTQLTLEMMRSEEINYVHIHAEDIPRLVSMDVNRAVPLGTTLGPDMVKGYAA,0.6625045,0.66250503,2,4072,199
MAQTSASANQLIPINTHLTLEMMRSEEITYVHIHAEDIPRLVSMDVNRAVPLGTTLMPDMVKGYKA,0.66182363,0.6618243,2,4072,199
MAQTSASANQLIPINTQLTLEMMRSEEINYVHIHAEDVPRLVSMDVNRAVPLGTTLGPDMVKGYAA,0.6618121,0.66181266,2,4072,199
MAQTSASANQLIPINTHLTLEMMRSEEDTYVHIHAADIPKLVSMDVNRAVPLGTTLMPDMVKGYAA,0.66119397,0.66119456,2,4072,199
MAQTSASANQLIPINTHLTLEMMRSEEITEVHITAEDIPRLVSMDVNRAVPLGTTLMPDMVKGYAA,0.6609098,0.6609104,2,4072,199
HAQTSASAWQLISINTHLTKEFVRSHEHTYVHIHAEDSQRIVSMDVNRNVPLRTTLYPDMVKRYQR,0.8510271,0.8510271,3,6077,298
NAQTSASANQLISINTHLTLEMMRSEEHMYRHIHAEDIPRLVSMDVNRAVMKGTTLMPDMVKRYSA,0.8508876,0.8508876,3,6077,298
HAQTSASAWQLISIQTHLTKEFVRSHEHTYVHIHAEDAQRIVSMDVNRNVPLRTTLYPDMVKRYQR,0.85004926,0.85004926,3,6077,298
QAQASVVANQTYPANTHLTLKMMRSQVPEYVHIPAEDIPDLVSFDVNRAVVQGTTLEPDMVKQYAK,0.8481565,0.8481565,3,6077,298
QAQASVVANQTYPANTHLTLKMMRSQVPEYVHIPAEDIPDLVSMDVNRAVVQGTTLEPDMVKQYAK,0.8479848,0.8479848,3,6077,298
NAQTSASANQLISINTHLTLEMMRSEEHTYRHIHAEDIPRLVSMDVNRAVPKGTTLMPDMVKRYAA,0.84539384,0.84539384,3,6077,298
HAQTSASAWQLISIQTHLTKEFVRSHEHTYVHIHAEDSQRIVSMDVNRNVPLRTTLYPDMVKRYQR,0.8451438,0.8451438,3,6077,298
NAQTSASANQLISINTHLTLEMMRSEEHMYRHIHAEDIPRLVSMDVNRAVPKGTTLMPDMVKRYSA,0.84354645,0.8435465,3,6077,298
MAQTHASANQLIPRNTHLTLEMMRSEEGTYVHIHEEVIPRLVSMDVNRAVPLSTTLHPDMVNGYPA,0.83992827,0.8399283,3,6077,298
MAQDSASANQLIPRNTHLTLEMMRSEETTYVHIHEEDIPRLVSMDVNRYVPLSTTLMPDWVNEYRA,0.8329094,0.8329094,3,6077,298
MQQTSASANQLIPINSHLTLEMMRSEEIEKVHIHTEDIPRLVSMDVNRAAPLGTTLMHDMVKGYRH,0.8327798,0.8327798,3,6077,298
HDQTSASANQLISINTHLTLEMMRSEEHTYHHIHAEDFPRLVSMDVNRAVPLATTLMPDMVKRYAA,0.82896984,0.82896984,3,6077,298
HAQTSASAWQLISINTHLTLEFVRSHEHTYVHIHAEDSQRLVSMDVNRAVPLRTTLYPDMVKRYQR,0.8277388,0.8277388,3,6077,298
HAQTSASAWQLISINTHLTLEFVRSHEHTYVHIHAEDSQRIVSMDVNRAVPLRTTLYPDMVKRYQR,0.8274402,0.8274402,3,6077,298
KAQTSASANPLIPPNTHLTLEMMRSEEITYVHIHTEDQPRLVSMDVNRAVPLGTTLMHDMVKGYRH,0.8264172,0.8264172,3,6077,298
MAQTDASANQLISANTHLTLEMMRSEEHTYVHIHDEDIPRLVSMDVNRAVPLGTTLSADMVKRYAA,0.82625526,0.82625526,3,6077,298
MAQTSASANQLIPRNTHLTLEMMRSEETTYVHIHEEDIPRLVSMDVNRAVPLSTTLMPDMVNEYRA,0.82590085,0.82590085,3,6077,298
HAQTSASAWQLMSIQTHLTKEFVRSHEHTYVHIHAEDAQRIVSMDVNRNVPLRTTLYPDMVKRYQR,0.82541764,0.82541764,3,6077,298
MAQTDASANQLISANTHLALEMMRTERHTYVHIHDEDIPKLVSMDVNRAVPLGTTLSADMVKRYAA,0.8236807,0.8236807,3,6077,298
MHQTSASANQLISINTHLTLEMMRSEEHTYVHIHTEDIPRLVSMDVNRAVGWGTTLQPDMVKRYAA,0.8213985,0.8213985,3,6077,298
MAQDSASANQLIPRNTHLTLEMMRSEETTYVHIHEEDIPRLVSMDVNRAVPLSTTLMPDWVNEYRA,0.82037526,0.82037526,3,6077,298
MAQTDASANQLISANTHLALEMMRSEEHTYVHIHDEDIPKLVSMDVNRAVPLGTTLSADMVKRYAA,0.82016945,0.82016945,3,6077,298
MAQTSASANQLIPENTHLTLEMMRSEEHTYVHIHAEDIPRLVSMDVNRAVPLGTTLMPDMVKRYNA,0.81906426,0.81906426,3,6077,298
HDQTSYSANQLISINTHLTLEMMCSEEHTYHHIHAEDMQRLVSMDVPRAVPLKTTLMPDMVKRYAA,0.8189198,0.8189198,3,6077,298
MAQASVVANQTYPANTHLTLKMMRSQVPEYVHIPAEDIPDLVSMDVNRAVVQGTTLEPDMVKQYAK,0.81683946,0.81683946,3,6077,298
MHQQSASANQLISINTHLTLEMMRSEEHTYVHIHTEDIPRLVSMDVNRAVGWGTTLQPDMVKRYAA,0.8148405,0.8148405,3,6077,298
MAQTSASANQLIPRNTHLTLEMMRSDETTWHHIHEEDIPRLVSMDVNRAVPLSTTLMPDMVNGYAN,0.81482613,0.81482613,3,6077,298
MAQTSASANQLISANTHLTLEMMRSEEHTYVHIHDEDIPRLVSMDVNRAVPLGTTLSADMVKRYAA,0.8146901,0.8146901,3,6077,298
RAQTSASANQAIYRNTHLNLEMMRSEETTYVHIHEEDIPRLVSMDVNRAVPLSTTLMPDMVNGYAA,0.81371266,0.81371266,3,6077,298
MQQTSASANQLIPINSHLTLEMMRSEEITKVHIHTEDIPRLVSMDVNRAAPLGTTLMHDMVKGYRH,0.8118491,0.8118491,3,6077,298
MAQTSASANQAIPRNTHLTLEMMRSEETTKVHIHEEDIPRLVSMDVNRAVPLSSTLMPDMVNGYAA,0.8118053,0.8118053,3,6077,298
MAQTSASANPLIPENTHLTLEMMRSEEITYVHIHTEDIPRLVSMDVNRAVPLGTPLMHDMVKNYRH,0.81081825,0.81081825,3,6077,298
MAQTSASANQLIYRNTHLTLEMMRSEETTYYHIHEEDFPRLVSMDVNRAVPLSTTLMPDMVNGYAE,0.8089916,0.8089916,3,6077,298
MMQASVVANQTYPANTHLKAKMMRSQVPQYVHIPAEDIPDLVSMDVNRDVVQGTTLEPDMVKQYGA,0.80882406,0.80882406,3,6077,298
NACTSASANQLISINTHLTLEMMRSEEHMYRHIHAEDIPRLVSMDVNRAVMKGTTLMPDMVKRYSH,0.8086684,0.8086684,3,6077,298
MAQTHASANQLIPRNTHLTLEMMRSEEGTYVHIHEEVIPRLVSMDVNRAVPLSTTLMPDMVNGYPA,0.80827415,0.80827415,3,6077,298
HAQTSASAWQLISINTHLTLEFVRSHEHTYVHIHAEDSQRIVSMDVNRNVPLRTTLYPDMVKRYQR,0.8082332,0.8082332,3,6077,298
HDQTSASANQLISINTHLTLEMMCSEEHTYHHIHAEDFPRLVSMDVNRAVPLKTTLMPDMVKRYAA,0.8080229,0.8080229,3,6077,298
MAQTSWSANQLIYRNTHLTLEMMRSEETTYVHIHEEDIPRLISMDVNRAVPLSTTLMPEMVNGYEA,0.807555,0.807555,3,6077,298
MAQTSASANQLIPINTHLDLEMMRSEEATTVHIHTEDIPRLSSMDVNRAVPLGTTLMHDMVKGYRH,0.8073243,0.8073243,3,6077,298
MAQTSASANQLVPGNTHLTPEMMRSEETTYVHIHCEDIPRLDSMDVNRAVPLSTTLMPDMVNGYGH,0.80732113,0.80732113,3,6077,298
RAQTSASANQLIYRNTHLTLEMMRSEETTYVHIHEEDIPRLVSMDVNRAVPLSTTLMPDMVNGYAA,0.80682653,0.80682653,3,6077,298
MARTSASANQLIPRNTHLTLEMMRSEETTYCHVHEEDIPRLVSWDVNRAVPHSTTLMPDMVNGYHA,0.80656403,0.80656403,3,6077,298
MAQTSASANPLIPENTHLTLEMMRSEEITYVHIHTEDIPRLVSMDVNRAVPLGTQLMHDMVKNYRH,0.8058827,0.8058827,3,6077,298
HAQTSASANQLISINTHLTLEFVRSHEHTYVHIHAEDSQRLVSMDVNRAVPLRTTLYPDMVKRYAR,0.80522835,0.80522835,3,6077,298
MAQTHASANQIIPRNTHLTLEMMRSEEGTYVVIHEEVIPRLVSMDVNRAVPLSTTLHPDMVNGYPA,0.8051346,0.8051346,3,6077,298
MAQTSASANQLIYRNTHLTLEMMRSEETTYYHIHEEDIPRLVSMDVNRAVPLSTTLMPDMVNGYAE,0.80461895,0.80461895,3,6077,298
MAQTSASANQLIPRNTHLTLEMMRSEETTYCHIHEEDIPRLVSWDVNRAVPHSTTLMPDMVNGYHA,0.8044824,0.8044824,3,6077,298
HAQTSASANQLISINTHLTLEFVRSHEHTYVHIHAEDSPRLVSMDVNRAVPLRTTLYPDMVKRYAR,0.80445164,0.80445164,3,6077,298
RAQTSASANQLIYRNTHLNLEMMRSEETTYVHIHEEDIPRLVSMDVNRAVPLSTTLMPDMVNGYAA,0.80423605,0.80423605,3,6077,298
MAQTSASANNLISRNTHLTLEMMRSEETTYVHIHEEFIPRLVSMDVNRAVPASTTLMPDMVNGYAA,0.8042193,0.8042193,3,6077,298
HDQTSASANQLISINTHLTLEMMRSEEHTYVHIHAEDIPRLVSMDVNRAVPLGTTLMPDMVKRYAA,0.80412847,0.80412847,3,6077,298
MHQTSASANQLISINTHLTLEMMRSEEHTYVHIHTEDIPRLVSMDVNRAVGWGTTLMPDMVKRYAA,0.8041006,0.8041006,3,6077,298
MAQTSASANQLIPRNTHLTLEMMRSEETTKVHIHEEDIPRLVSMDVNRAVPLSTTLMPDMVNGYAA,0.80283535,0.80283535,3,6077,298
MKQTSASANPLIPINTHLTLEMMRSEEITYVHIHTEWIPRLVSMDVNRAVPLGTTLMHDMVKGYRH,0.80217034,0.80217034,3,6077,298
MAQTHASANQIIPRNTHLTLEMMRSEEGTYVVIHEEVIPRLHSMDVNRAVPLSTTLHPDMVNGYPA,0.8021454,0.8021454,3,6077,298
MAQTSASANQLIPINTHLTLEMMRSEEKTYVHIHTEDIPRLVSMDVNRAVPLGTTLMHDMVKGYRH,0.8014078,0.8014078,3,6077,298
MAQTSASANQLIPRNTHLTLEMMRSEETTYCHVHEEDIPRLVSWDVNRAVPHSTTLMPDMVNGYHA,0.80134505,0.80134505,3,6077,298
MAQTSASANQLIPRNTHLTLEMMRSEETTYVHIHEEDIPRLVSMDVNRAVPLSTTLMPDMVNGYKA,0.8009524,0.8009524,3,6077,298
WAQTSASANQLISINTHLTLEMMRSEEHTYRHIHAEDIPRLVSMDVNRAVPKGTTLMPDMVKRYAA,0.8009189,0.8009189,3,6077,298
MAQTTASANPLIPINTHLTLEMMRSEETTYVHIHTEDIPRLVSMDVNRAVPLGTTLMHDMVKGYRH,0.8004537,0.8004537,3,6077,298
MAQTSASANQLIPENTHLTLEMMRSEEHTYVHIHAEDIPRLVSMDVNRAVPLGTTLMPSMVKRYNA,0.8000934,0.8000934,3,6077,298
MMQASVVANQTYPANTHLKAKMMRSQVPQYVHIPAEDIPDLVSMDVNRAVVQGTTLEPDMVKQYGA,0.79996073,0.79996073,3,6077,298
MAQTSASANQLIYRNEHLTLEMMRSEETTYYHIHEEDFPRLVSMDVNRAVPLSTTLMPDMVNGYAE,0.79887515,0.79887515,3,6077,298
MAQTTASANPLIPINTHLTLEMMRSEETTYVHIHSEDIPRLVSMDVNRAVPLGTTLMHDMVKGYRH,0.7986674,0.7986674,3,6077,298
MAQTSASANQLIPINTHLTLEMMRSEEITYVHIHTEDIPRLVSMDVNRAVPLGTTLMHDMVKKYRE,0.7986023,0.7986023,3,6077,298
MAQTSASANQLIYRNTHLTLEMMRSEETTYVHIHEEDIPRLVSMDVNRAVPLSTTLMPEMVNGYEA,0.7985609,0.7985609,3,6077,298
MAQTSASANPLIPINTHLTLEMMRSEEHTYVHIHTEDIPRLVSMDVNRAVPLGTTLMHDMVKGYRH,0.7981348,0.7981348,3,6077,298
HDQTSYSANQLISMNTHLTGEMMCSEEHTYDHIHAEDMQRLVSMDVPRAVPLTTTLMPDMVKRYAL,0.79703057,0.79703057,3,6077,298
QAQTSASANQLIYRNTHLTLEMMRSEETTYVHIHEEDIPRLVSMDVNRAVPLSTTLMPDMVNGYAA,0.79698026,0.79698026,3,6077,298
MAQRSASANQLIPRNTHLTLEMMNSEETTYVHIHEEDIPRLVSMDVNRAVPLSTTLMPDMVNGYAA,0.7964051,0.7964051,3,6077,298
MAQNSASANQLIPINTHLTLEMMRSEEITYVHIHTEDIPRLVSMDVNRAVPLGTTLMHDMVKKYRE,0.7961225,0.7961225,3,6077,298
MAQTSASANQLIYRNTHLTLEMMRSEETTYVHIHEEDIPRLISMDVNRAVPLSTTLMPEMVNGYEA,0.7955285,0.7955285,3,6077,298
MAQTSASANQLIPRNRHLTLEMMRSEETTYVHIHEEDIPRLVSMDVNRAYPLSTTLEPDMVNGYAA,0.79549146,0.79549146,3,6077,298
HAQTSASAWQLISINTHLTLEFVRSHEHTYVHIHAEDSQRLVSMDVNRAVPLRTTLYPDMVKRYAR,0.7952593,0.7952593,3,6077,298
MLRASHVANQTYPANTHLTLKMMRSQAPEPVHIPAEHIKDLVSMDVNRAVVGETTLEPDMFKQYAA,0.7951296,0.7951296,3,6077,298
MAQTSWSANQLIYRNTHLTLEMMRSEATTYVHIHEEDIPRLISMDVNRAVPLSTTLMPEMVNGYEA,0.7951193,0.7951193,3,6077,298
MAQTSASANQLIPRNTHLTLEMMRSEETTYVHIHEEDIPRLVSMDVNRAVPLSTTLMPDMVNGYRA,0.7946874,0.7946874,3,6077,298
MAQTSASANQLIYRNTHLTLEMMRSEETTYVHIHEEDIPRLVSMDVNRAVPLSTTLMPDMVNGYAE,0.79441047,0.79441047,3,6077,298
MAQTSASFNQLIPENTHLTLEMMRSEEHTYVAIHAEDIPRLVSMDVNRAVPLGTTLMPSMVKRYNA,0.7938796,0.7938796,3,6077,298
TAQTSASANQLIYHNTHLTLEMMRSEQTTYVHIHEEDIPQLVSMDVNRAVGHSTTLMPDMVNGYAA,0.7934163,0.7934163,3,6077,298
HDQTSYSANQLISMNTHLTGEMMCSEEHTYHHIHAEDMQRLVSMDVPRAVPLTTTLMPDMVKRYAL,0.79325414,0.79325414,3,6077,298
MAQTSASANQLIYRNTHLTLEMMRSEETTYVHIHEEDIPRLVSMDVNRAVPLSTTLMPDMVNGYEA,0.79309237,0.79309237,3,6077,298
MAQDDASANQLIPRNTHLTLEMMRSEETTYVHIHEEVIPRLVLMDVNRYVPLSTTLMADWVNEYRA,0.79234177,0.79234177,3,6077,298
MARTSASANQLIPRNTHLTLEMMRSEETTYCHVHEEDIPRLVSWDVRRAVPHSTTLMPDMVNGYHA,0.7920963,0.7920963,3,6077,298
HAQTSASANQLISINTHLTLEFVRSHEHTYVHIHAEDSPRLVSMDVNRAVPLGTTLYPDMVKRYAA,0.7920063,0.7920063,3,6077,298
MAQTSASANQLIPENTHLTLEMMRSEEHTYVHIHAEDIPRLVSMDVNRAVPLGTTLMPDMVKRYAA,0.79145575,0.79145575,3,6077,298
MMQASVVANQTYPANTHLKAKMMASQVPQYVHIPAEDIPDLVSMDVNRDVVQGTTLEPDMVKQYGA,0.79139394,0.79139394,3,6077,298
MAQTSMSANQLIPRNTHLTLEMMRSEETTYVHIHEEDIPRLVHMDVNRAVPLSTTLMPDMVNQYAA,0.7912322,0.7912322,3,6077,298
MAQTSASANQLIPGNTHLTPEMMRSEETTYVHIHCEDIPRLVSMDVNRAVPLSTTLMPDMVNGYAH,0.79043883,0.79043883,3,6077,298
MAQTSASANQLIPRNTHLTLEMMRSEETTYVHIHEEDIPRLVSMDVNRAVPGSTTLMPDMVNGYAA,0.7903465,0.7903465,3,6077,298
NACTSASANQLISINTHLTLEMMRSEEHMYRHIHAEDIPRLVSWDVNRAVMKGTTLMPRMVKRYSH,0.79028404,0.79028404,3,6077,298
DAQTSASANQLIYRNTHLTLEMMRSEETTYVHIHEKDIPRLVSMDVNRAVPLSTTLMPDMVNGYAA,0.7898789,0.7898789,3,6077,298
MAQTSASANQLISINTHLTLEMMRSEEHTYVHIHDEDIPRLVSMDVNRAVPLGTTLSADMVKRYAA,0.7896658,0.7896658,3,6077,298
MAQTSASANNLISRNTHLTLEMMRSEETRYVHIHEEFIPRLVSMDVNRAVPASTALMPDMVNGYAA,0.7895847,0.7895847,3,6077,298
QAQASVVANQTYPANTHLTLKMMRSQVPEYVHIPAEDIPWLVSFDVNRAVVQGTTLEPDMVKQYAK,0.78955686,0.78955686,3,6077,298
WAQTSASANQLISINTHLTLEMMRSEEHTYVHIHAEDIPRLVSMDVNRAVPLGTTLMPDMVKRYAE,0.7888615,0.7888615,3,6077,298
EAQTSASANQLIYRNTHLTLEMMRSPETTYVGIHEEDIPRLVSMDVNRAVPLSTTLMPDMVNGYAA,0.78870606,0.78870606,3,6077,298
MAQASVVANQTYPPNTHLTEKMMRSQVPEYVHCPAEDIPDLVSMDVNRNVVQGTTLEPDMVKQYAA,0.7883123,0.7883123,3,6077,298
QAQASVVANQTYPANTHLTLKMARSQVPEYPHIPAEDIPDLVSFDVNRAVMQGTTLEPDMVKQYQK,0.9069631,0.9069631,4,8149,397
HAQTSHSAWQLISEQTHLTKEFVRSHEHTYVHIHAEDSQRIVSMDVNRNVPLRTTLYPDMVKRYQR,0.90565133,0.90565133,4,8149,397
QAQAFVQANQTYPANTHLHLKMARSQVPEYPHIPAEDIPDLVSFDVNRAVMQGTTLEPDMVKQYQK,0.9028312,0.9028312,4,8149,397
QAQAFVQANQTYPANTGLHLKMARSQVPEYPHIPAEDIPDLVSFDVNRAVMQGTTLEPDMVKQYQK,0.90230185,0.90230185,4,8149,397
QAQASVVANQTYPANTHLTLKMARSQVPEYPHIPAEDIPDLVSFDVNRAVVQGTTLEPDMVKQYQK,0.90208215,0.90208215,4,8149,397
NKQTSASANQLISINTHLTLEMMRSEEHMYRHIHAEDIPRLVSMDVNRAVMKGTTLMPDMVKRYSA,0.9020149,0.9020149,4,8149,397
NRQTPASANQLISINTHLTLEMMRSEEHMYRHIHAEDIPRLVSMDVNRAVPKGTTLMPDMVKRYSR,0.89948463,0.89948463,4,8149,397
NKQTSASANQLISINTHLTLEMMRSEEHTYRHIHAEDIPRLVSMDVNRAVPKGTTLMPDMVKNYAA,0.89890736,0.89890736,4,8149,397
HAQTSASIWQLISQQTHLTKEFVRSHEHTYVHIHAEDSQRIVSMDVNRNVPLRTTLYPDMVKRYQR,0.89854705,0.89854705,4,8149,397
NKQTSASANQLISINTHLTLEMMRSEEHTYRHIHAEDIPRLVSMDVNRAVPKGTTLMPDMVKRYAA,0.89840686,0.89840686,4,8149,397
QAQAFVVANQTYPANTHLTLKMARSQVPEYPHIPAEDIPDLVSFDVNRAVMQGTTLEPDMVKQYQK,0.89750725,0.89750725,4,8149,397
MRQDSASINQLIPRNTHLTLEMMRSEETPYVHIHEEDIPRLVSMDVNRYVPLSTTLMPDWVNEYRA,0.8969578,0.8969578,4,8149,397
HAQTSASAWQLISSQTHLTKEFVRSHEHTYVHIHAEDSQRIVSMDLNRNVPLRTTLYCDMVKRYQR,0.89686173,0.89686173,4,8149,397
HAQTSASIWQLISQQTHLTKEFVRSHEHTYVHIHAEDSQRIVSMDVNRNVPLRRTLYPDMVKRYQR,0.8916946,0.8916946,4,8149,397
QAQAFVQANQTYPYNTGLHLKMARSQVPEYPHIPAEDIPDLVSFDVNRAVMQGTTLEPDMVKQYQK,0.89140457,0.89140457,4,8149,397
HAQTSASAWQLISSQTHLTKEFVRSHEHTYVHIHAEDSQRIVSMDVNRNVPLRTTLYCDMVKRYQR,0.891196,0.891196,4,8149,397
QAQAFVVANQTYPANTHLHLKMARSQVPEYPHIPAEDIPDLVSFDVNRAVMQGTTLEPDMVKQYQK,0.8910299,0.8910299,4,8149,397
NAQTSASARQNISINTHLTLEMMRSEEHMYRHIHAEEIPRLVSMDVERAVMKGTTLMPDMVKRYSA,0.89102954,0.89102954,4,8149,397
HAQTSASAWQPISINTHLTKEFVRSHEHTGVHIHAEDSQRIVSMDVNRNVPLRTTLYPDMVKRYQR,0.89066166,0.89066166,4,8149,397
HEQTSASAWQLISIQTHLHKEFVRSHEHTYVHIHAEHAQRIVSMDVNRNVPLETTLYPDMVKRYQR,0.8897745,0.8897745,4,8149,397
HEQTSASAWQLISIQTHLHKEFVRSHEHTYVHIHAEHAQRIVSMDVNRNVPLETTLYPDMVNRYQR,0.8891411,0.8891411,4,8149,397
MAQASVVANQTYPANTHLTLKMMRSQVPEKRHIPAEDIPDLIQMDVGRAVVQGTHLEPDMVKQYHK,0.88784724,0.88784724,4,8149,397
HAQTSASAWQLISINTHLTKEFVRSHEHTYHHIHAEDSQRIVSMDVNRNVPLRTTLMPDMVKEYQR,0.8865442,0.8865442,4,8149,397
MQQTSASANQLIPINSHLTLEMMRQEEIEKVHIHTEDIPRLVSMDVNRAAPLGTTLDHDMVKGYRH,0.8832529,0.8832529,4,8149,397
NKQTSAEAGQLIYINTHLTLEMMRSEEHTYRHIHAEDIPRLVSMDVNRAVPPGTTLMPDMVKNYAP,0.88295645,0.88295645,4,8149,397
RAQTHASANQLIPRNTHLTLEMMRSEEGTYVHIHEEVIPRLVSMDVNRAVPLSTTLHPDMVNGYPA,0.88258106,0.88258106,4,8149,397
NKQTSAEANQLISINTHLTLEMMRSEEHTYRHIHAEDIPRLVSMDVNRAVPKGTTLMPDMVKNYAA,0.8824339,0.8824339,4,8149,397
MNQTSASANQLIPRNTHLTLEMMRSDETTWHHIHEEDIPRLVSMDVNRAVPLSTTLMPDMVNGYKN,0.8812174,0.8812174,4,8149,397
HAQTSASAWQSMSIQTHLTKEFVRSHEHTYVHIHHEDAQRIVSMDVNRNVPLRTTLYPDMVKRYQR,0.88042367,0.88042367,4,8149,397
NQQTSASANQLISINTHLTLEMMRSEEHMYRHIHAEDITRLVSMDVNRAVPKGTTLMPDMVKRYSA,0.8802208,0.8802208,4,8149,397
NKQTSAEAGQLIYINTHLTLEMMRSEEHTYRHIHAEDIPRLVSMDVNRAVPKGTTLMPDMVKNYAP,0.88007385,0.88007385,4,8149,397
HAQDSASANQDIPRNRHLELEMMRSEETTYVHIHQEKIPRLVSMDVNRAVPMETTLMADWVNEYRA,0.87951994,0.87951994,4,8149,397
QLQASVVANQTYPANTHLTLKMMRSQVPEYVHIPAEDIPDLVSFDVNRAVQQGTTLEPDMVKQYAK,0.8791453,0.8791453,4,8149,397
NQQTSASANQLISINTHLTLEMMRSEEHMYRHIHAEDIPRLVSMDVNRAVPKGTTLMPDMVKRYSA,0.8787288,0.8787288,4,8149,397
HAQTSASAWQLISIQTHLTKEFVRSHEHTKVHIHAEDAQRIVSSDVNRNVPLRTTLYPDMVKRYQR,0.8772427,0.8772427,4,8149,397
HAQTSASIWQLISQQTHLLKEFVRSHEHTYVHIHAEDSQRIVSMDVNRNVPLRRTLYPDMVKRYQR,0.8771185,0.8771186,4,8149,397
NAQTSASANQLIMINTHLGLEMMRSEEHMKRHIHAEDIPRLVSMDVNRAVMKGTTLMPDMVKRYSA,0.87690735,0.87690735,4,8149,397
NAQTSASANQLISINTHLGLEMMRSEEHMKRHIHAEDIPRLVSMDVNRAVMKGTTLMPDMVKRYSA,0.87672985,0.87672985,4,8149,397
HAQTSASAWQSMSIQTHLTKEFVRSHEHTYVHIHHEDAQRILSMDVNRNVPLRTTLYPDMVKRYQR,0.876622,0.876622,4,8149,397
MQQTSASANQLIPINSHLTLEMMRSEEIEKVHIHTEDIPRLVSMDVNRAAPLGTTLDHDMVKGYRH,0.8758799,0.8758799,4,8149,397
QAQASVVANQTYPANTKLTLKMMRSQHPEYVHCPAEDIPDLQSNDVNRAVVQGTTLEPDMVKQYAK,0.87587774,0.87587774,4,8149,397
QAQASVVANQTYPANTHLTLKMMRSQVPEYVHIPAEDIPDLVSFDVNRAVVQGTTLEPDMVKQYQK,0.8753201,0.8753201,4,8149,397
HAQTSASAWQLILSQTHLTKEFVRSHEHTYVHIHAEDSQRIVSMDLNRNVPLRTTLYCDMVKRYQR,0.8749128,0.8749128,4,8149,397
NKQTSAEAGQLIYINTHLTIEYMRSEEHTYRHIHAEDIPRLVSMDVNRAVPPGTTLMPDMAKNYAP,0.8747383,0.8747383,4,8149,397
HAQTSASAYQLMSGQTHLTKEFVRSHEHTYVHIHAEDAQRIVSMDVNRNVPLRTTLYPDMVKRYQR,0.8744824,0.8744824,4,8149,397
HAQDSASANQDIPRNRHLELEMMRSEETTYVHIHEEKIPRLVSMDVNRAVPMETTLMADWVNEYRA,0.8741674,0.8741674,4,8149,397
NAQTSASANQNISINTHLTLEMMRSEEHMYRHIHAEDIPRLVSMDVNRAVMKGTTLMPDMVKRYSA,0.87410706,0.87410706,4,8149,397
HAQTSASAWQLMSGQTHLTKEFVRSHEHTYVHIHAEDAQRIVSMDVNRNVPLRTTLYPDMVKRYQR,0.8738586,0.8738586,4,8149,397
HAQDSASANQDIPRNRHLTLEMMRSEETTYVHIHEEKIPRLVSMDVNRAVPMETTLMADWVNEYRA,0.8737227,0.8737227,4,8149,397
NKQTSAEANQLIYINTHLTLEMMRSEEHTYRHIHAEDIPRLVSMDVNRAVPKGTTLMPDMVKNYAA,0.87350994,0.87350994,4,8149,397
MAQDSASANQLIPRNTHLTLEMMRSEETTYVHIHEEDIPRLVEMDVNRYVPLSTTLMPDWVNEYRQ,0.87333226,0.87333226,4,8149,397
NRQTPASANQLISINTHLTLEMMRCEEHMYRHIHAEDIPRLVSMDVNRAVPKGTTLMPDMVKRYSR,0.87323636,0.87323636,4,8149,397
NMQTSASANQLISINTHLTLEMMRSEEHMYRHIHAECIPRLVSMDVNRAVPKGTTLMPDMVKRYSA,0.87315935,0.87315935,4,8149,397
HAQTSASAWQLISAQTHLTKEFVRSHEHTYVHIHAEDAQRIVSMDVNRNVPLRTTLYPDMVKRYQR,0.8730396,0.8730396,4,8149,397
HAQTSASAWQLISINTHLTKEFVRSHEHTYVHIHAEDSQRIVSMDVNRAVTLRTTLYPDMVKRYQR,0.8728899,0.8728899,4,8149,397
NKQTSAEAGQLIYINTHLTIQYMRSEEHTYRHIHAEDIPRLVSMDVNRAVPPGTTLMPDMAKNYAP,0.87259644,0.87259644,4,8149,397
QAQASVVANQTYPANTKLTLKRMRSQHPEYVHCPAEDIPDLQSNDVNRAVVQGTTLEPDMVKQYAK,0.87221473,0.87221473,4,8149,397
HAQTSASAWQLIEIQTPLTKEFVRSHEHTYVHIHAEDAQRIVSMDVNRNVPLHTTLYPDMVKRYQR,0.8719273,0.8719273,4,8149,397
NAQTSYSANQLISINTHLTLEMMRSEEHMYRHIHAEDIPRLVSMDVNRAVMKGTTLMPDMVKRYSA,0.871478,0.871478,4,8149,397
HAQTSASAWQLISIQTHLTKEFVRSHEHTYKHIHAEDAQRIVSMDVNRNVPLRTTLYPDMVKRYQR,0.8713991,0.8713991,4,8149,397
QAQASVVANQTYPANTHLTLKMMRSQVPEYVHIPAEDIPDLVSFDVNRAVQQGTTLEPDMVKQYAK,0.871294,0.871294,4,8149,397
HAQDSASANQDIPRNTHLTLEMMRSEETTYVHIHEEDIPRLVSMDVNRAVPMSTTLMADWVNEYRA,0.8711876,0.8711876,4,8149,397
HWQTSASASQWISINTHLTLEFVRKHEHTYTHIHAEDSQRIVSMDVNRAVPLRGTLYPDMVKRYNR,0.8710627,0.8710627,4,8149,397
MSQTHASANQLIPRNTHLTQEMMRSEEGTYVHIHEEVIPHLVSMDVNRAVPLSTTLHPDMVNGYSA,0.8703499,0.8703499,4,8149,397
MAQTDASANQLISANTHLTLEMMKSEEHTYVHIHREDIPRLVSMDVNRAVPGGTTLSADMVKRYAQ,0.870106,0.870106,4,8149,397
NAQTSASARQNISINTHLTLEMMRSEEHMYRHIHAEEIPRLVSMDVNRAVMKGTTLMPDMVKRYSA,0.8695114,0.8695114,4,8149,397
MAQTHFSANQLIPRNTNLTLEIMRSEEGTYVHIHEEVIPRLVSMDVNRAVPLSTTLHPDMVNGYPA,0.8694574,0.8694574,4,8149,397
NAQTSASANQNISINTHLTLEMMRSEEHMYRHIHAEEIPRLVSMDVNRAVMKGTTLMPDMVKRYSA,0.86924785,0.86924785,4,8149,397
QAQASVVANQTYPANTHLTLKMMRSQHPEYVHIPAEDIPDLVSFDVNRAVVQGTTLEPDMVKQYAK,0.8687519,0.8687519,4,8149,397
HAQTSASAWQHISINTDLTKNFVRSHEHTYVHIHAEDSQNIVSMDVNRNVPLRTTLYPDMVKRYQR,0.868676,0.868676,4,8149,397
HAQSSASAYQLMSGQTHLTKEFVRSHEHTYVHIHAEDAQRIVSMDVNRNVPLRTTLYPDMVKRYQR,0.86866164,0.86866164,4,8149,397
HAQDSASANQDIPRNTHLTLEMMRSEETTYVHIHEEDIPRLVSMDVNRAVPMSTTLMPDWVNEYRA,0.86847764,0.86847764,4,8149,397
NAQTDASANQLISANTHLRLEMMRSEEHTYVHIHDEDIPRLVSMDVNRAVPLGTTLSADMVKRYAA,0.86847734,0.86847734,4,8149,397
DAQTSASANQLIPRNTHLTLETMRSEETTYVHIHNEDIPRLVSMDVNRAVPLSTTLMPDWVNEYRA,0.8682875,0.8682875,4,8149,397
QAQASVVANQSYPANTKLTLKRMRSQHPEYVHCQAEDIPDLQSNDVNRAVVQGTTLEPDMVKQYAK,0.86817265,0.86817265,4,8149,397
NAQTSASANQLISINTHLTLEMMRSEEHMSRHIHAEDIPRLVSMDVNRAVMKGTTLMPDMVKRYSA,0.8681591,0.8681591,4,8149,397
HWQTSASAWQLISINTHLTLEFVRKHEHTYTHIHAEDSQRIVSMDVNRAVPLRGTLYPDMVKRYQR,0.86806285,0.86806285,4,8149,397
HAQTSASASQLISIQTHLTKEFVRSHEHTYKHIHAEDAQRIVSMDVNANVPLRTTLYPDMVKRYQR,0.8680201,0.8680201,4,8149,397
HWQTSASASQWISINKHLTLEFVRKHEHTYTHVHAEDSQRIVSMDVNRAVPLRGTLYPDMVKRINR,0.8679958,0.8679958,4,8149,397
MAQKSASAVQLIPRRTHLTLEMMRSEETRYTHIHEEDIPRLVSMDVNRAVPLSTTLMPDMVNEYRA,0.86792034,0.86792034,4,8149,397
QAQASVVANQTYPANTHLTLKMMRVQVPEYVHIPAEDIPDLVSMDVNRAVVQGTTLEPDMVKQYAK,0.8676935,0.8676935,4,8149,397
HAQTSASAWQLISIQTHLTKEFVRSHEHTYVHIHSEDAQRIVSMDVNRNVPLRTTLYPDMVKRYQR,0.86733687,0.86733687,4,8149,397
HAQTSASAEQLISIQTHLTKEFVRSHEHTYVHIHAEDAQRIVSMDVNRNVPLRTTLYPDMVKRYQR,0.86720306,0.86720306,4,8149,397
HAQTSASAWQLISINTHLTKEFVRSHEHTYNHIHAEISQRIVSMDVNRNVPLRTTLMPDMVKEYQR,0.8670585,0.8670585,4,8149,397
HDQTSASANQLISINTHLTLEAMRSEEETPHHIHAEDFPRLVSMDVNRAVPLATTLMPDMVKRYAA,0.86680895,0.86680895,4,8149,397
NKQTSASANQAISINTHCTLEMMRSEEHMYRHIHAEDIPRLVSMDVNRAVMMGTTLMPRMVKRYSA,0.8664244,0.8664244,4,8149,397
HDQTSASVNQLISINTHLTLEMMRSEEHTYHHIHHEDFPRLVSMDVNRAVPLATTLMPDMVKRYAA,0.86629826,0.86629826,4,8149,397
DAQTSASANQLIPRNTHLTLETMRSEETTYVHIHNEDIPRLVSMDVNRAVPLSTTLMPDMVNEYRA,0.86610043,0.86610043,4,8149,397
RAQTSASANQLIYRNTHLTLEMMRSEETTYYHIHEEDFPRLQSMDVNRAVPLSTTLMPDMVNGYAE,0.86596185,0.86596185,4,8149,397
MAQTHFSANQLIPRNTHLTLEIMRSEEGTYVHIHEEVIPRLVSMDVNRAVPLSTTLHPDMVNGYPA,0.8657059,0.8657059,4,8149,397
HAQTSASAWQLISIQTHLTKEFVRSHEHTKVHIHAEDAQRIVSSDVNRNVPLRTTLYPDPVKRYQR,0.8650772,0.8650772,4,8149,397
QAQASVVANQTYPANTHLTPKMMRSYVPEYGHIPAEDIPDLVSFDVNRAVVQGTTLEPDMVKQYAK,0.8648193,0.8648193,4,8149,397
HAQTSASAWQLISINTHLTLEFVRKHEHTYTHIHAEDSQRIVSMDVNRAVPLRGTLYPDMVKRYQR,0.86467505,0.86467505,4,8149,397
HAQTSASAWQLLEIQTPLTKEFVRSHEHTYVHIHAEDASRIVSMDVNRNVPLHTTLYPDMVKRYQR,0.8646604,0.8646604,4,8149,397
MAQTHASANQLIPRNTHLTLEMMRSEEGTYVHIHEEVIPRLVSMDVNRAVPRSTTLHPDMVNGYPA,0.8646412,0.8646412,4,8149,397
MAQTDASANQLISANTHLALEMMRTERHTYVHIHDEDIPKLVSMDVNRAVPLGTTLSADMVKRYAD,0.8645225,0.8645224,4,8149,397
HAQTSASAWQHISINTHLTKNFVRSHEHTYVHIHAEDSQNIVSMDVNRNVPLRTTLYPDMVKRYQR,0.86436135,0.86436135,4,8149,397
MHQTSASANQHISINTHLTLEMMRSEEHTYVHIHTEDIPRLVSMDVNRAVGWGHTLQPDMVKRYAA,0.8643449,0.8643449,4,8149,397
NAQPSYSANQLISINTHLTLEMMRSEEHMYRQIHAEDIPRLVSMDVNRAVMKGTTLMPDMVKRYSA,0.8641368,0.8641368,4,8149,397
QAQASVVANQTYPANTHLTLKMARSQVPERPHIPAEDIPDLVSFDVNRAVMQGTTLEPDMVKQYQK,0.9328186,0.9328186,5,10215,496
QAPADVQANQTYPANTGLHLKMARSQQPEYPHIPEEDIPDLVSFDVNRAVMQGTTLEPDMVKQYQK,0.9322502,0.9322502,5,10215,496
HAQTSASAWQDMSGQTHLTKEFVRSEEHTYVHIHAEDAQRITSMDVNRNVSLRTTLYPDMVKKYQR,0.9292445,0.9292445,5,10215,496
HNQTSISASQWISNNKHITLEFVRKHEHTYTHVHAEVIQRIVSMDMNRAVPLWGTLYPDLVKRINP,0.9276774,0.9276774,5,10215,496
HEQTGWSAWQGISIQTHLHKELVRSHTHSTVHIHAEHAQRINSMDVNRNVPLETTLHPDMVNRYQR,0.92496157,0.92496157,5,10215,496
QAPADVQANQTYPANTGFHLKMARSQQPEYPHIPEEDIPDLVSFDVNRAVMQGTTLEPDMVKQYQK,0.9238849,0.9238849,5,10215,496
HQQTSASAWQPISINTHLKKEFVRSHEHTGVHIHAEDSQRIVQMDVNRNVPLRTDLYPDMVKRYQR,0.92330176,0.92330176,5,10215,496
QLQGSVVANQTAMDNTGLVLKMMRGQAPNYKHIPAEDIPDLVSFDVNRAVQQGTTLEPDMVKQYAK,0.9229295,0.9229295,5,10215,496
HQQTSASAWQPIPINTHLKKEFVRSHEHTGVHIHAEDSQRIVQMDVNRNVPLRTDLYPDMVKRYQR,0.92285764,0.92285764,5,10215,496
QAQAFVVANQTYPKNTHLHLKMARSQRPEYPHIPAEDIPDLVSFDVNRAVMQGTTLEPDVVKQYQK,0.91981006,0.91980994,5,10215,496
HWQTSASASQWISNNKHITLEFVRKHEHTYTHVHAEDIQRIVSMDVNRAVPLRGTLYPDLVKRINP,0.9194836,0.9194836,5,10215,496
NKQTSASANQLISINTNLTLEMMRSEEHTYRHIHAEFIPRLVSMDVNRAVPKGTTLMPDMVKRYAA,0.91759497,0.91759497,5,10215,496
HEQTGWSAWQGISIQTHLHKELVRSHTHSTVHIHAEHAQRINSMDVNRNVPLETTLHRDMVNRYQR,0.9174585,0.9174585,5,10215,496
QAQASVVANQTYPANTHLTLKMLRSQVPEYPHIPAEDIPDLVSFDVNRAVVQGTTLEPDIVKQYQK,0.91734266,0.91734266,5,10215,496
QAPADVQANQTYPANTGFHLKMARSQQPEYPHIPEEDIPDLCSFDVNRAVMQGTTLEPDMVKQYQK,0.91708195,0.91708195,5,10215,496
NKQTSASANQLISINTNLNLEMMRSEEHTYRHIHAEFIPRLVSMDVNRAVPKGTTLMPDMVKRYAA,0.9163358,0.9163358,5,10215,496
QAQAFVGANQTYPANTGLHLKMARSQVPEYPHIPAEDIPDLVSFDVNRAVMQGTTLEPDLVKQYQK,0.9161674,0.9161674,5,10215,496
NKQTSAEANQLISINKHLTLEMMRSEEHTYRHIHAEDIPRLVSMDVNRAVPKRTTLMPDMVKNYAA,0.9159865,0.9159865,5,10215,496
NKQKSAEANQLISINKHLTLEMMRSEEHTYRHIHAEDIPRLVSMDVNRAVPKRTTLMPDMVKNYAA,0.9159531,0.9159531,5,10215,496
KAQASVVANQTYPANTHLTLKMARSQVPEYPHIPAEDIPDLVSFDVNRAVVQGTTLEPDMVKQYQK,0.9159279,0.9159279,5,10215,496
QAQASVVANQTYPANTHLTLKMADSQVPEYPHIPAEDIPDLVSFDVNRAVMQGTTLEPDLVKQYQK,0.9158514,0.9158514,5,10215,496
QAQASVVANQTYPKNTHLTTKMARSQVPEYPHIPAEDIPDLVSFDVNRAVMQGTDLEPDMVKQYQK,0.91554165,0.91554165,5,10215,496
HAQTSHSAWQLISEQTHLTKEFVRSHEHTYVHIHEEDSQRIVSMDVNRNVPLRTTLYPDMVKRYQT,0.9154804,0.9154804,5,10215,496
HKQTSASAWQLISINTHLTKEFVRSHEHTYNHIHAEISQRIVSMDVNRNVPLRTTLMPDMVKEYQR,0.9150109,0.9150109,5,10215,496
QAQASVVANQTYPKNTHLTTKMARSQVPEYPHIPAEDIPDLVSFDVNRAVMQGTTLEPDMVKQYQK,0.9142673,0.9142673,5,10215,496
HAQTSASAWQLISKQTHLTKEFVRSHEHTYVPIHAEDAQRIDSMDVNRNVPLRTTLYPDMLKRYQR,0.91396993,0.91396993,5,10215,496
HEQTSASAWQLISHQTHLHKEFVRSHEHTYVHIHAEHAQRIVSMDVNRNVPLETTLYPDMVKRYQR,0.9137155,0.9137155,5,10215,496
QAQADVQANQTYPANTGLHLKMARSQVPEYPHIPAEDIPDLVSFDVNRAVMQGTTLEPDMVKQYQK,0.91335744,0.91335744,5,10215,496
QAQDSVVANQTYPANTHLTLKRMRSQHQEYGHIPAEDIPELVSFDVNRAVVQGTTLEPDMVKQYAK,0.91309166,0.91309166,5,10215,496
GQQTSASANQLLPQDSHLTLEMMRQEEIEKVHIHTEDIARLVSMDVNRAAPLGTTLDHDMVKGYRH,0.91306525,0.91306525,5,10215,496
HEQTSASAWQLISIQTHLHKEFVRSHTHSTVHIHAEHAQRIVSMDVNRNVPLETTLHPDMVNRYQR,0.91296756,0.91296756,5,10215,496
QAPADVQANQTYPANTGLHLKMARSQVPEYPHIPAEDIPDLVSFDVNRAVMQGTTLEPDMVKQYQK,0.91295046,0.91295046,5,10215,496
HEQTGWSAWQGISIQTHMHKELVRSHTHSTVHIHAEHAQRINSMDVNRNVPLETTLHRDMVNRYQR,0.9122629,0.9122629,5,10215,496
QDQAFVQANQTYPANTHLHLKMARSQVPEYPHIPAEDIPDLVSFDVNRAVMQGTTLEPDMVKQYQK,0.9122142,0.9122142,5,10215,496
QAQASVVANQTYPANTHLTLKMARSQWPEYPHIPAEDIPDLVSFDVNRAVMQGTTLEPDMVKQYQK,0.9120228,0.9120228,5,10215,496
NAQTSASARQNISINTHLTLEMMRSEEHMYRHIHAEEIPRLVSMDVERAVMKGTTLMPEMVKRYSQ,0.91173136,0.91173136,5,10215,496
HAQTSASAWQLISDQTHLTKEFVRSHEHTYVHIHAEDSQRIVSMDLNRNVPLRTTLYCDMVKRYQR,0.9115009,0.9115009,5,10215,496
QAQAFVVANQTYPANTHLTLKMARSQEPEYPHIPAEDIPDLVSFDVNRAVMQGTTLEPDMVKQYQK,0.91107476,0.91107476,5,10215,496
QDQAFVQANQTYPANTHLHIKMARSQVPEYPHIPAEDIPDLVSFDVNRAVMQGTTLEPDMVKQYQK,0.9109418,0.9109418,5,10215,496
NQQTSASANQGISINTHLTLEMMRSEEHMYRHIHAEDIPRLTSMDVNRAVPKGTTLMPDMVKRYSA,0.91083795,0.91083795,5,10215,496
HAQTSASIWQLISQQTHLTKEFVRSHEHTYVHIHPEDVQRIVSMDVNRNVPLRTTLYPDLVKRYQR,0.9106349,0.9106349,5,10215,496
RWQTSCSASQWISINTHLTLEFVRKHENDYTHIHFEDSQRIVSMDVNSAVPLRGTCYPDMVKRYNR,0.9104672,0.9104672,5,10215,496
NQQTSASANQGISINTHLTLEMMRSEEHMYRHIHAEDIPRLTSMDVNRKVPKGTTLMPDMVKRYSA,0.9103145,0.9103145,5,10215,496
QAQAFVVANQTYPKNTHLHLKMARSQVPEYPHIPAEDIPDLVSFDVNRAVMQGTTLEPDVVKQYQK,0.90992624,0.90992624,5,10215,496
HAQTSASAWQLISKQTHLTKEFVRSHEHTYVPIHAEDAQRIDSMDVNRNVPLATSLYPDMLKRYQR,0.9096068,0.9096068,5,10215,496
QAQASVVALQTYPANTHLTLKMARSQVPERPHIPAETIPDLVSFDVNRAVMQGTTLEPDMVKQYQK,0.90950537,0.90950537,5,10215,496
NRQTPASANQLISHNTHLTLEMMRSEEHMYRHIHAEDIPRLVSMDVNRAVPKGTTLMPDMVKRYSR,0.90937096,0.90937096,5,10215,496
QDQAFVQANQTYPANTHLHIKLARSQVPEYPHIPAEDIPDLVSFDVNRAVMQGTTLELDMVKQYQK,0.90928483,0.90928483,5,10215,496
HWQTSISASQWISNNKHITLEFVRKHEHTYTHVHAEVIQRIVSMDMNRAVPLWGTLYPDLVKRINP,0.90904695,0.90904695,5,10215,496
HAQTSASAWQDMSGQTHLTKEFVRSEEHTYVHIHAEDAQRITSMDVNRNVSLRTTLYPDMVKKYMR,0.90902174,0.90902174,5,10215,496
QAQASVVANQTYPANTHLTLKMARSQVPEYPHIPAEDIPDLVSFDVNRAVVQQTTLEPDMVKQYQK,0.908738,0.908738,5,10215,496
KAQASVVANQTYPANTHLTLKMARSQVPEYPQIPAEDIPDLVSFDVNRYVVQGTTLEPDMVKQYQK,0.9085725,0.9085725,5,10215,496
HWQTSASASQWISNNKHITLEFVRKHEHTYTHVHAEVIQRIVSMDMNRAVPLWGTLYPDLVKRINP,0.90831256,0.90831256,5,10215,496
NKQTSASANQLISINTHLTREMMRSEEHMYRHIHAEDIPRLVSMDVNRAVMKGTTLMPDMVKRYSA,0.90820116,0.90820116,5,10215,496
MQQTSASANQLIPINSHLTLEMMRSEEIEKKHIHNEDYPRLQSMDVNRAAPLGTTLDHDMVKGYRH,0.9081005,0.9081005,5,10215,496
QDQAFVQANQTYPANTHLHIKLARSQVPEYPHIPAEDIPDLVSFDVNRAVMQGTTLEPDMVKQYQK,0.90799993,0.90799993,5,10215,496
NAQTSASARQNISINTHLTLEMMRSEEHMYRHIHAEEIPRLVSMDVERAVMKGTTLMPDMVKRYSQ,0.9078236,0.9078236,5,10215,496
HAQTSHSCWQLISEQTHLTKEFVRSHEHTYVHIHAEDSQRIVSMDVNRNVPLRTTLYPDMVKRYQR,0.9076373,0.9076373,5,10215,496
NQQTSASANQLIPINSHLTLEMMRSEEIEKVHIHTEDIPRLVSLDVNRAAPLGTTLDHDMVKGYRH,0.90732145,0.90732145,5,10215,496
RWQTSCSASQWISINTHLTLEFVRKHENDYTHIHFEDSQRIFSMDVNSAVPLRGTCYTDMVKRYNR,0.90726537,0.90726537,5,10215,496
MAQTDWSANQLISANTHLALEMMRTERHTYVHIHDEDIPKLVSMDVNRAVPLGTTLSWDMVKRYED,0.90722215,0.90722215,5,10215,496
QAQAFVGANQTYPANTGLHLKMARSQVPEYPHIPAEDIPDLVSFDVNRAVMQGTTLEPDMVKQYQK,0.9071052,0.9071052,5,10215,496
HWQTSASASQWISNNKHITLEFVRKHEHTYTHVHAEDIQRIVSMDMNRAVPLRGTLYPDLVKRINP,0.907067,0.907067,5,10215,496
QAQHSVVANQTYPANTHLTLKMARSQVPEYPHIPAEDIPDLVSFDVNRAVVQGTTLEPDMVKQYQK,0.9068135,0.9068135,5,10215,496
QAQASVHANQSYPTNTKLTLKRMRSQHPEYVHCQCEDIPDLQSNDVNRAVVQGTTLEHDMVKQYAK,0.9065847,0.9065847,5,10215,496
HAQTSASIWQLISQQTHLTKEFVRSHEHTYVHIHAEDSQRITSMDVNRNVPLRRTLYPDMVKRYQR,0.906536,0.906536,5,10215,496
NKQKSAEANQLISINKHLTLEMMRSEEHTYRHIHAEDIPRLVSMDVHRAVPKRTTLMPDMVKNYAA,0.9062145,0.9062145,5,10215,496
HAQTSASIWQLIKQQTHLTKEFVRSHEHTYVHIHPEDVQRIVSMDVNRNVPLRTTLYPDTVKRYQR,0.9061482,0.9061482,5,10215,496
NKQTSAEAGQLIYINTHLSIQYMRSEEHNQRHIHAEDIPRLVSMDVNRAVPPGNTLMPDMAKNYAG,0.9059058,0.9059058,5,10215,496
QAQAFVVANQTYPANTHLHLKMARSQVPEYPHIPAEDIPDLVSFDVNRAVMQGTTLEPDVVKQYQK,0.905901,0.905901,5,10215,496
HAQTSHSAWQLISEQTHLTKEFVRSHNHTYVHIHAEDSQRIVSMDVNRNVPLRTTLYPDMVKRYQR,0.90587634,0.90587634,5,10215,496
QAQDSVVANQTYPANTHLTLKRMRSQHQEYGHCPAEDIPELVSFDVNRAVVQGTTLEPDMVKQYAK,0.9056326,0.9056326,5,10215,496
HAQDSASANQDIPRNRHLTLEMMRSEETTYVHIHEEKIPRLVSMDVNRAVPDETTLMADWVNEYRA,0.90544367,0.90544367,5,10215,496
NKQTSASANQLISINTNLTLEMMRSEEHTYRHIHAEDIPRLVSMDVNRAVPKGTTLMPDMVKRYAA,0.90538037,0.90538037,5,10215,496
RAQTHASANQMIPRNTHLTLEMMRSEEGTYWHIHEEVIPRLVSFDVNRAVPLSTTLHPDMVNGYPA,0.9052564,0.9052564,5,10215,496
QAQAFVVANQTYPKNTHLHLKMARSQRPEYPHIPAEDIPPLVSFDVNRAVMQGTTLEPDVVKQYQK,0.9050821,0.9050821,5,10215,496
NRQTPASANQLISINRHLTLEMMRSEEHMYRHIHAEDIPRLVSMDVNRAVPKGTTLMPDMVKRYSR,0.90501934,0.90501934,5,10215,496
QAQASVVANQTYPANTHLTLKMARSQVPEYPHIPAEDIPDLVSKDVNRAVMQGTTLEPDMVKQYQK,0.90496796,0.90496796,5,10215,496
HAQTSASIWQLISQQTHLTKEFVRSHEHTYVHIHPEDVQRIVSMDVNRNVPLRTTLYPDTVKRYQR,0.9049202,0.9049202,5,10215,496
HWQTSASASQWISNNKHITLEFVRKHEHTYTHVHAEDSQRIVSMDVNRAVPLRGTLYPDLVKRINP,0.904907,0.904907,5,10215,496
MQQTSASANQLISINSKLTLEMMRQEEIEKVHIHTEDIPRLPSMDVNRAAPLGTELDHDMVKGYRH,0.90466964,0.90466964,5,10215,496
NQQTSASANQLIPINSHLTLEMMRSEEIEKVHIHTEDIPRLVSLDVNRAWPLGTTLDHDMVKGYRH,0.9046631,0.9046631,5,10215,496
HAQDSASANQDIPRNRHLTDEMMRSEETTYVHIHEEKIPRLVSMDVNRAVPDETTLMADWVNEYRA,0.9046306,0.9046306,5,10215,496
NKQTSAEAGQDIYINTHLTLEMMRSEEHTYRHIHAEDIPRLVSMDVNRAVPPGTTLMPDMVKNYAP,0.9045474,0.9045474,5,10215,496
NRQTPASANQLISHNTHLTYEMMRSEEHMYRHIHAEDIPRLVSMDVNRAVPKGTTLMPDMVKRYSR,0.90454155,0.90454155,5,10215,496
MQQTSASANQLIPINSHLTLEMMRSEEIEKKHIHTEDYPRLQSMDVNRAAPLGTTLDHDMVKGYRH,0.9043237,0.9043237,5,10215,496
NQQTSASANQLISNNTHLTLEMMRSEEHMYRTIHAEDIDRLVSMDVNRAVPKGTTLMYDMVKRYSA,0.90431046,0.90431046,5,10215,496
MQQTSASANQLLPQNSHLTLEMMRQEEIEKVHIHTEDIPRLVSMDVNRAAPLGTTLDHDMVKGYRH,0.9042384,0.9042384,5,10215,496
QAQASVVANQTYPANTHLTLKMLRSQVPEYPHIPAEDIPDLVSFDVNRAVVQGTTLEPDMVKQYQK,0.904136,0.904136,5,10215,496
NKQRSAEAEQLIYINTHLSIQYMRSEEHNQRHIHAEDIPRLVYMDVNRAVPPENTLMPDMAKNYAG,0.90411747,0.90411747,5,10215,496
QAQAFVVANQTYPANTHLTLKMARSQVPEYPHIPAEDIPDLVSFDVNRAVMQGTTLEPDYVKQYQK,0.9037632,0.9037632,5,10215,496
NQQTSASANQLISNNTHLTLEMMRSEEHMYRHIHAEDIPRLVSMDVNRAVPKGTTLMYDMVKRYSA,0.90369046,0.90369046,5,10215,496
QAQAFVQANQTYAANTGLHLKMARSQVPEYPHIPAEDIPDLVSFDVNRAVMQGTTLEPDMVKQYQK,0.90359926,0.90359926,5,10215,496
NKQTSASANQLISINTHLTLEMMRSEEHTPRHIHAEKIPRYVNMDVNRAVPKGTTLMPDMVKNYAA,0.9035318,0.9035318,5,10215,496
QAPADVQANQTYPANTGFVLKMARSQQPEYPHIPEEDIPDLCSFDVNRAVMQGTTLEPDMVKQYQK,0.9034645,0.9034645,5,10215,496
HAQTSASAWQLISINTKLTKEFVRSHEHNYVHIHAEDSQRIVSMDVNRAVGLRTTLYPDMVKRYQR,0.9033433,0.9033433,5,10215,496
HDQTIHSCWQLLSEQTHLTKEFVRSHEHTYVHIHAEDSQRIVSMDVNRNVPLRTTLYPDMVKRYQR,0.90318686,0.90318686,5,10215,496
NAQTEASANQLISINTHLGKEMMRSEEHMKRHIHAEDIPRLVSMDVNRAVMKGTTLMPDMVKKYSA,0.90318567,0.90318567,5,10215,496
RWQTSCSASQWISINTHLTLEFVRKHENDYTHIHFEDSQRIFSMDVNSAVPLRGTCYPDMVKRYNR,0.90311015,0.90311015,5,10215,496
HNQTSISASQWISNNKDITLEFVRKHEHPHTHVHAEVIQRIVSMDMNRAVPSWGTLYPDLVKRINP,0.9560821,0.9560821,6,12258,595
DEQTGWSAWQGISDQTHMHKELVRSHTHSTVHIHAEHAQRINSMDVNRNVPLETTLHRDMVNRYQR,0.95218337,0.95218337,6,12258,595
RWQTSCSASQWISINTHLTWEFVRPHENDYTHIWTEDSQRIQSMDVNSAVPGEGTCYTDMVKRYNR,0.951378,0.951378,6,12258,595
QAQASVVANQTYPKNTHLTTKMARSQVPEKPHIPAEDIPDLVSFDVNRAVMQGTDLEPDMVKQYQK,0.9487623,0.9487623,6,12258,595
HQQTSASAWQPISKNTHLKKEFVRSHEHTGVHIHAEDSQHIVRMDVNRNVPLRTDLYPDVVKRYQR,0.94874877,0.9487489,6,12258,595
RWQTSCSASQWISINTHLTWEFVRPHENDYTHIWTEDSQRIQSMDVNSAVPGRGTCYTDMVKRYNR,0.9452468,0.9452468,6,12258,595
KYQGSWVANQTAMDETGLKLKMMRGQAGNYKHIPWEDIPDLVSFDVNRAVIQGTTLEPDMVKQYTK,0.9451985,0.9451985,6,12258,595
QAPADVQANQTYPANTGLHLKMARSQQSEPPHIPEEDIPDLVSFDVNRAVMQGTTLEPDMVKQYQK,0.94513404,0.94513404,6,12258,595
QRQASVVANQTYPKNTHLTTKMARSQVPEYKHIPAEDIPDLVSFDVDRAVMQGTDLEPDMVKQYQK,0.94469905,0.94469905,6,12258,595
KYQGSWVANQTAMDETGLKLKMMRGQAPNYKHIPWEDIPDLVSFDVNRAVIQGTTLEPDMVKQYTK,0.9446722,0.9446722,6,12258,595
RWQTSCSASQWISINTHLTWEFVRPHENDYTHIWTEDSQRIQSMDVNSAVPGEGRCYTDSVKRYNR,0.94466937,0.94466937,6,12258,595
DEQAGWSAWQGISDQTHMHKELVRSHTHSTVHIHAEHAQRINSMDVNRNVPLETTLHRDMVNRYQR,0.9438597,0.9438597,6,12258,595
QAPADVQANQTYPANTGLHLKMARSQQPEPPHIPEEDIPDLVSFDVNRAVMQGTTLEPDMVKQYQK,0.9437814,0.9437814,6,12258,595
HNQTSISASQWISNNKDITLEFVRKHEHPHTHVHAEVIQRIVSMDMNRAVPLWGTLYPDLVKRINP,0.94321597,0.94321597,6,12258,595
QKQAFVMANQTFPHNTHLHLKMARSQVPKSPHIPAEDIPDLVSFDVNRAVQQGTTLEPDMVKQYQK,0.94297135,0.94297135,6,12258,595
QAQASVVANQTYPKNTHLTTKMARSQVPEKPHIPAEKIPDLVSFDVNRAVMQGTDLEPDMVKQYQK,0.94149905,0.94149905,6,12258,595
QYQGSWVANQTAMDETGLKLKMMRGQAPNYKHIPWEDIPDLVSFDVNRAVIQGTTLEPDMVKQYTK,0.9414115,0.9414115,6,12258,595
HEQTGWSAWQGISIQTHLHKELVRSHTHSTVHIHAEHAQRINSMDVNRNVPRETTLHPDMVNRYQR,0.94135845,0.94135845,6,12258,595
NKQTSAEANQLISINKHLTLEMMRNEEHTYRHIHAEDIPRLVSMDVNRAVPKRTTLMPDMVKEYEA,0.94023865,0.94023865,6,12258,595
RWQTSCSASQQISINRHLTLEFVRKHENDQTHIHFEDSQRIFSMDVNSAVPLRGTCYTDMVKRYNR,0.9397643,0.9397643,6,12258,595
QKQAFVGANQTYPANTGLNLKMARSQVPEYPHIPAEDIPDLVSFDVNRAVMQGTTLEPDLVKQYQK,0.93879086,0.93879086,6,12258,595
QAQASVVANQTYPANTHLTLKWARSQVPERPHIPAEDIPDLVSFDVNRAVMQGTTLEPDMVKQYQK,0.93835014,0.93835014,6,12258,595
QKQAFVQANQTFPHNTHLHLKMARSQVPKYPHIPAEDIPDLVSFDVNRAVQQGTTLEPDMVKQYQK,0.93748164,0.93748164,6,12258,595
RWQTSCSASQWISINTHLTLEFVRPHENDYTHIWTEDSQRIQSMDVNSAVPGRGTCYTDMVKRYNR,0.9360962,0.9360962,6,12258,595
RWQTSCSASQQISINTHLTLEFVRKHENDQTHIHFEDSQRIFSMDVNSAVPLRGTCYTDMVKRYNR,0.93588555,0.93588555,6,12258,595
QAQAPVVANQTYPKNTHLHLKMARSQRPEYPWIPAEDIPDLVSFDVNRAVMQGTTLEPDVVKQYQK,0.93543136,0.93543136,6,12258,595
HAQTSHSAWQLISEQTHLTKEFVRSHEHTKVHIHAEDSQRIVSMDVNRNVPERTTLYPDMVKRYQR,0.935338,0.935338,6,12258,595
KYQGSWVANQTAMDETGLKLKMMRGQAGNYKHIPWEDIPDLVSFDVNRAVIQGTTLEPDMAKQYTK,0.93518287,0.93518287,6,12258,595
NKQQSAEANQLISINKHLTLEMMRNEEHTYRHIHAEDIPRLVSMDVNSAVPKRTTLMPDMVKEYEA,0.9345513,0.9345513,6,12258,595
QDQAFVQANQTYPANTHLHIKMARSQVPEDPHIPAEDIPDLVSFDVNRAVMQQTTLEPDMVKQYQK,0.9340915,0.9340915,6,12258,595
QAPADVQANQTYPANTGLHLKMARSQQPEYPHIPEEDIPDLSSFDVNRAVMQGTTLEPDMVKQYQK,0.93326265,0.93326265,6,12258,595
QYQGSWVANQTAMDNTGLKLKMMRGQAPNYKHIPWEDIPDLVSFDVNRAVIQGTTLEPDMVKQYAK,0.9332173,0.9332173,6,12258,595
HEQTSASAWQLISEQTHLHKEFVRSHEHTYVHIHAEHAQRIVSMDVNRNVPLETTLYPDMVKRYQR,0.93257,0.93257,6,12258,595
QAQASVYANQTYPKNTHLTTKMARSQVPEYPHIPAEDIPDLVSFDVNRAVSQGTTLEPDMVKQYQK,0.932245,0.932245,6,12258,595
QAQAFVYANQTYPKNTHLMLKMARSQPPEYPHIPAEDIPDLVSFDVNRAVMQGTTLEPDVVKQYQK,0.9320402,0.9320402,6,12258,595
QAQASVVINQTYPANTHLTLKMARSQVPERPHIPAEDIPDLVSFDVNRAVMQGTTLEPDMVKQYQK,0.93202305,0.93202305,6,12258,595
QKQAFVMANQTFPHNTHLHLKMARSQVPKYPHIPAEDIPDLVSFDVNRAVQQGTTLEPDMVKQYQK,0.9318141,0.9318141,6,12258,595
QAQASVVANQTYPANTHLTLKWARSQVPERPEIPAEDIPDLVSFDVNRAVMQGTTLEPDMVKQYQK,0.9317124,0.9317124,6,12258,595
QAYADVQANQTYPANTGLHLKMARSQQSEPPHIPEEDIPDLVSFDVNRAVMQGTTLEPDMVKQYQK,0.93169093,0.93169093,6,12258,595
QAQASVVANQTYPKHTHLTTKMARSQVPEKPHIPAEKIPDLVSFDVNRAVMQGTDLEPDMVKQYQK,0.9316351,0.9316351,6,12258,595
QAPADVQANQTYPANNGLHLKMARSQQPEYPHIPEEDIPDLVSFDVNRAVMQGTTLEPDMVKQYQK,0.9313643,0.9313643,6,12258,595
HAKTSHSADQHISEQTHLHKEFVRSHEHTYVHICAEDSQRIVNWDVNRNVPMRTTLYPDMVKKYQR,0.93130076,0.93130076,6,12258,595
KAQASVVANQTYPANTHLTLKMARSQQPEYPHIPAEDIPDLVSFDVNRAVVQGTTLEPDMVKQYQK,0.9311156,0.9311156,6,12258,595
NKQTSFSANQLISINPNLTLEMMRSEEHTYSHIHAEDIPRLVSMDVNRAVPKGTTLMPDMVKRYDA,0.93075377,0.93075377,6,12258,595
QAPADVQANQTYPANTGLHLKMARSQQPEYPQIPEEDIPDLVSFDVNRAVMQGPTLEPDMVKQYQK,0.930743,0.930743,6,12258,595
HNQTSISASQWISNNKDITLEFVRKHEHTYTHVHAEVIQRIVSMDMNRAVPLWGTLYPDLVKRINP,0.93066823,0.93066823,6,12258,595
HWQTSISASQWISNNKHITLEFVRKHEHTKTHVHAEVIQRIVSMDMNRAVPLWGTLYPDLVKRINP,0.9306657,0.9306657,6,12258,595
HAQTSASAWQDMSGQTHLTKEFVRSEEHTYVHIHAEDAQRITSMDVNRNVSLRDTLYPDMVKKYQR,0.93059987,0.93059987,6,12258,595
HQQTSASAWQPISINTHLKKEFVRSHEHTGVHIHAEDSQRIVRMDVNRNVPLRTDLYPDVVKRYQR,0.93016577,0.93016577,6,12258,595
NKQTSFSANQLISINPNLTLEMMRSEEHTYSHIHAEDIPRLVSKDVNRAVPKGTTLMPDMVKRYDA,0.9300184,0.9300184,6,12258,595
HAQTSASAWQDMSGQTHLTKEFVRSEEHTYVHIHAEDAQRITSMDVNRNVSLRPTLYPDMVKKYQR,0.92968005,0.92968005,6,12258,595
HQQTSASAWQPISINTHLKKEFVRSHEHTGVHIHPEDSQRIVQMDVNRNVPLRTDLYPDMVKRYQR,0.9295085,0.9295085,6,12258,595
NKQTSASANQLISINTNLTLEAMRSEEHTYEHIHAEFIPRLVSMDVNRAVPKGTTLMPDMVKRYAA,0.9289081,0.9289081,6,12258,595
MQQTSYSANQTIPINSHLTLEMMRSEEIEKKHIHNEDYPRLQSMDVNRYAPLGTTLDHDMVKGYRH,0.92795783,0.92795783,6,12258,595
QAQASVVANQTYPANTHLTLKMARSQVPERPHIPAEDIPDLVSFDVNRAVMQATTLEPDMVKQYQK,0.9278893,0.9278893,6,12258,595
RWQTSCSASQWISINTHLTLEFVRKHENDQTHIHFEDSQRIFSMDVNSAVPLRGTCYTDMVKRYNR,0.9278358,0.9278358,6,12258,595
HYQDSLSANQGIPRNRHLTLEMMRSEETTYNHIHEEKIPRLVSMDVNKAVPDETTLMADWVNEYRA,0.92773813,0.92773813,6,12258,595
NKQTSASANQLISINTNLNLEMMRSEEHQYRHIHAEFIPRLVSMDVNRAVPKGTTLMPDMVKRYAA,0.92771155,0.92771155,6,12258,595
HAQTSASAWQLISTNTHLTKEFVRSHEHTYHHIHAEDEQKIVSMDVNRNVPLRTTLMPDWVKEYQR,0.9270988,0.9270988,6,12258,595
HAQTSASAWQDMSGQTHLTKEFVRSEEHTYVHIHAEDAQRITSMDVNRNVSLRPTLYNDMVKKYQR,0.9270652,0.9270652,6,12258,595
QAQAFVVANQTMPKNTHLHLKMARSQRPEYPHIPAEDIPDLASFDVNRAVMQGTTLEPDVVKQYQK,0.9266603,0.9266603,6,12258,595
NKQTSASANQLISINTNLTLEAMRSEEHTYRHIHAEFIPRLVSMDVNRAVPKGTTLMPDMVKRYAA,0.9266054,0.9266054,6,12258,595
HAQTSASAWQLISTNTHLTKEFVRSHEHTYHHIHAEDSQKIVSMDVNRNVPLRTTLMPDWVKEYQR,0.92657954,0.92657954,6,12258,595
QAQGSVVALQTFPANTHLTLQMARSQVPEDPHIPAETIPDLVSFDVNRAVQQGTTLEPDMVKQYQK,0.92652076,0.92652076,6,12258,595
HEQTGWSAWQGISIQTDLHKELVRSHTHSTVHIHAEHAQRINSMDVNRNVPLETTLHPDMVNRYQR,0.9263681,0.9263681,6,12258,595
HAQTSASIWQLISQQTHLTKEFVRSHEHTYVHIREEDVQEIVSMDVNRQVPLRTTLYPDLVKRYQR,0.9263614,0.9263614,6,12258,595
QDQAFVQANQTYPANTHLHIKMARSQVPEDPHIPPEDIPDLVSFDVNRAVMQQTTLEPDPVKQYQK,0.9262286,0.9262286,6,12258,595
HEQTGWSAWQGISIQTHLHKELVRSHTHSTVHIHAEHAQRITSMDVNRNVPLETTLHPDMVNRYQR,0.92608136,0.92608136,6,12258,595
HAQTSASAWQDMSGQTHLTKEFVRSEEHTYVHIHAEDAQRITSMDVNRNVSLRTTLYPDMVKRYQR,0.925962,0.925962,6,12258,595
HQQTSASAWQPIPINTHLKKEFVRSHEHTGVHIHAEDSQRIVDMDVNRNVKLRTDLYPDMVKRYQR,0.9258723,0.9258723,6,12258,595
QAQASVYANQTYPKNTHLTTKMARSQVPEYPHIPAEDIPDLVSFDVNRAVMQGTTLEPDMVKQYQK,0.9249724,0.9249724,6,12258,595
QMQDSVVANQTYPANTHLTLKRMRSQHQEYGHIPAEDIPELVSFDVNRAVVQGTTLEPDMVKQYAK,0.92483246,0.92483246,6,12258,595
QAQASVVANQTYPANTHLTLKMLRSQAPEYPHIPAEDIPDLVSFDVNRAVVQGTTLEPDIVKQYQK,0.9247872,0.9247872,6,12258,595
QDQAFVQANQTYPANTHLHIKMARSQVPEDPHIPAEDIPDLVSFDVNRAVMQQTTLEPDPVKQYQK,0.9246806,0.9246806,6,12258,595
NKQTSASANQLISINPNLTLEMMRSEEHTYSHIHAEDIPRLVSMDVNRAVPKGTTLMPDMVKRYDA,0.92467785,0.92467785,6,12258,595
QYQGSVVANQTAMDNTGLKLKMMRGQAPNYKHIPAEDIPDLVSFDVNRAVIQGTTLEPDMVKQYAK,0.92443174,0.92443174,6,12258,595
QAPADVQANQTYPINTGLHLKMARSQQPEYPHIPEEDIPDLVSFDVNRAVMQGTTLDPDMVKQYQK,0.9242452,0.9242452,6,12258,595
HAQTSASIWQLISQQTHLTKEFVRSHEHTYVHIREEDVQEIVSMDVNRNVPLRTTLYPDLVKRYQR,0.9241663,0.9241663,6,12258,595
HAQDSASANQGIPRNRHLTLEMMRSEETTYNHIHEEKIPRLVSMDVNKAVPDETTLMADWVNEYRA,0.9241575,0.9241575,6,12258,595
QAQAFVVANQTYPKNTHLHLKMARSQRPEYPHIPAEDIPNLVSFDVERAVMQGTTLEPDVVKQYQK,0.92409456,0.92409456,6,12258,595
HNQTSIQASQWISNNKHITLEFVRKHEHTYTHVHAEVIQRIVSMDMNRAVPLWGTLYPDLVKRINP,0.92406934,0.92406934,6,12258,595
QAQGSVVALQTFPANTHLTLQSARSQVPEDPHIPAETIPDLVSFDVNRAVQQGTTLEPDMVKQYQK,0.92400634,0.92400634,6,12258,595
NKQTSASANQLISINTNLTLEMMRSEEHTYRHIHAEDIPRLVSMDVNRAVPKGTTLMPDMVKRYDA,0.9239655,0.9239655,6,12258,595
NKQTSASANQLISINTNLNLEMMRSEEHQYRHIHAEFIPRLMSMDVNRKVPKGTTLMPDMVKRYAA,0.9238322,0.9238322,6,12258,595
HVQTSASAWQDMSGQTHLTKEFVRSEEHTYVHIHAEDAQRITSMDVNRNVSIRTTLYPDMVKKYQR,0.92362875,0.92362875,6,12258,595
NKQTSASANQLFSINTSLNLEMMRSEEHQYRHIHAEFIPRLMSMDVNRKVPKGTTLMPDMVKRYAA,0.92354083,0.92354083,6,12258,595
HEQTGWSAWQGIDIQTHLHKELVRSHTHSTVHIHAEHAQRINSMDVNRNVPLETTLHPDMVNRYQR,0.92338884,0.92338884,6,12258,595
QAQAFVVANQTYPKNTHLHLKMARSQRPEYPHIPAEDIPDLASFDVNRAVMQGTTLEPDVVKQYQK,0.9233364,0.9233364,6,12258,595
HEQTGWSAWQGISIQTHLHKELVRSHTHSTVHIHAEHAQRINSMDINRNVPLEFTLHPDMVNRYQR,0.9232487,0.9232487,6,12258,595
QDQAFVQANQTYPANTHLHLKMARSQVPEYPHIPAEDIPDLVSFDVNRAVQQGTTLEPDMVKQYQK,0.9232359,0.9232359,6,12258,595
HAQTSHGAWQLISEQTHLTKEFVRSHEHTYVHIHEEDSQRIVSMDVNRNVPLRTDLYPDIVKRYQT,0.9232039,0.9232039,6,12258,595
QAQASVVANQTYPANTHLTLKMARVQVPEYPHIPAEDIPDLVSFDVNRALMQGTTLEPDMVKQYQK,0.9229321,0.9229321,6,12258,595
QAQASVVANQTYPANTHLTLKMASSQVPEYPHIPAEDIPDLVSFDVNRAVDQGTTLEPDLVKQYQK,0.9229258,0.9229258,6,12258,595
NKQKSAEANQLISINKHLTLEMMRSEEHTYRHIHAEGIPRLVSMDVNRAVPKRTTLMPDMVKNYAA,0.92286706,0.92286706,6,12258,595
HQQTSASAWQPISINTHLKKEFVRSHEHTGVHIKPEDSQRIVQMDVNRNVPLRTDLYPDMVKRYQR,0.9228283,0.9228283,6,12258,595
HAKTSHFADQHISEQTHLHKEFVRSHEHTYVHICAEDSQRIVNWDVNRNVPMRTTLYPDMVKKYQR,0.9227551,0.9227551,6,12258,595
HQQTSASAWQPISINTHLKKEFVRSHEHTGVHIHAEDSQRIVQMDVNRNVPLRYDLYPDMVKRYQR,0.92269504,0.92269504,6,12258,595
QAQASVVANQTYPWNTHLTLKMARSQVPERPHIPAEDIPDLVSFDVNRAVMQGTTLEPDMVKQYQK,0.9224143,0.9224143,6,12258,595
HAKTSHSADQLISEQTHLTKEFVRSHEHTYVHIHAEDSQRIVNWDVNRNVPLRTTLYPDMVKRYQR,0.92230445,0.92230445,6,12258,595
QRQASVAANQTYPKNTHLTTKMARLQVPEYKHIPAEDIPDLVSFDVDREVMQGTDLEPDMVKQYQK,0.9692459,0.9692459,7,14299,694
QRQASVAANQTYPKNTHLTTKMARSQVPEYKHIPAEDIPDLVSFDVDREVMQGTDLEPDMVKQYQK,0.96531284,0.96531284,7,14299,694
QKQAFVMANQTFPTNTHLHLKCARSQDPKYPHIPAEDITDLVRYDVNSAVQQGTYLEPDYVKQYQK,0.96368146,0.96368146,7,14299,694
QKQAFVMANQTFPTNTHLHLKMARSQDPKYPHIPAEDITDLVRYDVNSAVQQGTYLEPDYVKQYQK,0.96347713,0.96347713,7,14299,694
HNQTSISASQWISNNKDITLEFVRKHEHPHTHVHEEVIQRIVSMDMNRAVPSWGTLYPDLVKRINP,0.96269155,0.96269155,7,14299,694
HQQTSASAWQPISKNTHLKKEFVRSHEHTGVHIHAEDSQHIVRMDVNRNVPPRTDLYPDVVKRYQR,0.9612889,0.9612889,7,14299,694
HEQTGWSAHQNISIQTHLHKELVRSHTHSTTHIHAEHAQRINSMDVNRNVPREFTLHPDMVNRYQR,0.96099806,0.96099806,7,14299,694
HQQTSASAWQPISKNTHLKKEFVRSHEHTGVHIHAEDSQHFVRMDVNRNVPPRTDLYPDVVKRYQR,0.9596686,0.9596686,7,14299,694
QKQAFVMANQTFPHNTHLHLKMARSQDPKYPHIPAEDITDLVSFDVNNAVQQGTTLEPDYVKQYQK,0.9563286,0.9563286,7,14299,694
QKQAFVMANQTFPTNTHLHLKMARSQDPKYPHIPAEDITDLVRYDVNSAVQQGTTLEPDYVKQYQK,0.9561913,0.9561913,7,14299,694
RWQTSCSASQWISINTNLTWEFVRPHENDYTHIWTEDSQRIQSMDVNSAVPGEGTCYTQMVKRYNR,0.95603687,0.95603687,7,14299,694
RWQSSCSASQWISINTHLTWEFVRPHENDYTHIWYEDSQRIQSMDVNSAVPGEGMCGTDMVKRYDR,0.9556333,0.9556333,7,14299,694
DEQTGWSAWQGISDQTHMHKELVRSHTHSPVHIHAEHAQRINSMDVNRNVPLETTLHRDMVNRYQR,0.9554748,0.9554748,7,14299,694
DEQTGWSAWQPISDQTHMHKELVRSHTHSTVHIHAEHAQRINSMDVNRNVPLETTLHRDMVNRYQR,0.95520407,0.95520407,7,14299,694
HNQTSISASQWISNNKDITLEFVRKHEHPHTHVHAEVIQTIVSMDMNRAVPSWGTLYPDLVKRINP,0.95500886,0.95500886,7,14299,694
QRQASVVANQTYPKNTHLETKMARSQVPEYKHIPAEDIPDLVSFDVDRTVMQGTDLEPDMVKQYQK,0.9549347,0.9549347,7,14299,694
QFQASVVANQTYPKNTHLETKMARSQGPEYKHIPAEDIPDLVSFDVDRTVMQGTDLEPDMVKQYQK,0.9547161,0.9547161,7,14299,694
RWQTDCSASQWISYNTHLTWEFVRPGENDYSHIWTEDSQRIQSMDVNSAVPGEGTCYTDMVKRYNR,0.95459807,0.95459807,7,14299,694
RWQTDCSASQWISINTHLTWEFVRPHENDYTHIWTEDSQRIQSMDVNSAVPGEGTCYTDMVKRYNR,0.95458084,0.95458084,7,14299,694
QAQASVVANQTYPKNTHLTTKMARSQVPEKPHIPAEDIPDLVSFDVNRAVKQGTDLEPDMVKQYQK,0.9544678,0.9544678,7,14299,694
RWQTSCSASQWISINTHLTWEFVRPHENDYTHIWYEDSQRIQSMDVNSAVPGEGMCGTDMVKRYDR,0.9544518,0.9544518,7,14299,694
QRQASVAANQTYPKNTHLTTKMARLQVPEYKHIPAEDIPDLVSHDVDREVMQVTDLEPDMAKQYQK,0.9537408,0.9537408,7,14299,694
RWQTSCSASQWISINTHLTWEFVRPHENDYTHIWYEDSQRIQSMDVNSAVPGEGTCYTDMVKRYNR,0.95359325,0.95359325,7,14299,694
QAQASVVANQTYPKNTHLTTKMARKQVPEKPHIPAEDAPDLVSFDVNRAVMQGTDLEPDMVKQYQK,0.9535903,0.9535903,7,14299,694
RWQWSCSASQQIAINRHLTLEFVRKHENDQTHIHFEDSQRIFSMDVNSAVPLRGTCQTDMVKRYNR,0.9523571,0.9523571,7,14299,694
QAQASVVANQTYPKDTHLTTKMARSQVPEKPHIPAEDIPDLVSFDVNRAVMQGTDLEPDMVKQYQK,0.95228696,0.95228696,7,14299,694
KYQGSWVANQTAMDETGLKLKMMRGQAGNYKHIPWEDIPDLVSFDVNRPVIQGTTLEPDMVKQYTK,0.9519615,0.9519615,7,14299,694
RWQTDCSASQWISINTHLTWEFVRPGENDYSHIWTEDSQRIQSMDVNSAVPGEGTCYTDMVKRYNR,0.9519019,0.9519019,7,14299,694
RWQTSCSASTRISINTHLTWEFVRPHENDYTHIWTEDSQRIQSMDVNSAVPGEGTCYTDMVKRYNR,0.9513386,0.9513386,7,14299,694
QKQAFCMANQTFPHNTHLHLKMARSQHPKSPHIPAEDIPDLVSFDVNRAVQQGTTLEPDMVKQYQK,0.951336,0.951336,7,14299,694
HAKTSHDADQHISEQSHLHKEFVRSHEHTYVHICAEDHQRIVNWDVNRNVPMRTTLYPDFVKKYQR,0.95128965,0.95128965,7,14299,694
QRQASVAANQTYPKNTHLTTKMARSQVPEYKHIPAEDIPDLVSFDVDRAVMQGTDLEPDMVKQYQK,0.95116204,0.95116204,7,14299,694
KQQTSCSASQWISINTHLTLEFVRPHENDYTHIWTEDSQRIFSMDVNSAVPGRGTCYTDMVKRYNR,0.9508816,0.9508816,7,14299,694
QAQASVVANQTYPKNTHLTTKMARKQVPEKPHIPAEDIPDLVSFDVNRAVMQGTDLEPDMVKQYQK,0.9506283,0.9506283,7,14299,694
HQQTSASAWQPISKNTHLKKEFVRSHEHTGVHIEAEDSQHIVRMDVNRNVPLRTDLYPDVVKRYQR,0.9504961,0.9504961,7,14299,694
RWQTSCSASQQIAINRHLTLEFVRKHENDQTHIHFEDSQRIFSMDVNSAVPLRGTCQTDMVKRYNR,0.9504753,0.9504753,7,14299,694
QAQASVVANQTYPKNTHLTTKMARPQVPEKPHIPAEKIPDLVSFDVNRAVMQGTDLEPDMVKQYQK,0.95036227,0.95036227,7,14299,694
RWQTSCSASQWISINTHLTWEFVRPHENDYTHIWTEGSQRIQSMDVNSAVPGEGTCYTDMVKRYNR,0.9501777,0.9501777,7,14299,694
HEQTSISASQWISNNKDITLEFVRKHEHPHTHVHAEVICRIVSMDMNRAVPSWGTLYPDLVKRINP,0.9499989,0.9499989,7,14299,694
QAPADVQANQTYPANTGLHLKMARSQQSEPPHIPKEDIPDLVSFDVNRAVMQGTTLEPDMVKQYQK,0.9499606,0.9499606,7,14299,694
KYQGSWVANQTAMDETGLKLKMMEGQAGNYKHIPWEDIPDLVSFDVNRPVIQGTTLEPDMVKQYTK,0.949851,0.949851,7,14299,694
QAQASVVANQTYPKNTHLTTKMARSQVPEKPHIPAEKINDLVSFDVNRAVEQGTDLEPDMVKQYQK,0.94984895,0.94984895,7,14299,694
HEQTGWSAWQGIPPQTHIHKELMRSHTHSTFHIHAEHAQRINSYDVNRNVPLETTLHPDMVNRYQR,0.94982463,0.94982463,7,14299,694
NQQTSASANQGISINTHLTREMMRSEEHMERHIHAEDIPRLTSMDVNRKVPKGTTLMPDMVKRYSP,0.94965,0.94965,7,14299,694
QAQASVVANQTLPANTHLTLKWARSQVPERPHIPAEDIPDLVSFDVNRAVMQGTTLEPDMVKQYQK,0.9496093,0.9496093,7,14299,694
RWQTSCSASQQISINRHLTLEFVRKHENDQTHIHFEDSQRIFSMDVNSAVPLRGTCQTDMVKRYNR,0.94958925,0.94958925,7,14299,694
HQQTSHSAWQLISEQTHLTKEFVRSHEHTKVHIHAEDSQRIVSMDVNRNVPERTTLYPDMVKRYQR,0.94900036,0.94900036,7,14299,694
RWQTDCSASQWISYNTHLTWEFVRPGENDYSHIWTEDSQRITSMDVNSAVPGEGTCLTDMVKRYNR,0.9488229,0.9488229,7,14299,694
HEQTGWSAHQNISIQTHLHKELVRSHTHSTVHIHAEHAQRINSMDVNRNVPREFTLHPDMVNRYQR,0.94860214,0.94860214,7,14299,694
QYQGSWVANQTAMDETGLKLKMMRGQAPNYKHIPWEDIPDLVSFKVNRAVHNGTTLEPDMVKKYTK,0.9484531,0.9484531,7,14299,694
QAPADVQANQTYPANTRLHLKMARSQQPEPPHIPEEDIPDLVSFDVNRAVMQGTTLEPDMVKQYQK,0.94837284,0.94837284,7,14299,694
QYQGSWVANQTAMDETGLKLKMMRGQAPNYKHIPWEDIPDLVSFKVNRAVHQGTTLEPDMVKKYTK,0.9483566,0.9483566,7,14299,694
QAPADVQANQTYPANTGLHLKMARSQQSEPPHIPDEDIPDLVSFDVNRAVMQGTTLEPDMVKQYQK,0.94826806,0.94826806,7,14299,694
QAQASVVANQTYPKNTHLTTKMARSQVPEKPHIPLEDIPDLVSFDVNRAVMQGTDLEPDMVKQYQK,0.9476756,0.9476756,7,14299,694
QAQASVVANQTYPKNTHLTTKMARSQVPEKPHIPAEDIPDLVSFDVNRAVMQGTDLEADMVKQYQK,0.9472946,0.9472946,7,14299,694
RQQTSASADQLLPQDSHLTLEMMRQEEIEKVHHHTEDIARLVSMDVNRQAPLGTTLDHDMVKGYTH,0.9472315,0.9472315,7,14299,694
QAQAPVVANQTYPKNTHLHLKMARSQRPEYPWIPTEDIPDLVSFDVNRGVMQGTTLEPDVVKQYQK,0.94710815,0.94710815,7,14299,694
QAQASVVANQTYPKDTHLTTKMARSQVPEKAHIPAEDIPDLHSFDVNRAVMQGTDLEPDMVKQYQK,0.9469741,0.9469741,7,14299,694
QYQGSWVANQTAMDETGLKLKMMRGQAPNYKHIPWEDIPDLVSFKVNRAVHQGTTLEPDMVKQYTK,0.94696295,0.94696295,7,14299,694
HEQTGWSAWQGIPPQTHIHKELMRSHTHSTFHIHAEHAQRINSQDVNRNVPLETTLHPDMVNRYQR,0.9468252,0.9468252,7,14299,694
RQQTSASADQLLPQDSHLTLEMMRQTEIEKVHHHTEDIARLVSMDVNRQAPLGTTLDHDMVKGYTH,0.9466807,0.9466807,7,14299,694
QRQASVVANQTYPKNTELTTKMARSQVPEYKHIPAEDIPDLVSFDVDRAVMQGTDLEPDMVKQYQK,0.94641554,0.94641554,7,14299,694
HNQTSISASQWISNNKDITEEFVRKHEHPHTHVHAEVIQRIVSMDMNRAVPLWGTLYPDLVKRINP,0.9463803,0.9463803,7,14299,694
QAPADVQANQTYPANTGLHLKMARSQQSEPPHYPEEDIPDLVSFDVNRAVMQGTTLEPDMVKQYQK,0.94637424,0.94637424,7,14299,694
QAPADVQANQTYPANTGLHLKMARSQQSEPPHIPEEDIPDLESFDVNRAVMQGTTLEPDMVKQYQK,0.9462863,0.9462863,7,14299,694
RWQTSCSASQWISINTGLTLEFVRPHENDYTHIWTEDSNRIQDMDVNSAVPGRGTCNTDMVKRYNR,0.9462621,0.9462621,7,14299,694
QFQASVVANQTYPKNTHLETKMARSQVPEYKHIPAEDIPDLVSFDVDRTVMQGTDLEPDMVKQYQK,0.94621664,0.94621664,7,14299,694
QAQASVVANQTYPKNTHVTTKMARSQVPEKPHIPAEDIPDLVSFDVNRAVMQGTDLEPDMVKQYQK,0.9461981,0.9461981,7,14299,694
NQQTSASANQGISINTHLTREMMRSEEHMERHIHAEDIHRLTSMDVNRKVPKGTTLMPDMVKRYSP,0.94616294,0.94616294,7,14299,694
QKQAFCMANQTFPHNTHLHLKMARSQHPKSPHIPAEDIPDLVSFDVNRAVQQMTTLEPDMVKQYQK,0.94603217,0.94603217,7,14299,694
NKQQSAEANQLISINKHLTLEMMRNEEHTYRHIHAEDIPRLVSMDVESAVPKRTTLMPDMVKEYEA,0.94586223,0.94586223,7,14299,694
DEQTGWSAWQGISIQTHLHKELVRSHTHSTVHIHAEHAQRINSMDVNRNVPRETTLHPDMVNRYQR,0.9455898,0.9455898,7,14299,694
HQQTSASAWQPISKNTHLKKEFVRSHEHTGVHCHAEDSQHIVRMDVNRNVPLRTDLYPDVVKRYQR,0.9454833,0.9454833,7,14299,694
NKQQSAEANQLISINKHLTLEMMRNEEHTYRHIPAEDIPRLVSMDVESAVPKRTTLMPDMVKEYEA,0.94526005,0.94526005,7,14299,694
HAQTSASAWQDASGQTHLTKEFVRSEEHTEVHIHAEDAQRITSMDVNRNVSLRTTLYPDMVKKYQR,0.94515216,0.94515216,7,14299,694
HNQTSISASQWISNNKDITLEFVRCHEHPHTHVHAEVIQRIVSMDMNRAVPSWGTLYPDLVKRINP,0.9450923,0.9450923,7,14299,694
HQQTSASAWQHISKNTHLKKEFVRSHEHTGVHIHAEDSQHIVRMDVNRNVPLRTDLYPDVVKRYQR,0.94497985,0.94497985,7,14299,694
QAPADVQANQTYPANTGLHLKMARSQQPEPPHIPEEDIPDLESFDVNRAVMQGTTLEPDMVKQYQK,0.94496036,0.94496036,7,14299,694
QKQAFVMANQTFPTNTHLHLKMARSQDPKYPHIPAEDITDLVSYDVNSAVQQGTTLEPYYVKQYQK,0.9449144,0.9449144,7,14299,694
QKQAFVMANQTFPHNTHLHLKMARSQVPKSPHIPAEDIPDLVSVDVNRAVQQGTTLEPDMVKQYQK,0.9448102,0.9448102,7,14299,694
QRQASVVANQTYSKNTHLTTKMARSQVPEYKHIPAEDIPDLVSFDVDRAVMQGTDLEPDMVKQYQK,0.9447983,0.9447983,7,14299,694
QYQGSWVANQTAMDETGLKLKMMRGQAPNYKHIPREDIPDLVSFDVNRAVIQGTTLEPDMVKQYTK,0.94464624,0.94464624,7,14299,694
NKQQSAEANQLISINKHLTLEMMRWEEHTYRHIHREDIPRLVSMDVNSAVPKRTTLMPDMVKEYEA,0.94449365,0.94449365,7,14299,694
HNQTSISASQWISNNKDITLEFVRKHEHPHTHVHAEVIQRIVSMDMNEAVPLWGTLYPDLVKRINP,0.94446766,0.94446766,7,14299,694
QKQAACMANQTFPHNTHLHLKMARSLHPKSPHIPAEDIPDLVSFDVNRAVQQMTTLEPDMVKQYQK,0.9444668,0.9444668,7,14299,694
HEQTGWSAWQGIPPQTHIHKELMRSHTHSTVHIHAEHAQRINSQDVNRNVPLETTLHPDMVNRYQR,0.9444568,0.9444568,7,14299,694
HQQTSASAWQPISKNTHLKKEFVRSHEHTGVHIEAEDSQHIVRMDVNRNVPLRTDLYPHVLKRYQR,0.94414026,0.94414026,7,14299,694
DEQAGWSAWQGISDQTHMHKELVRSHTHSTVHIHAKHAQRINSMDVNRNVPLETTLHRDMVNRYQR,0.94408035,0.94408035,7,14299,694
QKQAFVQANQTFPHNTHLHLKMARSQMPKYPHIPAEDIPDLVSFDVNRAVQQGTTLEPDMVKQYQK,0.9439273,0.9439273,7,14299,694
QAQADVVANQTLPANTHLTLKMARSQVPERPHIPAEDINDLVRFDVNRAVMQGTTLEPDMVKQYQK,0.9438276,0.9438276,7,14299,694
RWQTSCSASQQISINRHLTLEFVRKHEDDQTHIHFEDSQRIFSMDVNYAVPLDGRCYTDMVKRYNR,0.9437166,0.9437166,7,14299,694
QAQASVVANQTYPKNTHLTTKMARSQVPEKPHIPAEDICDLVSFDVNRAVKQGTDLEPDMVKQYQK,0.94370705,0.94370705,7,14299,694
RQQTSASADQLLPQDSHLTLEMMRQEEIEKVHIHTEDIARLVSMDVNRQAPLGTTLDHDMVKGYTH,0.9435443,0.9435443,7,14299,694
QAQAPVVANQTYPKNTHLHLKMARSQRPEYPWIPAEDIPDLVSFDVNRGVMQGTTLEPDVVKQYQK,0.94351375,0.94351375,7,14299,694
HAQTSASAWQDASGQTHLTKETVRSEEHTEVHIHAEDAQRITSMDVNRNVSLRTTLYPDMVKKYQR,0.94349116,0.94349116,7,14299,694
QKQAFVMANQTFPTNTHLHLKMARSQDPKYPHIPAEDITDLVRYDVNSAVQQGTTLEPYYVKQYQK,0.94343615,0.94343615,7,14299,694
HEQTGWSAWQNISIQTHLHKELVRSHTHSTVHIHAEHAQRINSMDVNRNVPREFTLHPDMVNRYQR,0.9433306,0.9433306,7,14299,694
HKQTSASAWQLISSNSHLTKEFVRSHEHTYNHIHAEITQRIVSMDVNRNVPLRTTLMPDMVKEYQR,0.9432515,0.9432515,7,14299,694
DEQTGWSAWQPISDQTHMHKELVRSHMHSTVHIHAEHAQRINSMDVNRNVPLETTLHRDMVNRYQR,0.9432224,0.9432224,7,14299,694
HRQTSASAWQDMDGQTHLTKEFFRSEEHTQKHIHAEDAQRITSMDVNRNVSLRTTLYPDMVKKYQR,0.9653496,0.9653496,8,16308,793
HNQTSISASQGISNNKDITLEFVRKHEHPHTHVHSEVIQRIVSMDMNRAVPSWGTLYPDLVKRINP,0.96384776,0.96384776,8,16308,793
HRQTSASAWQDMDGQTHLTKEYFRSEEHTQEHIHAEDAQRITSMDVNRNVLLRTTLYPDMVKKYQR,0.9611128,0.9611128,8,16308,793
HNQTSISASQWISNNKDITLEFVRKHEHPHTHVHNEVIQRIVSMDMNRAVPSWGTLYPDLVKRINP,0.96039623,0.96039623,8,16308,793
QAPADVQANQTYPANTGLHLKWARSQQPEKPHIPEEDIPDLVSFDVNRAVMQGTTLEPDMVKQYQK,0.96032226,0.96032226,8,16308,793
HKQTSHSAWQLISEQTHLTKEFVRSHEHTKVHIHAEDSQRIVSMDVNRNVPERTTLYPDMVKRYQR,0.9576159,0.9576159,8,16308,793
QTQASVVANQTIPANTHLTLKWVRSQVPERPHIPHEDIPDLVSFDVNRAIMQGTTLEPDMVKQYQK,0.95701927,0.95701927,8,16308,793
QKQAFVGANQTYPANTGLNRKMARSQVPEEPHIPAEDIPDLVSFDVNRAVMQGTTLEPDLVKQYQK,0.95689034,0.95689034,8,16308,793
HAQTSASAWQDMSGQTHLTKEFVRSEEHTYVHIHAEDAQRITSMDVNRNVSNRRTLYPDMVKKYQR,0.9563016,0.9563016,8,16308,793
HNQTSLSASQWISNNKDITLEFVRKHEHPHTHVHAEVIQRIVSMDMNRAVPSWGTLYPDLVKRINP,0.9560913,0.9560913,8,16308,793
NKQTSASANQDISQNPNLTLEMMRSEEHTYSHIHAEDIPNLVSMDVNRAVPQGTTLMPDMVKEYDA,0.9555266,0.9555266,8,16308,793
QTQASVVANQTIPANTHLTLKWARSQVPERPHIPAEDIPDLVSFDVNRAIMQGTTLEPDMVKQYQK,0.955464,0.955464,8,16308,793
QAPADVQANQTIPANTGLHLKMARSQQSEPPHIPEEDIPDLVSFDVNRAVMQGTTLEPDMVKQYQK,0.9551649,0.9551649,8,16308,793
HNQTSISASQWISNNKDITLEFVRKHEHPHTHVHAEVIQRIVSMDMNRAVPRWGTLYPDLVKRINP,0.95485026,0.95485026,8,16308,793
NKQTSASANQDISINTNLTLEAMRSEEHTYRHIHAEFIPRLVSMDVNRAVPKDTTLMPDMVKRYAA,0.9543568,0.9543568,8,16308,793
QAPADVQANQTIEANTGLHLKMARSQQSEPPHIPEEDIPDLVSFDVNRAVMQGTTLEPDMVKQYQK,0.95398647,0.95398647,8,16308,793
QKQAFVGANQTYPANTGLNLKMARSQVPEEPHIPAEDIPDLVSFDVNRAVMQGTTLEPDLVKQYQK,0.95390564,0.95390564,8,16308,793
HAQTSASAWQDMSGQTHLTKEFVRSEEHTQKHIHAEDAQRITSMDVNRNVSLRTTLYPDMVKKYQR,0.9538705,0.9538705,8,16308,793
QAPADVQANQTIEANTGLHLKMARSQQSEPPHIPEEDIPDLVSFDVNRAVMQGTTLEPKMVKQYQK,0.95378685,0.95378685,8,16308,793
HNQTSISASQWISNNKDITLEFVRKHEHPRTHVHASVIQRIVSMDMNRAVPSWGTLYPDLVKRINP,0.95362544,0.95362544,8,16308,793
RWQTSCSASQWISINTHLTWEFVRPHENDYTHIWTEDSQQIQSMDVNSAVPGEGTCYTDMVKRYNR,0.9535218,0.9535218,8,16308,793
HNQTSISASQWISNNKDITLEYVRKHEHPHTHVHAEVIQRIVSMDMNRAVPSWGTLYPDLVKRINP,0.95342785,0.95342785,8,16308,793
HAQTSASAWQDMDGQTHLTKEFVRSEEHTQKHIHAEDAQRITSMDVNRNVSLRTTLYPDMVKKYQR,0.9526353,0.9526353,8,16308,793
DEQTGWSAWQGISDQTHMHKELVRSHTHSTVHIHAETAQRINSMDVNRNVPLETTLHRDMVNRYQR,0.95148,0.95148,8,16308,793
HAQTSASAWQPISKNTHLKKEFVRSHEHTGVHIHAEDSQHIVRMDVNRNVPERTDLYPDVVKRYQR,0.951273,0.951273,8,16308,793
QAPADVQANQTYPANTGLHLKMARSQQPEPPHIPEEDIPDLVSFDVNKAVMQGTTLEPDYVKQYQK,0.9512002,0.9512002,8,16308,793
QAPNDVQANQTYPANTGLHLKMARSQQPEYPQIPEEDIPDLVSFDVNRAVMQGPTLEPDMVKQYQK,0.9507751,0.9507751,8,16308,793
QAQASVVANQTAPKNTHLTTKMARSQVPEKPHIPAEDIPDLVSFDVNRAVMQGTDLEPDMVKQYQK,0.95046467,0.95046467,8,16308,793
HNQTSISASQWISNNKDITWEFVRKHEHPHTHVHAEVIQRIVSMDMNRAVPSWGTLYPDLVKRINP,0.9500687,0.9500687,8,16308,793
HEQTGWSAWQGISIQTHLHKELVRSHTHSQVHIHAEHAQRINSMDVNRNVPRETTLHPDMVNRYQR,0.9500602,0.9500602,8,16308,793
QYQASVVANQTYPKNTHLTTKMARSQVPEKPHIPAEDIPDLVSFDVNRAVMQGTDLEPDMVKQYQK,0.94925004,0.94925004,8,16308,793
HNQTSISASQWISNNKDITLEFVRKHEHPHTVVYAEVIQRIVSMDMNRAVPLWGTLYPDLVKRINP,0.9491748,0.9491748,8,16308,793
DEQAGWSAWQGISDQTHMHKELVRSHTHSTMHIHAEHAQRINSMDVNRNVPLETTLHRDMVNRYQR,0.9491436,0.9491436,8,16308,793
QAPANVQANQTYPANTGLHLKMARSQQKEPPHIPEEDIPDLVSFDVNRAVMQGTTLEPDMVKQYQK,0.94911504,0.94911504,8,16308,793
HEQTGWSAWQGISGQTHLHKELVRSHTHSTVHIHAEHAQRITSMDVNRNVPLETTLHPDMVNRYQR,0.9490855,0.9490855,8,16308,793
QAQASVVANQTAPKNTHLTTKMARSQVPEKPHIPAEDIPDLVSFDVNRAVMQGTDLEADMVKQYQK,0.9490431,0.9490431,8,16308,793
HAQTSASAWQDMDGQTHLTKEFFRSEEHTQKHIHAEDAQRITSMDVNRNVSLRTTLYPDMVKKYQR,0.9485112,0.9485112,8,16308,793
RWQTSCSASQWISINTGLTWEFVRPHENDYTHIWTEDSQRIQSMDVNSAVPGEGTCYTDMVQRYNR,0.94843525,0.94843525,8,16308,793
QAQASVVANQTYPKNTHLTTKMARSQVPEKPHIPAEDITDLVSFDVNRAVMQGTDLEPDMVKQYQK,0.94836533,0.94836533,8,16308,793
HQQTSASAWQPISIETHLKKEFVRSHEHTDVHIHAEDSQEIVQMDVNRNVPLRTDLYPDMVKRYQR,0.94824576,0.94824576,8,16308,793
HQQTSASAWQEISKNTHLKKEFVRSHEHTGVHIHAEDSQHIVRMDVNRNVPLRTDLYPDVVKRYQR,0.94822884,0.94822884,8,16308,793
QYQGSWVANQTAMDETGVKGKMMRGQAPNYKHIPWEDIPDLVSFDFNRAVPQGTTLEPDMVKQYTK,0.9481645,0.9481645,8,16308,793
QAQASVSANQTYPANTHLTLKWARSQVPERPHIPAEDIPDLVSFDVNRAVMQGTTLEPDMVKQYQK,0.9478049,0.9478049,8,16308,793
DEQTGWSAWQGISDQTHMHKELVRSHTHSTVHIHAEHAQRINSMDVNRNVPLETTLRRDMVNRYQR,0.94777083,0.94777083,8,16308,793
QAPADVQANQTYPANTGLHLKMARSQQPEPPHIPEEDIPDLVSFDVNRAVKQGTTLEPDMVKQYQK,0.94769806,0.94769806,8,16308,793
DEQTGWSAWQGISDQTHMHKELVRSHTHSTVHIHAEHAQRINSMDVNRNVPLETTLHRDMCNRYQR,0.9475048,0.9475048,8,16308,793
DEQTGWSAWQGISDQTHMHKELVRSHGHSTVHIHAPHAQRINSMDVNRNVPLETTLHRDMVNRYQR,0.9474826,0.9474826,8,16308,793
RWQTSCSASQWISINTHLTWEFVRPHENDYTHIWTEDSQRIQSCDVNSAVPGEGTCYTDMVKRYNR,0.94740736,0.94740736,8,16308,793
HEQTGWSAWQGISIQTQLHKELVRSHTHSQVHINAEHAQRINSMDVNRMVPRETTLHPDMVNRYQR,0.9473907,0.9473907,8,16308,793
QAPADVQANQTYPANTGLHLKWARSQQPEKPHIPEEDIPDLVSFDVNRAVMQGTALEPDMVKQYQK,0.9472915,0.9472915,8,16308,793
HQQTSASAWQPISKNTHLKKEFVRSHEHTGVHIHAEDSQHIVRMDVNRNVPLRTDLYPDVVDRYQR,0.9472744,0.9472744,8,16308,793
HQQTSASAWQDISKNTHLKKEFVRSHEHTGVHIHAEDSQHIVRMDVNRNVPLRTDLYPDVVKRYQR,0.9470304,0.9470304,8,16308,793
RWQTSCSASQWISINTHLTWELVRPHENDYTHIWTEDSQQIQSMDVNSAVPGEGTCYTDMVKRYNR,0.9469493,0.9469493,8,16308,793
QAQASVVANQTYPKNTHLTTKMARSQVPEKPHIPAEKIPDLVSFDVNRRVMQGTDLEPDMVKQYQK,0.94691104,0.94691104,8,16308,793
HEQTGWSAWQGISIQTHLHKELVRSHTHSQVHIHAEHAQRINSMDVNRMVPRETTLHPDMVNRYQR,0.94674814,0.94674814,8,16308,793
HAQTSHSAWQLISEQTHLTKEFVRSHEHTKVHIHAEDSQRIVSMDVNRNVPEHTTLYPDMVKRYQR,0.94667894,0.94667894,8,16308,793
RWQTSCSASQWISINTHLTWEFVRPHENDYTHIWTEDSQRIQSMDVNSAVSGRGTCYTDMVKRYNR,0.94667494,0.94667494,8,16308,793
KYQGSWVANQTAMDETGLKLKMMRGQAGNYKHWPWEDIPDLVSFDVNRAVIQGTTLEPDMVKQYTK,0.94660753,0.94660753,8,16308,793
HHQTSASAWQLISTNTHLTKNFVRSHEHTYHHIHAEDEQKIVSMDVNNNVPLRTTLQPDWVKEYQR,0.9464517,0.9464517,8,16308,793
RWQTSCSASQWISINTHLTWEFVRPHENDYPHIWTEDSQRIQSMDVNSAVPGEGRCYTDSVKRYNR,0.9463025,0.9463025,8,16308,793
HEQTGWSAWQGISGQTHLHKEYVRSHTHSTVHIHAEHAQRICSMDVNRNVPLETTLHPDMVNRYQP,0.946218,0.946218,8,16308,793
QAQAPVVANQTVPKNTHLHLKMARSQRPEYPWIPAEDIPDLVSFDVNRAVMQGTTLEPDVVKQYQK,0.946166,0.946166,8,16308,793
HNQTSISASQWISNNKQITLEFVRKHEHTYTHVHAEVIQRIVSMDMNRAVPTWGTLYPDLVKRINP,0.9461219,0.9461219,8,16308,793
HQQTSASAWQPISINTHLKKEFVRSHEHTPVHIHAEDSQRIVRMDVNRNVPLDTDLYPDVVKRYQR,0.9459386,0.9459386,8,16308,793
HNQHSISASQWISNNKDITLEFVRKHEHPHTHVHAEVIQRIVSHDMNRAVPLWGTLYPDLVKRINP,0.9457747,0.9457747,8,16308,793
KYQGSWVANQTAMDETGLKLKMMRGQAPNYKTIPWEDIPDLVSFDVNRAVIQGTTLEPDMVKQYTK,0.9456784,0.9456784,8,16308,793
RWQTSCSASQWISINTHLTWEFVRPHENDYTHIWTEDAQRIQSMDVNSAVPGEGRCYTDSVKRYNR,0.9454843,0.9454843,8,16308,793
RWQTSCSASQWISINQHLTWEFVRPHENDYTHIWTEDSQRIQSMDVNSAVSGRGTCYTDMVKRYNR,0.9451008,0.9451008,8,16308,793
HEQTSASAWQLISEQTHLHKEFVREPEHTGVHIHAEHAGRIRSMDVNRNVPLETTLRPDMVKRYDR,0.944979,0.944979,8,16308,793
KYQGSWVANQTAKDETGLKLKMMRGQAGNYKHWPWEDIPDLVSFDVNRAVIQGTTLEPDMVKQYTK,0.9449025,0.9449025,8,16308,793
QAQASVVANQTYLKNTHLTTKMARSQVPEKPHIPAEDIPDLVSFDVNRAVMQGTDLEPDMVKQYQK,0.9445966,0.9445966,8,16308,793
DEQTGWSAWQGISDQTHMHKELVRSHTHSTKHIHAEHAQRINSMDVIRNVPNMDTLHRDMVNRYQR,0.94451904,0.94451904,8,16308,793
HWQTSWSASQWISNNKHITLEFIRKHEHTKTHVHAKVIQRIVSMDMNRAVPLQGTLYPDLVKRINP,0.9444261,0.9444261,8,16308,793
HEQTGWSAWQGISIQTHLHKELVRSHTHSTVHIHAEHAQRINQMDVNRNVPRETTLHPDMVNRYQR,0.9443852,0.9443852,8,16308,793
RWQTSCSASQWISINTHLTWEFVRPHENDYTHIWTEDSQRIQSMDVNSAVPWEGTCYTDMVKRYNR,0.9443152,0.9443152,8,16308,793
QTEADVQANQTYPANNGLHLKMARSQQQEYPHIPEEDIPDLVSFDVNRAVMQGTTLEPDMVKQYQK,0.9442723,0.9442723,8,16308,793
DEQTGWSAWQQISDQTHMHKELVRSHTHSTVHIHAEHAQRINMMDVNRNVPLETTLHRDMVNRYQR,0.94413304,0.94413304,8,16308,793
NKQTSASANQLIVENTNLTLEAMRSEEHNYRHIHAEFIPRLVSMDVNRAVPVGTTLMPDMVKRYAA,0.94377404,0.94377404,8,16308,793
QRQASVVANQTYPKNTHLTTKMARSQVPEYKHIPAEDPPDLVSFDVDRAVMQGTDLEPDMVKQYQK,0.94375664,0.94375664,8,16308,793
HQQTSASAWQPISKNTHFKKEFVRSHEHTGVHIHAEDSQHIVRMDVNRNVPLRTDLYPDVVKRYQR,0.9435404,0.9435404,8,16308,793
RWQTSCSASQWISINTHLTWEFVRPHENDYTHIWTEDSQRIQSMDVNSSVPGRGTCYTDMVKRYNR,0.9435207,0.9435207,8,16308,793
NKQTSASANQLIVENTNLTLEAMRSEEHTYRHIHAEFIPRLVSMDVNRAVPKGTTLMPDMVKRYAA,0.9434069,0.9434069,8,16308,793
QYQGSWVANQTAMDETGLKGKMMRGQAPNYKHIPWEDIPDLVSFDVNRAVIQGTTLEPDMVKQYTK,0.94307363,0.94307363,8,16308,793
DEQAGWSAWQGISDQTHMHKELVRSHTHSTVHIHAEHAQRINSMDVNRNVALETTLHRDMVNRYQR,0.94288146,0.94288146,8,16308,793
HNQTSLSASQWISNNKDMTLEFVRKHEHPHTHVHAEVIQRIVSMDMNRAVPSWGTLYPDLVKRINP,0.94282496,0.94282496,8,16308,793
HQQTSASAWQPIPINTHLKKEFVRSHEHTGGHIHAEDSQRIVDMDVNRNVKLRTDLYPDMVKRYQR,0.94278353,0.94278353,8,16308,793
HQQTSASAWQPISINTHLKKEFVRSHEHTGVHIHAEDSQRIVRMDVNRNVPLDTDLYPDVVKRYQR,0.9424501,0.9424501,8,16308,793
QTQASVVANQTIPANTHLTQKWVRSQVPERPHIPHEDIPDLVSFDVNRAIMQGTTLEPVMVKQYQK,0.9424303,0.9424303,8,16308,793
KYQGSWVANQTAMDETGLKLKMMRGQAPNYKRIPWEDIPDLVSFDVNRAVIQGTTLEPDMVKQYTK,0.9423925,0.9423925,8,16308,793
KYQGSWVANQTAMDETGLKLKMMRGQAGNYKHIPWEDIPDLVSFDVNRAVIGGTTLEPDMVKQYTK,0.9423444,0.9423444,8,16308,793
NKQTSASANQDISINPNLTLEMMRSEEHTYSHIHAEDIPNLVSMDVNRAVPQGTTLMPDMVKRYDA,0.94228137,0.94228137,8,16308,793
QRQASVVCNQTYPKNTHLTTKMARSQVPEYKHIPAEDIPDLVSFDVDRAVMQGTDLEPDMVKQYQK,0.94218016,0.94218016,8,16308,793
DEQAGWSAWQAISDQTHMHKELVRSHTHSTVHIHAEHAQRINSMDVNRNVPLETTLHRDMVNRYQR,0.9421494,0.9421494,8,16308,793
RWGTSCSASQWISINTHLTWEFVRPHENDYTHIWTEDSQRIQSMDVNSAVPGEGTCYTDMVKRYNR,0.94200337,0.94200337,8,16308,793
DEQAGWSAWQGISDQTHMHKELVRSHTHSTVHIHAEHAQRYNSMDVNRNVPLETTLHRDMVNRYQR,0.94192976,0.94192976,8,16308,793
HNQTSISASQWISNNKDITLEFVRKHEHPHTHVWAEVRQRIVSMDMNRAVPSWGTLYPDLVKRINP,0.94173497,0.94173497,8,16308,793
HEQTSASAWQLISEQTHLHKEFVREHEHTYVHIHAEHAGRIRSMDVNRNVPLETTLRPDMVKRYDR,0.9417164,0.9417164,8,16308,793
RWQTSCSASQQISINRHLTLEFVRKHENDQTHIDFEDSQRIFSMDVNSAVPLRGTCYTDMVKRYNR,0.9416859,0.9416859,8,16308,793
HEQTGWSAWQGISIQTHLHKELVRSHTHSTVHIHAEGAQRINSMDVNRNVPRETTLHPDMVNRYQR,0.94155633,0.94155633,8,16308,793
HKQTSISASQWISNNKDITLEFVRKHEHPHTHVHAEVIQRIVSMDMNRGVPSWGTLYPDLVKRINP,0.9695197,0.9695197,9,18354,892
HKQTSISASQWISNNKDITLEFVRKHEHPHTHVHAEVIQRIVSMDMNRAVPSWGTLYPDLVKRINP,0.9647764,0.9647764,9,18354,892
RWQTSCSASQWIEENTHLTQEFLRPDERDYWHIWTEDSQRIQSMDVNSAIPPRWTCYTDMVKRYNR,0.96292835,0.96292835,9,18354,892
RWQTSCSASQWIEENTHLTQEFVRPHERDYTHIWTEDSQRIQSMDVNSACPPRGTCYTDMVKRYNR,0.96239984,0.96239984,9,18354,892
RWQTSCSASQGISINTHLTWEFVRPHENDYTHIWTEDSQRIQSMDVNSAVPGEGTCNTDMVKRYNR,0.96212643,0.96212643,9,18354,892
RWQTSCSASQGISINTHLTWEFVRPHENDYTHIWTEDSQRIQSMDVNNYVPGEGTCNTDMVKRYNR,0.96082056,0.96082056,9,18354,892
RWQTSCSASQWIEENTHLTQEFVRPDERDYWHIWTEDSQRIQSMDVNSACPPRWTCYTDMVKRYNR,0.9602725,0.9602725,9,18354,892
DEQTGWSAWQGISDQTHMHKELVRSHTHSTWHIHAEHAQRINSMDVNRNVPLETTLHRDMVNRYQR,0.9598034,0.9598034,9,18354,892
HAQDSASANQGIPRNRHLTLEMMRSEETTYNHIHEEKIPRLVSMDVNKAVPDETTLDADWVNEYRD,0.95954037,0.95954037,9,18354,892
RWQTSCSASQGISINTHLTWEFVRPHENDYTHIWTEDSQRIQSMDVNNVVPGEGTCNTDMVKRYNR,0.9590479,0.9590479,9,18354,892
RWQSSCSASQWISINTHLTLEFVRPHENDYTHIWTEDCQRIQSMDVNSAVPGRGTCYTDMVKRYNR,0.95886683,0.95886683,9,18354,892
HEQTGWSAWQGISTQTHLHKELVRSHTHSTVHIHAEHAQRINSMDVNRNVPRETTLHPDMVNRYQR,0.9587889,0.9587889,9,18354,892
QAPQDVQANQTYPANTGLHLKMARSQQPEPPHIPEEDIPDLVSFDVNRAVMQGTTLEPDMVKQYQK,0.95725024,0.95725024,9,18354,892
RWQTSCSASQGILINTHLTWEFVRPHENDYTHIWTEDSQRIQSMDVNNYVPGEGTCNTDMVKRYNR,0.9561877,0.9561877,9,18354,892
RWQTSCSASQWISINTHLTWEFVRPHENDYTHIWGEDSQRIQSMDVNSAVPGEGTCYTDMVKRYNR,0.95607156,0.95607156,9,18354,892
RWQTSCSASQGILINTHLTWEFVRPHENDYTHIWTEDSQRIQSMDVNNYLPGEGTCNTDMVKRYNR,0.9559092,0.9559092,9,18354,892
RWQTSCSASQWIEENTHLTQEFVRPHERDYWHIWTEDSQRIQSMDVNSACPPRGTCYTDMVKRYNR,0.95577097,0.95577097,9,18354,892
QDQAFVQANQTYPANTRLHIKGARSQQPEDPHIPPEDIPDLVSFDVNRAVMQQTGLEPDPVKQYQK,0.9556103,0.9556103,9,18354,892
RYQTSCSASQGILINTHLTWEFVRPHEQDYTHIWTEDSQRIQSMDVNNYLPGEGTCNTDMVKRYNR,0.9554939,0.9554939,9,18354,892
HNQTSISASQWISNNKDITLEFVRKHEHPHTHVFAEVIQRIVSMDMNRAVPSWGTLYPDLVKRINP,0.9554405,0.9554405,9,18354,892
RWQTSCSASQWISINTHLTWEFVRPHENDYTHIWTEDSQRIQSMDVDSAVPGEGRCYTDSVKRYDR,0.95537,0.95537,9,18354,892
RWQTSCSASQWISINTHLTWEFVRPHENDYTHIWTEDSQRIQSMDVNSAVPGEGTCYTDMVKRYNE,0.95455205,0.95455205,9,18354,892
HAQTSASAWQDMSGQQHLTKEFVRSEEHTYVHIHAEDAQRITRMDVNRNVSERDTLYPDMVKKYQR,0.9543897,0.9543897,9,18354,892
DEQTGWSAWQGISDQTHMHKELVRGHTHSTVHIHAEHAQRINSMDVNRNVPLETTLHRDMVNRYQR,0.9541378,0.9541378,9,18354,892
HNQTSISASQWISNNKHITLEFVRKHEHTNDHVHAEVINRIVSMDMKRAVPLWGTLQPDLVKRINP,0.95412004,0.95412004,9,18354,892
KYQGSWVANQTAMDETGLKLKMMRGQAPNKKHIPWEDIPDLVSFDVNRAVIQSTTLEPDMVKLYTK,0.9539842,0.9539842,9,18354,892
QDQAFVQANQTYPANTRLHIKMARSQQPEDPHIPPEDIPDLVSFDVNRAVMQQTGLEPDPVKQYQK,0.9539819,0.9539819,9,18354,892
RWQTRCSASQWISINTHLTWEFVRPHENDYTHIWTEDSQRIQSMDVDSAVPGEGRCYTDSVKRYDR,0.95390046,0.95390046,9,18354,892
HNQTSISWSQWISNNKDITLEFVRKHEHPHTHVHAEVIQRIVSMDMNRAVPSWGTLYPDLVKRINP,0.9536534,0.9536534,9,18354,892
RWQTSCSASQWISINTHLTWEFVRPHENDYTHIWTEDSQRIQSMDVDSAVPGRGTCYTDMVKRYNR,0.95363086,0.95363086,9,18354,892
RWQTSCSASQWIEENTHLTQEFVRPHERDYWHIWTEDSQRIQSMDVNSACPPRWTCYTDMVKRYNR,0.9536238,0.9536238,9,18354,892
RWQTSCSASQWISINTHLTWEFVRKHENDYTHIWTEDSQNIQSMDVNSAVPGEGTCYTDMVKRYNR,0.95353276,0.95353276,9,18354,892
HNQTSISASQWISNNKDITLEFVRKHEHPHTHIHAEVIQRIVSMDMNRAVPSWGWLYPDLVKRINP,0.95325154,0.95325154,9,18354,892
QAQASVVINQTYPDNTHLTLKMARSQNPERPHIPAEDIPDLVSFDVNRAVMQGTTLEPDMVKQYQK,0.953208,0.953208,9,18354,892
HAQTSASAWQDMSGQQHLTKEFVRSEEHTYVHIHAEDAQRITSMDVNRNVSERDTLYPDMVKKYQR,0.95315725,0.95315725,9,18354,892
RWQTSCSASQWISINTHLTWEFVRPHENDYTHIWTEDSQNIQSMDVNSAVPGEGTCYTDMVKRYNR,0.9531139,0.9531139,9,18354,892
MQQRSYSANQTIPINSHLTLEMMRSEEIEKKHIHNEDYPRLQSMDVNRYAPRGTTLDHDMVKGYRH,0.9529636,0.9529636,9,18354,892
HEQTGWSAWQGISTQTHLHKELVRSHTHSTVHIHAEHAQRINSQDVNRNVPRETTLHPDNVNRYQR,0.9526146,0.9526146,9,18354,892
HAQTSASAWQDMSGQTHLTKEFVRSEEHTYVHIHAEDAQRITSMDVNRNVSHRPTLYPDMVKKYQR,0.95251,0.95251,9,18354,892
HQQTSASAWQPISKNTHLKKEFVRSHEHTGVHIHAEDSQHIQRMDVNRNVILRTDLYPDVVKRYQR,0.95236045,0.95236045,9,18354,892
RWQTSCSASQWISINTHLTWEFVRPHENDYTHIWTEDSQRIQSMDVDSAVPGEGRCYTDSVKRYNR,0.95220166,0.95220166,9,18354,892
HNQTSISASQWISNNKDVTLEFVRKHEHPHTHVHAEVIQRIVSMDMNRAVPSWGTLYPDLVKRINP,0.9519637,0.9519637,9,18354,892
QNQGSWVANQTAMDETGLKLKMMRGQAPNYKHIPWEDIPDLVSFDVNRAVIQGTTLEPDMVKQYTK,0.9518938,0.9518938,9,18354,892
QDKAFVPANQTYPANTKLHLKMIRLQVPEYPHIPAEDIPDLVSFDVNRAVQQGTTLEPDMVKQYQK,0.9512945,0.9512945,9,18354,892
MQQRSYSANQTIPINSHLTLEMMRSEEIEKKHIHNEDYPRLQSMDVNRYAPRGRTLDHDMVKGYRH,0.9512063,0.9512063,9,18354,892
QQQTSASAWQPISKNTHLKKEFVRSHEHTGVHIHAEDSQHIVRMDVNRNVPLRTDLYPDVVKRYQR,0.9512051,0.9512051,9,18354,892
DEQTGWSAWQGISDQTHMHKELVTSHTHSTWHIHAEHAQRINSMDVNRNVPLETTLHRDMVNRYQR,0.951131,0.951131,9,18354,892
RWQTSCSLSQQISRNRHLTLEFVRKHENDQTHIHFEDSQRIFSMDVNSAVPLRGTCYTDMVKRYNR,0.9503433,0.9503433,9,18354,892
QAQASVVLNQTYPKNTHLTTKMARSQKPEKPHIPAEKIPDLVSFDVNRAVMQGTDLEPDMVKQYQK,0.94948375,0.94948375,9,18354,892
HQQTSASAWQPIPIKTHLKKEFVRSHEHTGVHIHAEDVQRIVDMDVNRNVKDRWDLYPDMVKRYQR,0.94870985,0.94870985,9,18354,892
RWQTSCSASQWISENTHLTLEFVRPHERDYTHIWTEDSQRIQSMDVNSAVPGRGTCYTDMVKRYNR,0.9486315,0.9486315,9,18354,892
KYQGSWVINQTAMDETGLKLKMMRGQAGNYKHCPWEDIPDLVSFDVNRAVIQGTTLEPDMVKQYTK,0.9485884,0.9485884,9,18354,892
RWQTSCSASQWIEENTHLTQEFLRPDFRDYWHIWTEDYQRIQSMDVNSAIPPRWTCYTDMVKRYNR,0.9483857,0.9483857,9,18354,892
HMQTSAQAWQDMEGQNHLTKEFVRSEEHTYVHIHNEDAQRWTSMDVNRNVSTTTTLYPDMVKKYQR,0.94835997,0.94835997,9,18354,892
QAQASLVANQTYPKNTHLTTKMARSQVPEKPHIPAEDIPDLVSFDVNRAVMQGTDLEPDMVKQYQK,0.94835097,0.94835097,9,18354,892
HEQTGWSAWQGISTQTHLHKELVRSHTHSTVHIHAEVAQRINSQDVNRNVGRETTLHPDNVNRYQR,0.94830495,0.94830495,9,18354,892
HQQTSAQAWQDMEGQNHLTKEFVRSEEHTYVHIHNEDAQRITSMDVNRNVSLRTTLYPDMVKKYQR,0.9482041,0.9482041,9,18354,892
MQQTSYSANQTIPINSHLTLEMMRSEEIEKKHIHNEDYPRLQSMDVNRYAPRGTTLDHDMVKGYRH,0.9479728,0.9479728,9,18354,892
RWQTSCGASQWISINTHLTWEFVRKHENDYTHIWTEDSQNIQSMDVNSAVPGEGTCYTDMVKRYNR,0.94787997,0.94787997,9,18354,892
DEQTSWSAWQGISDQTHMHKELVRSHTHSTVHIHAEHAQRINSMTVNRNVPLETTLHRDMVNRYQR,0.94786465,0.94786465,9,18354,892
HAQTSHSAWQLIQEQTHLTKEFVRSHEHTKVHIHAEDSQRIVSMDVDRNVPERTTLYPDMVKRYQR,0.9476716,0.9476716,9,18354,892
HEQTGWSAWQGISTQTHLHKELVRSHTHSTVHIHAEVAQRINSQDVNRNVPRETTLHPDNVNRYQR,0.94699395,0.94699395,9,18354,892
HEQTGWSAWQGIDIQTHLHKELVRSHTHSTVHIHAEHAQRINSMDVNRNVPEETTLHPDMLNRYQR,0.9468047,0.9468047,9,18354,892
QKQAFVQANQTFPHNTHLHLKMARSQVPKYPHIPAEDIPDLVSFDVNREVQQGTTLEPDMVKQYQK,0.94678396,0.94678396,9,18354,892
RWQTSCSASQWISGNTHLTLEFVRPHERDYTHIWTEDSQRIQSMDVNSAVPGRGTCYTDMVKRYNR,0.94674397,0.94674397,9,18354,892
RWQTSCSASQWISNNTHLTWEFVRPHENDYTHIWTEDSQRIQSMDVNSAVPGRGTCYTDMVKMYNR,0.9467337,0.9467337,9,18354,892
HQQTSASAWQPIPINTHLKKEFVRSHEHTGVHIHAEDVQRIVDMDVNRNVKDRWDLYPDMVKRYQR,0.9465596,0.9465596,9,18354,892
QKQAFVGANQTFPANTGLNLKMARSQVPEYPHIPAEDIPDLVSFDVNRAVMQGTTLEPDLVKQYQK,0.9465209,0.9465209,9,18354,892
QAQASVVANQTYPKNTHLTTKMARSQVPEKPHIPAETIPDLVSFDVNRAVMQGTDLEPDMVKQYQK,0.9463883,0.9463883,9,18354,892
HEQTGWSAWQGISIQTHLNKELVRSHTHSTVHIHAEHAQRINSMDVNRNVPRETTLHPDMVNRWQR,0.94632924,0.94632924,9,18354,892
KYQGSWVINQTAMDETGLKLKMMRGQAGQYKHCPWEDAPDLVSFDVNRAVIQGTTLEPDMVKQYTK,0.9462618,0.9462618,9,18354,892
HQQTSASAWQPIPINTHLKKEFVRSHEHTGVHIHAEDSQRIVDMDVNRNVKDRWDLYPDMVKRYQR,0.9462562,0.9462562,9,18354,892
HAQTSHSAWQLISEQTHLTKEFVRSHEHTKVHIHAEDSQRIVSMDVDRNVPERTTLYPDMVKRYQR,0.9462239,0.9462239,9,18354,892
QAPQDVQANQTYPANTGLHLKMARSQQPEPPHIPEADIPDLVSFDVNRAVMQGTTLEPDMVKQYQK,0.9460315,0.9460315,9,18354,892
QAQASVVANQTYPANTHLTLKWARSQVPERPHIPAEDIPDLVSFDVNRAIMQGTTLEPDMVKQYKK,0.9460074,0.9460074,9,18354,892
QKDAFVGANQTFPANTGLNLKMARSQVPEYPHIPAEDIPDLVSFDVNRAVMQGTTLEPDLVKQYQK,0.94596535,0.94596535,9,18354,892
HEQTGWSAWQGIHAQTHLHKEYVRQHTHSTVHIHAEHDQRINSMDVNRNVPLETTLHPDMVNRYQR,0.9459037,0.9459037,9,18354,892
HNQTSISASQWISNNKDITLEFVRKHEHPHTSVHAEVIQRIVSMDMNRAVPLWGTLYPDLVKRINP,0.9458971,0.9458971,9,18354,892
KYQGSWVANQTAMDETGLKLKMMRGQAPNYKHIPWEDIPDLVSFDVNRAVIQSTTLEPDMVKQYTK,0.94588023,0.94588023,9,18354,892
RWQTSCSASQWISINTHLTWEFVRPHENDYTHIWTEDVQRIQSMDVNSAVPGRGTCYTDMVKRYNR,0.9458759,0.9458759,9,18354,892
HNQTSISASQWISMNKDITLEFVRKHEHPHTHVHAEVIQRIVSMDMNRAVPSWGTLYPDLVKRINP,0.945712,0.945712,9,18354,892
KYQGSWVANQTAMDETGLKLKMMRGQAGNYKHCPWEDIPDLVSFDVNRAVIQGTTLEPDMVKQYTK,0.94565517,0.94565517,9,18354,892
QKQAHVQANQTFPHNTHLHLKMARSQVPKYPHIPAEDIPDLVSFDVNRAVQQGTTLEPDMVKQYQK,0.94564193,0.94564193,9,18354,892
QDQAFVQANQTYPSNTHLHIKMARYQVPEQPHIPPEDIPDLVSFDVNRAVMDQTTLEGDTVKQYQK,0.94560057,0.94560057,9,18354,892
QRQASVVANQTYPKNTHLTTKMARSQVPEYKHIPAEDIPDLVSFDVDRAVMQGTDIEPDMVKQYQK,0.945575,0.945575,9,18354,892
QDKAFVPANQTYPANTKLHLKRIRLQVPEYPHIPAEDIVDLVSFDVNRAVQQGTTLEPDMVKQYQK,0.94549835,0.94549835,9,18354,892
QKQAFVMANQTFPHNTNLHLKMARSQVPKSPHIPAQDIPDLVSFDVNRAVQQGTTLEPDMVKQYQK,0.9454229,0.9454229,9,18354,892
QAPADVQANQTYPANTGLHLKMARSQQSEPPHIPEEDIPDLVSFDVNRAVMQGTTLEPDMVKQYRK,0.94539416,0.94539416,9,18354,892
QAQASVYANQTYPKNTHLTTKMARSQTPEYPHIPAEDIPDLVSFDVNRAVSQGTTLEPDMVKQYQK,0.9453471,0.9453471,9,18354,892
QAPADVQANQTYPANTGLHLKMARSQQSEPPHIKEEDIPDLVSFDVNRAVMQGTTLEPDMVKQYQK,0.94492453,0.94492453,9,18354,892
HEQTGWSAWQGIYAQTHLHKEYVRQHTHSTVHIHYEHDQRINQMDVNRNVPLETTLHPDMVNRYQR,0.94487876,0.94487876,9,18354,892
QDQAFVQANQTYPANTNLHQKMARSQVPEDPHIPAEDIPDLVSFDVNRAVMQQTTLEPDMVKQYQK,0.94483787,0.94483787,9,18354,892
QKQAFVMANQTFPHNTNLHVKMARSQVPKSPHIPAQDIPDLVSFDVNRAVQQGTTLEPDMVKQYQK,0.9445316,0.9445316,9,18354,892
DEQAGWSAWQGISDQTHMHKELVRSHTHSTVHIHAEHAQRINSHDVNRNVPLETTLHRDMVNRYQR,0.9444869,0.9444869,9,18354,892
KDQAFVQANQTYPANTHLHIKMARSQVPEDPHIPAEDIPDLVSFDVNRAVMQQTTLEPDMVKQYQK,0.94446695,0.94446695,9,18354,892
HQQTSASAWSPISKNTHLKKEFVRSHEHTGVHIHAEDSQHIVRMDVNRNVPLRTDLYPDVVKRYQR,0.94443417,0.94443417,9,18354,892
QKQAFVMANQTFPHNTHLHRKMARSQVPKSPHIPAEAIPDLVSFDVNRAVQQGTTLEPDMVKQYQK,0.94438994,0.94438994,9,18354,892
HNQTSISASQWISNNKDITLEFVRKHEHPHTHVHAEVIQRIVSKDMNRAVPLWGTLYPDLVKRINP,0.9443723,0.9443723,9,18354,892
HEQTGWSAWQGISIQTHLNKELVRSHTHSTVHIHAEHMQRINSMDVNRNVPRETTLHPDMVNRWQR,0.94429386,0.94429386,9,18354,892
RWQTSCSASQWISINTHLTEEFVRPHENDSTHIWWEDSQRIQSMDVNSAVPGEFTCYTDMVKRYNR,0.9719829,0.9719829,10,20392,991
NKQTSAEANQRISINKHLSLEMIRNEEHTYRHIHGEDIPRLVNMDVNRAVPKRTTLMPDMVKEYEA,0.9676184,0.9676184,10,20392,991
HQQTSASAWQPISKNTHLKKEFVRSHEHTGVHIHARDSQHIVRMDVNRNVPQRTDLEPDVVKRYQR,0.96739,0.96739,10,20392,991
RWQTSCSASQWISINTHLTEEFVRPHENDYTHIWWEDSQRIQSMDVNSAVPGEFTCYTDMVKRYNR,0.9669275,0.9669275,10,20392,991
QRQASVVANQTYPKNTHLTTKMARSQEPEYKHIPAEDIPDLVSFDVDRAVSQGTDLEPDMVKQYQK,0.9663747,0.9663747,10,20392,991
QRQASVVANQTYPKKTHLTTKMARSQEPEYKWIPAEDIPDLVSFDVDRAVSQGTDLEPDMVKQYQK,0.9659354,0.9659354,10,20392,991
HEQTGWSAWQGISTQTDLHKELVRSHTQSTVHIHAEHEQRINSMDVNRNVTPETTLHPDYVNRYQR,0.9657538,0.9657538,10,20392,991
NKQTSATANQRISINKHLSLEMIRNEEHTYRHIHGEDIPRLVNMDVNRAVPKRTTLMPDMVKEYEA,0.96543556,0.96543556,10,20392,991
HEQTGWSAWQGISTQTDLHKELVRSHTHSTVHIHAEHAQRINSMDVNRNVTPETTLHPDYVNRYQR,0.9654029,0.9654029,10,20392,991
DEDAGWSAWQGISDQTHMHKEFVRSHTHSTVHIHAEHADRINSMDVNRNVPGETTLHRDMVRRYQG,0.96361536,0.96361536,10,20392,991
NKQQSAEANDKISINKSLTLEMMRPEEHTYRHIHAEDIPRLVKMDVNSAVPKRTTLMPDMVKEYEA,0.96312845,0.96312845,10,20392,991
DEQAGWSAWQGISDQTHMHKEFVRSHTHSTVHIHAEHADRINSMDVNRNVPGETTLHRDMVNRYQR,0.9624347,0.9624347,10,20392,991
DEHAGWSAWQGISDQTHMHKEFVRSHTHSTVHIYAEHADRINRMDVNRNVPGETTLHRDMVRRYQG,0.96224517,0.96224517,10,20392,991
RWQTSCSASQWISINTHLTEEFVRPHENDYTHIWTEDSQRIQSMDVNSAVPGEFTCYTDMVKRYNR,0.96209884,0.96209884,10,20392,991
HQQTSYSAWQPISKNTHLKKEFVRSHEHTGVHIHARDSQHIVRMNVNRNVPQRTDLEPDVVKRYQR,0.9620228,0.9620228,10,20392,991
HQQTSASAWQPISKNTHLKKEFVRSHEHTGVHIHARDSQHIVRMDVNRNVPQRTDLYPDVVKRYQR,0.96202147,0.96202147,10,20392,991
DEHAGWSAWQGISDQTHMHKEFVRSHTHSTVHIYAEHADRINSMDVNRNVPGETTLHRDMVRRYQG,0.9617745,0.9617745,10,20392,991
HNQTSISASQWISNNKDITLEFVRKHEHPHTHVHAEVIQRIVSMDMNRQVPSWGTLYPDLVKRINP,0.96153355,0.96153355,10,20392,991
HNQHSISASQWISNNKDITLEFVRKHEHPHTHVHAEVIQRIVSMDMNRAVPSWGTLYPDLVKRINP,0.9614576,0.9614576,10,20392,991
EQQTSYSANQTIPINSHLTLEMMRSENIEKKHIHNEDYPRLQSMDVNRYAPYGTTLDHDMVKGYRH,0.96120673,0.96120673,10,20392,991
KYQGSWVANQTAMDETGLKLKMMRGQAPNRKHIPWEDIPDLVSFDVNRAVIQGTTLEPDMVKQYTK,0.9608321,0.9608321,10,20392,991
HQQTSASAWQPISKNTHLKKEFVRSHEHTGVHIHARDSQHIVRMNVNRNVPQRTDLEPDVVKRYQR,0.9607357,0.9607357,10,20392,991
NKQQSAEANQKISINKSLTLEMMRPEEHTYRHIHAEDIPRLVKMDVNSAVPKRTTLMPDMVKEYEA,0.96070236,0.96070236,10,20392,991
QAQASVVANQTYPKNTHLTTKMARSQVPEKPHIPAEDIPDLVSFDVNRQVMQGTDLEPDMVKQYQK,0.960583,0.960583,10,20392,991
QRQASVVANQTYPKNTHLTTKMARSQEPEYKWIPAEDIPDLVSFDVDRAVSQGTDLEPDMVKQYQK,0.96051955,0.96051955,10,20392,991
DEDAGWSAWQGISDQTHMHKEFVRSHTHSTVHIHAEHADRINSMDVNRNVPGETTLHRDMVRRYQR,0.96025926,0.96025926,10,20392,991
QAPADVQANQTYPDNKGLHLKMARQQQSEPPHIPEEDIPDLVNFDVNRAVMQGTTLEPDMVKQYQK,0.9601687,0.9601687,10,20392,991
HNQTSISASQWISNNKDITLEFVRKHEHPHTHVHAEVIQRIVSMDMNRAVPSWGTLKPDLVKRINP,0.959282,0.959282,10,20392,991
HNQTSISASQWISNNKDITLEFVRGHEHPHTHVHAEVIQRIVSMDMNRAVPSWGTLKPDLVKRINP,0.9592033,0.9592033,10,20392,991
HQQTSASAWQPISKNTHLKKEFVRSHEHTGVHIHAEDSQHIVRMDVNRNVPRRTDLYPDVVKRYQR,0.9591674,0.9591674,10,20392,991
QAPADVQANQTYPDNKGLHLKMARSQQSEPPHIPEEDIPDLVNFDVNRAVMQGTTLEPDMVKQYQK,0.95902646,0.95902646,10,20392,991
DEQAGWSAWQGISDQTHMHKELVRSHTHSTVHIHAEHAQRINSMDVNRNVPGETTLHRDMVNRYQR,0.957991,0.957991,10,20392,991
HEQTGWSAEQGISIQTHLHKELVRSHTHETVSIHAEHAQRINSMDVNRNVPRETTLHPDMVKRYQR,0.9579818,0.9579818,10,20392,991
NKQTSAEANQLISINKHLSLEMIRNEEHTYRHIHGEDIPRLVNMDVNRAVPKRTTLMPDMVKEYEA,0.9576932,0.9576932,10,20392,991
HEQNGWSAWGGISIQTSLHKELVRSKNHSTVHIHNEHAQRINSYPVNRNVPREPTLHPDWVNRYQR,0.9575664,0.9575664,10,20392,991
HQQTSASAWQPIHKNTHLKKEFVRSHEHTGVHIHAEDSQHIVRMDVNRNVPRRTDLYPDVVKRYQR,0.95727825,0.95727825,10,20392,991
HEQTGWSAEQGISIQTHLHKELVRSHTHETVSIHAEHAQRINSMDVNRNVPRETTIHPDMVKRYQR,0.95706975,0.95706975,10,20392,991
HRQHSASAQQLISTNTHLTKEFVRSHEHTYHHWHAHDEQKWVSIDVNRNVPLRTTLMPDWVKEYQN,0.95705926,0.95705926,10,20392,991
HNQTSIQASQWISNNKDITLEFVRTHEHPHTHVHNEVIQRIVSMDMNRAVPSWGTLYPSLVKRINP,0.95662117,0.95662117,10,20392,991
HNQTSISASQWISNNKDITLEFVRKHEHPHTHVHAEVIQRIVSMDMNRQMPSWGTLYPDLVKRINP,0.95646346,0.95646346,10,20392,991
HNQTSISASQWIGNNKDITLEFVRKHEHPHTHVHAEVIQRIVSMDMNRQMPSWGTLYPDLVKRINP,0.9560333,0.9560333,10,20392,991
HNQTSISASQWIQNNKDITLEFVRKHEHPHTHVHAEVIQRIVSMDMNRAVPSWGTLYPDLVKRINP,0.9559255,0.9559255,10,20392,991
KQQGSWVANQTAMDETGLKLKMMRGQAPNYKHIPWEDIPDLVSFDVNRAVIQGTTLEPDMVKQYTK,0.9550694,0.9550694,10,20392,991
KQQGSWVANQTAMDETGLKLKMVRGQAPNYKHIPWEDIPDLVSFDVNRAVIQGTTLEPDMVKQYTK,0.9547751,0.9547751,10,20392,991
RWQTSCSASQWISINTELTWEFVRPHENDYTHIWTEDSQRIQSMDVNSAVPGEGTCYTDMVKRYNR,0.954069,0.954069,10,20392,991
EQQTSYSANQTIPINSHLTLEMMRSENIEKKHIHNEDYPRLQSYDVNRYAPYGTQLDHDMVKGMRH,0.95378166,0.95378166,10,20392,991
HQQTSASASQPISKNTTLKKEFVRSHEHTGVHIHAEDSQHIVRMDVNRNVPLRTDLYPDVVKRYQR,0.95377135,0.95377135,10,20392,991
DEQTGWSAWQGISDQTHMHKELVRSHEHSTVHIHAEHAQRINSMDVNRNVPLETTLHRDMVNRYQR,0.9537201,0.9537201,10,20392,991
KYQGSWVANQTAMDETGLKLKMMRGQAPNYKHIPWEDIPDLVSFDVNRAVIQPTTLEPDMVKQYRK,0.9535616,0.9535616,10,20392,991
HRQHSASAWQLISTNTHLTKEFVRSHEHTYHHWHAHDEQKWVSIDVNRNVPLRTTLMPDWVKEYQN,0.9533223,0.9533223,10,20392,991
HEQTGWSAWQGISQQTDLHKELVRSHTHSTFHIHAEHAQRINSMDVNRNVPLETTLHPDMVNRYQR,0.9533118,0.9533118,10,20392,991
RWQTSCSASQWISINTHLTWEFVRPHENDYTHIWWEDSQRIQSMDVNSAVPGEGRCYTDSVKRYNR,0.9528192,0.9528192,10,20392,991
KYQGSWVANQTAMDETGLKLKMMRGQAPNYKHIPWEDIPDLVSFDVNRAVIQGTTLEPDMVKQYRK,0.9527866,0.9527866,10,20392,991
HRQTSAFAWQPIPINTHLKKEFVRSHEHTGEHIHAEDSQRIVDMDVNRNVKLRHDLYPDMVKRYQR,0.9527164,0.9527164,10,20392,991
HEQTGWSAWQGISTQTDLHKELVRSHTQSTVHIHAEHEQRINSMDVNRNVSPETTLHQDYVNIYQR,0.95260423,0.95260423,10,20392,991
HNQHSISASQWISNNKDITLEFVRKHEHPHAHVHAEVIQRIVSMDMNRAVPSWGTLYPDLVKRINP,0.95204914,0.95204914,10,20392,991
RWQTSCSASQWISINTELTWEFVRPHENDYTHIWTEDSQRIQHMDVNSAVPGEGTCYTDMVKRYNR,0.9519269,0.9519269,10,20392,991
QRQDSVVANQTYPKNTHLTTKMARSQVPEYKHIPAEDIPDLVSFDVDRAVMQGTDLEPDMVKQYQK,0.9517288,0.9517288,10,20392,991
RWQTSCTASQWISINTHLTLEFVRPHENDRTHIWTEDSQRIQSMDVNSAVPGRGTCYTDMVKRYKR,0.95167136,0.95167136,10,20392,991
QAQASVYANQTYPKNTHLTTKMARSQYPEYPHIPAEDIPDLVSFDVNREVMQGTTLEPDMVKQYQK,0.95154643,0.95154643,10,20392,991
HNQTSISASQWISNNKDITLEFVRKHEHPHTHVHAEVIQRIVSMDMNRAVPSWRTLYPDLVKRINP,0.95118296,0.95118296,10,20392,991
HEQTGWSAWGGISIQTHLHKELVRSKNHSTVHIHNEHAQRINSYPVNRNVPREPTLHPDWVNRYQR,0.95112115,0.95112115,10,20392,991
HEQTCWSAWQGISTQTDLHKELVRSHTQSTVHIHAEHEQRINSMDVNRNVSPETTLHQDYVNIYQR,0.9510972,0.9510972,10,20392,991
MQQTSYSANQTIPINSHLTLEMMRSEEHEKKHIHNEDYPRLQSMDVNRYAPLGTTLDHDMVKGYRH,0.9509,0.9509,10,20392,991
DEQTGWSAWQGISDQTHMHKELVRSHTHSTVHIHAEAAQRINSMDVNRNVPLETTLHRDMVNRYQR,0.9508916,0.9508916,10,20392,991
QAPADVQANQTYPANTGLHLKMARSQQPEEPHIPEEDIPDLVSFDVNRAVMQGTTLEPDMVKQYQK,0.95084465,0.95084465,10,20392,991
RWQTSCSASQWISINTHLTWEFVRPHENDYTHIWTEDSQRIQSMDVNSAVPGRGDCYTDMVKRYNR,0.95079947,0.95079947,10,20392,991
HNQTSISASQWISNNKDITLEFVRKHEHPHTHVHAEVIQRIVSMDMNRAVYSWGTLYPDLVKRINP,0.9506511,0.9506511,10,20392,991
HQQTSASAWQPIPENTHLKKEFVRYHEHTGVHIHYEDSQRIVDMDVNRNVKLRTDLYPDMVKRYQR,0.95049113,0.95049113,10,20392,991
HEQTGWSAEQGISIQTHLHKELVRSHTHSTVHIHAEHAQRINSMDVNRNVPRETTLHPDMVNRYQR,0.9502433,0.9502433,10,20392,991
HEQTGWSAEQGICIQTHLHKELVRSHTHETVSIHAEHAQNINSMDVNRNVPRETTIHPDMVKRYQR,0.94999546,0.94999546,10,20392,991
HNQTSISASQWISNNKDITLEIVRKHEHPHTHVHAEVIQRIVSMDMNRAVPSWGTLYPDLVKRINP,0.9499726,0.9499726,10,20392,991
RWQTSCSASQWISINTHLTWEFVRPHENDYTHIWWETSQRIQSMDVNSAVPGEGRCYTDSVKRYNR,0.9497678,0.9497678,10,20392,991
RWQTSCSASQWISINTHLTWEFGRPHENDYTHFWTEDSQRIQSMDVNDAVPGRGTCYTDMVKRYNR,0.94954747,0.94954747,10,20392,991
QAQASVVANQTYPKNTHLPTKMARSQVPEKPHIPAEDIPDLVSFDVNRAVMQGTDLEPDMVKQYQK,0.9494166,0.9494166,10,20392,991
QAPADVQANQTYPDNKGLHLKMARQQQSEPPHIPEEDIPDLVNFDVNRAVMQGTTLEPDFPKQYQK,0.94939494,0.94939494,10,20392,991
RWQTSCSASQWISINTHLTWEFVRPHENDGTHIWTEDSQRIQSMDVNSAVPGEGRCYTDSVKRYNR,0.94924843,0.94924843,10,20392,991
QAQASVVANQTYPKNTHLTTKMIRSQVPEKPHIPAEKIPDLVSFDLNRAVMQGTDLEPDMVKQYQK,0.94914937,0.94914937,10,20392,991
RWQTSCSASQWFSINTHLTWEFVRPHENDYTHIWTEDSQRIQSMDVNSAVPGEGTCYTDMVKRYNR,0.9490635,0.9490635,10,20392,991
RWQTSCSASQWISINTHLTWEFVRPHENDYTHFWTEDSQRIQSMDVNSAVPGRGTCYTDMVKRYNR,0.949046,0.949046,10,20392,991
HEQTGWSAWGGISIQTHLHKELVRSHNHSTVHIHNEHAQRINSYPVNRNVPREPTLHPDWVNRYQR,0.9489304,0.9489304,10,20392,991
QAQASVVANQTYPKNTHLTTKMIRIQVPEKPYIPAEKIPDLVSFDLNRAVMQGTDLEPDMVKQYQK,0.9488142,0.9488142,10,20392,991
HEQNGWSAWGGISIQTSLHKELVRSKNHSTVHIHNEHAQRINSYPVNRNVPPEPMLHPDWVNRYQR,0.9487654,0.9487654,10,20392,991
HNQTSISISQWISNNKDITHEFVRKHEHPHTHVHAEVIQRITSMDMNRAVPLWGTLYPDLVKRINP,0.94873613,0.94873613,10,20392,991
HEQTGWSAEQGICIQTHLHKELVRSHTHETVSIHAEHAQRINSMDVNRNVPRETTIHPDMVKRYQR,0.9484135,0.9484135,10,20392,991
GEQTGWSAWQWISQQTDLHKELVRSHTHSTFHIHAEHAQRINSMDVNRNVPLETTLHPDVVNRYQR,0.9482824,0.9482824,10,20392,991
RWQYSCSASQWISINTHLTWEFVRPHENDYTHIWTEDSQRIQSMDVNSAVPGEGTCYTDMVKRYNR,0.9480847,0.9480847,10,20392,991
MQQTSYSANQTIPINSHLEHEMMRSEEIEKKHIHNEDYPRLQSMDVNRYAPLGTTLDHDMVKGYRH,0.9480099,0.9480099,10,20392,991
QAPADVQANQTYPANTGLHLKMARSQQPEPPHIPEEDIPDLVSFDVNRAVMQGTTLEPDFVKQYQK,0.94781786,0.94781786,10,20392,991
QYQGSWVANQTAVDETGLKLKMMRGQAPNYKHIPWEDIPDLVSFDVERAVIQGTTLEPDMVKQYTK,0.9477653,0.9477653,10,20392,991
QDQAFVQANQTYPDNTHLSIKNARSQVPEDPHIPPEDIPDLVSFDVNRAVSQQTTLEPDPVKQYQK,0.94759804,0.94759804,10,20392,991
RWQTSCSASQWISNNTHLTLEFVRKHENDQTHIHFEDSQRIFSMDVNSAVPFRGTCYTDMVKRYNR,0.9475746,0.9475746,10,20392,991
HQQTSASAWQPISINTHLKKEFVRSHEHTGVHIHAEDSQRIVRMDVQPNVPERTDLYPDVVKRYQR,0.9472919,0.9472919,10,20392,991
KYQGSWVANQTAMDEKGLELKMMRGQAPNYKHIPWEDIPDLVSFDVNRAVIQGTTLEPDMVKQYTK,0.94724536,0.94724536,10,20392,991
DEQTGWSAWQGISDQTHCHKELVRSHTHSTVHIHAEHAQRINSMDVNRNVPLETTLHRDMVNRYHR,0.9471352,0.9471352,10,20392,991
QAQPSVYANQTYPKNTHLTTKMARSQVPEYPHIPAEDIPDLVSFDLNRAVDQGTTLEPDMVKQYQK,0.94699526,0.94699526,10,20392,991
QAQASVVANQTYPKNTHLTLKMIRIQVPEKPYIPAEKIPDLVSFDLNRAVMQGTDLEPDMVKQYQK,0.9468611,0.9468611,10,20392,991
NKQTSATANQRISINKHLSLEMIRPEEHTYRHIHGEDIPRHVNMDVNRAVPKRTTLMPDMVKEYEA,0.9468393,0.9468393,10,20392,991
HNQTSISASQWISNNKDITHEFVRKHEHPHTHVHAEVIQRITSMDMNRAVPLWGTLYPDLVKRINP,0.94683826,0.94683826,10,20392,991
