{"run_id": "01:32:11-10/02/2020", "exp_name": "Adalead_mu=1_threshold=0.05", "model_name": "CNN_hidden_size_100_num_filters_32", "landscape_name": "RosettaFolding", "rounds": 10, "sequences_batch_size": 100, "model_queries_per_batch": 2000}
sequence,model_score,true_score,round,model_cost,measurement_cost
MAQASVVFNQLIPINTHLTLVMMRFEVVTPVGCPAMDIPRLVSQQVNRAVPLGTTLMPDMVKGYAA,,0.27175814,0,0,1
MAQASVVFNQLIPINTHLTLVMMRFEVVTPVGCPAMDIPRLVSQQVNYAHPLGTTLMPDMVKGYAA,0.31719,0.18762001,1,2073,100
MAQASVVFNQLIPINTHLTLVMMRFEVVTPVGCPAMDIPRLVSPQVNTAVPLGTTLMPDGVKGYAA,0.31636724,0.2467024,1,2073,100
MLQASVVFNQLIPQNTHLTLVMMRFEVVTPVGCPAMDIPRLVSQQVNRAVVLGTTLMPDMVKGYAM,0.3160907,0.3054988,1,2073,100
MAQASVVFNQLIPINTHLTLVMMRFEVVTPVGCPAMDIPRLVSQQVNYAVPLGTRLMPDMVKGYAA,0.3155993,0.19971327,1,2073,100
MAQASVVFWQLIPINTHLTLVMMRFEVVTPVGCPAMDIPRLVSQQVNCAVPLGTTLMPDMVKGYAA,0.31509963,0.2168531,1,2073,100
MAQASVVFNQLIPINTHLTLVMMRFEVVTPVGCPAMDIPRLVSQQVNYAHPLGTTLMPDMVKGSAA,0.31468537,0.16715315,1,2073,100
MAQASVVFNQLIPINTHLTLVMMRFEVVTPVGCPAMDIPRLVSQQVNRAVRLGTTLMPDMVKGYAA,0.31430233,0.2588259,1,2073,100
MAQASVVFNQLIPINTHLTLVMMRFEVVTPVGCPAMDIPRLVSQQVNQAVPLGTTLMPDMVKGYAA,0.31397527,0.27516878,1,2073,100
MARASVVFNQLIPINTHLTLVMMRFEVVTPVGCPAMDIPRLVSQQVNRAVGLGTTLMPDMVKGYAA,0.31366915,0.269563,1,2073,100
MAQASVVFNQLIPINTHLTLVMMRFEVVTPVGCPAMDIPRLVSQQVNRAVPLGTTLMKDMVKGYAA,0.31364873,0.25409368,1,2073,100
MAQASVVFNQLIPQNTHLTLVMMRFEVVTPVGCPAMDIPRLVSQQVNRAVPLGTTLRPDMVKGYAA,0.31303945,0.35288876,1,2073,100
MAQASVVFNQLIPGNTHLTLVMMRFEVVTPVGCPAMDIPRLVSQQVNRAVPLGTTLMPDMVKGYAA,0.31298974,0.31631523,1,2073,100
MAQASVVFNQLIPINTHLTLVMMRFEVVTPVGCPAMDIPRLVSQQVNWAVPLGTTLMPDMVKGYAA,0.31274536,0.22406597,1,2073,100
MAQASVVFNQLIPINTHLTLVMMRFEVVTPVGCPAMDIPRLVSQQVNTAVPLGTTLMPDMVKGYAA,0.3124947,0.25720215,1,2073,100
MAQASVCFNQLIPINTHLTLVMMRFEVVTPVGCPAMDIPRLVSQQVNHAVILGTTLMPDMVKGYAA,0.31245017,0.2347456,1,2073,100
MAQASVVFNQLIPINTHLTLVMMRFEVVTPVGCPAMDIPRLVSQQVNWAVPLGTTLMPDMVKGNAA,0.312225,0.19725555,1,2073,100
MAQASVVFNQLIPINTHLTLVMMRFEVVTPVGCPAMDIPRLVSQQVNRAVPLGTTLMPDVVKGYAA,0.31211156,0.29344967,1,2073,100
MAQASVVFNQLIPINTHLTLVMMRFEVVTPVGCPAMDIPRLVSQQVNYAVPLGTKLMPDMVKGYAA,0.31203088,0.1906355,1,2073,100
MAQPSVVFNQLSPINTHLTLVMMRFEVVTPVGCPAMDIPRLVSQQVNRAVPLGTTLMPDMVKGYAA,0.311901,0.19099507,1,2073,100
YAQASVVFNQLIPGNTHLTLVMMRFEVVTPVGCPAMDIPRLVSQQVNRAVPLGTTLMPDMVKGFAA,0.31189078,0.28397247,1,2073,100
MAQASVVFNQLIPINTHLTLVMMRFEVVTPVGCPAMDIPRLVSQQVNCAVPLGTTLMPDMVKGYAA,0.3118902,0.20293422,1,2073,100
MAQASVVFNQLIPINTHLTLVMMRFEVVTPVGCPAMDIPRLVSQQVNRAVPLGTTLMWDMVKGYAA,0.3118732,0.27562135,1,2073,100
MAQASVVFNQLIPINTHLTLVMMRFEVVTPVGCPAMDIPRLVSQQVNRAVPLGTKLMPDMVKGYAA,0.3114322,0.21897326,1,2073,100
MAQASVVFNQLIPINTHLTLVMMRFEVVTPVGCPAMDIPRLVSQQVLRAVPLGTTLMPDMVKGYAA,0.31127155,0.20097661,1,2073,100
MAQASVAFNQLIPINTHLTLVMMRFEVVTPVGCPAMDIPRLVSQQVNRAVPLGTTLMPDMVKGYAA,0.31121916,0.27795577,1,2073,100
MAQASVVFNQLSPINTHLTLVMMRFEVVTPVGCPAMDIPRLVSQQVNRAVPLGTTLMPDMVKGYAA,0.31110227,0.18922587,1,2073,100
MAQASVVFNQLIPINTHLTLVMMRFEVVTPVGCPAMDIPRLVSQQVNRAVPLGTTLMEDMVKGYAA,0.31095502,0.23500761,1,2073,100
MAQYSHVFNQLIPINTHLTLVMMRFEVVTPVGCPAMVIPRLVSQQVLRAVPLGTTLMPDMVKGYAF,0.31088486,0.13956584,1,2073,100
MAQASVVFNQLIPINTHLTLVMMRFEVVTPVGCPAMDIPRLVSQQVNRAVPLGTILMPDMVKGYSA,0.31087658,0.28704807,1,2073,100
MAQASVVFNQLIPINTHLTLVMMRFEVVTPVGCPAMDIPRLVSQQVNRAVPLGTTLAPDMVKGYAA,0.3108502,0.28984845,1,2073,100
MAQASVFFNQLIPINTHLTLVMMRFEVVTPVGCPAMDIPRLVSQQVNRAVPLGTTLMPDMVKGYAA,0.3107832,0.26764187,1,2073,100
MAQASVVFNHLIPINTHLTLVMMRFEVVTPVGCPAMDIPRLVSQQVNRAVPLGTILMPDMVKGYSA,0.31074545,0.2648544,1,2073,100
MAQASVVFNQLIPINTHLTLVMMRFEVVTPVGCPAMDIPRLVSQQVNRAVPLGTTLVPDMVKGYAA,0.31074193,0.27264586,1,2073,100
MAQASVVFNQLIPINTHLTLVMMRFEVVTPVGCPAMDIPRLVSQQVNRAVPLGTTLMPDGVKGYAA,0.3107417,0.2599141,1,2073,100
MAQASVVFWQLIPINTHLTLVMMRFEVVTPQGCPAMDIPRLVSQQVNCAVPLGTTLMPDMVKGYAA,0.31069124,0.23980689,1,2073,100
MAQASVYFNQLIPINTHLTLVMMRFEVVTPVGCPAMDIPRLVSQQVNRAVPLGTTLMVDMVKVYAA,0.31058457,0.20425494,1,2073,100
MAQASVVFNQLIPINTHLTLVMMRFEVVTPVGCPAMDIPRLVSQQVNRAVPLGTTLKPDMVKGYAA,0.31054223,0.30671486,1,2073,100
MLQASVVFNQLIPINTHLTLVMMRFEVVTPVGCPAMDIPRLVSQQVNRAVVLGTTLMPDMVKGYAA,0.31047484,0.29512787,1,2073,100
MWQASVVFNQLIPINTHLTLVMMRFEVVTPVGCPAMDIPRLVSQQVNRAVPLGTTLMPDMVKGYAA,0.3104737,0.2644573,1,2073,100
MAQASVVFNQLIPINTHLTLVMMRFEVVTPVGCPAMDIPRLVSQQVNRAVYLGTTLMPDMVKGYAA,0.31045404,0.2641196,1,2073,100
MAQASVVFNQLIPINTHLTLVMMRFEVVTPVGCPAMDIPRLVSQQVNRAVPLGTTLDPDMVKGYAA,0.31043392,0.3066882,1,2073,100
MAQASVVFNQLIPINTHLTLVMMRFEVVTPVGCPAMDIPRLVSQQVNRAVPLGTTLYPDMVKGYAA,0.31040868,0.2765063,1,2073,100
MAQASVVFNQLIPINTHLTNVMMRFEVVTPVGCPAMDIPHLVSQQVNTAVPLGTTLMPDMVKGYAA,0.31038117,0.25595415,1,2073,100
MAQASVVFNQLIPINTHLTLVMMRFEVVTPVGCPAMDIPHLVSQQVNTAVPLGTTLMPDMVKGYAA,0.31034425,0.25222436,1,2073,100
MAQASVVFNQLIPSNTHLTLVMMRFEVVTPVGCPAMDIPRLVSQQVNRAVPLGTTLVPDMVKGYAA,0.31033182,0.32151812,1,2073,100
MAQASWVFNQLIPINTHLTLVMMRFEVVTPVGCPAMDIPRLVSQQVNRAVPLGMTLMPDNVKGYAA,0.3103147,0.25847426,1,2073,100
MAQASVVFNQLIPINTHLTLVMMRFEVVTPVGCPAMDKPRLVSQQVNRAVPLGTTLMPDMVKGYAA,0.31031275,0.19044673,1,2073,100
MAQASVVFNQLIPINTHLTLVMMRFEVVTPVGCPAMDIPRLVSQQVNRAVPLGTTLMRDMVKGYAA,0.31027818,0.2612591,1,2073,100
MAQASVVFNQLIPINTHLTLVMMRFEVVTPVGCPAMDIPRLVSQQVNRAVPLGTILMPDMVKGYAA,0.31027073,0.25456494,1,2073,100
MAQASVVFYQLIPINTHLTLVMMRFEVVTPVGCPAMDIPRLVSQQVNRAVPLGTTLMPDMVKGYAA,0.31027064,0.291429,1,2073,100
MAQASVVFNQLIPINTHLTLVMMRFEVVTPVGCPAMDIPRLVSQQVNRAVPLGQTLMPDMVKGYAA,0.3102091,0.25415137,1,2073,100
MAQASVVFNQLIPINTHLTLVMMRFEVVTPVGCPAMDIPRLVSQQVNRAVPLGITLMPDMVKGYAA,0.31017542,0.2865728,1,2073,100
MAQASVVFNQLIPINTHLTLVMMRFEVVTPVGCPAMDIPRLVSKQVNYAVPLGTTLMPDMVKGYAA,0.3101643,0.22590712,1,2073,100
MAQASVVFNQLIPGNTHLTLVMMRFEVVTPVGCPAMDIPRLVSQQVNRAVPLGTTHMPDMVKGYSA,0.31014976,0.21296312,1,2073,100
MAQASVYFNQLIPINTHLTLVMMRFEVVTPVGCPAMDIPRLVSQQVNRAVPLGTTLMPDMVKGYAA,0.31013823,0.26499185,1,2073,100
MAQASVVFNQLIPINTHLTLVMMRFEVVTPVGCPAMDIPRLVSYQVNRAVPLGTTLMPDMVKGYAA,0.31012836,0.27931592,1,2073,100
MAQASVVFNQLIPINTHLTLVMMRPEVVTPVGCPAMDIPRLVSQQVNRAVPLGQTLMPDMVKGYAA,0.31009018,0.2781287,1,2073,100
MAQTSVVFNQLIPINTHLTLVMMRFEVVTPVGCPAMDIPRLVSQQVNRAVPLGTTLMPDMVKGYAA,0.3100742,0.2633759,1,2073,100
MAQASVVFNQLIPINTHLTLVMMRFEVVTPVGCPAMDIPRLVSQQVNRAVPLGGTLMPDMVKGYAA,0.31004575,0.26862165,1,2073,100
MAQASVVFNQLIPINTHLTLVMMRFEVVTPVGKPAMDIPRLVSQQVNYAHPLGATLMPDMVKGSAA,0.31000888,0.10052853,1,2073,100
MAQASVVFNQLIPINTHLTLVMMRFEVVTPVGCPAMDIPRLVSQQVNRAVPLGTTLMPDMVKFYAA,0.30987832,0.23229676,1,2073,100
MIQASVVFNQLIPINTHLTLVMMRFEVVTPVGCPAMDIPRLVSQQVNRAVPLGTTLMPDMVKGYAA,0.30986008,0.27787223,1,2073,100
MCQASVVFNQLIPINTHLTLVMMRFEVVTPVGCPAMDIPRLVSQQVNRAVPLGTTLMPDMVKGMAA,0.30978355,0.21407357,1,2073,100
MAQASVVFNQLIPFNTHLTLVMMRFEVVTPVGCPAMDIPRLVSQQVNRAVPLGTTLMPDMVKGYAA,0.3097361,0.26102003,1,2073,100
MAQASVVFNQLIPINTHLTLVMMRFEVVTPVGCPAMDIPRLVSQQVNRAVPLGTTLMPDMVKMYAA,0.30968383,0.23702125,1,2073,100
MAQTSVVFNQLIPINTHLTLVMMRFEVVTPVGCPAMDIPRLVSQQVNRHVPLGTTLMPDMVKGYAA,0.30960795,0.2502292,1,2073,100
MAQASVVFNQLIPINTHLTLVMMRFEVVTPVGCPAMDIPRLVSQQVNRAVPLGTTLMPDMVKGYAN,0.3095902,0.32127255,1,2073,100
MAQASVVFNQLIPINTHLTLVMMRFEVVTPVGCPAMDIPRLVSQMVNRAVPLGTTLMPDMVKGYAA,0.30957547,0.225564,1,2073,100
MAQASVVFNQLIPINTHLTLVMMRFEVVTPVGCPAMDIPRLVSQQVNRAVPLGTTLMPDMVNGYAA,0.30957225,0.2887379,1,2073,100
MAQASVVFNQLIPINTHLTLVMMRFEVVTPVGCPAMDIPRLVSQQVNRMVPLGTTLMPDMVKGYAA,0.3095605,0.2739135,1,2073,100
MAQASVVFNQLIPINTHLTLVMMRFEVVTPVGCPAMDIPRLVSQQVNRAVKLGTTLMPDMVKGYAA,0.3095217,0.25945848,1,2073,100
MAQASVVFNQLIPINTHLTLVMMRFETVTPVGCPAMDIPRLVSQQVNRAVPLGTTLFPDMVKGYAA,0.30951574,0.2806433,1,2073,100
MAQASVVFNQLIPINTHLTLVMMRFEVVTPVGCPAMDIPRLVSQQVNRAVSLGTTLMWDMVKGYAA,0.30947095,0.27690372,1,2073,100
MAQASVVFNQLIPINTHLTLVMMRFEVVTPVGCPAMDIPRLVSQQVNRAVPLGTTLMPDMVKGYAH,0.30947018,0.2979311,1,2073,100
MAQASVVFPQLIPINTHLTLVMMRFEVVTPVGCPAMDIPRLVSQQVNRAVPLGTTLMPDMVKGYAA,0.30946955,0.2831125,1,2073,100
MVQASVVFNQLIPINTHLTLVMMRFEVVTPVGCPAMDIPRLVSQQVNRAVPLGTTLMPDMVKGYAA,0.30941555,0.27615082,1,2073,100
MAQASVVFNQLIPHNTHLTLVMMRFEVVTPVGCPAMDIPRLVSQQVNRAVPLGWTLMPDMVKGYAA,0.3093884,0.29313087,1,2073,100
MAQASVVFNQLIPINTHLTLVMMRFEVVTPVGCPAMDIPRLVSQQVNRAVPLGTTLMSDMVKGYAA,0.30937204,0.2666002,1,2073,100
MAQASVVFNQLIPINTHLTLVMMRFEVVTPVGCPAMDIPRLVSQQVNRAVPLGTTLMPDMVKGYSA,0.30935413,0.30553597,1,2073,100
MAQASVVFNHLKPINTHLTLVMMRFEVVTPVGCEAMDIPRLVSQQVNRAVPLGTILMPDMVKGYSA,0.30934203,0.12936293,1,2073,100
MWQDSVVFNQLIPINTHLTLVMMRFEVVTPVGCPAMDIPRLVSQQVNRAVPLGTTLMPDMVKGYAA,0.30932444,0.21716882,1,2073,100
MAQASVVFNQLIPINTHLTLVMMRFEVVTPVGCPAMDIPRLVSQQVNRAVPLGTTLMPDMVKTYAA,0.30932254,0.27205494,1,2073,100
MAQASVVFNQLIPINTHLTLVMMRFEVVTPVGCPAMDIPRLVSQQVNRAVPLGTTLMPDPVKGYAA,0.30930898,0.23860565,1,2073,100
MAQAQVVFNQLIPINTHLTLVMMRFEVVTPVGCPAMDIPRLVSQQVNRAVPLGTTLMSDMVKGYAA,0.3092786,0.24173796,1,2073,100
MAQASVVFNQLIPINTHLTLVMMRFEVVTPVGCPAMDIPRLVSQQVNRAVPLGTTLMPDMVKGQAA,0.30926332,0.24672417,1,2073,100
MAQASVVFNQLIPINTHLTLVMMRVEVVTPVGCPAMDIPRLVSQQVNRAVPLGTTLMPDMVKGYAA,0.30922976,0.3107044,1,2073,100
MADASVPFNQLIPINTHLTLVMMRFEVVTPVGCPAMDIPRLVSQQVNRAVPLGTTLMPDMVKGYAA,0.30919418,0.24770983,1,2073,100
MAQASVVFNQLIPINTHLTLVMMRFEVVTPVGCPAMDIPRLVSQQVNRAVPLGTTLMPDMVIGYAA,0.30914336,0.16603985,1,2073,100
MAQASVVFNQLIPINTHLTLVMMRFEVVTPVGCPAMDIPRLVSQQVNRAVPLGTYLMPDMVKGYAA,0.3091252,0.25582686,1,2073,100
MAYASVVFNQLIPHNTHLTLVMMRFEVVTPVGCPAMDIPRLVSQQVNRAVPLGTTLMPDMLKGYAA,0.30911696,0.26031458,1,2073,100
MAQASVVFNQLIPINTHITLVMMRFEVVTPVGCPAMDIPRLVSQQVNQAVPLGTTLMPDMVKGYAA,0.30911344,0.2749383,1,2073,100
MAQASVVFNQLIPINTHLTLVMMRFEVVTPVGCPAMDIPRLVSQQVNRAVPLGTTLMPDMVSGYAA,0.30911186,0.2627214,1,2073,100
MAQASVVFNQLIPINTHLTLVMMRFEVVTPVGCPAMVIPRLVSQQVLRAVPLGTTLMPDMVKGYAF,0.30906597,0.20395254,1,2073,100
MVQASVVFNQLIPINTHLTLVMMRFEVVTPVGCPAMDIPRLVSQQVNRAVPLGKTLMPDMVKGYAA,0.30905455,0.24793239,1,2073,100
MAQASVVFNQLIPINTHLTLVMMRFEVVTPVGCPAMDIPRLVSQQVNRAVPLGTTLEPDMVKIYAA,0.30905148,0.23375845,1,2073,100
MAQASVVFNQLIPINTHLTLVMMRFEVVTPVGCPAMDIPRLVSQQVNRAVPLGTTLMPDMVKGYAG,0.3090266,0.3074655,1,2073,100
MAQASVVFNQLIPINTHLTLVMMRFEVVTPVGCPAMDIPRLVSQQVNRAVPLYTTLMPDMVKGYAA,0.30896926,0.26080257,1,2073,100
STQASVVFNQLIPINTHLTLVMMRFEVVTPVGCPAMDIPRLVSQQVNRAVPLGTTLQPDMVKGYAA,0.3089638,0.3316388,1,2073,100
MAQYSVVFNQLIPINTHLTLVMMRFEVVTPVGCPAMVIPRLVSQQVLRAVPLGTTLMPDMVKGYAF,0.30895272,0.19765222,1,2073,100
MAQAGVVFNQLIPQNTHLTLYMMRFEVVTPVGCPAMDTPRLVSQQVNRAVPLGTTLRPDMVKQYAA,0.2581328,0.3692227,2,4114,199
MAQASVVFNQLIPQNTHLTLVMMRFEVVTPVGCPAMDIPRLVSQQVKRAVPLGTTLRPDMVKGYAA,0.2576176,0.33580336,2,4114,199
MAQASVVFNQLIPQNTHLTLVMMRFEVVTPVGCPAMDIPRLVSQQVNRAVTLGTTLRPDMVKGYAA,0.25749794,0.3540667,2,4114,199
MAQASVVFNQLIPQNTHLTLYMMRFEVVTPVGCPAMDIPRLVSQQVNRAVPLGTTLRPDMVKQYAA,0.25748143,0.42027596,2,4114,199
MAQAGVVFNQLIPQNTHLTLYMMRFEVVTPVGCPAMDIPRLVSQQVNRAVPLGTTLRPDMVKQYAA,0.25739878,0.42805502,2,4114,199
MAQASVVFNQLIPQNTHLTLVMMRFEVVTPVGCPAMDIPRLVSQQGNRAVGLGTTLRPDMVKGYNA,0.25728765,0.32402346,2,4114,199
MAQAGVVFNQLIPQNTHLTLYMMRFEVVTPVGCPAMDTPRLVSQQVNRAVPLGTTLRPDMHKQYAA,0.2559244,0.3140012,2,4114,199
MAQASVVFCQLIPQNTHLTLVMMRFEVVTPVGCPAMDIPRLVSQQVNRAVPLGTTLRPDMVKGYAA,0.25590912,0.3478582,2,4114,199
MAQASVVFNQLIPQNTHLTLVMMRFEVVTPVGCPAMDIPRLVSQQVNRAVGLGTTLRPDMVKGYAA,0.25547048,0.35108358,2,4114,199
MAQASVVFNQLIPQNTHLTLYMMRFEVVTPVGCEAMDIPRLVSQQVNRAVPLGTTLRPDMVKGYAA,0.25529927,0.35889107,2,4114,199
MAQASVVFNQLIPQNTHLTLYMMRFEVVTPVGCPAMDIPRLVSQQVNRAVPLGTTLRPDMVKGYAA,0.25527585,0.37922984,2,4114,199
MAQFSVVFNQLIPQNTHLTLIMMRFEVVTPVGCPAMDIPRLVSQQVNRAVPLGTTLRPDMVKQYAA,0.25517827,0.38326463,2,4114,199
MAQASVEFNQLIPQNTHLTLVMMRFEVVTPVGCPAMDIPRLVSQQVNRAVYLGTTLRPDMVKGYAA,0.25515476,0.27304375,2,4114,199
MAQASVVFNQLIPQNTHLTLVMMRFEVVTPVGCPAMDIPRLVSQQVNRAVKLGTTLRPDMVKGYAA,0.2551507,0.33630604,2,4114,199
MAQASVVFNQLIPQNTHLTLVMMRFEVVTPVGCPAMDSPRLVSQQVNRAVPLGTTLRPDMVKGYAA,0.25505394,0.2886038,2,4114,199
MAQASVVFNQLIPSNTHLTLVMMRFEVVTPVGCPAMDIPRLVSQQVNRAVPLGTTLRPDMVKGYAA,0.2547929,0.35457844,2,4114,199
MAQASVVFNQLIPQNTHLTLVMMRFEVVTPVGCPAMDIPRLVSQQVNRAVCLGTTLRPDMVKGYAA,0.2547548,0.32734227,2,4114,199
MAQASVVFNQLIPQNTHLTLVMMRFEVVTPVGCPAMDIPRLVSQQVFRAVPLGTTLRPDMVKGYAA,0.25470904,0.26570815,2,4114,199
MAQASVVFNQLIPQNTHLTLPMMRFEVVTPVGCPAMDIPRLVSQQVNRAVPLGTTLRPDMVKGWAA,0.2546482,0.42723274,2,4114,199
MAQASVVFNQLIPQNTHLTLVMMRFEVVTPVGCPAMDIPRLVSQQVNRAVPLGTTLRPDFVKGYAA,0.25461426,0.35848856,2,4114,199
MAQASVVFNQLIPQNTHLTLVMMRFEVVTPVGCPAMDIPRLVSQQVNRAVPLGTTLREDMVKGYAA,0.25460842,0.30983463,2,4114,199
MAQASVVFNQLIPQNTHLTLVMMRFEVVTPVGCPAMDIPRLVSQQVNRAVMLGTTLRPDMVKGYAA,0.2546026,0.35663098,2,4114,199
MAQASVVFNQLIPQNTHLTLVMMRFEVVTPVGCPAMDIPRLVSQQVNRAVDLGTTLRPDMVKGYAA,0.25459602,0.33018893,2,4114,199
MAQFSVVFNQLIPQNTHLTLVMMRFEVVTPVGCPAMDIPRLVSQQVNRAVPLGTTLRPDMVKQYAA,0.25440627,0.39390758,2,4114,199
MAQASVVFNGLIPQNTHLTLVMMRFEVVTPVGCPAMDIPRLVSQQVNRAVPLGTTLRPDMVKGKAA,0.2543165,0.28817922,2,4114,199
MAQASVVFNQLIPQNTHLTLPMMRFEVVTPVGCPAMDIPRLVSQQVNRAVPLGTTLRPDMVKGYAA,0.25430104,0.4284637,2,4114,199
MAQASCVFNQLIPQNTHLTLVMMRFEVVTPVGCPAMDIPRLVSQQVNRAVPLGTTLRPDMVKGYAA,0.25408947,0.36192775,2,4114,199
MAQASVVFNQLIPQNTHLTLVMMRFEVVTPVGCPAMDIPRLVSQQVNRAVPLGTTLRPDMVKHYAA,0.254052,0.36089092,2,4114,199
MAQASVVFNQLIPQNTHLTLVMMRFEVVTPVGCPAMDIPRLVSQQVNRAVPLGTTLRPDMVPGYAA,0.25383884,0.33686092,2,4114,199
MAQASVVFNQLIPCNTHLTLVMMRFEVVTPVGCPAMDIPRLVSQQVNRAVPLGTTLRPDMVKGYAA,0.25381497,0.28024286,2,4114,199
MAQASVVFNQLIPQNTHLTLVMMRFEVVTPVGCPAMDIPRLVSQQVNRAVVLGTTLRPDMVKGYAA,0.25372994,0.35442373,2,4114,199
MAQASVVFNQLIPQNTHLTLVMMRFEVVTPVGCQAMDIPRLVSQQVNRAVPLGRTLRPDMVKGYAA,0.25362003,0.31144118,2,4114,199
MTQASVVFNQLIPQNTHLTLVMMRFEVVTPVGCPAMDIPRLVSQQVNRAVPLGTTLRPDMVKGYAA,0.25352976,0.35693008,2,4114,199
MGQASVVFNQLIPQNTHLTLVMMRFEVVTPVGCPAMDIPRLVSQQVNRAVPLGTTLRPDMVKGYAA,0.25349867,0.33772075,2,4114,199
MAQASVVFNQLIPQNTHLTLVMMRFEVVTPVGCPAMDIPRLVSQQVNRAVPLGTTLRPDMVKTYAA,0.2534932,0.3532312,2,4114,199
MAQASVVFNQLIPQNTHLTLVMMRFEVVTPVGCPAMDIPRLVSQQVNRAVPLGTTLRMDMVKGYAA,0.25346458,0.32791495,2,4114,199
MAQASVVFNQLIPDNTHLTLVMMRFEVVTPVGCPAMDIPRLVSQQVNRAVPLGTTLRPDMVKGYAA,0.2534285,0.37683815,2,4114,199
MHQASVVFNQLIPQNTHLTLVMMRFEVVTPVGCPAMDIPRLVSQQVNRAVPLGTTLRPDMVKGYAA,0.25342223,0.36731103,2,4114,199
MAQASVVFNQLIPQNTHLTLVMMRFEVVTPVGCPAMDIPRLVSQQVNRAVPLGTTLRPDMVKWYAA,0.25331488,0.32370374,2,4114,199
MAQASVVFNQLIPQNTHLTLVMMRFEVVTPVGCPAMDIPRLVSQQVNRAVPLGTTLRPDMVKGFAA,0.2531965,0.32967415,2,4114,199
MAQASVVFNQLIPQNTHLTLVMMRFEVVTPVGCPAMDIPRLVSQQVNRAVPLGTTLKPDMVKGYAA,0.2531414,0.3569842,2,4114,199
MAQASVVFNQLIPQNTHLTLVMMRFEVVTPVGCPAMDIPRLVSQQVNRAVALGTTLRPDMVKGYAA,0.25313,0.36112738,2,4114,199
MAQASVVFNQLIPQNTHETLVMMRFEVVTPVGCPAMDIPRLVSQQVNRAVPLGTTLRPDMVKGYAA,0.25312978,0.1832403,2,4114,199
MAQASVVFNQLIPQNTHLTLVMMRFEVVTPVGCPAMDIPRLVSQQVNRAVPLGTTLRPDMVKMYAA,0.2531122,0.31222773,2,4114,199
MRQASVVFNQLIPQNTHLTLVMMRFEVVTPVGCPAMDIPRLVSQQVNRAVPLGTTLRPDMVKGYAA,0.2530703,0.38951042,2,4114,199
MFQASVVFNQLIPQNTHLTLVMMRFEVVTPVGCPAMDIPRLVSQQVNRAVPLGTTLRPDMVKGYAA,0.25295419,0.3593122,2,4114,199
MAQASVVFQQLIPQNTHLTLVMMRFEVVTPVGCPAMDIPRLVSQQVNRAVPLGTTLRPDMVKGYAA,0.25294605,0.36833337,2,4114,199
MAQASVVFNQLIPQNTHLTLVMMRFEVVTPVGCPAMDIPRLVSQQVNRAVNLGTTLRPDMVKGYAA,0.25286558,0.33254564,2,4114,199
MAQASVVFNQLIPQNTHLTQVMMRFEVVTPVGCPAMDIPRLVSQQVNRAVPLGTTLRPDMVKGYAA,0.25284624,0.3761114,2,4114,199
MAQASVVFNQLIPQNTHLTLVMMRFEVVTPVGCPAMDIPRLVSQQVNRAVPLGTTLVPDMVKGYAA,0.25283733,0.319908,2,4114,199
MAQASVVFNQLIPNNTHLTLVMMRFEVVTPVGCPAMDIPRLVSQQVNRAVPLGTTLRPDMVKGYAA,0.2528089,0.35459545,2,4114,199
MAQTSVVFNQLIPQNTHLTLVMMRFEVVTPVGCPAMDIPRLVSQQVNRAVPLGTTLRPDMVKGYAA,0.25279802,0.3431834,2,4114,199
MAQASVVFNQLIPQNTHLTLVMYRFEVVTPVGCPAMDIPRLVSQQVNRAVPLGTTLRPDMVFGYAA,0.25279492,0.2366107,2,4114,199
MAQASVVFNQLIPQNTHLTLVMMRFEVVTPVGCPAMDIPRLVSQQVNRAVPLGTTLRPDMVKKFAA,0.25277087,0.37753552,2,4114,199
MAQASVVFNQLIPQNTHLTLVMMRFEVVTPVGCPAMDSPRLVSQQVNRAVPLGTTYRPDMVKGYAA,0.25273162,0.23087287,2,4114,199
MANASVVFNQLIPQNTHLTLVMMRFEVVTPVGCPAMDIPRLVSQQVNRAVPLGTTLRPDMVKGYAA,0.25270635,0.33824694,2,4114,199
MCQASVVFNQLIPQNTHLTLVMMRFEVVTPVGCPAMDIPRLVSQQVNRAVPLGTTLREDDVKGYAA,0.25263005,0.24235998,2,4114,199
MYQASVVFNQLIPQNTHLTLVMMRFEVVTPVGCPAMDIPRLVSQQVNRAVPLGTTLRPDMVKGYAA,0.25262162,0.3464949,2,4114,199
MAQASVVFNQLIPQNTHLTLVMMRFEVVTPVGCPAMDIPRLVSQQVNRAVPLGTTLRPDMVNGYAA,0.25260764,0.37483588,2,4114,199
MAQASVVFNQLIPQNTHLTLVMMRFEVVTPVGCPAMDIPRLVSQQVNRAVPLGTTLRPDHVKGYAA,0.2525857,0.32388023,2,4114,199
MAQASVVFNQLIPQNTHLTLVMMRFEVVTPVGCPAMDIPRLVSQQVNRAVPLGTTLRPDNVKGYAA,0.2525415,0.3096112,2,4114,199
MAQASVVFNQLIPQNTHLTLVMMRFEVVTPVGCQAMDIPRLVSQQVNRAVPLGTTLRPDMVKGYAA,0.25254136,0.34593675,2,4114,199
MAQASVVFNQLIPQNTHLTLVMMRFEVVTPVGCPAMDIPRLVSQQVNRAVPLGTTLRPDMVKGMAA,0.2525248,0.31740293,2,4114,199
MAQGSVVFNQLIPQNTHLTLVMMRFEVVTPVGCPAMDIPRLVSQQVNRAVPLGTTLRPDMVKGYAA,0.25249955,0.3453619,2,4114,199
MAVASVVFNQLIPQNTHLTLYMMRFEVVTPVGCPAMDIPRLVSQQVNRAVPLGTTLRPDMVKGYAA,0.252493,0.35667893,2,4114,199
MAQASVMFNQLIPQNTHLTLVMMRFEVVTPVGCPAMDIPRLVSQQVNRAVPLGTTLRPDMVKGYAA,0.2524756,0.33732617,2,4114,199
MADASVVFNQLIPQNTHLTLVMMRFEVVTPVGCPAMDIPRLVSQQVNRAVPLGTTLRPDMVKGYAA,0.25244883,0.33997467,2,4114,199
MADASVVFNQLIPQNTHLTLVMMRFEVVTPVGCPAMDIPRLVSQQVNRAVPLGTTLRPDMVKGYAW,0.2524389,0.32864445,2,4114,199
MAQASVVFNQLIPQNTHLTLVMMRFEVVTPVGCPAMDIPRLVSQQVNRAVPLGTTLRPDMVKGKAA,0.2524315,0.3041487,2,4114,199
MAQASVVFNQLIPQNTHLTLVMMRFEVVTPVGCPAMDIPRLVSQQVNRAVPLGTTLRPDMVEGYAA,0.25241348,0.36548942,2,4114,199
MAQASVVFDQLIPQNTHLTLVMMRFEVVTPVGCPAMDIPRLVSQQVNRAVPLGTTLVPDMVKGYAA,0.2523973,0.33600003,2,4114,199
MAQASVVFNILIPQNTHLTLVMMRFEVVTPVGCPAMDIPRLVSQQVNRAVPLGTTLRPDMVKGYAA,0.25234216,0.34012613,2,4114,199
MAQASVVFNALIPFNTHLTLVMMRFEVVTPVGCPAMDIPRLVSQQVNRAVPLGTTLRPDMVKGYAA,0.2523058,0.28375491,2,4114,199
MAQASVVFGQLIPQNTHLTLVMMRFEVVTPVGCPAMDIPRLVSQQVNRAVPLGTTLRPDMVKGYAA,0.2522752,0.3715482,2,4114,199
MAQASVVFNQLIPQNTHLTLVMMRFEVVTPVGCPAMDIPRLVSQQVNDAVPLGTTLRPDMVKGYAA,0.2522568,0.35341457,2,4114,199
MAQASVVFNQLIPQNTHLTLVMMRFEVVTPVGCPAMDIPRLVSQQVNRAEPLGTTLRPDMVKGYAA,0.25223622,0.23998095,2,4114,199
MMQASVVFNQLIPQNTHLTLVMMRFEVVTPVGCPAMDIPRLVSQQVNRAVPLGTTLRPDMVKGYAA,0.25221446,0.38564906,2,4114,199
MAQASVVFNQLIPQNTHATLVMMRFEVVTPVGCPAMDIPRLVSQQVNRAVPLGTTLRPDMVKGYAA,0.25221148,0.29045218,2,4114,199
MAQASVVFNQLIPQNTHLTLVMMRFEVVTPVGCPAMDIPRLVSQQVNRAVPLGTTLRPDMVKNYAA,0.25220698,0.39377362,2,4114,199
MAQASVVFNQLIPQNTHLTLVMMRFEVVTPVGCPAMDIPRLVSQQVNRAVPLGTTLRPDMRKGYAA,0.25220576,0.2762962,2,4114,199
MAQASVVFNQLIPQNTHLTLVMMRFEVVTPVGCPAMDIPRLVSQQVNVAVPLGTTLRPDMVKGYAA,0.25220457,0.27443224,2,4114,199
MAQASVVFNQLIPQNTHLTLVMMRFEVVTPVGCPAMDIPRLVSQQVNRAVPLGTTLRRDMVKGYAA,0.25219598,0.34072188,2,4114,199
MAQAGVVFNPLIPQNTHLTLYMMRFEVVTPVGCPAMDTPRLVSQQVNRAVPLGTTLRPDMHRQYAA,0.25215358,0.30242145,2,4114,199
MAQASVVFNQLIPQNTHLTLVMMRFEVVTPVGCPAMDIPRLDSQQVNRAVPLGTTLPPDMVKGYAA,0.2521293,0.3175362,2,4114,199
MAQASVVFNQLIPQNTHLTLVSMRFEVVTPVGCPAMDIPRLVSQQVNRAVPLGTTLRPDMVKGYAA,0.25211427,0.34863928,2,4114,199
MAQTSVVFNQLIPQNTHLTLVMSRFEVVTPVGCPAMDIPRLVSQQVNRAVPLGTTLRPDMVKGYAA,0.25210208,0.26287955,2,4114,199
MAQASVVFNQLIPQNTHLTLVMMRFEVVTPVGCPAMDIPRLVSQQVNRAVPLGTTLHPDMVKGYAA,0.25209123,0.34942436,2,4114,199
MAQASVVFNQLIPQNTHLTLVMMRFEVVTPVGCPAMDIPRLVSQQVNRAVPLGTTLRPDMVKGNAA,0.2520821,0.31696072,2,4114,199
MAQASVAFNQLIPQNTHLTLVMMRFEVVTPVGCPAMDIPRLVSQQVNRAVPLGTTLRPDMVKGYAA,0.25208163,0.36015105,2,4114,199
MAQASVVFNQLIPQNTHLTLVMMRFEVVTPVGCPAMDIPRLVSQQVNRAVPLGTTLRPDMVKGAAA,0.25207075,0.3222163,2,4114,199
MCYASVVFNQLIPQNTHLTLVMMRFEVVTPVGCPAMDIPRLVSQQVNRAVPLGTTLRPDMVKGYAA,0.25202388,0.28436884,2,4114,199
MACASVVFNQLIPQNTHLTLVMMRFEVVTPVGCPAMDIPRLVSQQVNRAVPLGTTLRPDMVKGYAA,0.25201976,0.2994153,2,4114,199
MAQASVVFNQLIPQNTHLTLVMCRFEVVTPVGCPAMDIPRLVSQQVNRAVPLGTTLRPDMVKGYAA,0.25199822,0.33205247,2,4114,199
MQQASVVFNQLIPQNTHLTLVMMRFEVVTPVGCPAMDIPRLVSQQVNRAVPLGTTLRPDMVKGYAA,0.25198197,0.38383016,2,4114,199
MAQASVVFNQLIPQNTHLTLVMMRFEVVTPVGCPAMDIPRLVSQQVNRAVPLGTTLRPDMEKGYAA,0.2519658,0.23464344,2,4114,199
MAQASVVFNQLIPQNTHLTLVMYRFEVVTPVGCPAMDIPRLVSQQVNRAVPLGTTLRPDMVKGYEA,0.25192913,0.43041277,2,4114,199
MAQASVVFNQLIPQNTHLTLVMMRFEVVTPVGCPAMDIPRLVSQQVNRAVPLGTTLRPDMVKGYDA,0.25188836,0.42598394,2,4114,199
MAQASVVFNQLIPQNTHLTLCMMRFEVVTPVGCPAMDIPRLVSQQVNRAVPLGTTLRPDMVKGYAA,0.25187987,0.3503602,2,4114,199
MAQASVVFNALIPQNTHLTLVMMRFEVVTPVGCPAMDIPRLVSQQVNRAVPLGTTLRPDMVKGYAA,0.25182456,0.3443624,2,4114,199
MAQQGVVFYQLIPQNTHLTLYMMRFEVVTPVGCPAMDIPRLVSQQVNRAVPLGTTLRPDMVKQYAA,0.33018327,0.40547872,3,6117,298
MLQASVVFNQLIPQNTHLTLYMMRFEVVTPVGCPAMDIPRLVSQQVNRAVPLGTTLRPDMVKQYAA,0.3268002,0.4345996,3,6117,298
MADASVVFNQLIPQNTHLTLYMMRFEVVTPVGCPAMDIPRLVSQQVNRAVPLGTTLRPDMVKQYAK,0.32602507,0.46502808,3,6117,298
MAQASVVFNQLIPQNTHLTLYMMRFEVVTPVGCPAMDIPRLVSQQENRAVPLGTTLRPDMVKQYAG,0.32595292,0.32093963,3,6117,298
MHQASVVFNQLIPQNTHLTLYMMRFEVVTPVGCPAMDIPRLVSQQVNRAVPLGTTLRPDMVKQYAA,0.32595173,0.43559834,3,6117,298
MAQASVVFNQLIPQNTHLTLYMMRFEVVTPVGCPAMDIPRLVSQQVNRAVPLGTTLRPDMVKQYDA,0.3258233,0.49661723,3,6117,298
MAQQGVVFNQLIPQNTHLTLYMMRFEVVTPVGCPAMDIPRLVSQQVNRAVPLGTTLRPDMVKQYAA,0.32543766,0.39443213,3,6117,298
MAQASVVFNQLIPQNTHLTLYMMRFEVVTPVGCPAMDIPRLVSQQVNRAVPLGTTLRPDMVKQYAV,0.32534578,0.36340794,3,6117,298
MAQASVVFNQLIEQNTHLTLYMMRFEVVTPVGCPAMDIPRLVSQQVNRAVPLGTTLRPDMVKQYAA,0.3251642,0.41834646,3,6117,298
MEQASVVFNQLIPQNTHLTLYMMRFEVVTPVGCPAMDIPRLVSQQVNRAVPLGTTLRPDMVKQYRA,0.32495275,0.535422,3,6117,298
MASAQVVFNQLIPQNTHLTLYMMRFEVVTPVGCPAMDIPRLVSQQVNRAVPLGTTLRPDMVKQYAA,0.32494238,0.38542038,3,6117,298
MAYASVVFNQLIPQNTHLTLYMMRFEVVTPVGCPAMDIPRLVSQQVNRAVPLGTTLRPDMVKQYAA,0.32491514,0.38161165,3,6117,298
MAQAGVVFNQLIPQNTHLTLYMMRFEVVTPVGCPAMDIPRLVSQQVNRAVPLGTTLRPDMVKQYQP,0.32476723,0.5455592,3,6117,298
MAQASVVFNQLIPQNTHLTLYMMRFEVVTPVGCPAMDIPRLVSQQVNRAVPLGTTLRPDMVKQYAI,0.32466778,0.34833577,3,6117,298
MAQAGVVFNQLIEQNTHLTLYMMRFEVVTPVGCPAMDIPRLVSQQVNRAVPLGTTLRPDMVKQYAA,0.32460913,0.42611608,3,6117,298
MHQAGVVFNQLIPQNTHLTLYMMRFEVVTPVGCPAMDIPRLVSQQVNRAVPLGTTLRPDMVKQYAA,0.32454214,0.4434441,3,6117,298
MAQASVVFNQLIPQNTHLTLYMMRFEVVTPVGCPAMDIPRLVSQQVNRAVPLGTTLRPDMVKQYEA,0.32440302,0.5057193,3,6117,298
MAQASVVFNQLIPQNTHLTLYMMRFEVVTPVGCPAMDIPRLVSQQVNRAVPLGTTLRPDMVKQCAA,0.32398188,0.4277476,3,6117,298
MAQASVVFMQLIPQNTHLTLYMMRFEVVTPVGCPAMDIPRLVSQQVNRAVPLGTTLRPDMVKQYAA,0.32381472,0.42950127,3,6117,298
MRQAGVVFNQLIPQNTHLTLYMMRFEVVTPVGCPAMDIPRLVSQQVNRAVPLGTTLRPDMVKQYAA,0.32372925,0.46684963,3,6117,298
MAQAGVVFNQLIPQNTHLTLYMMRFEVVTPVGCPAMDIPRLVSQQVNRAVPLGTTLRPDMVKQYAF,0.3236473,0.36956662,3,6117,298
MAQAGVVFNQLIPQNTHLTLYMMRFEVVTPVGCPAMDIPRLVSQQVNRAVPLGTTLRPDMVKQAAA,0.3235229,0.39483553,3,6117,298
MAQASVVFNQLIPQNTHLTLYMMRFEVVTPVGCPAMDIPRLVSQQVNRAVPLGTTLRDDMVKQYAA,0.32351676,0.397363,3,6117,298
MAQASVVFNQLIPQNTHLTLYMMRFEVVTPVGCPAMDIPRLVSQQVNRAVPLGTTLRPDMVKMYAA,0.32344863,0.33711484,3,6117,298
MAQAGVVFNQLIPQNTHLTLYMMRFEVVTPVGCPAMDIPRLVSQQVNRAVPLGTTLRPDMVKQYNA,0.32338625,0.4915604,3,6117,298
MAQAGVVFNQLIPQNTHLTLYMMRFEVVTPVGCPAMDIPRLVSQQVNRAVPLGTTLRPDMVKQYKA,0.32321382,0.5068165,3,6117,298
MAQAGVVFNQLIRQNTHLTLYMMRFEVVTPVGCPAMDIPRLVSQQVNRAVPLGTTLRPDMVKQYAA,0.32320076,0.41397944,3,6117,298
MAQAGVVFNQLIPQNTHLTLYMMRFEVVTPVGCPAMDIPRLVSQQVNRAVPLGTTLRPDMVKQYCA,0.32313198,0.3700646,3,6117,298
MAMASVVFNQLIPQNTHLTLYMMRFEVVTPVGCPAMDIPRLVSQQVNRAVPLGTTLRPDMVKQYAA,0.32311058,0.39256766,3,6117,298
MAQAGVVFNQLIPQNTHLTLYMMRFEVVTPVGCPAMDIPRLVSQQVNRAVPLGTTLRNDMVKQYAA,0.32304326,0.41815397,3,6117,298
MAQQSVVFNQLIPQNTHLTLYMMRFEVVTPVGCPAMDIPRLVSQQVNRAVPLGTTLRPDKVKQYAA,0.32295224,0.31718898,3,6117,298
DAQASVVFNQLIPQNTHLTLYMMRFEVVTPVGCPAMDIPRLVSQQVNRAVPLGTTLRPDMVKQYAA,0.32289106,0.44393677,3,6117,298
MMQAGVVFNQLIPQNTHLTLYMMRFEVVTPVGCPAMDIPRLVSQQVNRAVPLGTTLRPDMVKQYAA,0.3228029,0.46280274,3,6117,298
MAQAGVVFNQLIPQNTHLTLYMMRFEVVTPVGCPAMDIPRLVSQQVNRAVPLGTTLRPDMVKQYEA,0.32279286,0.51367855,3,6117,298
MAQAGVVFNQLIPQNTHLTLYMMRFEVVTPVGCPAMDIPRLVSQQVNRAVPLGTTLRPDMVKQQAA,0.32253063,0.3964615,3,6117,298
MAQAGVVFNQLIPQNTHLTLYMMRFEVVTPVGCPAMDIPRLVSQQVNRAVPLGTTLRPDMVKFYAA,0.32247776,0.33835456,3,6117,298
MAQAGVVFNQLIPQNTHLTLYMMRFEVVTPVGCPAMDIPRLVSQQVNRAVPLGTTLRPDMGKQYAA,0.32244006,0.37055653,3,6117,298
MAQAGVVFSQLIPQNTHLTLYMMRFEVVTPVGCPAMDIPRLVSQQVNRAVPLGTTLRPDFVKQYAL,0.32243773,0.37720835,3,6117,298
MAQAGVVFNQLIPQNTHLTLYMMRFEVVTPVGCPAMDIPRLVSQQVNRAVPLGTTLRPDMVKQGAA,0.3223637,0.3905076,3,6117,298
MAQAGVVFNQLIPQNTHLTLYMMRFEVVTPVGCPAMDIPRLVSQQVNRAVPLGTTTRPDMVKQYAA,0.3222766,0.30579028,3,6117,298
MAQASVVFNQLIPQNTHLTLYQMRFEVVTPVGCPAMDIPRLVSQQVNRAVPLGTTLRPDMVKQYAW,0.32216197,0.38150063,3,6117,298
MAQAGVVFNQLICQNTHLTLYMMRFEVVTPVGCPAMDIPRLVSQQVNRAVPLGTTLRPDMVKQYAD,0.3221614,0.46161458,3,6117,298
MAQASVVFNQLIPQNTHLTLYMMRFEVVTPVGCPAMDIPRLVSQQVNRAVPLGTTLRPDVVKQYAA,0.32201222,0.4370845,3,6117,298
MAQASVVFNQLIHQNTHLTLYMMRFEVVTPVGCPAMDIPRLVSQQVNRAVPLGTTLRPDMVKQYAP,0.32200262,0.46221328,3,6117,298
MAQASVVFNQLIPQNTHLTLYMMRFEVVTPVGCPAMDIPRLVSQQVNRAVPLGTTLRPAMVKQYAA,0.32196352,0.35034183,3,6117,298
MAQASVVFNQLIPQNTHLTLYMMRFEVVTPVGCPAMDIPRLVSQQVNRAVPLGTTLRPDNVKQYAA,0.32191288,0.3735042,3,6117,298
MAQASVVFNQLIPQNTHLTLYMMRFEVVTPVGCPAMDIPRLVSQQVNRAVPLGTTLRPDPVKQYAA,0.32171118,0.38811806,3,6117,298
MAQASVVFNSLIPQNTHLTLYMMRFEVVTPVGCPAMDIPRLVSQQVNRAVPLGTTLRPDMVKQYAA,0.32168272,0.40711668,3,6117,298
MAQAGVVFNQLIPQNTHLTLYMMRFEVVTPVGCPAMDIPRLVSQQVNRAVPLGTTLRDDMVKQYAA,0.32159302,0.4046981,3,6117,298
MAQASVVFNQLIPQNTHLTLYMMRFEVVTPVGCPAMDIPRLVSQQVNRAVPLGTTLRPDHVKQYAA,0.32138446,0.3890584,3,6117,298
MAQASVVFNQLDPQNTHLTLYMMRFEVVTPVGCPAMDIPRLVSQQVNRAVPLGTTLRPDMVKQYAA,0.321371,0.24849722,3,6117,298
MAWASVVFNQLIPQNTHLTLYMMRFEVVTPVGCPAMDIPRLVSQQVNRAVPLGTTLRPDMVKQYAA,0.32130995,0.36800897,3,6117,298
MAQASVVFNQLIPQNTHLTLYMMRFEVVTPVGCPAMDIPRLVSQQVNRAVPLGTTLRPLMVKQYAA,0.32129252,0.32394505,3,6117,298
MAQAAVVFNQLIPQNTHLTLYMMRFEVVTPVGCPAMDIPRLVSQQVNRAVPLGTTLRPDMVKQYAA,0.32113972,0.4180325,3,6117,298
LAQAGVVFNQLIPQNTHLTLYMMRFEVVTPVGCPAMDIPRLVSQQVNRAVPLGTTLRPDMVKQYAA,0.32102147,0.42007387,3,6117,298
MAQAGVVFNQLIPQNTHLTLYMMRFEVVTPVGCPAMDIPRLVSQQVNRAVPLGTTLRPDMSKQYAA,0.32097134,0.3584986,3,6117,298
MAQRSVVFNQLIPQNTHLTLYMMRFEVVTPVGCPAMDIPRLVSQQVNRAVPLGTTLRPDMVKQYAA,0.32091144,0.39388832,3,6117,298
LAQAGVVFNQLIPQNTHLTLYMMRFEVVTPVGCPAMDIPRLVSQQVNRAVPLGTTLRPDMVKQYTA,0.3208887,0.44356176,3,6117,298
MAQAGVVFNQLIPQNTHLTLYMMRFEVVTPVGCPAMDIPRLVSQQVNRAVPLGTTLRPDMVKAYAA,0.32085398,0.35981628,3,6117,298
MAQASFVFNQLIPQNTHLTLYMMRFEVVTPVGCPAMDIPRLVSQQVNRAVPLGTTLRPDMVKQYAA,0.32083282,0.43833,3,6117,298
MAQAGVVFNQLIPQNTHLTLYMMRFEVVTPVGCPAMDIPRLVSQQVNRAVPLGTTLRPDMDKQYAA,0.3207595,0.30644432,3,6117,298
MAQAGVVFNQLIPQNTHLTLYMMRFEVVTPVGCPAMDIPRLVSQQVFRAVPLYTTLRNDMVKQYAA,0.3207223,0.3073725,3,6117,298
MAQAGVGFNQLIPQNTHLTLYMMRFEVVTPVGCPAMDIPRLVSQQVNRAVPLGTTLRPDMVKQYAA,0.32066306,0.4360879,3,6117,298
MAQASVVFNQLIPQNTHLTLYMMRFEVVTPVGCPAMDIPRLVSQQVNRAVPLGTTLRIMMVKQYAA,0.3206312,0.31275386,3,6117,298
MAQAWVVFNQLIPQNTHLTLYMMRFEVVTPVGCPAMDIPRLVSQQVNRAVPLGTTLRPDMVKQYAA,0.32052073,0.41284487,3,6117,298
MAQASVVFNQLIPQNTHLTLYGMRFEVVTPVGCPAMDIPRLVSQQVNRAVPLGTTLRPDMVKQYAA,0.32044992,0.41581678,3,6117,298
MAQAGVFFNQLIPQNTHLTLYMMRFEVVTPVGCPAMDIPRLVSQQVNRAVPLGTTLRPDMVKQYAA,0.32033196,0.42299968,3,6117,298
MAQASVVFVQLIPQNTHETLYMMRFEVVTPVGCPAMDIPRLVSQQVNRAVPLGTTLRPDMVKQYAA,0.32013848,0.22945574,3,6117,298
MAQASVVFNQLIPQNTHLTLYMMRFEVVTPVGCPAMDIPRLVSQQVARAVPLGTTLRPDMVKQYAA,0.32009557,0.35429323,3,6117,298
MAQASWVFNQLIPQNTHLTLYMMRFEVVTPVGCPAMDIPRLVSQQVNRAVPLGTTLRPDMVKQYAA,0.32007894,0.44706702,3,6117,298
MAQASVVFNQLIPQNTHLTLYMMRTEVVTPVGCPAMDIPRLVSQQVNRAVPLGTTLRPDMVKQYAA,0.31979367,0.4533236,3,6117,298
MAQASVVFNQLIPQNTHLTLYMMRVEVVTPVGCPAMDIPRLVSQQVNRAVPLGTTLRPDMVKQYAA,0.3197907,0.46686164,3,6117,298
MAQASVVFNQLIPQNTHLTLYMMRFEVVTPVGCPAMDIPRLVSQQVNRAVPLGTTLRPDLVKQYAA,0.3197426,0.43546644,3,6117,298
MAQAGVVFNQLIPQNTHLTLYMMRFEVVTPVGCPAMDIPRLVSQQVNRAVPLGTTLRPDMVAQYAA,0.31959596,0.34876767,3,6117,298
MAQAGVVFNQLIPQNTHLTLYMMRTEVVTPVGCPAMDIPRLVSQQVNRAVPLGTTARPDMVKQYAA,0.31959435,0.40442926,3,6117,298
MAQQGVVYYQLIPQNTHLTLYNMRFEVVTPVGCPAMDIPRLVSQQVNRAVPLGTTLRPDMVKQYAA,0.31955284,0.35498658,3,6117,298
MAQASVVFNQLIPQNTHLTLYMMRFEIVTPVGCPAMDIPRLVSQQVNRAVPLGTTLRPDMVKQYAA,0.31945565,0.41992882,3,6117,298
MAQAGVVFNQLIPQNTHLTLYMMRFEVVTPVGCPAMDIPRLVSQQVNRAVPLGTTKRPDMVKQYAA,0.31940448,0.2004845,3,6117,298
MHQASVVFNQLIPQNTHLTLYMMRFEVVTPVGCPAMDIPRLVSGQVNRAVPLGTTLRPDMVKQYAA,0.31936964,0.4245045,3,6117,298
MAQASVVFNQLCPQNTHLTLYMMRFEVVTPVGCPAMDIPRLVSQQVNRAVPLGTTLRPWMVKQYAA,0.31924638,0.30594048,3,6117,298
MAQAGVVFLQLIPQNTHLTLYMMRFEVVTPVGCPAMDIPRLVSQQVNRAVPLGTTLRPDMVKQYAA,0.31916833,0.43113095,3,6117,298
MAQASVVFNQIIPQNTHLTLYMMRFEVVTPVGCPAMDIPRLVSQQVNRAVPLGTTLRPDMVKQYAA,0.31902882,0.42838502,3,6117,298
MAQASVVFNQLIMQNTHLTLYMMRFEVVTPVGCPAMDIPRLVSQQVNRAVPLGTTLRPDMVKQYAA,0.31897447,0.41807616,3,6117,298
MAQASVVFNQLIPQNTHLTLYMMRFEVVTPVGCPAMDIPRLVSQQVNRAVPLGTTLEPDMVKQYAA,0.31893983,0.4145041,3,6117,298
MAQAGVVRNQLIPQNTHLTLYMMRFEVVTPVGCPAMDIPRLVSQQVNRAVPLGTTLRPDMVKQYAA,0.31889448,0.3295154,3,6117,298
MAQAGVVFNQLIPQNTHLTLYMMRFEVVTPVGCRAMDIPRLVSQQVNRAVPLGTTLRPDMVKQYAA,0.31880412,0.42305532,3,6117,298
MAQASVVINQLIPQNTHLTLYMMRFEVVTPVGCPAMDIPRLVSQQVNRAVPLGTTLRPDMVKQYAA,0.3186207,0.43356434,3,6117,298
MAQAGVVFNQLIPQNTHLTLYMMRFEVVTPVGCPAMDIPRLVSQQVNRAVPLGTTLRPDLVKQYAA,0.31854597,0.44284177,3,6117,298
MAQASVVFNQLIPQNTHLTLYMLRFEVVTPVGCPAMDIPRLVSQQVNRAVPLGTTLRPDMVKQYAA,0.3183303,0.42862412,3,6117,298
MAQASVVFNQLIPQNTHLTLYMMRFEVVTPVGCPAMDIPRLVSQQVNRALELGTTLRPDMVKQYAA,0.31831428,0.4100272,3,6117,298
MAQASVVFNQLIPQNTHLTLYEMRFEVVTPVGCPAMDIPRLVSQQVNRAVPLGTTLRPDMVKQYAA,0.31819317,0.35644275,3,6117,298
MAQASVVFNQLIPQNPHLTLYMMRFEVVTPVGCPAMDIPRLVSQQVNRAVPLGTTLRPDMVKQYAA,0.318112,0.42569605,3,6117,298
MAQASVVFNQLIPQNTHLTLYMMRFEVVTPVGCPAMDIPRLVSQQVNRAVPLGTTLRLDMVKQYAA,0.31788242,0.3931588,3,6117,298
MAQAGVVFNQLIPQNTHLTLYMMRFEVVTPVGCPAMDIPRLVSQQVNRAVPAGTTLRPDMVKQYAA,0.31777725,0.45642456,3,6117,298
MAQAGVVFNQSIPQNTHLTLYMMRFEVVTPVGCPAMDIPRLVSQQVNRAVPLGTTLRPDMVKQYAA,0.31774104,0.44903865,3,6117,298
MAQALVVFNQLIPQNTHLTLYMMRFEVVTPVGCPAMDIPRLVSQQVNRAVPLGTTLRPDMMKQYAA,0.31770915,0.37390018,3,6117,298
MAQAGVVFEQLIPQNTHLTLYMMRFEVVTPVGCPAMDIPRLVSQQVNRAVPLGTTLRPCMVKQYAA,0.31765598,0.34748495,3,6117,298
MAQAGVVFNQLNPQNTHLTLYMMRFEVVTPVGCPAMDIPRLVSQQVNRAVPLGTTLRPDMVKQYAA,0.31759205,0.28557533,3,6117,298
MAQAGVVFNQLIPQNTHLTLYMMRFEVVTPVGCPAMDIPRLVSQQVNRASPLGTTLRPDMVKQYAA,0.31757835,0.35372606,3,6117,298
MEQASVVFNQLIEQNTHLTLYMMRFEVVTPVGCPAMDIPRLVSQQVNRAVPLGTTLRPDMVKQYRA,0.3898291,0.53345037,4,8130,397
MEQASVVFNQLIPQNTHLTLYSMRFEVVTPVGCPAMDIPRLVSQQVNRAVPLGTTLRPDMVKQYRA,0.3883041,0.53077734,4,8130,397
MEQASVVFNQLIPQNTHLTLYMMRSEVVTPVGCPAMDIPRLVSQQVNRAVPLGTTLRPDMVKQYRA,0.3873705,0.5377647,4,8130,397
MAMAGVVFMQLIPQNTHLTLYMMRFEVVTPVGCPAMDIPRLVSQQVNRAVPLGTTLRPDMVKQYQP,0.38505465,0.5263772,4,8130,397
MEQAQVVFNQLIPQNTHLTLYMMRFEVVTPVGCPAMDIPRLVSQQVNRAVPLGTTLRPDMVKQYRY,0.3850497,0.50061995,4,8130,397
MAQAGCVFNQLIPQNTHLTLYMMRFEVVTPVGCPAMDIPRLVSQQVNRAVPLGTTLRPDMVKQYQP,0.38491887,0.5601727,4,8130,397
MEQASVVFNQLIPQNTHLTLYMMRFEVVTPVGCPAMDYPRLVSQQVNRAVPLGTTLRPDMVKQYRA,0.38450813,0.52370435,4,8130,397
MEQASIVFNQLIPQNTHLTLYMMRFEVVTPVGCPAMDIPRLVSQQVNRAVPLGTTLRPDMVKQYRA,0.38431218,0.5391452,4,8130,397
MGQASVVFNQLIPQNTHLTLYMMRFEVVTPVGCPAMDIPRLVSQQVNRAVPLGTTLRPDMVKQYRA,0.3842629,0.4706778,4,8130,397
MAQAGVVFNQLIPQNEHLTLYMMRFEVVTPVGCPAMDIPRLVSQQVNRAVPLGTTLRPDMVKQYQP,0.3841883,0.5375868,4,8130,397
MEQASQVFNQLIPQNTHLTLYMMRFEVVTPVGCPAMDIPRLVSQQVNRAVPLGTTLRPDMVKQYRA,0.38410085,0.4598779,4,8130,397
MEQASVVFNQLIPQNTHLTLYMMRFEVVTPVGCPAMDIPRLVSQQVKRAVPLGTTLRPDMVKQYRA,0.3840748,0.51965,4,8130,397
MEPASVVFNQLIPQNTHLTLYMMRFEVVTPVGCPAMDIPRLVSQQVNRAVPLGTTLRPDMVKQYRA,0.38402742,0.5313778,4,8130,397
KEQASVVFNQLIPQNTHLTLYMMRFEVVTPVGCPAMDIPRLVSQQVNRAVPLGTTLRPDMVKQYRA,0.3839755,0.58518857,4,8130,397
MEQNSLVFNQLIPQNTHLTLYMMRFEVVTPVGCPAMDIPRLVSQQVNRAVPLGTTLRPDMVKQMRA,0.38381416,0.43375185,4,8130,397
MEQASQVFNQLIPQNTHLTLYMMRFEVVTPWGCPAMDIPRLVSQQVNRAVPLGTTLRPDMVKQYRA,0.3837807,0.4698041,4,8130,397
MEQASVVFNQLIPQNTHLTLYMMRFEVVTPVGCPAMDIPRLVSQQVNRAVPLGTTLRPDMVKQMRA,0.38359886,0.49563965,4,8130,397
MEDASVVFNQLIPQNTHLTLYMMRFEVVTPVGCPAMDIPRLVSQQVNRAVPLGTTLRPDMVKQYRA,0.3834648,0.5212083,4,8130,397
MEQHSMVFLQLIPQNTHLTLYMMRFEVVTPVGCPAMDIPRLVSQQVNRAVPLGTTLRPDMVKQYRA,0.38334972,0.4972611,4,8130,397
CEQASVVFNQLIPQNTHLTLYMMRFEVVTPVGCPAMDIPRLVSQQVNRAVPLGTTLRPDMVKQYRA,0.3833333,0.49294287,4,8130,397
MEQNSLVFNQLIPQNTHLTLYMMRFEVVTPVGCPAMDIPRLVSQQVNRAVPLGTTLRPDMVKQYRA,0.38328618,0.47555846,4,8130,397
MEQASVVFNQLIYQNTHLTLYMMRFEVVTPVGCPAMDIPRLVSQQVNRAVPLGTTLRPDMVKQYRA,0.38313863,0.5135028,4,8130,397
MTQAGVVFNQLIPQNTHLTLYMMRTEVVTPVGCPAMDIPRLVSQQVNRAVPLGTTLRPDMVKQYQP,0.38311982,0.587954,4,8130,397
MEQASVVFNQLIPQNTHLTLYMMRFEVVTPVGCPAMDIPRLVSQQVNRAVPLGTTLRPDMVKQYAM,0.38311222,0.43234605,4,8130,397
MEQASVVFNQLIPQNTHLTLYMMRFEVVTPVGCPAMDIPRLVSQQVNRAVPLGTTLRPDMVKQYRS,0.38307655,0.5833689,4,8130,397
MEQASVVFNQLIPQNTHLTLYMMRFEVVTPVGCPAMDIPRLVSQQVNRAVPLGTTLRPDMVKQYAA,0.38307396,0.46769655,4,8130,397
MFQASVVFNQLIPQNTHLTLYMMRFEVVTPVGCPAMDIPRLVSQQVNRAVPLGTTLRPDMVKQYRA,0.3830724,0.4944237,4,8130,397
MEQASLVFNQLIPQNTHLTLYMMRFEVVTPVGCPAMDIPRLVSQQVNRAVPLGTTLRPDMVKQYRA,0.38299757,0.521791,4,8130,397
MAQAGMVFNQLIPQNTHLTLYMMRFEVVTPVGCPAMDIPRLVSQQVNRAVPLGTTLRPDMVKQYQP,0.38293532,0.5399309,4,8130,397
MEIASVVFNQLIPQNTHLTLYMMRFEVVTPVGCPAMDIPRLVSQQVNRAVPLGTTLRPDMVKQYRA,0.3829077,0.510779,4,8130,397
MAMAGVVFNQLIPQNTHLTLYMMRFEVVTPVGCPAMDIPRLVSQQVNRAVPLGTTLRPDMVKQYQP,0.38282302,0.5169566,4,8130,397
MEQASVVFNQLIPQNTHLTLYMMRFEVVTPVGCHAMDIPRLVSQQVNRAVPLGTTLRPDMVKQYRA,0.38279906,0.532779,4,8130,397
MEQASVVFNQLIPQNTHLTLYMMRFEVVTPVGCPAMDIPRLVSQQVNRAVALGTTLRPDMVKQYRA,0.38270476,0.5443374,4,8130,397
MEQASVVFNQLIPQNTHLTLYMMRFEVVTPVGCPAMDIPRLVSQQVNRAVPLGTTLRPDMVKQYRL,0.3826777,0.4583347,4,8130,397
MEQASSVFNQLIPQNTHLTLYMMRFEVVTPVGCPAMDIPRLVSQQVNRAVPLGTTLRPDMVKQYRA,0.38263136,0.46399605,4,8130,397
MEQASVVFNQLIPQNTHLTLYMMRFEVVTPWGCPAMDIPRLVSQQVNRAVPLGTTLRPDMVKQYRA,0.38260698,0.5402832,4,8130,397
MEQASVVFNQLIPQNTHLTLYMMRFEVVTPVGCPAMDIPRLVSQQVNRAVPLGTTLRPDMVKQYGA,0.38257706,0.49166238,4,8130,397
MEQASVVFNQLIPQNTHLTLYMMRFEVVTPVGCPAMDIPRLVSQQVNRAVPLGTTLRPDMVKQYNA,0.38251144,0.5316166,4,8130,397
MEQRSMVFLQLIPQNTHLTLYMMRFEVVTPVGCPAMDIPRLVSQQVNRAVPLGTTLRPDMVKQYRA,0.38241842,0.5028724,4,8130,397
MHQASVVFNQLIPQNTHLTLYMMRFEVVTPVGCPAMDIPRLVSQQVNRAVPLGTTLRPDMVKQYRA,0.38229418,0.50306857,4,8130,397
WEQASVVFNQLIPQNTHLTLYMMRFEVVTPVGCPAMDIPRLVSQQVNRAVPLGTTLRPDMVKQYRA,0.38228387,0.5253219,4,8130,397
MLQAGVVFNQLIPQNTHLTLYMMRFEVVTPVGCPAMDIPRLVSQQVNRAVPLGTTLRPDMVKQYQP,0.3822649,0.56002796,4,8130,397
MEQASVVFNQLIPQNTHLTLYMMRFEVVTPVGCPAMDIPRLVSQQVNRAVPLGTTLRPDMVKQYKA,0.3822109,0.5467789,4,8130,397
MEQASVVFNQLIPQNTHLTLYMMRFEVVTPVGCPAMDIPRLVSQQVNRAVPLGTTLRPKMVKQYRA,0.3822086,0.5317381,4,8130,397
MEQASVVFNQLIPQNTHLTLYMMRFEVVTPVGCPAMDIPRLVSQQVNRAVPLGTTLRPDMVKQYRP,0.38217813,0.58438736,4,8130,397
MEQASVVQNQLIPQNTHLTLYMMRFEVVTPVGCPAMDIPRLVSQQVNRAVPLGTTLRPDMVKQYRA,0.38214725,0.45405722,4,8130,397
MAQFGVVFNQLIPQNTHLTLYMMRFEVVTPVGCPAMDIPRLVSQQVNRAVPLGTTLRPDMVKQYQP,0.38211775,0.546618,4,8130,397
MEQASVVFNQLIPQNTHLTLYMMRFEVVTPVGCPAMDIPRLVSQQVNRAVPLGTTLRPDMVKQKRA,0.38209438,0.48017833,4,8130,397
MEQASVVFNQLIPQNTHLTLYMERFEVVTPVGCPAMDIPRLVSQQVNRAVPLGTTLRPDMVEQYRA,0.38209337,0.39019334,4,8130,397
MEQASVVFNQLIPQNTHLTLYMMRFEVVTPVGCPAMDIPRLVSQQVNRAVPLGTTLRPDMVKQRRA,0.3820805,0.50233734,4,8130,397
MSQASVVFNQLIPQNTHLTLYMMRFEVVTPVGCPAMDIPRLVSQQVNRAVPLGTTLRPDMVKQYRA,0.3820516,0.49210465,4,8130,397
MAQAGVVFNQLIPQNTHLTLYMMRCEVVTPVGCPAMDIPRLVSQQVNRAVPLGTTLRPDMVKQYQP,0.38198513,0.52730256,4,8130,397
MEQASFVFNQLIPQNTHLTLYMMRFEVVTPVGCPAMDIPRLVSQQVNRAVPLGTTLRPDMVKQYRA,0.3819704,0.5536982,4,8130,397
MEQASVVFNQLIPQNTHLTLYMMRQEVVTPVGCPAMDIPRLVSQQVNRAVPLGTTLRPDMVKQYRA,0.38197005,0.5413065,4,8130,397
MEQASVVFNQLIPQNTHLTLYMMRFEVVTPVGCPAMDIPRLVSQQVNRAVPLGTTLRPDMVKQYFA,0.3819587,0.42719084,4,8130,397
MWQASVVFNQLIPQNTHLTLYMMRFEVVTPVGCPAMDIPRLVSQQVNRAVPLGTTLRPDMVKQYRA,0.38195652,0.47813174,4,8130,397
MEQGSVVFNQLIPQNTHLTLYMMRFEVVTPVGCPAMDIPRLVSQQVNRAVPLGTTLRPDMVKQYRA,0.38193202,0.5271735,4,8130,397
MIQAGVVFNQLIPQNTHLTLYMMRFEVVTPVGCPAMDIPRLVSQQVNRAVPLGTTLRPDMVKQYQP,0.38188314,0.5531543,4,8130,397
MYQAGVVFNQLIPQNTHLTLYMMRFEVVTPVGCPAMDIPRLVSQQVNRAVPLGTTLRPDMVKQYQP,0.3818707,0.5385799,4,8130,397
MWQASVVFNQLIYQNTHLTLYMMRFEVVTPVGCPAMDIPRLVSQQVNRAVPLGTTLRPDMVKQYRA,0.38181168,0.4562545,4,8130,397
MCQAGVVFNQLIPQNTHLTLYMMRFEVVTPVGCPAMDIPRLVSQQVNRAVPLGTTLRPDMVSQYQP,0.38177535,0.49513483,4,8130,397
MEQASVVFNQLILQNTHLTLYMMRFEVVTPVGCPAMDIPRLVSQQVNRAVPLGTTLRPDMVKQYRA,0.38165745,0.51573807,4,8130,397
MCQAGVVFNQLIPQNTHLTLYMMRFEVVTPVGCPAMDIPRLVSQQVNRAVPLGTTLRPDMVKQYQP,0.38164228,0.5068217,4,8130,397
FEQASVVFNQLIPQNTHLTLYMMRFEVVTPVGCPAMDIPRLVSQQVNRAVPLGTTLRPDMVKQYRA,0.38164157,0.51875657,4,8130,397
MAQAHVVFNQLIPQNTHLTLYMMRFEVVTPVGCPAMDIPRLVSQQVNRAVPLGTTLRPDMVKQYQP,0.38163206,0.51380974,4,8130,397
MEQASVVFNQLIPQNTHLTLYMMRFEVVTPVGCPAMDIPRLVSQQVNRAVVLGTTLRPDMVKQYRA,0.38161564,0.5370919,4,8130,397
KEQASVVFNQLIPQNTHLTLYMMRFEVVYPVGCPAMDIPRLVSQQVNRAVPLGTTLRPDMVKQYRA,0.38160586,0.5524822,4,8130,397
MEQWSVVFNQLIPQNTHLTLYMMRFEVVTPVGCPAMDIPRLVSQQVNRAVPLGTTLRPDMVKQYRA,0.3816055,0.5194337,4,8130,397
MEQASVVFNQLIPQNTHLTLYMMRFEVVTPVGCPAMDIPRLVSQQVNRAVPLGTTLRPDMVKQYRT,0.38156527,0.56500435,4,8130,397
MEQASVVFNQLIVQNTHLTLYMMRFEVVTPVGCPAMDIPRLVSQQVNRAVPLGTTLRPDMVKQYRA,0.38153592,0.5219388,4,8130,397
MEQAEVVFNQLIPQNTHLTLYMMRFEVVTPVGCPAMDIPRLVSQQVNRAVPLGTTLRPDMVKQYRA,0.3813639,0.4625199,4,8130,397
MAQAGVVFNQLIYQNTHLTLYMMRFEVVTPVGCPAMDIPRLVSQQVNRAVPLGTTLRPDMVKQYQP,0.3813573,0.5236928,4,8130,397
MAQAGVVFNQLIPQNTHLTLYMMRTEVVTPVGCPAMDIPRLVSQQVNRAVPLGTTLRPDMVKQYQP,0.3813476,0.58179045,4,8130,397
MEQASVVFLQLIPQNTHLTLYMMRFEVVTPVGCPAMDIPRLVSQQVNRAVPLGTTLRPDMVKQYRA,0.38128197,0.53854305,4,8130,397
MRQAGVVFNQLIPQNTHLTLYMMRFEVVTPVGCPAMDIPRLVSQQVNRAVPLGTTLRPDMVKQYQP,0.38126892,0.584127,4,8130,397
MWQAGVVFNQLIPQNTHLTLYMMRFEVVTPVGCPAMDIPRLVSQQVNRAVPLGTTLRPDMVKQYQP,0.3812507,0.5363198,4,8130,397
KAQAGVVFNQLIPQNTHLTLYMMRFEVVTPVGCPAMDIPRLVSQQVNRAVPLGTTLRPDMVKQYQP,0.3812414,0.5950611,4,8130,397
MEQASVVFNQLIPQNTHLTLYMMRFEVVTPVGCPAMDIPRLVSQQVNRAVPLGTTLRPDVVKQYRA,0.38122785,0.55244726,4,8130,397
MAQAGVVFNQLIPQNTHLTLYMMRFEVVTPVGCPAMDIPRLVSQQVNRAVPLGTTLRPDMVKQYQD,0.38122696,0.56788075,4,8130,397
MAQAYVVFNQLIPQNTHLTLYMMRFEVVTPVGCPAMDIPRLVSQQVNRAVPLGTTLRPDMVKQYQP,0.38115054,0.5340696,4,8130,397
MEQASTVFNQLIPQNTHLTLYMMRFEVVTPVGCPAMDIPRLVSQQVNRAVPLGTTLRPDMVKQYRA,0.3811494,0.45583335,4,8130,397
MAQAGWVFNQLIPQNTHLTLYMMRFEVVTPVGCPAMDIPRLVSQQVNRAVPLGTTLRPDMVKQYQP,0.3810806,0.57705325,4,8130,397
MEQAIQVFNQLIPQNTHLTLYMMRFEVVTPWGCPAMDIPRLVSQQVNRAVPLGTTLRPDMVKQYRA,0.38108057,0.45432428,4,8130,397
MEQASVVFNQLIPQNTHLTLYMMRFEVVYPVGCPAMDIPRLVSQQVNRAVPLGTTLRPDMVKQYRA,0.38107324,0.5111486,4,8130,397
MEQASVVFNGLIPQNTHLTLYMMRFEVVTPVGCPAMDIPRLVSQQVNRAVPLGTTLRPDMVKQYRA,0.38105837,0.5098423,4,8130,397
CAQAGVVFNQLIPQNTHLTLYMMRFEVVTPVGCPAMDIPRLVSQQVNRAVPLGTTLRPDMVKQYQP,0.38105467,0.5031468,4,8130,397
MAQAGVVFNQLIPQNTHLTLYMMRFEVVTPWGCPAMDIPRLVSQQVNRAVPLGTTLRPDMVKQYQP,0.3810061,0.55170584,4,8130,397
MAQAGVVFNQLIPQNTHLTLYMMRFEVVTPVGCPAMDIPRLVSQQVNRAVPLGTTLRPDMVKQYYP,0.38096058,0.4710637,4,8130,397
MEQASVVFNQLIPQNTHLTLYMMRFEVVTPVGCPAMDIPRLVSQQVNRAVPLGTTLRPDMVKQYRQ,0.3809524,0.5918024,4,8130,397
MVQAGVVFNQLIPQNTHLTLYMMRFEVVTPVGCPAMDIPRLVSQQVNRAVPLGTTLRPDMVKQYQP,0.3808773,0.5510289,4,8130,397
MDQASVVFNQLIPQNTHLTLYMMRFEVVTPVGCPAMDIPRLVSQQVNRAVPLGTTLRPDMVKMYRA,0.38085818,0.4146508,4,8130,397
MEQASVMFNQLIPQNTHLTLYMMRFEVVTPVGCPAMDIPRLVSQQVNRAVPLGTTLRPDMVKQYRA,0.38082403,0.5182565,4,8130,397
MAQAGVVFNQLIPQNTHLTLYMMRFEVVTPVGCPAMDIPRLVSQQVNRAVPLGTTLRPDMVKQHQP,0.3808233,0.52798927,4,8130,397
MEHASVVFNGLIPQNTHLTLYMMRFEVVTPVGCPAMDIPRLVSQQVNRAVPLGTTLRPDMVKQYRA,0.3807609,0.48411086,4,8130,397
MAQAGFVFNQLIPQNTHLTLYMMRFEVVTPVGCPAMDIPRLVSQQVNRAVPLGTTLRPDMVKQYQP,0.38073587,0.5637718,4,8130,397
MEQASVVFNQLIPQNTHLTLYMMRFEVVTPVGCPAMDIPRLVSQQVNRAVPLGTTLRPDMVFQYRA,0.38065958,0.400174,4,8130,397
MEQASVVFNQLIPQNTHLTLYMMRFEVVTPVGCPAMDIPRLVSQQVNRAVPLGTTLRPDIVKQYRA,0.38065672,0.5521884,4,8130,397
MEQASVVFNRLIPQNTHLTLYMMRFEVVTPVGCPAMDIPRLVSQQVNRAVPLGTTLRPDMVKQYRA,0.3805697,0.5179845,4,8130,397
MAQAGVVFNQLIPQNTHLTLYMMRFEVVTPVGCPAMDIPRLVSQQVNRAVGLGTTLRPDMVKQYQP,0.3805474,0.5435963,4,8130,397
MTQAGQVFNQLIPQNTHLTLYMMRTEVVTPVGCPAMDIPRLVSQQVNRAVPLGTTLRPDMVKQYDP,0.49228495,0.5488954,5,10162,496
MTQAYVVFNQLIPQNTHLTLYMMRTEVVTPVGCPAMDIPRLVSQQVNRAVPLGTTLRPDMVKQHQP,0.49186546,0.55495554,5,10162,496
MTQAYVVFNQLIPQNTHLTLYMMRTEVVTPVGCPAMDIPRLVSQQVNRAVPLGTTLRPDMVKQYQP,0.49180022,0.57233477,5,10162,496
QTQAGVVFNQLIPQNTHLTLYMMRTEVVTPVGCPAMDIPRLVSQQVNRAVPLGTTLRPDMVKQYQP,0.48809618,0.62414813,5,10162,496
MTQAGVVFNQLIPQNTHLTLYMMRTEVVTPVGCPAMDIPRLVSQQVNRAVPLGTTLRPDMVKQAQP,0.48795235,0.5543528,5,10162,496
MWQAGVVFNQLIPQNTHLTLYMMRTEVVTPVGCPAMDIPRLVSQQVNRAVWLGTTLRPDMVKQYQP,0.4874233,0.54355955,5,10162,496
MEQASVVFNQLIPQNTHLTLYMMREEVVTPVGCPAMDIPRLVSQQVNRAVPLGTTLRPDMVKQYRQ,0.48737374,0.58260936,5,10162,496
MTQAGVVFNQLIPQNTHLTLYMMRTEVVTPVGCPAMDIPRLVSQQVNRAVALGTTLRPDMVKQYQP,0.48713657,0.59662074,5,10162,496
MAQAGWVFNQLIPQNTHLTLYMMRTEVVTPVGCPAMDIPRLVSQQVNRAVPLGTTLRPDMVKQYQP,0.4870592,0.6169653,5,10162,496
MTDAGVVFNQLIPQNTHLTLYMMRTEVVTPVGCPAMDIPRLVSQQVNRAVPLGTTLRPDMVKQYQP,0.48691258,0.5753906,5,10162,496
MEQASVVFNQLIPQNTHLTLYMMRDEVVTPVGCPAMDIPRLVSQQVNRAVPLGTTLRPDMVKQYRS,0.48686722,0.55716425,5,10162,496
MTQAGSVFNQLIPQNTHLTLYMMRTEVVTPVGCPAMDIPRLVSQQVNRAVPLGTTLRPDMVKQYQP,0.48610553,0.5366743,5,10162,496
MTQAGVVFNQLIPQNTHLTLYMMRTEVVTPVGCPAMDIPRLVSQQVNRAVPLGTTLRPDMVIQYQP,0.48596174,0.42964005,5,10162,496
MTQAGVVFNQLIPQNTHLTLYMMYTEVVTPVGCPAMDIPRLVSQQVNRAVPLGTTLRPDMVKQYQP,0.48582673,0.5544855,5,10162,496
MTQAGVVFNQLIPQNTHLTLYMMRTEVVTPVGCPAMDIPRLVSQQVNRAVPLGTTLRPDMVKQYIP,0.48578352,0.4695147,5,10162,496
MRQAGVVFNQLIPQNTHLTLYMMRTEVVTPVGCPAMDIPRLVSQQVNRAVPLGTTLRPDMVKQYQP,0.48567984,0.61952144,5,10162,496
MTQAGVVFNQLIPQNTHLTLYMMRTEVVTPVGCPAMDIPRLVSQQVNRAVPLGTTLRPDMVPQYQP,0.48565274,0.5706649,5,10162,496
MTQAGVVFNQLIPQNTHLTLYMMQTEVVTPVGCPAMDIPRLVSQQVNRAVPLGTTLRPDMVKQYQP,0.48556882,0.5993023,5,10162,496
MAQAGCVFNQLIPQNTHLTLYMMRTEVVTPVGCPAMDYPRLVSQQVNRAVPLGTTLRPDMVKQYQP,0.4845678,0.6011318,5,10162,496
MTQAPMVFNQLIPQNTHLTLYMMRTEVVTPVGCPAMDIPRLVSQQVNRAVPLGTTLRPDMVLVYQP,0.48407075,0.29228598,5,10162,496
MTQAGVVFNQLIPQNTHLTLYMMRTEVVTPVGCPAMDIPRLVSQQVNRAVPLGTTLRPDMVKQKQP,0.48400888,0.53351456,5,10162,496
MRQAGVVFNQLITQNTHLTLYMMRTEVVTPVGCPAMDIPRLVSQQVNRAVPLGTTLRPDMVKQYQP,0.48384774,0.6216625,5,10162,496
MTQAGVVFNQLIPQNTHLTLYMMRTEVVTPVGCPAMDIPELVSQQVNRAVPLGTTLRPDMVKQYQP,0.48361105,0.6001837,5,10162,496
MAQAGWVFMQLIPQNTHLTLYMMRTEVVTPVGCPAMDIPRLVSQQVNRAVDLGTTLRPDMVKQYQP,0.48349983,0.592681,5,10162,496
MTQAGVAFNQLIPQNTHLTLYMMRTEVVTPVGCPAMDIPRLVSQQVNRAVPLGTTLRPDMVKQAQP,0.48348218,0.56370014,5,10162,496
MTQARVVFNQLIPQNTHLTLYMMRTEVVTPVGCPAMDIPRLVSQQVNRAVPLGTTLRPDMVKQYQP,0.48324156,0.535339,5,10162,496
MTQAGVVFNQLIPQNTHLTLYMMRTEVCTPVGCPAMDIPRLVSQQVNRAVPLGTTLRPDMVKQYQP,0.48318982,0.57897145,5,10162,496
MEQASVVFNQLIPQNTHLTLYMMRDEVVTPVGCPAMDIPRLVSQQVNRAVPLGTTLRPDMVKQYRQ,0.4829935,0.5657333,5,10162,496
MTQAGVVFNQLIPQNTHLTLYMMRTEVVTPVGCPAMDIPRLVSQQVNRAVPLGTTLRPDMVKQQQP,0.48218057,0.55603206,5,10162,496
GEQASVVFNQLIPQNTHLTLYMMRDEVVTPVGCPAMDIPRLVSQQVNRAVPLGTTLRPDMVKQYRQ,0.4819913,0.562966,5,10162,496
MTQAGVVFNQLIPQNTHLTLYMERTEVVTPVGCPAMDIPRLVSQQVNRAVPLGTTLRPDMVKQYQP,0.481467,0.42707956,5,10162,496
MAPAGVVFNQLIPQNTHLTLYMMRTEVVTPVGCPAMDIPRLVSQQVNRAVPLGTTLRPDMVKQYQP,0.48115394,0.57951176,5,10162,496
MTQNGVVFNQLIPQNTHLTLYMMRTEVVTPVGCPAMDIPRLVSQQVNRAVPLGTTLRPDMVKQYTP,0.4803479,0.5159337,5,10162,496
MAQAIVVFNQLIPQNTHLTLYMMRTEVVTPVGCPAMDIPRLVSQQVNRAVPLGTTLRPDMVKQYQP,0.47986466,0.54430586,5,10162,496
KEQASVVFNQLIYQNTHLTLYMMRFEVVTPVGCPAMDIPRLVSQQVNRAVPLGTTLRPDMVKQYRA,0.47966015,0.5637041,5,10162,496
MTQAGVVFNQLIPQNTHLTLYMMRTEVVTPVGCPAMDIPRLVSQQVNRAVPLGTTLRPDMVMQYQP,0.4794835,0.48711696,5,10162,496
MTQAGVVWNQLIPQNTHLTLYMMRTEVVTPVGCPAMDIPRLVSQQVNRAVPLGTTLRPDMVKQYQP,0.47945464,0.56965643,5,10162,496
WAQAGVVFNQLIPQNTHLTLYMMRTEVVTPVGCPAMDIPRLVSQQVNRAVPLGTTLRPDMVKQYQP,0.47933653,0.5718923,5,10162,496
MEQASVVFNQLIPQNTHLTLYMMRFEVVYPVGCPAMDIPRLVSQQVNRAVPLGTTLRPDMVKQYRS,0.47918686,0.55953974,5,10162,496
MEQASVVFNQLIPQNTHLTLYMMRIEVVTPVGCPAMDIPRLVSQQVNRAVPLGTTLRPDMVKQYRP,0.47913674,0.6220824,5,10162,496
WAQAGVVFNALIPQNTHLTLYMMRTEVVTPVGCPAMDIPRLVSQQVNRAVPLGTTLRPDMVKQYQP,0.47898424,0.55122614,5,10162,496
MTQAGVVFNQLIPQQTHLTLYMMRTEVVTPVGCPAMDIPRLVSQQVNRAVPLGTTLRPDMVKQYQP,0.47812515,0.5847592,5,10162,496
MTQAGVVFNQLIPQNTHLTLYMMRTEVVTPVGCPAMDIFRLVSQQVNRAVPLGTTLRPDMVKQYQP,0.4778192,0.55922806,5,10162,496
MTQAGVVFNQLIPQNRHLTLYMMRTEVVTPVGCPAMDIPRLVSQQVNRAVPLGTTLRPDMVKQYQP,0.47759756,0.57483566,5,10162,496
KEQASRVFNQLIPQNTHLTLYMMRFEVVTPVGCPAMDIPRLVSQQVNRAVPLGTTLRPDMVKQYRA,0.4774986,0.49837476,5,10162,496
MAQAGVWFNQLIPQNTHLTLYMMRTEVVTPVGCPAMDIPRLVSQQVNRAVPLGTTLRPDMVKQYQP,0.47736856,0.5755619,5,10162,496
FAQAGVVFNQLIPQNTHLTLYMMRTEVVTPVGCPAMDIPRLVSQQVNRAVPLGTTLRPDMVKQYQP,0.477041,0.56543833,5,10162,496
MTQAGVVPNQLIPQNTHLTLYMMRTEVVTPVGCPAMDIPRLVSQQVNRAVPLGTTLRPDMVKQYQP,0.47670653,0.5109008,5,10162,496
MTQAGVVFNQLIPQNTHLTLYMMRTEVVTPVGCPAMDIIRLVSQQVNRAVPLGTTLRPDMVKQYQP,0.4764845,0.55903226,5,10162,496
MTQAGVVFNQGIPQNTHLTLYMMRTEVVTPVGCPAMDIPRLVSQQVNRAVPLGTTLRPDMVKQYQP,0.47548798,0.6091544,5,10162,496
KEQASWVFNQLIPQNEHLTLYMMRFEVVTPVGCPAMDIPRLVSQQVNRAVPLGTTLRPDMVKQYRA,0.4750126,0.6037489,5,10162,496
AAQAGVVFNQLIPQNTHLTLYMMRTEVVTPVGCPAMDIPRLVSQQVNRAVPLGTTLRPDMVKQYQP,0.47460443,0.58153737,5,10162,496
MEQASQVFNQLIPQNTHLTLYMMRFEVVTPVGCPAMDIPRLVSQQVNRAVPLGTTLRPDMVKQYRP,0.47455615,0.516452,5,10162,496
MIQAGVVFNQLIPQNTHLTLYMMRTEVVTPLGCPAMDIPRLVSQQVNRAVPLGTTLRPDMVKQYQP,0.47435954,0.5787138,5,10162,496
MAQAGVVFNQLIPQNTHLTLYMMRTEVVTPVGCPAMDIPRLVSQQVNRAVPLGTTLRPDMVKQYQI,0.47374147,0.45673874,5,10162,496
MAQAGVVFNQLIPQNTHLTLYMMRTEVVTPVGCPAMDIPRLVSQQVNRAVPLGTTLRPDMVKQYHP,0.47371733,0.54522675,5,10162,496
MTQAGQVFNQLIPQNTHLTLYMMRTEVHTPVGCPAMDIPRLVSQQVNRAVPLGTTLRPDMVKQYDP,0.47324324,0.572685,5,10162,496
KEQWSVVFNQLIPQNTHLTLYMMRFEVVTPVGCPAMDIPRLVSQQVNRAVPLGTTLRPDMVKQYRA,0.47289467,0.569536,5,10162,496
KEQAGVVFNQLIPQNTHLTLYMMRFEVVTPVGCPAMDIPRLVSQQVNRAVPLGTTLRPDMVKQYQP,0.47224724,0.64041704,5,10162,496
MTQAGVCFNQLIPQNTHLTLYMMRTEVVTPVGCPAMDIPRLVSQQVNRAVPLGTTLRPDMVKPYQP,0.47223133,0.54618925,5,10162,496
MTQAGVVFNQRIPQNTHLTLYMMRTEVVTPVGCPAMDIPRLVSQQVNRAVPLGTTLRPDMVKQNQP,0.4719725,0.56495744,5,10162,496
MTQAGVVFNQLIPQNTHLTLYMMRTEVVTPVGCPAMDIPRLVSQQVNRAVPLGFTLRPDMVKQYQP,0.47175944,0.60016036,5,10162,496
MEQASPVFNQLIPQNTHLTLYMMRFEVVTPVGCPAMDIPRLVSQQVNRAVPLGTTLRPDMVKQYRP,0.47168225,0.4981902,5,10162,496
MEQASIVFNQLIPQNTHLTLYMMRFEVVTPVGCPAMDIPRLVSQQVNRAVPLGTTLRPDMVKQYRS,0.47163355,0.5857751,5,10162,496
MEQWSVVFNQLICQNTHLTLYMMRFEVVTPVGCPAMDIPRLVSQQVNRAVPLGTTLRPDMVKQYRP,0.47149944,0.53077465,5,10162,496
MAQAGVVFNQLIFQNTHLTLYMMRTEVVTPVGCPAMDIPRLVSQQVNRAVPLGTTLRPDMVKQYQP,0.47126946,0.5617672,5,10162,496
MTQAGVVFNQLIPQNTHLTLYMMRTEVVTPVGCPAMEIPRLVSQQVNRAVPLGTTLRPDMVKQYQP,0.47094125,0.5813504,5,10162,496
KEQASKVFNQLIPQNTHLTLYMMRFEVVTPVGCPAMDIPRLVSQQVNRAVPLGTTLRPDMVKQYRA,0.47093493,0.44675526,5,10162,496
KEQASVVFNQLIPQNTHLTLYMMRFEVVTPVGCPAMDIPRLVSQQVNRAVPLGTTLRPDMVKQYRS,0.4707636,0.6315339,5,10162,496
KAQAYVVFNQLIPQNTHLTLYMMRKEVVTPVGCPAMDIPRLVSQQVNRAVPLGTTLRPDMVKQYQP,0.4705376,0.5674481,5,10162,496
MAQAGWVFNQLIPQNTHLTLYMMRGEVVTPVGCPAMDIPRLVSQQVNRAVPLGTTLRPDMVKQYQP,0.47048774,0.61455333,5,10162,496
MAQAGVFFNQLIPQNTHLTLYMMRTEVVTPVGCPAMDIPRLVSQQVNRAVPLGTTLRPDMVKQYQP,0.47048622,0.57372093,5,10162,496
MAQAGVVFNQLIPQNTHLTLYMMRTEVVTPVGCPAMDIPRLVSQQVNRAVPLGTTLRPDDVKQYQP,0.4704618,0.5393246,5,10162,496
MWQAYVVFNQLIPQNTHLTLYMMRFEVVTPVGCPAMDIPRLVSQQVNRAVPLGTTLRPDMVKQYRP,0.47011513,0.5242189,5,10162,496
KEQKSVVFNQLIPQNTHLTLYMMRFEVVTPVGCPAMDIPRLVSQQVNRAVPLGTTLRPDMVKQYRA,0.47006115,0.5487666,5,10162,496
MAQAGVVFNQLIPQNTHLTLYMMRTEVVTPVGCPAMDIPRLVSQQVNRAVPLGTTLRPDAVKQYQP,0.47001684,0.5892916,5,10162,496
MAQAGVVFNQLIPQNTHLTLYMMRTEVVTPVGCPAMDIPRLVSQQVNRAVPLGTTLRPDKVKQYQP,0.46954572,0.5068623,5,10162,496
MARAGVVFNQLIPQNTHLTLYMMRTEVVTPVGCPAMDIPRLVSQQVNRAVPLGTTLRPDMVKQYAP,0.46951264,0.50639504,5,10162,496
MTQAGVVFNQLIPQNTHLTLYMMRTEVVTPVGCPAMDIPRLVSQQVNRAVPLGTTLKPDMVKQYQP,0.4694513,0.5944491,5,10162,496
MAQAGVVFNQLIPQNTHLTLYMMRTEVVTPVGCPAMDIPRLVSQQVNRAVPDGTTLRPDMVKQYQP,0.46932575,0.605224,5,10162,496
MAQAGIVFNQLIPQNTHLTLYMMRTEVVTPVGCPAMDIPRLVSQQVNRAVPTGTTLRPDMVKQYQP,0.46929282,0.6208205,5,10162,496
MTQAGVVFNQLIPQNTHLTLYMLRTEVVTPVGCPAMDIPRLVSQQVNRAVPLGTTLRPDMVKQYQP,0.46924838,0.5962654,5,10162,496
MAQAGVVFNQLIPGNTHLTLYMMRTEVVTPVGCPAMDIPRLVSQQVNRAVPLGTTLRPDMVKQYQP,0.46906662,0.5788479,5,10162,496
KAQAGVVFNQLIPQNTHLTLYMMRREVVTPVGCPAMDIPRLVSQQVNRAVPLGTTLRPDMVKQYQP,0.468943,0.586246,5,10162,496
MKQAGWVFNQLIPQNTHLTLYMMRFEVVTPVGCPAMDIPRLVSQQVNRAVPLGTTLRPDMVKQYQP,0.46880892,0.62964475,5,10162,496
MRQAGQVFNQLIPQNEHLTLYMMRFEVVTPVGCPAMDIPRLVSQQVNRAVPLGTTLRPDMVKQYQP,0.4687265,0.5081611,5,10162,496
MEQASVVFNQLIPQNTHLTLYMMRKEVVTPVGCPAMDIPRLVSQQVNRAVPLGTTLRPDMVKQYRS,0.46867684,0.5776194,5,10162,496
KEQASWVFNQLIPQNEHLTLYMMRFEVVTPVGCPAMDIPRLVSQQVNRAVPLGTTLRPDMVKQQRA,0.4684523,0.5747489,5,10162,496
KAQAGVVFNQLIPQNTHLTLYMMRMEVVTPVGCPAMDIPRLVSQQVNRAVPLGTTLRPDMVKQYPP,0.46841452,0.5925297,5,10162,496
MTQAGVVFNQLIPQNTHLTLYMMRTEVVTPVGCPAMDIPRLVSQQVNRAVPLGTTLRPCMVKQYQP,0.46824846,0.47415876,5,10162,496
CEQASVVFNQLIPQNTHLTLYMMRFEVVTPVGCPAMDIPRLVSQQVNRAVPLGTTLRPDMVKQYRP,0.46799555,0.5425603,5,10162,496
MAQAGVVFNQLIPQNTHLTLYMMRTEVPTPVGCPAMDIPRLVSQQVNRAVPLGTTLRPDMVKQYQP,0.46793342,0.5973825,5,10162,496
KEQASVVFNQLIPQNTHLTLYMMCFEVVTPVGCPAMDIPRLVSQQVNRAVPLGTTLRPDMVKQYRA,0.46746635,0.52887535,5,10162,496
MEQASVVFNQLIPQNTHLTLYMMRTEVVTPVGCPAMDIPRLVSQQVNHAVPLGTTLRPDMVKQYRP,0.4674378,0.58707696,5,10162,496
MEQASVVFNQLIPQNTHLTLYMMYFEVVTPVGCPAMDIPRLVSQQVNRAVRLGTTLRPDMVKQYRS,0.46739614,0.53355104,5,10162,496
MAQAIVVFNQLIPQNTHLTLYMMRTEVVTPVGCPAMDIPRLVSQQVNRAVPLGTTLRPDMVKGYQP,0.46729907,0.501628,5,10162,496
MEQASVVFNQLIPQNTHLTLYMMRFEVVTPVGCPAMDIPRLVSQQVNRAVPLGTTLRPDMVKQTRS,0.4671744,0.54154056,5,10162,496
KEQASVVFNQLIPQNTHLTLYMERFEVVTPVGCPAMDIPRLVSQQVNRAVPLGTTLRPDMVKQYRA,0.46687087,0.42578632,5,10162,496
KEQASVVFNQLIPQNTHLTLYMMRFEVVTPVGCPAMDIPRLVSQQVNRAVDLGTTLRPDMVKQYRA,0.46672174,0.56048846,5,10162,496
MCQAGWVFNQLIPQNTHLTLYMMRTEVVTPVGCPAMDIPRLVSQQVNRAVPLGTTLRPDMVKQYQP,0.5982275,0.57881826,6,12179,595
MAIAGWVFNQLIPQNTHLTLYMMRTEVVTPVGCHAMDIPRLVSQQVNRAVPLGTTLRPDMVKQYQP,0.5918646,0.5823501,6,12179,595
MAQAGWVFNQLIPQNTHLTQYMMRTEVVTPVGCPAMDIPRLVSQQVNRAVPLGTTLRPDMVKQYQP,0.5913268,0.6433698,6,12179,595
MSQSGWVFNQLIPQNTHLTLYMMWTEVVTPVGCPAMDIPRLVSQQVNRAVPLGTTLRPDMVKQMQP,0.5867063,0.53791755,6,12179,595
MAQQGWVFNQLIPQNTHLTLYMMRTEVVTPVGCPAMDIPRLVSQQVNRAVPLGTTLRPDMVKQYQP,0.58241177,0.5936417,6,12179,595
MAQAGWVFNQLIPQNTHLTLYMMRTEVVTWVGCPAMDIPRLVSQQVNRAVPLGTTLRPDMVKQYQP,0.579995,0.5479856,6,12179,595
MAQAGWVFNQLIPQNTHLTLYMMETEVVTPVGCPAMDIPRLVSQQVNRAVPLGTTLRPDMVKQYQP,0.57955164,0.6124892,6,12179,595
MAQAGWVFNQLILQNTHLTLYMMRTEVVTPVGCPAMDIPRLVSQQVNRAVPLGTTLRPDMVKQYQP,0.5786504,0.5981433,6,12179,595
MAQAGWVFNQLIPQNTHLTLYMMRTEVVTPVGCPAMDIPRLVSQQVNRAVNLGTTLRPDMVKQYQP,0.57589126,0.59540576,6,12179,595
MAQAGWVFNQLIPQNTHLTLYMMRTEVVTPVGCPAMDIPRLVSQQVNRAVPLGTTLRPDIVKQYQP,0.5749905,0.62679005,6,12179,595
MAQAGWVFNQLIPDNTHLTLYMMRTEVVTPVGCPAMDIPRLVSQQVNRAVPLGTTLRPDMVKQYQP,0.5745732,0.64108163,6,12179,595
MCQAGWVFNQLIPQNTHLTLYMMRTEVVTPVGCPAMDIPRLVSQQVNRAVPLGTTLRFDMVKQYQP,0.57403016,0.56061137,6,12179,595
MAQAGWVFNQLIPQNTHLTLYMMRTEVVTPVGCPAMDIPRLVSQQVNRAVPLGTTLRPDMVKQNQP,0.57377756,0.577116,6,12179,595
MAQAGWVFNQLIPQNTHLTLYMMRTEVVTPVGCPAMDIPRLVSQQVNRAVPLGTTLRPDMVKQYQG,0.57377553,0.6100128,6,12179,595
MNQAGWVFNQLIPQNTHLTLYMMRGEVVTPVGCPAMDIPRLVSQQVNRAVPLGTTLRPDMVKQYQP,0.57341695,0.637286,6,12179,595
MWQAGWVFNQLIPQNTHLTLYMMRGEVVTPVGCPAMDIPRLVSQQVNRAVPLGTTLRPDMVKQYQP,0.5732888,0.6092966,6,12179,595
MAQAGWVFNQLIEQNTHLTLYMMRTEVVTPVGCPAMDIPRLVSDQVNRAVPLGTTLRPDMVKQYQP,0.5715655,0.5744845,6,12179,595
MAQAGWVFNRLIPQNTHLTLYMMRTEVVTPVGCPAMDIPRLVSQQVNRAVPLGTTLRPDMVKQYQP,0.5712728,0.60030365,6,12179,595
MAQAGWVFNQFIPQNTHLTLYMMRTEVVTPVGCPAMDIPRLVSQQVNRAVPLGTTLRPDMVKQYQP,0.5699021,0.6140973,6,12179,595
MAQAGWNFNQLIPQNTHLTLYMMRTEVVTPVGCPAMDIPRLVSQQVNRAVPLGTTLRPDMVKQYQP,0.56950545,0.6040658,6,12179,595
MAQAGWVFNQMIPQNTHLTLYMMRTEVVTPVGCPAMDIPRLVSQQVNRAVPLGTTLRPDMVKQYQP,0.5682039,0.6322009,6,12179,595
MAQAGWVFNQLIPQNTHLTLYMMRTEVVTPVGCPAMDIPRLVSRQVNRAVPLGTTLRPDMVKQYQP,0.5675937,0.591637,6,12179,595
MAQAGWVFNQLIPQNTHLTLYMMRTEVVTPVGCPAMDIPRLVSQQVNRAVPLGTTLRPDMVKQYQW,0.5669031,0.5593017,6,12179,595
MNQAGWVFNQLIPQNTHLTLYMMRGEVVTPVGCPAMDIPRLVSQQVNRAVPLGTTLRPDMVKQYDP,0.5652712,0.64521307,6,12179,595
MAQAGWEFNQLIPQNTHLTLYMMRTEVVTPVGCPAMDIPRLVSQQVNRAVPLGTTLRPDMVKQYQP,0.5652087,0.5505404,6,12179,595
MAQAGWVPNQLIPQNTHLTLYMMRTEVVTPVGCPAMDIPRLVSQQVNRAVPLGTTLRPDMVKQYQP,0.56428844,0.541103,6,12179,595
MAQAGWVFNQLIPQNTHLTLYMMRGEVVTPVGCPAMDIPRLVSQQVNRAVWLGTTLRPDMVKQYQP,0.56390065,0.5896195,6,12179,595
MAQAGWVFNQLIPQNTHLTLYMMRTVVVTPVGCPAMDIPRLVSQQVNRAVPLGTTLRPDMVKQYQP,0.56292075,0.6140965,6,12179,595
MAQAGWVFNQLIPQNTHLTLYMMRTEVVTPAGCPAMDIPRLVSQQVNRAVPLGTTLRPDMVKQYQP,0.5624106,0.6439088,6,12179,595
MAQAGWVFNQLIPQNDHLTLYMMRTEVVTPVGCPAMDIPRLVSQQVNRAVPLGTTLRPDMVKQYQP,0.5608038,0.6063663,6,12179,595
MAQAGWVFNQLIPQNTHLTLYEMRTEVVTPVGCPAMDIPRLVSQQVNRAVPLGTTLRPDMVKQYQP,0.56064546,0.5519491,6,12179,595
MTQALVVFNQGIPQNTHLTLYMMRTEVVTPVGCPAMDIPRLVSQQVNRAVRLGTTLRPDMVKQYQP,0.56029093,0.5540783,6,12179,595
MAQAGWVFPQLIPQNTHLTLYMMRGEVVTPVGCPAMDIPRLVSQQVNRAVPLGTTLRPDMVKQYQP,0.560181,0.62628007,6,12179,595
MAQAGWVFNQLIPQNNHLTLYMMRTEVVTPVGCPAMDIPRLVSQQVNRAVPLGTTLRPDMVKQYQP,0.5593689,0.6106078,6,12179,595
MAQAGWVFNQLIPQNTHLTLYMMRTEVVTPVGCPAMDIPRLVSQQVNRAVPLQTTLRPDMVKQYQP,0.5592656,0.6285597,6,12179,595
MAQAGWVFNQLAPQNTHLTLYMMRTEVVTPVGCPAMDIPRLVSQQVNRAVPLGTTLRPDMVKQYQP,0.5585729,0.5834483,6,12179,595
MAQAGWVFNQLIPQNTHLTLYMMRTEVVTPVGCPAGDIPRLVSQQVNRAVPLGTTLRPDMVKQYQP,0.5584653,0.6475734,6,12179,595
MAQAGWWFNQLIPQNTHLTLYMMRTEVVTPVGCPAMDIPRAVSQQVNRAVPLGTTLRPDMVKQYQP,0.55821186,0.5850666,6,12179,595
MAQAGWVFNQLIPMQTHLTLYMMRTEVVTPVGCPAMDIPRLVSQQVNRAVPLGTTLRPDMVKQYQP,0.55797595,0.5656416,6,12179,595
MAQAGWVFNQLIPQNTHLGLYMMRTEVVTPVGCPAMDIPPLVSQQVNRAVPLGTTLRPDMVKQYQP,0.55723506,0.6112134,6,12179,595
MAQAGWVFNQLIPQNTHLTLYMMRTEVVTPVGCPAMDIPRLVSQQVNRAVPLGTTLRFDMVKQYQP,0.55711925,0.59926575,6,12179,595
MAQAGWVFNQLIPQNTHLTLYMMRTEVFTPVGCPAMDIPRLVSQQVNRAVPLGTTLRPDMVKQYQP,0.55677825,0.59897274,6,12179,595
MAQAGWVFNQLIPQNTHLTLYMMRTEVVTPVGCPAMDCPRLVSQQVNRAVPLGTTLRPDMVKQYQP,0.5564127,0.5836792,6,12179,595
MAQAGWVFNQLIPQNTHLTLYMMRTEVVTPVGCMAMDIPRLVSQQVNRAVPLGTTLRPDMVKQYQP,0.5563938,0.57242084,6,12179,595
MAQAGWVFNQLIPQNTHLTLYMMRTEVVTPVGCPAMDIPRLVSQQVNPAVPLGTTLRPDMVKQYQP,0.5557325,0.60211086,6,12179,595
MAQAGWVFNQLIPQNTHLTQYMMRTEVVTPVGCPAMDIPRLVSVQVNRAVPLGTTLRPDMVKQYQP,0.5554606,0.63026494,6,12179,595
MAQAGWVFNQLIPQNTHLTLYMMRHEVVTPVGCPAMDIPRLVSQQVNRAVPLGTTLRPDMVKQYQP,0.5554441,0.5674785,6,12179,595
MAQAGWVFNQLIPQNTHLTLYMMEGEVVTPVGCPAMDIPRLVSQQVNRAVPLGTTLRPDMVKQVQP,0.5554241,0.55256337,6,12179,595
MAQAGWVFNQLIPQNTHLTLYMMRVEVVTPVGCPAMDIPRLVSQQVNRAVPLGTTLRPDMVKQYQP,0.55527246,0.6155583,6,12179,595
MAQAGWVFNQLIPQNTHLTLYMMEGEVVTPVGCPAMDIPRLVSQQVNRAVPLGTTLRPDMVKQYQP,0.55516315,0.6100669,6,12179,595
MATAGWVFNQLIPQNTHLTLYMMRGEVVTPVGCPAMDIPRLVSQQVNRAVPLGTTLRPDMVKQYQP,0.5550988,0.60901254,6,12179,595
MAQAGWVFNQLIPQNTHLTLYMMRTEVVTPVGCPAMDYPRLVSQQVNRAVPLGTTLRDDMVKQYQP,0.5546347,0.5905425,6,12179,595
MAQAGWVFNQLIPQNTHLTLYMMRTEVVTPVGCPAMDIPRLVSQSVNRAVPLGTTLRPDMVKQYQP,0.5537483,0.61065906,6,12179,595
MAQAGWVFNQLIPQNTHLTLYMMRTEVVTPVGCPAMDIPRLVSQQVNRAVYLGTTLRPDMVKQYQP,0.55372834,0.60465974,6,12179,595
MAQAGWVFNQLIPQNTHLTLYMMRTEVVTPVGCHAMDIPFLVSQQVNRAVPLGATLRPDMVKQYQP,0.5535406,0.54000556,6,12179,595
MRQALVVFNQLIPQNTHLTLYMMRTEVVTPVGCPAMDIPRLVSQQVNRAVPLGTTLRPDMVKQYQP,0.55346763,0.57418305,6,12179,595
MAQACWVFNQLIPQNTHLTLYMMRGEVVTPVGCPAMDIPRLVSQQVNRAVPLGTTLRPDMVKQYQP,0.55319995,0.59240943,6,12179,595
MAQAGWVFNQLIPQNTHLTLYMMRGEVVTRVGCPAMDIPRLVSQQVNRAVPLGTTLRPDMVKQYQP,0.5531577,0.6171442,6,12179,595
MAQAGWVFNQLIPQNTHLTLYMMRTEVVAPVGCPAMDIPRLVSQQVNRAVPLGTTLRPDMVKQYQP,0.5528066,0.61211497,6,12179,595
MSQSGWVFNQLIPQNTHLTLYMMWTEVVTPVGCPAMDIPRHVSQQVNRAVPLGTTLRPDMVKQMCP,0.552657,0.34891045,6,12179,595
MRQAGYVFNQLITQNTHLTLYMMRTEVVTPVGCPAMDIPRLVSQQVNRAVPLGTTLRPDMVKQYQP,0.5522308,0.6627679,6,12179,595
MAQAGWVFNQPIPQNAHLTLYMMRGEVVTPVGCPAMDIPRLVSQQVNRAVPLGTTLRPDMVKQYQP,0.5520305,0.62413174,6,12179,595
MAQAGWVFNQLIPQNTHLTLYMMRTEVVLPVGCPAMDIPRLVSQQMNRAVPLGTTLRPDMVKQYQP,0.55172884,0.5726424,6,12179,595
MAQAGWVFNQLIPQNTHLTLYMMRGEVVTPVGCPAMDIPRLVSQQVNRAVNLGTTLRPDMVKQYQP,0.55128306,0.59294754,6,12179,595
MAQAGWVFNQLIPQNTHLTLYMMRGEVVTPVGCPAMDIPALVSQQVNRAVPLGTTLRPDMVKQYQP,0.5511841,0.5746655,6,12179,595
MAQAGWVFNQLIPQNTHLTLYMMRTEVVTPVGCPAMDIPRLVSQQVNRAVPLGTTLGPDMVKQYQP,0.5507022,0.6251858,6,12179,595
MTQALVVFNQGIPQNTHLTLYMMRTEVVTPVGCPAMDIPRLVSGQVNRAVRLGTTLRPDMVKQYQP,0.55059254,0.53630906,6,12179,595
QTQAGVVFNQLIPQNTHLTLYMMRTEVVTPVGCPAMDIPRLVSQQVNRAVALGTTLRPDMVKQYQP,0.5503985,0.63252944,6,12179,595
MAQAGWVFNQLIPQNTHLTLYMMITEVVTPVGCPAMDIPRLHSQQVNRAVPLGTTLRPDMVKQYQP,0.5503304,0.5875142,6,12179,595
MAQAGWVFNQLIPQNTHLTLYMMRTEVVTPVGCPAMDIPRHVSQQVNRAVPLGTTLRPDMVKQYQP,0.55001086,0.5470611,6,12179,595
MTQAGVVFNQGIPQNTHLTLYMMRTEVVTPVGCPAMDIPRLVSQQVKRAVPLGTTLRPDMVKQYQP,0.5499935,0.5939873,6,12179,595
MAQAGWVFNQLIPQNRHLTLYMMRTEVVTPVGCPAMDIPRLVSQQVNRAVPLGTTLRPDMVKSYQP,0.54988503,0.5844843,6,12179,595
MAQAGWVFNQLIPQNTHLTLYMMRGEVVTPVGCPAMDIPRLVSQQVNRAVPLGTTLRPDMVKQSQP,0.5491357,0.5786185,6,12179,595
MAQAGWVFNQLIPQNTHLTLYMMRTEVVTPVGCPAMDIPRLVSQQVNRSVPLGTTLRPDMVKQYQP,0.5490434,0.64188796,6,12179,595
MAQAGWVFNQLIPQNTHLTLYMMRTEVVTPVGCPAMDIPRLVSQQVNRAVPLGTNLRPDMVKQYQP,0.54889613,0.5904845,6,12179,595
MTQAGVVFNQGIPQNTHLTLYMMRTEVVTPVGCPAMDIPRLVSQQVNRAVRLGTTLRPDMVKQYQP,0.548564,0.6000663,6,12179,595
QTQAGVVFNQLIPQNTHLTLYMMRTEVVTPVGCPAMDIPRLVSQQVNRAVPLGWTLRPDMVKQYQP,0.5484255,0.62572163,6,12179,595
MAQAGWVFNQLIPQNTHLTLYMMRTEVVTPVGCPAMDIPRLVSQQVNRAVPLGTTLRCDMVKQYQP,0.5472455,0.6188962,6,12179,595
QTQAGVVFNQLIPQNTHLTLYMMRTEVCTPVGCPAMDIPRLVSQQVNRAVPLGTTLRPDMVKQYQP,0.5471777,0.61541665,6,12179,595
MNQAGWVFNQLIPQNTHLTLYMMRGEVVTPVGCPAMDIPRLVSQQVNVAVPLGTTLRPDMVKQYDP,0.546898,0.5577852,6,12179,595
QTQAGVVFNQSIPQNTHLTLYMMRTEVPTPVGCPAMDIPRLVSQQVNRAVPLGTTLRPDMVKQYQP,0.5468092,0.6703854,6,12179,595
MAQAGIVFNQLIPQNTHLVLYMMRTEVVTPVGCPAMDIPRLVSQQVNRAVPTGTTLRPDMVKQYQP,0.546589,0.5934478,6,12179,595
MRQAGGVFNQLIPQNTHLTLYMMRTEVVTPVGCPAMDIPRLVSQQVNRAVPLGTTLRPDMVKQYQP,0.54646736,0.5706744,6,12179,595
MRQAGVVFNQLIEQNTHLTLYMMRTEVVTPVGCPAMDIPRLVSQQVNRAVPLGTTLRPDMVKTYQP,0.54621947,0.5768644,6,12179,595
QTQAGVVFNQGIPQNTHLTLYMMRTEVVTPVGCPAMDIPRLVSQQVNRAVPLGTTLRPDMVKQYQP,0.54611164,0.6446119,6,12179,595
MAQAGWVFNQLIPQNTHLTLYMMRTEVVTPVGCPAMDIPRLVSQQVNRAVPLGTTLSPDMVKWYQP,0.545953,0.5518425,6,12179,595
MEQAGVVFNQLIPQNTHLTLYMMRTEVATPVGCPAMDIPRLVSQQVNRAVPLGTTLRPDMVKQYQP,0.5458857,0.64760655,6,12179,595
MTQAQVVFNQGIPQNTHLTLYMMRTEVVTPVGCPAMDIPRLVSQQVNRAVPLGTTLRPDMVKQYQP,0.54572415,0.57352024,6,12179,595
MAQAGWVFNQLIPQNTHLTLYMMLGEVVTPVGCHAMDIPRLVSQQVNRAVPLGTTLRPDMIKQYQP,0.54567057,0.56402904,6,12179,595
QTQAGSVFNQLIPQNTHLTLYMMRTEVVTPVGCPAMDIPRLVSQQVNRAVPLGTTLRPDMVKQYQP,0.54560333,0.5741101,6,12179,595
QSQAGVVFNQLIPQNTHLTLYMMRTEVVTPVGCPAMDIPRLVSQQVNRAVPLGTTLRPDMVKQYQP,0.5454606,0.62339747,6,12179,595
MAQAGWVFNQLIPKNTHLTLYMMRTEVVTPVMCPAMDIPRLVSQQVNRAVPLGTTLRPDMVKQYQC,0.54544985,0.45984045,6,12179,595
MTQAGVVFNQGIPQNTHLTLYMMRTEVITPVGCPAMDIPRLVSQQVNRAVPLGTTLRPDMVKQYQP,0.54541266,0.5922044,6,12179,595
MAQAGWVFNQLIPQNTCLTLYMMRTEVVTPVGCPAMDIPRLVSQQVNRAVPLGTTLRPDMVKQYQP,0.54534787,0.53726995,6,12179,595
MAQAGWVFNQMIPQNTHLTLYMMRGEVVTPVGCPAMDIPRLVSQQVNRAVPLGTTLRPDMVKQYQP,0.5450001,0.6298273,6,12179,595
MAQAGWVFNQLCPQNTHLTLYMMRTEVVTPVGCPAMDIPRLVSQQVNRAVPLGTTLRPDMVKQYQP,0.5445767,0.5799736,6,12179,595
MAQAGWVFIQLIPQNTHLTLYMMRGEVVTPVGCPAMDIPRLVSQQVNRAVPLGTTLRPDMVKQYQP,0.5444333,0.6051429,6,12179,595
MKQAGWVFNQLIPQNTHLNLYMMRFEVVTPVGCPAMDIPRLVSQQVNRAVPLGTTLRPDMVKQYQP,0.5442844,0.6273014,6,12179,595
MAQAGWVFNQLIPQNTHLTLYMMRGEVVTPVGCWAMDIPRLVSQQVNRAVPLGTTLRPDMVKQYQP,0.54416835,0.60426086,6,12179,595
MNQAGWVFNQLIPQNTHLSLYMMRGEVVTPVGCPAMDIPRLVSQQVNRAVPLGTTLRPDMVKQYDP,0.63556135,0.6408606,7,14188,694
MYQAGWVFNQLIPQNTHLTQYMMRCEVVTPVGCPAMDIPRLVSQQVNRAVPLGTTLRPDMVKQYQP,0.6278043,0.58910507,7,14188,694
MACAGWVFNQLIPQNTHLSLYMMRTEVVTPAGCPAMDIPRLVSQQVNRAVPLGTTLRPDMVKQYQP,0.6240022,0.572699,7,14188,694
MVQAGWKFNQLIPQNTHLTQYMMRTEVVTPVGCPAMDIPRLVSQQVNRAVPLGTTLRPDMVKQYQP,0.62357414,0.6159947,7,14188,694
FNQAGWVFNQLIPQNTHLTLYMMRGEVVTPVGCPAMDIPRLVSQQVNRAVGLGTTLRPDMVKQYQP,0.62357414,0.61982965,7,14188,694
MNQAGWVFNQLIPQNTHLTLYMMRGEVVTPVGCPAMDIPRLVSQQVNRAVGLGTTLRPDMVKQYQP,0.623236,0.6354546,7,14188,694
MNQKGWVFNQLIPQNTHLTLYMMRGEVVTPVGCPAMDIPRLVSQQVNRAVPLGTTLRPDMVKQYQP,0.62261355,0.6002005,7,14188,694
MNQAGWVFNQLIPQNTHLTLYMMRGEVLTPVGCPAMDIPRLVSQQVNRAVPLGTTLRPDMVKQYQP,0.6187993,0.6205616,7,14188,694
MNQAGWVFNQLIPQNTHLTLYMMYGEVVTPVGCPAMDIPRLVSQQVNRAVPLGTTLRPDMVKQYQP,0.6184174,0.6041509,7,14188,694
MAQAGWVFNQLIPQNTHLTQYMMRTEVVTPVGCPAMDIPRLVSQQVNRAVGLGTTLRPDMVKQYQP,0.61778533,0.6415519,7,14188,694
MNQAGWVFNQHIPQNTHLTLYMMRGEVVTPVGCPAMDIPRLVSQQVNRAVPLGTTLRPDMVKQYQP,0.6171237,0.6460838,7,14188,694
MAQAGWVFNQLIPQNTHLTQYMMRTEVVTRVGCPAMDIPRLVSQQVNRAVPLGTTLRPDMVKQYQP,0.61699647,0.6458787,7,14188,694
MNQAGWVFNQLIPQNTHLTLYMMMGEVVTPVGCPAMDIPRLVSQQVNRAVPLGTTLRPDMVKQYQP,0.6151261,0.6269133,7,14188,694
MNQAGWVFNQLIPQNTHLTLYMMRGEVVTPVGCRAMDIPRLVSQQVNRAVPLGTTLRPDMVKQYQP,0.61421764,0.62458026,7,14188,694
MACAGWVFNQLIPQNTHLTQYMMRTEVVTPVGCPAMDIPRLVSQQVNRAVPLGTTLRPDMVKQYQP,0.6125746,0.58358943,7,14188,694
MNQAGWVFNQLIPQNTHLTLYMMRGEVVTPVGCPAMDIPRLVSQQVNRAVPLGTTLRPDMVKQEQP,0.6113629,0.55344737,7,14188,694
MFQAGWVFNQLIPQNTHLALYMMRGEVVTPVGCPAMDIPRLVSQQVNRAVPLGTTLRPDMVKQYQP,0.61100984,0.61178076,7,14188,694
MNQAGWVFNQLIPQNTHLTLYMMRGEVVTPVGCPAMDIPRLVSQQVNRAVGLGTTLRPDMVKQYDK,0.61068255,0.64880514,7,14188,694
MNQAGWAFNQLIPQNTHLTLYMMRGEVVTPVGCPAMDIPRLVSQQVNRAVPLGTTLRPDMVKQYQP,0.6105902,0.6473313,7,14188,694
MADAGWVFNQLIPQNTHLTQYMMRTEVVTPVGCPAMDIPRLVSQQVNRAVPLGTTLRPDMVKQYQP,0.61042917,0.63143694,7,14188,694
MNQAGWVFNQLIPQNTHLTHYMMRGEVVTPVGCPAMDIPRLVSQQVNRAVPLGTTLRPDMVKQYQP,0.61026704,0.62581426,7,14188,694
MNQAGWVFNQLIHQNTHLTLYMMRGEVVTPVGCPAMDIPRLVSQQVNRAVPLGTTLRPDMVKQYQP,0.61021763,0.63063097,7,14188,694
QTQAGVVFNQSIPQNTHLTLYMMRTEVPYPVGCPAMDIPRLVSQQVNRAVELGTTLRPDMVKQYQP,0.60970634,0.639144,7,14188,694
MAQAGWVFNQIIPQNTHLTQYMMRTEVVTPVGCPAMDIPRLVSQQVNRAVPLGTTLRPDMVKQYQP,0.60962,0.65095,7,14188,694
MNQAGWVFNQLIPQNTHLTLYMMRGEVVTPVGCPAMDIPRLVSQQVNRAVPLGTTLRPDMVKQYRP,0.608915,0.6367472,7,14188,694
QEQAGVVFNQSIPQNTHLTLYMMRTEVPTPVGCPAMDIPRLVSQQVNRAVPLGTTLRPDMVKQYQP,0.6081347,0.70762616,7,14188,694
MNVAGWVFNQLIPQNTHLTLYMMRGEVVTPVGCPAMDIPRLVSQQVNRAVPLGTTLRPDMVKQYQP,0.6081211,0.61233,7,14188,694
MNQAGWVFNQLIPQNTHLTLYMMRGEVVTPVGCPAMDIPRLVSQQVNRAVPLTTTLRPDMVKQYQP,0.607201,0.6388898,7,14188,694
MAQAGWVFNQLIPQNTHLDQYMMRTEVNTPVGCPAMDIPRLVSQQVNRAVALGWTLRPDMVKQYQP,0.6068148,0.68517864,7,14188,694
MNQAGWVFNQMIPQNTHLTLYMMRGEVVTPVGCPAMDIPRLVSQQVNRAVPLGTTLRPDMVKQYQP,0.60669416,0.65216905,7,14188,694
MTQAGWVFNQLIPQNTHLTLYMMRTEVVTPWGCPAMDIPRLVSQQVNRAVPLGTTLRPDMVKQYQP,0.6066867,0.64121765,7,14188,694
MTQAGWVFNQLIPQNTHLTLYMMRTEVVTPAGCPAMDIPRLVSQQVNRAVPLGTTLRPDMVKQYQP,0.60663927,0.64875215,7,14188,694
MNQAGWVFNQLITQNTHLTLYMMRGEVVTPVGCPAMDIPRLVSQQVNRAVPLGTTLRPDMVKQYDP,0.6065916,0.64729184,7,14188,694
MAQAGWVFNQLIPDNTHLQLYMMRTEVVTPVGCPAMDIPRLVSQQVNRAVPLGTTLRPDMVKQYQP,0.60647464,0.6498782,7,14188,694
MAQAGWVFNQLIPQNTHLFQYMMRTEVVTPVGCPAMDIPRLVSQQVNRAVPLGTTLRPDMVKQYQP,0.6061977,0.60330737,7,14188,694
MNQAGWVENQLIPQNTHLTLYMMRGEVVTPVGCPAMDIPRLVSQQVNRAVPLGTTLRPDMVKQYQP,0.605129,0.5039309,7,14188,694
MAQAGWVFNQLIPQNTHLTQYMMRTETVTPVGCPAMDIPRLVSQQVNRAVPLGTTLRPDMVKQYQP,0.6049623,0.66528237,7,14188,694
MNQAGWVFNQLIPQNTHLTLYMMRGEVVTPVGCPAMDIPRLVSQQVNRAVPLGTTLFPDMVKQYQP,0.60459375,0.5817356,7,14188,694
MAQAGWVFNQLIPDNTHLTQYMMRTEVVTPVGCPAMDIPRLVSQQVNRAVPLGTTLRPDMVKQYQP,0.6043636,0.66672176,7,14188,694
MAEAGWVFNQLIPQNTHLTQYMMRTEVVTPVGCPAMDIPRLVSQQVNRAVPLGTTLRPDMVKQYQP,0.604326,0.6376071,7,14188,694
MAQAGWVFNQLIPDNTHLTLYMMRTEVPTPVGCPAMDIPRLVSQQVNRAVPLGTTLRPDMVKQYQP,0.60351485,0.6628017,7,14188,694
MNQAGWVFNQHIPQNTHLTLYMMRGEVATPVGCPAMDIPRLVSQQVNRAVPLGTTLRPDMVKQYQP,0.6034507,0.66672367,7,14188,694
MPQAGWVFNQLIPQNTHLTLYMMRGEVVTPVGCPAMDIPRLVSQQVNRAVPLGTTLRPDMVKQYDP,0.6033508,0.6213376,7,14188,694
MNQEGWVFNQLIPQNTHLTLYMMRGEVVTPVGCPAMDIPRLVSQQVNRAVPLGTTLRPDMVKQYQP,0.60298693,0.59243464,7,14188,694
MNQAGWVFNQLIPQNTHLTLYMMRGEVVTPVGCPAMDIPRLVSQQVNRAVPLGTTLRPDMVKQYQI,0.6025139,0.5059943,7,14188,694
QTQAGVVFNQSIPQNTHLTLYMMRTEVPYPVGCPAMDIPRLVSQQVNRAVPLGTTLRPDMVKQYQP,0.60214084,0.63853925,7,14188,694
MNQAGWVFNQLIPQNTHLTLYMMRGEVVTPVGCPAMDIFRLVSQQVNRAVPLGTTLRPDMVKQYQP,0.60198236,0.60372376,7,14188,694
MNQKGWVFNQLIPQNTHLTLYMMRGEVVTPVGCPAMDIPRLVSQQVNRTVPLGTTLRPDMVKQYQP,0.6018691,0.63854754,7,14188,694
MWQAGWVFNQLIPQNTHLTLYMMRTEVVTPVGCPAGDIPRLVSQQVNRAVPLGTTLRPDMVKQYQP,0.6015379,0.63576823,7,14188,694
MAQAGWVFNQLIPQNTHLTQYMMRTEVVTPVGCPAMDIPRLVSQQVNRAVTLGTTLRPDMVKQYQP,0.60140574,0.64455163,7,14188,694
MNQAGWVFNQLIPQNTHLTLYQMRGEVVTPVGCPAMDIPRLVSQQVNRAVPLGTTLRPDMVKQYQP,0.6011799,0.60987407,7,14188,694
MNQNGWVFNQLIPQNIHLTLYMMRGEVVTPVGCPAMDIPRLVSQQVNRAVPLGTTLRPDMVKQYQP,0.6011797,0.58979374,7,14188,694
MAQAGWVFNQQIPQNTHLTQYMMRTEVVTPVGCPAMDIPRLVSQQVNRAVPLGTTLRPDMVKQYQP,0.6009877,0.6645157,7,14188,694
MNQNGWVFNQLIPQNTHLTLYMMRGEVVTPVGCPAMDIPRLVSQQVNRAVPLGTTLRPDMVKQYDP,0.60084236,0.6233929,7,14188,694
MNQAGWVFNALIPQNTHLTLYMMRGEVVTPVGCPAMDIPRLVSQQVNRAVPLGTTLRPDMVKQYQP,0.60063255,0.6176661,7,14188,694
MNQAGWVFNQLIPQNTHLTLYMMRGEVVTAVGCPAMDIPRLVSQQVNRAVPLGTTLRPDMVKQYQP,0.60060525,0.5948653,7,14188,694
MNQAGWVFNQLIPQNTHLTLYMMRGEVVTPVGCPAMDIPRLVSQQVNRAVPTGTTLRPDMVKQYDP,0.6004701,0.67986745,7,14188,694
MAQAGWVFRQLIPQNTHLTQYMMRTEVVTPVGCPAMDIPRLVSQQVNRAVPLGTTLRPDMVKQYQP,0.60025924,0.6321194,7,14188,694
MAQAGWVFYQLIPQNTHLTQYMMRTEVVTPVGCPAMDIPRLVSQQVNRAVPLGTTLRPDMVKQYQP,0.5997802,0.6474527,7,14188,694
MNQAFWVFNQLIPQNTHLTLYMMRGEVVTPVGCPAMDIPRLVSQQVNRAVPLGTTLRPDMVKQYQP,0.5994679,0.59865963,7,14188,694
MNQAGWVQNQLIPQNTHLTLYMMRGEVVTPVGCHAMDIPRLVSQQVNRAVPLGTTLRPDMVKQYDP,0.5989547,0.55810624,7,14188,694
MAQAGWVFNHLIPQNTHLTQYMMRTEVVTPVGCPAMDIPRLVSQQVNRAVPLGTTLRPDMVKQYQP,0.5989309,0.61863863,7,14188,694
QTQAGVVFNQGIPQNTHLTLYMMRTEVVYPVGCPAMDIPRLVSQQVNRAVPLGTTLRPDMVKQYQP,0.59883404,0.6117179,7,14188,694
MAQAGWVFNQRIPQNTHLTQYMMRTEVVTPVGCPAMDIPRLVSQQVNRAVPLGTTLRPDMVKQYQP,0.5986674,0.6586363,7,14188,694
MNQAGWVFNQLIPQNTHLTLYMMRGEVVTTVGCPAMDIPRLVSQQVNRAVPLGTTLRPDMVKQYQP,0.5984499,0.6208358,7,14188,694
MMQAGWVFNQLIPQNTHLTLYMMRGEVVTPVGCPAMDIPRLVSQQVNRAVPLGTTLRPDMVKQYDP,0.5983027,0.6575578,7,14188,694
MAQADWVFNQLIPQNTHLTQYMMRTEVVTPVGCPAMDIPRLVSQQVNRAVPLGTTLRPDMVKQYQP,0.59805083,0.5892703,7,14188,694
KEQAGVVFNQLIPQNEHLTLYMMRSEVVTPVNCPAMDIPRLVSQQVNRAVPLGTTLRPDMVKQYQP,0.59795237,0.61555505,7,14188,694
MNQAGWVFNHLIPQNTHLTLYMMRGEVVTPVGCPAMDIPRLVSQQVNRAVPLGTTLRPDMVKQYQP,0.597083,0.61238706,7,14188,694
MNQAGWVFNQLIPQNTHLTLYMMRGEVVTPVGCPAMDIPRLVSQQVNRAVPLGYTLRPDMVKQYDP,0.59702367,0.65101355,7,14188,694
MRQAGYVFNQLITQNTHLTLYMMRDEVVTPVGCPAMDIPRLVSQQVNRAVPLGTTLRPDMVKQYQP,0.59680045,0.63342756,7,14188,694
MNQAGWVFNQLIPQNTHLTLYMMRGEVVTPVGCPAMDIPRLSSQQVNRAVPLGTTLRPDMVKQYDP,0.59657085,0.6490259,7,14188,694
MNQAGWVFNQLIPQNTHLTLYMMRGEVVTPVGCPAMDIPRLVSQQVNRAVPLGTTLRYDMVKQYDP,0.5965079,0.6455203,7,14188,694
MAQAGWVFNQLIPQNQHLTQYMMRTEVVTRVGCPAMDIPRLVSQQVNRAVPLGTTLRYDMVKQYQP,0.59612256,0.6473467,7,14188,694
MNQAGWVFNQLIPQNTHLTLYMMRGEVVTPVGCPALDIPRLVSQQVNRAVPLGTTLRPDMVKQYQP,0.5960814,0.6135315,7,14188,694
MNQAGWVFNQLIPQNTHLTLYMMRGEVVTPVGCNAMDIPRLVSQQVNRAVPLGTTLRPDMVKQYDP,0.5958676,0.63429856,7,14188,694
MAQKGWVFNQLIPQNTHLTLYMMRTEVVTPAGCPAMDIPRLVSQQVNRAVPLGTTLRPDMVKQYQP,0.5956674,0.6139369,7,14188,694
YNQAGWVFNQLIIQNTHLTLYMMRGEVVTPPGCPAMDIPRLVSQQVNRAVPLGTTLRPDMVKQYDP,0.5953986,0.700118,7,14188,694
MAQAGWVFNQLIPDNTHLTLYMMRTEVVTPVGCPAMDIPRLVSQQVNRAVPLGTTLRPDMVKQHQP,0.5951608,0.6272329,7,14188,694
MNQAGWVFNQLIPQNTHLTLYMMRGEVVTPVGCPAMDIPRLVSQQVNRAVPLGTTLRPDMVKQLDP,0.59514904,0.59504265,7,14188,694
MAQAGWVFNQLIPQNTHLTQYMMRTEVVTPVGCPAMDIPRLVSQQVNRAVPLGFTLRPDMVKQYQP,0.5948437,0.65951556,7,14188,694
MNQAGWVFNQLIPQNTHLTLYMMRGEVVTPVGCPAMDIPRLVSQQVNRAVPLGTTLRPDMVKQMDP,0.59480864,0.60503536,7,14188,694
MNQAGWVFNQLIPQNTHLTLYMMRGEVVTPVGCPAMDIPRLVSQQVNRAVPLGTTLRPLMVKQYQP,0.59449184,0.5373165,7,14188,694
MEQAGVVFNQLIPQNTHLELYMMRTEVATPVGCPAMDIPRLVSQQVNRAVGLGTTLRPDMVKQYQP,0.59394914,0.6485954,7,14188,694
MNQAGWVFNQLIPQNTHLTLYMMRGEVVTPVGCPAMDIPRLTSQQVNRAVPLGTTLRPDMVKQYQP,0.59392923,0.6470807,7,14188,694
MNQRGWVFNQLIPQNTHLTLYMMRGEVVTPVGCPAMDIPRLVSQQVNRAVPLGTTLRPDMVKQYDP,0.59385806,0.6205346,7,14188,694
MNQAGWVFNQLIPQNTHLTLYMMRGEVVTPVGCPAMDIPRLVSQQVNRAVPLGTTLRPDMVKQSQC,0.59383535,0.51440173,7,14188,694
MNQAGWVFNQLIPQNTHLTLYMMRGEVVTPVGCPAMDIPRLVSQQVNRAVPLGTTLRPDMVKQYWP,0.5933065,0.55253786,7,14188,694
QTQAGVVFPQSIPQNTHLTLYMMRTEVPTPVGCPAMDIPRLVSQQVNRAVPLGTTLRPDMVKQYQP,0.59308964,0.67873144,7,14188,694
MAQAGWVFNQLIPDNTHLTLYMMRTEVVTPMGCPAMDIPRLVSQQVNRAVPLGTTLRPDMVKQYQP,0.5930058,0.6542699,7,14188,694
MAQAGWVFNQLIPDNTHLTLYMMRTEVVTPVGCWAMDIPRLVSQQVNRAVPLGTTLRPDMVKQYQP,0.59287727,0.62648183,7,14188,694
MAQAGWVFNQLIPQNTHLTQYMMKTEVVTPVGCPAMDIPRLVSQQVNRAVPLGTTLRPDMVKQYQP,0.5928697,0.6402712,7,14188,694
QTTAGVVFNQSIPQNTHLMLYMMRTEVPTPVGCPAMDIPRLVSQQVNRAVPLGTTLRPDMVKQYQP,0.59272707,0.6431691,7,14188,694
QTQAGVVFNQSIPQNTHLMLYMMRTEVPTPVGCPAMDIPRLVSQQVNRAVPLGTTLRPDMVKQYQP,0.5923588,0.6514671,7,14188,694
MAQAGWVFNQLIPDNTHLTLYMMRTEVVTPVGCPAMDIPRLVSQQVNRAVPDGTTLRPDMVKQYQP,0.59223443,0.6631167,7,14188,694
YAQAGWVFNQLIPDNTHLTLYMMRTEVVTPVGCPAMDIPRLVSQQVNRAVPLGTTLRPDMVKQYQP,0.5921399,0.6293134,7,14188,694
MAQAGWVFNQLIPLNTHLTQYMMRTEVVTPVGCPAMDIPRLVSQQVNRAVPLGTTLRPDMVKQYQP,0.59211296,0.5837685,7,14188,694
MAQAGWNFNQLIPQNTHLTQYMMRTEVVTPVGCPAMDIPRLVSQQVNRAVPLGTTLRPDMVKQYQP,0.5919085,0.6308275,7,14188,694
MNQAGWVFNQLIPQNTHLTLYMMRTEVVTPVGCPAMDIPRLVSQQVNRAVPLGTTLRPDMVKRYQP,0.5918969,0.6314051,7,14188,694
QEQAGWVFNQSIPQNTHLTLYMMRTEVPTPVGCPAMDIPRLVSQQVNRAVPLGTTLRPDMVKQYQP,0.6806504,0.7430233,8,16191,793
MAQAGWVFNQLIPQNTHLDQYMMRTEVWTPVGCPAMDIPRLVSQQVNRAVALGWTLRPDMVKQYQP,0.6806057,0.6503404,8,16191,793
MAQAGWVFNQLIPQNTHLDQYMMRTEVPTPVGCPAMDIPRLVSQQVNRAVALGWTLRPDMVKQYQP,0.6790841,0.6817805,8,16191,793
MRQAGWVFNQLIPQNTHLDQYMMRTEVNTPVGCPAMDIPRLVSQQVNRAVALGWTLRPDMVKQYQP,0.670739,0.7181017,8,16191,793
QEQAGVVFNQSIPQNTHLTLYMMRTEVPTPVGCPAMDIPRLVSQQVNRAVGLGTTLRPDMVKQYQP,0.6676316,0.71394473,8,16191,793
QEQAGIVFNQSIPQNTHLTLYMMRTEVPTPVGCPAMDIPRLVSQQVNRAVPLGTTLRPDMVKQYQP,0.66705984,0.70948195,8,16191,793
QEQAGVVFNQSIPQNTHLTLYMMRTEVPTPVGCPAMDIPRLVSQQVNRAVALGTTLRPDMVKQYQP,0.6663592,0.7047097,8,16191,793
MAQFGWVFNQLITQNTHLDQYMMRTEVNTRVGCPAMDIPRLVSQQVNRAVALGWTLRPDMVKQYQP,0.6645187,0.669112,8,16191,793
QEQAGVVFNQSIPQNTHLNLYMMRTEVPTPVGCPAMDIPRLVSQQVNRAVPLGTTLRPDMVKQYQP,0.6643891,0.7055455,8,16191,793
MAQAGWVFNVLIPQNTHLDQYMMRTEVNTPVGCPAMDIPRLVSQQVNRAVALGWTLRPDMVKQYQP,0.66207296,0.64250183,8,16191,793
QEQAGVVFNQSIPQNTHLQLYMMRTEVPTPVGCPAMDIPRLVSQQVNRAVPLGTTLRPDMVKQYQP,0.6618291,0.7155155,8,16191,793
MAQAGWVFNQLIPQNTHLDQYMMRQEVNTPVGCPAMDIPRLVSQQVNRAVALGWTLRPDMVKQYQP,0.6579289,0.66677725,8,16191,793
MAQAGWVFNQLITQNTHLDQYMMRTEVNTPVGCPAMDIPRLVSQQVNRAVALGWTLRPDMVKQYQP,0.6574862,0.69123644,8,16191,793
QEQAGDVFNQSIPQNTHLTLYMMRTEVPTPVGCPAMDIPRLVSQQVNRAVPLGTTLRPDMVKQYQP,0.6567139,0.5969311,8,16191,793
MAQAGWVFNQLIPQNTHLDQYMMRTEVNTPWGCPAMDIPRLVSQQVNRAVALGWTLRPDMVKQLQP,0.6565034,0.6529485,8,16191,793
WEQAGVVFNQSIPQNTHLTLYMMRTEVPTPVGCPAMDIPRLVSQQVNRAVPLGTTLRPDMVKQYQP,0.6559852,0.6587642,8,16191,793
MAQAGWVFNQLIPQNTHLDQYSMRTEVNTPVGCPAMDIPRLVSQQVNRAVALGWTLRPDMVKQYQP,0.65530896,0.6802835,8,16191,793
QTQAGVVFPQSIPQNTHLTLYMMRTEVPTPVGCPAMDIPRLVSQQVNRAVGLGTTLRPDMVKQYQP,0.6548381,0.6853968,8,16191,793
QEQAGRVFNQSIPQNTHLTLYMMRTEVPTPVGCPAMDIPRLVSQQVNRAVPLGTTLRPDMVKQYQP,0.6543699,0.661783,8,16191,793
MAQAGWVFNQLIPQNTHLDQYMMRGEVNTPVGCPAMDIPRLVSQQVNRAVALGWTLRPDMVKQYQP,0.65431964,0.68297553,8,16191,793
MAFAGWVFNQLIPQNTHLDQYMMREEVNTPVGCPAMDIPRLVSQQVNRAVALGWTLRPDMVKQYQP,0.65418804,0.6079149,8,16191,793
QEQAGVVFNVSIPQNTHLTLYMMRTEVPTPVGCPAMDIPRLVSQQVNRAVPLGTTLRPDMVKQYQP,0.6537152,0.6693556,8,16191,793
QEQAGGVFNQSIPQNTHLTLYMMRTEVPTPVGCPAMDIPRLVSQQVNRAVPLGTTLRPDMVKQYQP,0.65355724,0.66947705,8,16191,793
MAQAGWVFNQTIPQNTHLDQYMMRTEVNTPVGCPAMDIPRLVSQQVNRAVALGWTLRPDMVKQYQP,0.6534567,0.6971008,8,16191,793
QEQATVVFNQSIPQNTHLTLYMMRTEVPTPVGCPAMDIPRLVSQQVNRAVALGTTLRPDMVKQYQP,0.6529723,0.69706666,8,16191,793
MAQAGWVFNQLIPQNTHLDQYMMRTEVNTPVGCPAMDIPRLVSQQVNRAVALGWTLRPDMVKQTQP,0.6529652,0.6423785,8,16191,793
QTQAGVVFPQSIPQNTHLTLYMMRTEVPTPVGCPAMDIPRLVSQQVNRAVALGTTLRPDMVKQYQP,0.65287215,0.6756588,8,16191,793
MAQAGWVFNQLIPQNTHLDQYMMRTEVNTPVGCPAMDIPRLVSQQVNRAVALGWTLRPDMVKQGQP,0.6528409,0.64287645,8,16191,793
QEQAGVVFNQSIPQNTHLTLYMMRTEVPTPVGCPAMDIPRLVSQQVNRAVPAGTTLRPDMVKQYQP,0.65273,0.7540998,8,16191,793
MAQAGWVFNQLIPDNTHLDQYMMRTEVNTPVGCPAMDIPRLVSQQVNRAVALGWTLRPDMVKQYQP,0.6521243,0.7063745,8,16191,793
MAQAGWVFNQGIPQNTHLDQYMMRTEVNTPVGCPAMDIPRLVSQQVNRAVALGWTLRPDMVKQYQP,0.65204513,0.69095856,8,16191,793
MAQAGWVFNQLIPQNTHLDQYMMRTEVNTPVGCRAMDIPRLVSQQVNRAVALGWTLRPDMVKQYQP,0.6517838,0.6734234,8,16191,793
QTQAGYVFPQSIPQNTHLTLYMMRTEVPTPVGCPAMDIPRLVSQQVNRAVPLGTTLRPDMVKQYQP,0.6517675,0.7235766,8,16191,793
QEQAGVVFNQSIPQNTHLTLYMMRTEVPTIVGCPAMDIPRLVSQQVNRAVPLGTTLRPDMVKQYQP,0.6515749,0.62094676,8,16191,793
MAQAGWVFNQLIPQNTHLDQYMMRTEVNTPVGCPAMDIPRLVSQQVNRAVALGWTLRYDMVKQYQP,0.6515749,0.68546826,8,16191,793
QERAGVVFNQSIPQNTHLTLYMMRTEVPTPVGCPAMDIPRLVSQQVNRAVPLGTTLRPDMVKQYQP,0.65128833,0.70008844,8,16191,793
MAQAGWWFNQLIPQNTHLDQYMMRTEVNTPVGCPAMDIPRLVSQQVNRAVALGWTLRPDMVKQYQP,0.65120584,0.70361257,8,16191,793
QECAGVVFNQSIPQNTHLTLYMMRTEVPTPVGCPAMDIPRLVSQQVNRAVPLGTTLRPDMVKQYQP,0.6499685,0.64995587,8,16191,793
MAHAGWVFNQLIPQNTHLYQYMMRTEVNTPVGCPAMDIPRLVSQQVNRAVALGWTLRPDMVKQYQP,0.6495343,0.6306412,8,16191,793
MAQAGWVFNQLIPQNTHLDQYMMRTEVNTPVGCPAMDIPFLVSQQVNRAVALGWTLRPDMVKQYQP,0.64839834,0.6112384,8,16191,793
QEMAGVVFNQSIPQNTHLTLYMMRTEVPTPVGCPAMDIPRLVSQQVNRAVPLGTTLRPDIVKQYQP,0.6480304,0.69644254,8,16191,793
QEQFGVVFNQSIPQNTHLTLYMMRTEVPTPVGCPAMDIPRLVSQQVNRAVPLGTTLRPDMVKQYQP,0.64791363,0.67983514,8,16191,793
QEQAGVVFNQSIPQNTHLTLYMMRTEVPTPVGCPAMDIPRLVSQQVNRAVPLGTTLRPKMVKQYQP,0.647908,0.7045543,8,16191,793
MAQAGWVFNQLIPQNTHLDQYMMRTEVWTPVGCPAMDIPRLVSQQVNRAVALGWPLRPDMVKQYQP,0.647889,0.67057943,8,16191,793
QEQAGVVFNQGIPQNTHLTLYMMRTEVPTPVGCPAMDIPRLVSQQVNRAVPLGTTLRPDMVKQYQP,0.6475303,0.70824856,8,16191,793
YAQAGWVFNQLIPQNTHLDQYMMRTEVNTDVGCPAMDIPRLVSQQVNRAVALGWTLRPDMVKQYQP,0.6472026,0.71862614,8,16191,793
QEQMGVVFNQSIPQNTHLTLYMMRTEVPTPVGCPAMDIPRLVSQQVNRAVPLGTTLRPDMVKQYQP,0.6470049,0.685197,8,16191,793
QEQAGHVFNQSIPQNTHLTLYMMRTEVPTPVGCPAMDIPRLVSQQVNRAVPLGTTLRPDMVKQYQP,0.64699346,0.696817,8,16191,793
MAQAGWVFRQLIPQNTHLDQYMMRTEVNTPVGCPAMDIPRLVSQQVNRAVALGWTLRPDMVKQYQP,0.64678484,0.6784389,8,16191,793
MAQAGWVFNQLIPQNTHLDQYMMRTEVNTPVGCPAMDIPRLVSQQVNRAVALGWTLRPDMVKQYSP,0.6467567,0.66120565,8,16191,793
MAQAGWVFNQLIPQNTHLDQYMMRTEVNTPVGCPAMDIPRLVSQQVNRAVALGWTLRPDMVKSYQP,0.6463379,0.66732293,8,16191,793
MAQAGWVFNQLIPQNTHLDQYMMRTEVNVPVGCPAMDIPRLVSQQVNRAVALGWTLRPDMVKQYQP,0.6461416,0.65524894,8,16191,793
MAQVGWVFNQLIPQNTHLDQYMMRTEVNTPVGCPAMDIPRLVSQQVNRAVALGWTLRPDMVKQYQP,0.645781,0.6863257,8,16191,793
QEQAGVVFNQSIPQNTHLNLYMMRTEVPTPVGCPAMDIPRLVSQQVNRAVPLGTTLRPDMVKQYCP,0.64551216,0.5885678,8,16191,793
MAQAGWVFNQLIPQNTHLDQYMDRTEVPTPVGCPAMDIPRLVSQQVNRAVALGWTLRPDMVKQYQP,0.6455054,0.5061609,8,16191,793
MAQAGWCFNQLIPQNTHLDQYMMRTEVNTPVGCPAMDIPRLVSQQVNRAVALGWTLRPDMVKQYQP,0.6453131,0.6954366,8,16191,793
QEFAGVVFNQSIPQNTHLTLYMMRTEVPTPVGCPAMDIPRLVSQQVNRAVPLGTTLRPDMVKQYQP,0.6452114,0.65916723,8,16191,793
MAQAGWVKNQLIPQNTHLDQYMMRTEVNTPVGCPAMDIPRLVSQQVNRAVALGWTLRPDMVKQYQP,0.6451736,0.50000864,8,16191,793
QTQAGVVFPQSILQNTHLTLYMMRTEVPTPWGCPAMDIPRLVSQQVNRAVPLGTTLRPDMVKQYQP,0.6450818,0.67428327,8,16191,793
MAQAGWVFNQLIPQNTHLDQYMMRTEVNTVVGCPAMDIPRLVSQQVNRAVALGWTLRPDMVIQYQP,0.6450556,0.44568878,8,16191,793
QEQAGVVFNQSIPQNTHLTLYMMRDEVPTPVGCPAMDIPRLVSQQVNRAVPLGTTLRPDMVKQYQP,0.6448746,0.6546363,8,16191,793
MAQAGWVFNQLIPQNKHLDQYMMRTEVNTPVGCPAMDIPRLVSQQVNRAVALGWTLRPDMVKQYQP,0.64483696,0.6820112,8,16191,793
MAQAGWVFNQLIPQNTHLDQYMMRTEVNTPPGCPAMDIPRLVSQQVNRAVALGWTLRPDMVKQLQP,0.64481294,0.6981882,8,16191,793
MAQAGWVFNQLIPQNTHLDQYMMRTEVNTPVGCPAMDIPRLVSQQVNRAVALGWTLRPDMVKQKQP,0.64459103,0.6298104,8,16191,793
MAQAGWVFNQLIPQNTHLDQYMMRTEVNTPVGCPAMDIPRLVSQQVNRAVALGWTLRPDMVKFYQP,0.64455503,0.5979258,8,16191,793
MAQAGWVFNQLIPQNTHLDQYMMRTEVNTPVGCPAMDIPRLVSQQVNRAVALGWTLRPDMVKQYYP,0.64433867,0.6175249,8,16191,793
MAQAGWVFNQLIPQNTHLDQYMMRTEVNTPVGCPAMDIPRLVSQQVNRAVALGWTLRPDMVKAYQP,0.6442539,0.62041354,8,16191,793
MAQAGWVFNQLIPQNTHLDQYMMRTEVNTPVGCPAMDIPRLVSQQVNRAVALGWTLRPDMVKQYNP,0.6441794,0.6813654,8,16191,793
QEQAGVVFNQSIPQNTHLNLYMMRTEVPTPVGCPACDIPRLVSQQVNRAVPLGTTLRPDMVKQYQP,0.6439552,0.669366,8,16191,793
QEQAGVVFNQSIPQNTHLTLYMMRTEVPTPVGCHAMDIPRLVSQQVNRAVGLGTTLRPDMVKQYQP,0.64367545,0.70265675,8,16191,793
QEQAGVVFNQSIPQNTHLTLYMMRTEVPTPVGCPAMDIPFLVSQQVNRAVPLGTTLRPDMVKQYQP,0.64353937,0.6379663,8,16191,793
MAQAGWVFNQLIPQNTHLDQYMMRTEVNTPVGCPAMDIPRLVSQQVNRAVALGWTLRPDMVKQYPP,0.6432752,0.66700685,8,16191,793
QEQAGVVFNQSIPQNTHLTLYMMRTEVPTYVGCPAMDIPRLVSQQVNRAVPLGTTLRPDMVKQYQP,0.6429674,0.66042596,8,16191,793
MAQAGWVFNQLIPQNTHLRQYMMRTEVNTPVGCPAMDIPRLVSQQVNRAVALGWTLRPDMVKQYQP,0.64294803,0.6909837,8,16191,793
MAQAGWVFNQLIPQNTHLDQYMMETEVNTPVGCPAMDIPRLVSQQVNRAVALGWTLRPDMVKQYQP,0.6428647,0.68108773,8,16191,793
MAQAGWVFNQLIPQWTHLDQYMMRTEVNTPVGCPAMDIPRLVSQQVNRAVALGWTLRPDMVKQYQP,0.64252573,0.5876592,8,16191,793
QTCAGVVFPQSILQNTHLTLYMMRTEVPTPWGCPAMDIPRLVSQQVNRAVPLGTTLRPDMVKQYQP,0.64221066,0.6073556,8,16191,793
MAQAWWVFNQLIPQNTHLDQYMMRTEVNTPVGCPAMDIPRLVSQQVNRAVALGWTLRPDMVKQYQP,0.64188606,0.65777344,8,16191,793
MAQAGWVFNQLIPQNTHLDQYMMRTEVNTPVGCPAMDIPILVSQQVNRAVALGWTLRPDMVKQYQP,0.64183515,0.6101823,8,16191,793
MAQAGWVFNQYIPQNTHLDQYMMRTEVNTPVGCPAMDIPRLVSQQVNRAVALGWTLRPDMVKQYQP,0.641794,0.6773034,8,16191,793
MAQAGWVFNQLIPQNTHLDQYMMRTEVNTPVGCPAMDIPRLVSQQVNRAVALGWTLRPDMVEQYQP,0.64166826,0.69686705,8,16191,793
MAEAGWVFNQLIPQNTHLDQYMMRTEVNTPVGCPAMDIPRLVSQQVNRAVALGWTLRPDMVKQYQP,0.6415842,0.68059415,8,16191,793
MAQRGWVFNQLIPQNTHLDQYMMRTEVNTPVGCPAMDIPRLVSQQVNRAVALGWTLRPDMVKQYQP,0.6414903,0.6779626,8,16191,793
QDQAGVVFNQSIPQNTHLTLYMMRTEVPTPVGCPAMDIPRLVSQQVNRAVPLGTTLRPDMVKQYQP,0.6414181,0.680377,8,16191,793
QEQAGVVFNQSIPQNTHLTLYMMRTEVPTPVGCPAMDIPRLVSQQVNRAVPLGTTLRPDPVKQYQP,0.641411,0.6809631,8,16191,793
QFQAGVVFNQSIPQNTHLTLYMMRTEVPTPVGCPAMDIPRLVSQQVNRAVPLGTTLRPDMVKQYQP,0.64133006,0.6728572,8,16191,793
QTQAGVVFPQSIPQNTHLTLYMMRTEVPTPWGCPAMDIPRLVSQQVNRAVPLGTTLRPDMVKQYQP,0.641218,0.6913792,8,16191,793
QEQAGVVFNPSIPQNTHLTLYMMRTEVPTPVGCPAMDIPRLVSQQVNRAVPLGTTLRPDMVKQYQP,0.64121646,0.7055846,8,16191,793
QTQAGVVFPQSIPQNTHLTLYMMRTEVPTPVGCPAMDIPRLVSQQVNRAVALGTTLVPDMVKQYQP,0.64099145,0.6352885,8,16191,793
MAQAGWVFNQLIPQNTHLDQYMMRTEVNTPVGCPAMDIPRLVSQQVNREVALGWTLRPDMVKQYQP,0.6407732,0.6939962,8,16191,793
MAQAGWVFNQLIPQNTHLDQYMMRTEVNTPVGCPAMDIPRLVSQQVNRAVALGWTQRPDMVKQYQP,0.64058095,0.5120655,8,16191,793
QTIAGVVFPQSIPQNTHLTLYMMRTEVPTPVGCPAMDIPRLVSQQVNRAVPLGTTLRPDMVKQYQP,0.6405741,0.64885753,8,16191,793
MAQAGWVFNQLIPQNTHLDQYMMRTEVNTPVGCHAMDIPRLVSQQVNRAVALGWTLRPDMVYQYQP,0.64050305,0.59269583,8,16191,793
MAQAGWVFNQLIPQQTHLDQYMMRTEVNTPVGCPAMDIPRLVSQQVNRAVALGWTLRPDMVKQYQP,0.640357,0.68233037,8,16191,793
QEQATVVFNQSIPQNTHLTLYMMRTEVPTPVGCPAMDIPRLVSQQVNRAVPLGTTLRPDMVKQYQP,0.6401718,0.7000265,8,16191,793
MAQAGWVFNQLIPQNQHLDQYMMRTEVNTPVGCPAMDIPRLVSQQVNRAVALGWTLRPDMVKQYQP,0.6400577,0.68044686,8,16191,793
QEQAGVVINQSIPQNTHLTLYMMRTEVPTPVGCPAMDIPRLVSQQVNRAVPLGTTLRPDMVKQYQP,0.6397695,0.71651864,8,16191,793
QTQAGVVFPQSIPQNTHLTLYMMRTEVPTIVGCPAMDIPRLVSQQVNRAVPLGTTLRPDMVKQYQP,0.6396051,0.58846754,8,16191,793
MAQAGWVFNQLIPQNTHLDQYMMRTEVNTPVGCPAMDIPRLVSQSVNRAVALGWTLRPDMVKQYQP,0.6395154,0.67828,8,16191,793
QEQAGWVFNQSIPQNTHLTLYMMRTEVPTPVGCPAMDYPRLVSQQVNRAVPLGTTLRPDMVKQYQP,0.7012823,0.73949975,9,18215,892
QEQAGWVFNQSIPQNTHLTLYMMRTEVPTPVGCPAMDIPRLVSQQVNRAVPAGTTLRPDMVKQYQP,0.6971931,0.7855754,9,18215,892
QEQAGWVFNQSIPQNTHLQLYMMRTEVPTPVGCPAMDIPRLVSQQVNRAVPLGTTLRPDMVKQYQP,0.69690305,0.7502945,9,18215,892
QEQAGWVFNQSIPQNTHLTLYMMRTEVPTPVGCPAMDIPRLVSQQVNRAVPLGCTLRPDMVKQYQP,0.69388294,0.74200654,9,18215,892
QEGAGWVFNQSIPQNTHLTLYMMRTEVPTPVGCPAMDIPRLVSQQVNRAVPLGCTLRPDMVKQYQP,0.69225496,0.739647,9,18215,892
QEQAGWVFPQSIPQNTHLTLYMMRTEVPTPVGCPAMDIPRLVSQQVNRAVPLGTTLRPDMVKQYQP,0.69131523,0.75021535,9,18215,892
QEQAGWVFNQSIPQNAHLTLYMMRTEVPTPVGCPAMDIPRLVSQQVNRAVPLGTTLRPDMVKQYQP,0.6904251,0.7333502,9,18215,892
QEQAGWVFNQSIPQNTHLTLYMMRTEVPTPVGCRAMDIPRLVSQQVNRAVPLGTTLRPDMVKQYQP,0.68923473,0.732585,9,18215,892
QEQAGWVFNQSIPQNTHLTLYMMRTEVPTPVGCPAMDIPRLVSQQVNRAVPLGTTLRPDMVKQFQP,0.68739533,0.7207374,9,18215,892
QEGAGWVFNQSIPQNTHLTLYMMRTEVPTPVGCPAMDIPRLVSQQVNRAVPLGTTLRPDMVKQYQP,0.6866128,0.74066985,9,18215,892
QEQAGWVFNQSIPQNTHLTLYMMRTEVPTPVGCPAMDIPRLPSQQVNRAVPLGTTLRPDMVKQYQP,0.6859408,0.7460854,9,18215,892
QEQAGWVFNQSIPQNTHLTLYMMRTEVPTPVGCRAMDPPRLVSQQVNRAVPLGTTLRPDMVKQYQP,0.68574697,0.7232003,9,18215,892
QEQAGWVFNQSIPQNTHLTLYMMRTEVPTPVGCPAMDIPRLVSQQVNRAVELGTTLRPDMVKQYQP,0.68534815,0.74352354,9,18215,892
QEHAGWVFNQSIPQNTHLTLYMMRTEVPTPVGCPAMDIPRLVSQQVNRAVPLGTTLRPDMVKQYQP,0.68297845,0.7193676,9,18215,892
QEQAGWVFNQSIPQNTHLTLYMMRTEVPTPVGCTAMDIPRLVSQQVNRAVPLGTTLRPDMVKQYQP,0.6822286,0.7265115,9,18215,892
QEQAGWVFMQSIPQNTHLTLYMMRTEVPTPVGCPAMDIPRLVSQQVNRAVPLGTTLRPDMVKQYQP,0.6814044,0.74289685,9,18215,892
QEQAGWVFNQSIPENTHLTLYMMRTEVPTPVGCPAMDIPRLVSQQVNRAVPLGTTLRPDMVKQYQP,0.68111813,0.76571566,9,18215,892
QEQSGWVFNQSIPQNTHLTLYMMRTEVPTPVGCPAMDIPRLVSQQVNRAVPLGTTLRPDMVKQYQP,0.6806058,0.74284697,9,18215,892
QEQAGWVFNQSIPQNTHLTLYMMRTEVPTPVGCPAMDIPRLVSQQVNRAVPLITTLRPDMVKQYQP,0.68009895,0.6960544,9,18215,892
QEQAGWVFNQSIPQNTHLTLYMMRTEVPTPVGCPAMDIPRLQSQQVNRAVPLGTTLRPDMVKQYQP,0.6799668,0.75158405,9,18215,892
QEQAGWVFNQSIPQNTHLTLYMMRTEVPTPVGCPAMDIPRLVSQQVNRAVPLGTTLRPDLVKQYQP,0.6785899,0.75075597,9,18215,892
QEQAGWVFNQSIPQNTHLMLYMMRTEVPTPVGCPAGDIPRLVSQQVNRAVPLGTTLRPDMVKQYQP,0.67769426,0.7519445,9,18215,892
QEQAGWVFNQSIVQNTHLTLYMMRTEVPTPVGCPAMDIPRLVSQQVNRAVPLGTTLRPDMVKQYQP,0.6776152,0.7325557,9,18215,892
QEQAGWVFNQSIPQNTHLTLYMMRTEVPTPVGCPAMDISRLVSQQVNRAVPLGTTLRPDMVKQYQP,0.6775866,0.7444007,9,18215,892
QEQAGWVFNQSIPQNTHLTLYMMRTEVPTPVGCPAMDIPRLVSQQVNRRVPLGTTLRPDMVKQYQP,0.6773371,0.7768995,9,18215,892
QEQLGWVFNQSIPQNTHLTLYMMRTEVPTPVGCPAMDIPRLVSQQVNRAVPLGTTLRPDMVKQYQP,0.67672575,0.73053896,9,18215,892
QEQAGWVFNQSIPQNTHLTLYMMRTEVPTPVGCPAMDIPRLVSQQVNRAVPLGTTLRPDMVKQYQC,0.6764545,0.66932833,9,18215,892
QEQAGWVFNQSIPQNTHLTLYMMRTEVPTPVGCPAMDIPRLVSQQVNDAVPLGTTLRPDMVKQYQP,0.6755501,0.7434625,9,18215,892
QVQAGWVFNQSIPQNTHLTLYMMRTEVPTPVGCPAMDIPRLVSQQVNRAVPLGTTLRPDMVKQYQP,0.67539614,0.70906454,9,18215,892
QEQAGWVFNQSIPQNTHLTLYMMRTEVPTPVGCPAMDIPRLVSQQVNRAVMLGTTLRPDMVKQYQP,0.6752625,0.72783685,9,18215,892
QEQAGWVFNQSIPQNTHLTLYMMRTEVPTPVGCPAMDIPRLASQQVNRAVPLGTTLRPDMVKQYQP,0.67493063,0.7477814,9,18215,892
QEQAGWVFNQSIPDNTHLTLYMMRTEVPTPVGCPAMDIPRLVSQQVNDAVPLGTTLRPDMVKQYQP,0.6746939,0.7420864,9,18215,892
QEQAGWVFNQSIPQNTHLTLYMMRTEVPTPVGCPAMDIPRLVSQQVNRAVPLGTTLRPDMVKQYSP,0.6742141,0.72166574,9,18215,892
QEQAGWVFNQSIPQNTHLTLYMMRTEVPTPVQCPAMDIPRLVSQQVNRAVPLGTTLRPDMVKQYQP,0.67397493,0.714754,9,18215,892
QEQAGWVFNQSIPQNTHLTDYMMRTEVPTPVGCPAMDIPRLVSQQVNRAVPLGTTLRPDMVKQYQP,0.6739537,0.7459657,9,18215,892
QEQAGWVFNQSIPQNTHLTLYMMRTEVPTPVGCCAMDIPRLVSQQVNRAVPLGTTLRPDMVKQYQP,0.6734725,0.73113453,9,18215,892
QEQAGWVFNQSIPQNTHLTLYMLRTEVPTPVGCPAMDIPRLVSQQVNRAVPLGTTLRPDMVKQYQP,0.67286724,0.74813646,9,18215,892
PEQAGWVFNQSIPQNTHLTLYMMRTEVPTPVGCPAMDIPRLASQQVNRAVPLGTTLRPDMVKQYQP,0.671571,0.7336858,9,18215,892
QEQAGWVFNQSIPQNTHLTLYMMRTEVPTPVGCPAMDIPRLVSQQVNRAVPLGTTLRPDMVKQYQF,0.6710232,0.6476739,9,18215,892
KTQAGYVFPQSIPQNTHLTLYMMRTEVPTPVGCPAMDIPRLVSQQVNRAVPLGTTLRPDMVKQYQP,0.67095584,0.7349354,9,18215,892
QEQAGWVFNQSIPQNTHLTLYMMRTEVPTPVGCPAMDIPRLVSQQVNRAVPFGTTLRPDGVKQYQP,0.6703287,0.7542539,9,18215,892
QEQAGWVFNQSIPQNTHLTLYMMRTEVPTPVGCPAMDIPRLVSQQVNRAVPLGTTLRRDMVKQYQP,0.67029655,0.7302187,9,18215,892
QEQAGWVFNQSIPQNTHLTLYMMRTEVPTDVGCFAMDIPRLVSQQVNRAVPLGTTLRPDMVKQYQP,0.6700955,0.74486667,9,18215,892
QEQAGWVFNQSIPQNTHLTLYMMRTEVPQPVGCPAMDIPRLVSQQVNRAVPLGTTLRPDMVKQYQP,0.66959536,0.7720164,9,18215,892
QEQAGWVFNQSIPQNTHLTLYMMRTEVPTPVGCPNMDIPRLVSQQVNRAVPLGTTLRPDMVKQYQP,0.6694593,0.7390426,9,18215,892
QEQAGVVFNQSIPQNTHLTLYMMRTEVPTPVGCPAMDIPRLVSQQVNRAVPAGETLRPDMVKQYQP,0.6693778,0.7317779,9,18215,892
QEQAGWVFNQSIPQNTHLTLYMMPTEVPTPVGCPAMDIPRLVSQQVNRAVPLGTTLRPDMVKQYQP,0.6686445,0.74801856,9,18215,892
QEQAGWVFNQSIPQNTHLTLYMMRTEGPTPVGCPAMDIPRLVSQQVNRAVPLGTTLRPDMVKQYQP,0.6686067,0.7938865,9,18215,892
QEQAGWVFVQSIPQNTHLTLYMMRTEVPTPVGCPAMDIPRLVSQQVNRAVPLGTTLRPDMVKQYQP,0.66827625,0.7393348,9,18215,892
QEQAGWVFNQSIPQNTHLTLYMMRTEVPTPVGCTAMDIPRLVSQQVNDAVPLGTTLRPDMVKQYQP,0.6679168,0.7269686,9,18215,892
QEQAGWVFNQSIPQNTHLTLYMMRTEVPTPVGCPAMDIPRLVSQQVNGAVPLGTTLRPDMVKQYQP,0.66778165,0.71405303,9,18215,892
QEQAGWVFNQSIPQNTHLCLYMMRTEVPTPVGCPAMDIPRLVSQQVNRAVPLGTTLRPDMVKQYQP,0.66763294,0.6952198,9,18215,892
QEQAGWVFNQSIPQNTHLTLYMMRTEVPTPVGCPAMDIPRLVSQQVNRAVPLGTTLREDMVKQYQP,0.6665022,0.70424956,9,18215,892
QEQAGWVFNQSIPQNTHLTLYMMRTEVPTPVGCPAMDIPRLVSQQVNSAVPLGTTLRPDMVKQYQP,0.66600317,0.72807753,9,18215,892
QEQAGWVFNQSIPQNTHLTLYMMRTEVPTPVGCPAMDIPRLVSQQVNRAVPLGTTLRPDMVKMYQP,0.66578335,0.66978323,9,18215,892
QEPAGVVFNQSIPQNTHLTLYMMRTEVPTPVGCPAMDIPRLVSQQVNRAVPAGTTLRPDMVKQYQP,0.665083,0.75435585,9,18215,892
QEQAGWVFNQSIPQNTHLTKYMMRTEVPTPVGCPAMDIPRLVSQQVNRAVPLGTTLRPDMVKQYQP,0.66492254,0.7667221,9,18215,892
QEQAGVVFNQSIPQNTHLTLYMMRTEVPTPHGCPAMDIPRLVSQQVNRAVPAGTTLRPDMVKQYQP,0.66487056,0.7944365,9,18215,892
IEQAGWVFNQSIPQNMHLTLYMMRTEVPTPVGCPAMDIPRLVSQQVNRAVPLGTTLRPDMVKQYQP,0.66464895,0.66465753,9,18215,892
QEQAGTVFNQSIPQNTHLTLYMMRTEVPTPVGCPAMDIPRLVSQQVNRAVPAGTTLRPDMVKQYQP,0.66462004,0.7117847,9,18215,892
QEGAGWVFNQSIPQNTHLTLYMMRTEVPTPVGCEAMDIPRLVSQQVNRAVPLGCTLRPDMVKQYQP,0.6644776,0.71792626,9,18215,892
QEQAGWVFNQSIPQNTHLTLYMMRTEVPTPVGCPAMDIPRLVSQQVNRAVPLGTTLFPDMVKQYQT,0.6641303,0.67047095,9,18215,892
QEQAGWVFNQSIPQNTHLTLYMMRTEVPTPVGCPAMDIPPLVSQQVNRAVPLGTTLRPDMVKQYQP,0.66412085,0.74321437,9,18215,892
QEQAGWVFNQSIPQNTHLTLYMGRTEVPTPVGCPAMDIPRLVSQQVNRAVPLGTTLRPDMVKQYQP,0.6641057,0.6722061,9,18215,892
QEQAGWVPNQSIPQNTHLTLYMMRTEVPTPVGCPAMDIPRLVSQQVNRAVPLGTTLRPDMVKQYQP,0.663896,0.6867671,9,18215,892
QEQAGWVLNQSIPQNTHLTLYMMRTEVPTPVGCPAMDIPRLVSQQVNRAVPLGTTLRPDMVKQYQP,0.66368705,0.7427154,9,18215,892
QEQAGWVFNQSIPQNTHLTLYMMRTEVPTPVGCPAMDIPRLVSQQVMRAVPLGTTLRPDMVKQYQP,0.66348577,0.6753095,9,18215,892
QEQAGWVFNQSIPQNTHLTLYMMRTYVPTPVGCPAMDIPRLVSQQVNRAVPLGTTLRPDMVKQYQP,0.6634599,0.7294122,9,18215,892
QEQAGWMFNQSIPQNTHLTLYMMRTEVPTPVGCPAMDIPRLVSQQVNRASPLGTTLRPDMVKQYQP,0.66344875,0.6862813,9,18215,892
QEQAGWVFNQSIPQNTHLTLYMMRTEVPTPVGCPAMDIPRTVSQQVNRAVPLGTTLRPDMVKQYQP,0.66332144,0.64803964,9,18215,892
QEQAGVVFNQSIPQNTHLTLYMMRTEVPTPQGCPAMDIPRLVSQQVNRAVPAGTTLRPDMVKQYQP,0.6629978,0.8050256,9,18215,892
QTQAGYVFPQSIPQNTHLTLYMMRTEVPTPVGCPAMDYPRLVSQQVNRAVPLGTTLRPDMVKQYQP,0.6629754,0.7189744,9,18215,892
QEQAGWVSNQSIPQNTHLTLYMMRTEVPTPVGCPAMDIPRLVSQQVNRAVPLGTTLRPDMVKQYQP,0.66280353,0.6915158,9,18215,892
QEQAGWVFNQTIPQNTHLTLYMMRTEVPTPVGCPAMDIPRLVSQQVNRAVPLGTTLRPDMVKQYQP,0.6627241,0.7509436,9,18215,892
QEQAGWVFNQSIPQNTHLTLYMMRTEVPTVVGCPAMDIPRLVSQQVNRAVPLGTTLRPDMVKQYQP,0.6626893,0.66994286,9,18215,892
QEQAGWVFNQSIPQNTHLQLYMMRTEVPTPVGCPAMDIPRLVSQQVNRAVPLGTTLRPDMKKQYQP,0.6625188,0.64654386,9,18215,892
QEQAGVVFNQSIPQNTHLTLYMMRTEVPTPVGCPAMDIPRLVSQQVNRAVPCGTTLRPDMVKQYQP,0.6623916,0.72565204,9,18215,892
QEQAGWVFNQSIPQNTHLTLYMMRTEVPTPVGCPAMDICRLVSQQVNRAVPLGTTLRPDMVKQYQP,0.66218334,0.7095153,9,18215,892
QEIAGVVFNQSIPQNTHLTLYMMRTEVPTPVGCPAMDIPRLVSQQVNRAVPAGTTLRPDMVKQYQP,0.66187996,0.72843003,9,18215,892
QEQAGVVFNQSIPQNTHLTLYMMRTEVPTPVGCPAMDIPRLVSQQVNRAVQAPTTLRPDMVKQYQP,0.6613222,0.76732635,9,18215,892
QEQAGWVFNQSIPQTTHLTLYMMRTEVPTPVGCPAMDIPRLVSQQVNRAVPLGTTLRPDMVKQYQP,0.66129225,0.7131483,9,18215,892
QEQAGVVFNQSIPQNTHLGLYMMRTEVPTPVGCPAMDIPRLVSQQVNRAVPAGTTLRPDMVKQYQP,0.660886,0.74938333,9,18215,892
QEQAGWVFNQSIPQNTHLTLYMMRTDVPTPVGCPAMDIPRLVSQQVNRAVPAGTTLRPDMVKQYQP,0.6604247,0.78476506,9,18215,892
QEQAGWVFNQSIPQNTHLTLYMMRTEVPTPVGCPAMDIPRLVDQQVNRAVPLGTTLRPDMVKQYQP,0.6598509,0.7595016,9,18215,892
QEQAGWVFNQSIPQNTHLTLYMMRTEVPTPVGCPAMDIPRLVSQQNNRAVPLGTTLRPDVVKQYQP,0.65955645,0.63642967,9,18215,892
QEQAGVVFNQSIPQNTHLTLYMMRTEVPTPYGCPAMDIPRLVSQQVNRAVPAGTTLRPDMVKQYQP,0.65927756,0.7826213,9,18215,892
EEQAGVVFNQSIPQNTHLTLYMMRTEVPTPVGCPAMDIPRLVSQQVNRAVPAGTTLRPDMVKQYQP,0.6589933,0.76203114,9,18215,892
QEQAGWVFNQSIPQNTDLTLYMMRTEVPTPVGCPAMDIPRLVSQQVNRAVPLGTTLRPDMVKQYQP,0.65889937,0.76436675,9,18215,892
QEHAGVVFNQSIPQNTHLTLYMMRTEVPTPVGCPAMDIPRLVSQQVNRAVPAGTTLRPDMVKQYQP,0.65876174,0.7310947,9,18215,892
QEQAGWVFNQSIPQNTHLTLYMMRTAVPTPVGCPAMDIPRLVSQQVNRAVPLGTTLRPDMVKQYQP,0.65831536,0.7513415,9,18215,892
QEQWGVVFNQSIPQNTHLTLYMMRTEVPTPVGCPAMDIPRLVSYQVNRAVPAGTTLRPDMVKQYQP,0.65829796,0.7278689,9,18215,892
QEQAGWVFNQSIPQNTHLTLYMMRTEVPTPVGCPAMDIPRLVSQQVNRAVPLGTTLRPDMVKEYQP,0.65821844,0.75093174,9,18215,892
QEQAGVVFNQSIPQNTHLTLYMMRTEVPTPVGCPAMDIPRLVSQQVNRAVPAGTTLRPDLVKQYQP,0.65791565,0.76508313,9,18215,892
LEQAGVVFNQSIPQNTHLTLYMMRTEVPTPVGCPAMDIPRLVSQQVNRAVPAGTTLRPDMVKQYQP,0.65767,0.7063296,9,18215,892
QEQAGVVFNQSIPQNTHLTSYMMRTEVPTPVGCPAMDIPRLVSQQVNRAVPAGTTLRPDMVKQYQP,0.65757316,0.76035684,9,18215,892
QEQAGWVFNQSIPQNTHLTLYWMRTEVPTPVGCPAMDIPRLVSQQVNRAVPLGDTLRPDMVKQYQP,0.65744454,0.75767314,9,18215,892
QEQAGQVFNQSIPQNTHLTLYMMRTEVPTPVGCPAMDIPRLVSQQVNRAVPAGTTLRPDMVKQYQP,0.65726835,0.7235349,9,18215,892
QHQAGYVFPQSIPQNTHLTLYMMRTEVPTPVGCPAMDIPRLVSQQVNRAVPLGTTLRPDMVKQYQP,0.65715057,0.7315042,9,18215,892
QEQAGVVINQSIPQNTHLTLYMMRTEVPTPPGCPAMDIPRLVSQQVNRAVPLGTTLRPDMVKQYQP,0.6570511,0.78034115,9,18215,892
QEQAGWVFNQSIPQNTHLTLYMMRTEVPTPEGCPAMDIPRLVSQQVNRAVPAGTTLRPDMVKQYQP,0.780387,0.8320985,10,20226,991
QEQAGWVFNQSIPQNTHLTLYMMRTEVPTPRGCPAMDIPRLVSQQVNRAVPAGTTLRPDMVKQYQP,0.777239,0.83909845,10,20226,991
QEQAGWVFNQSIPQNTHLTLYMMRTEVPTPTGCPAMDIPRLVSQQVNRAVPAGTTLRPDMVKQYQP,0.7771033,0.82984227,10,20226,991
QEQAGWWFNQSIPQNTHLTLYMMRTEIPTPVGCPAMDIPRLVSQQVNRAVPAGTTLRPDMVKQYQP,0.7759154,0.78672945,10,20226,991
QEQAGWVFNQSIPQNTHLTLYMMRTEIPTPVGCPAMDIPRLVSQQVNRAVPAGTTLRPDMVKQYQP,0.77504563,0.7790208,10,20226,991
QEQAGWVFNQSIPQNTHLTKYMMRTEVPTPYGCPAMDIPRLVSQQVNRAVPLGTTLRPDMVKQYQP,0.76454806,0.7982784,10,20226,991
QEQAGWVFNQSIPQNTHLTKYMMRTEVPTPVGCPAMDIPRLVSQQVNRAVPLGTTLRPDMVKQWQP,0.76451916,0.7648321,10,20226,991
QEQAGWVFNQSIPQNTHLTKYMMRTEVPTPVGCPAMDIPRLVSQQVNRAVPDGTTLRPDMVKQYQP,0.7631387,0.82469094,10,20226,991
QEQAGWWFAQSIPQNTHLTLYMMRTEIPTPVGCPAMDIPRLVSQQVNRAVPAGTTLRPDMVKQYQP,0.7630631,0.78810436,10,20226,991
QEQAGWVFNQSIPQNTHLTKYMMRTEVPTPVGCPAMDIPRLVSQQVNTAVPLGTTLRPDMVKQYQP,0.7612857,0.7426265,10,20226,991
QEQAGWVFNQSIVQNTHLTLYMMRTEVPTPVGCPAMDIPRLVSQQVNRAVPAGTTLRPDMVKQYQP,0.7609547,0.7759933,10,20226,991
QEQAGWVFNQSIPQNTHLTLYMMRTEVPTPVGCPAMDIPRLVSQQVNRAVPAGTTLRPDMVKQYQY,0.75726676,0.74468464,10,20226,991
QEQAGWVFNQSIPQNRHLTLYMMRTEVPTPVGCPAMDIPRLVSQQVNRAVPAGTTLRPDMVKQYQP,0.7570459,0.7763555,10,20226,991
QEQAGWVFNQSIPQNTHLTLYMMRTEVPTPGGCPAMDIPRLVSQQVNRAVPAGTTLRFDMVKQYQP,0.75689787,0.8196042,10,20226,991
QEQAGVVFNQSIPQNTHLTLYMMQTEVPTPYGCPAMDIPRLVSQQVNRAVPAGTTLRPDMVKQYQP,0.755854,0.78866607,10,20226,991
QEQAGWVFNQSIPQNTHLTLYMMRTEVPTPVGCPAMDIPRLVSQQVNRAVPAETTLRPDMVKQYQP,0.75550836,0.7900403,10,20226,991
QEQFGWVFNQSIPQNTHLTLYMMRTEVPTPVGCPAMDIPRLVSQQVNRAVPAGTTLRPDMVKQYQP,0.75473106,0.762709,10,20226,991
QEQAGWVFNQSIPENTHLTQYMMRTEVPTPVGCPAMDIPRLVSQQVNRAVPLGTTLRPDMVKQYQP,0.7543975,0.7854322,10,20226,991
QEQAGIVFNQSIPQNTHLTLYMMRTEVPTPHGCPAMDIPRLVSQQVNRAVPAGTTLRPDMVKQYQP,0.7542613,0.7953456,10,20226,991
QEQAGWVFNQSIPQNTHLTLYMMRTEVPTPVGCPAMDIPRLVSQQVNRAVQAPTTLRPDMVKQYQP,0.75284,0.7979635,10,20226,991
QEQAGFVFNQSIPQNTHLTLYMMRTEVPTPHGCPAMDIPRLVSQQVNRAVPAGTTLRPDMVKQYQP,0.75230664,0.8062314,10,20226,991
QEQAGWVFNQSIPQNTHLTKYMMRTEVPTPVGCTAMDIPRLVSQQVNRAVPLGTTLRPDMVKQYQP,0.7522895,0.7512231,10,20226,991
QEQAGWVFNQSIPQNTHLTLYMMRTEVPTPVGCPAMDIPRLVSQQVNRAVPAGRTLRPDMVKQYQP,0.75192755,0.78016996,10,20226,991
QEQAGVVFNQSIPQNTHLTLYMMRTEVPTPQGCRAMDIPRLVSQQVNRAVPAGTTLRPDMVKQYQP,0.7518119,0.7962749,10,20226,991
QEQAGWVFNQSIPQNTHLTLYMMRTSVPTPVGCPAMDIPRLVSQQVNRAVPAGTTLRPDMVKQYQP,0.75170964,0.79509807,10,20226,991
QEQAGWVFIQSIPQNTHLTLYMMRTEVPTPVGCPAMDIPRLVSQQVNRAVPAGTTLRPDMVKQYQP,0.75160486,0.7789032,10,20226,991
QEQAQWVFNQSIPQNTHLTKYMMRTEVPTPVGCPAMDIPRLVSQQVNTAVPLGTTLRPDMVKQYQP,0.75059044,0.7226425,10,20226,991
QEQAGVVFNQSIPQNTHLTLYMMRTEVPTPYGCPAMDIPRLVSQQVNRRVPAGTTLRPDMVKQYQP,0.7500084,0.812594,10,20226,991
QEQAGVVFNQSIPQNTHLTLYMMRTEVPTPQGCPAMDQPRLVSQQVNRAVPAGTTLRPDMVKQYQP,0.7498378,0.77183676,10,20226,991
QEQAGWVFNQSIPQNTHLTKYMMRTEAPTPVGCPAMDIPRLVSQQVNRAVPLGTTLRPDMVKQYQP,0.7488341,0.79238486,10,20226,991
QEQAGVVFNQSICQNTHLTLYMMRTEVPTPQGCPAMDIPRLVSQQVNRAVPAGTTLRPDMVKQYQP,0.74868953,0.77888423,10,20226,991
QEQAGVVFNQSIPQNTHLTGYMMRTEVPTPHGCPAMDIPRLVSQQVNRAVPAGTTLRPDMVKQYQP,0.74862033,0.7959052,10,20226,991
QEQAGWVFNQSIPQNTHLTLYMMRTECPTPVGCPAMDIPRLVSQQVNRAVPAGTTLRPDMVKQYQP,0.74789715,0.78095245,10,20226,991
QEQAGWVFNQSIPQNTHLTLYMMRTEVPTPVGCPAMDIPRLVSQQVNRPVPAGTTLRPDMVKQLQP,0.7478488,0.77827144,10,20226,991
QEQAGWVFNQSIPQNTHLTLYMMRTEVPTPVGCPAMDIPRLVSQQVNRAVPATSTLRPDMVKQYQP,0.7475186,0.7823888,10,20226,991
QEQAGVVFNQSIPQNTHLTLYMMRTEVPTPHGCPAMDIPRLVSQQVNRAVCAGTTLRPDMVKQYQP,0.74680656,0.7687953,10,20226,991
QELAGVVFNQSIPQNTHLTLYMMRTEVPTPYGCPAMDIPRLVSQQVNRAVPAGTTLRPDMVKQYQP,0.74669886,0.7358942,10,20226,991
QEDAGVVFNQSIPQNTHLTLYMMRTEVPTPYGCPAMDIPRLVSQQVNRAVPAGTTLRPDMVKQYQP,0.746656,0.7842131,10,20226,991
QMQAGWVFNQSIPQNTHLTLYMMRTEVPTPVGCPAMDIPRLVSQQVNRAVPAGTTLRPDMVKQYQP,0.74645245,0.77645063,10,20226,991
QEQAGWVFNQSIQQNTHLTLYMMRTEVCTPVGCPAMDIPRLVSQQVNRAVPAGTTLRPDMVKQYQP,0.74562263,0.7584483,10,20226,991
QEQAGVVFNQSIPQNTHLTLYMMRTEVPTPYGCPAMDIPRLPSQQVNRAVPAGTTLRPDMVKQYQP,0.7455951,0.78002435,10,20226,991
QEQAGVVFNQSIPNNTHLTLYMMQTEVPTPYGCPAMDIPRLVSQQVNRAVPAGTTLRPDMVKQYQP,0.7455384,0.7899077,10,20226,991
QEQAGWVFNQSIPQNTHLRLYMMRTEVPTPVGCPAMDIPRLVSQQVNRAVPAGTTLRPDMVKQYQP,0.74545604,0.788201,10,20226,991
QEQAGVVFNQSIPQNTHLTLYMMRTEVPTPYGCPAMDIPRLVSQQVNRAVPATTTLRPDMVKQYQP,0.74475497,0.78663313,10,20226,991
QEQAGWVFNQSIPQNTHLTLYMMRTEVPTPVGCPAMDIPRLVSQQVNRAVPAGTTLWPDMVKQYQP,0.7447354,0.76154304,10,20226,991
QEQAGVVFNQSIPQNAHLTLYMMRTEVPTPHGCPAMDIPRLVSQQVNRAVPAGTTLRPDMVKQYQP,0.7446683,0.7861417,10,20226,991
QEQLGWVFNQSIPQNTHLTKYMMRTEVPTPVGCPAMDIPRLDSQQVNRAVPLGTTLRPDMVKQYQP,0.7443833,0.79959,10,20226,991
QEQAGVVFNQSIPQNTHLTLYMMRTEVPTPYGCPAMDIPRLVSQQVNRHVPAGTTLRPDMVKQWQP,0.7443225,0.8013699,10,20226,991
QEQAGWVFNQSIPQNTHLTKYMMRTEVPTPVGCPAMDIPRLVSQQVNAAVPLGTTLRPDMVKQYQP,0.7441558,0.72957003,10,20226,991
QEQAGVVFNQSIPQNTHLTLYMMRTEVPTPVGCPAMDIPRLVSQQVNRAVPAGTTLRPDVVKQWQP,0.74411935,0.7663947,10,20226,991
LEQAGVVFNQSIPQNTHLTLYMMRTEVPTPQGCPAMDIPRLVSQQVNRAVPAGTTLRPDMVKQYQP,0.74402505,0.7513514,10,20226,991
QEQAGWVFNQSIPQNTHLTKYMMRTEVPTPVGCFAMDIPRLVSQQVNRAVPLGTTLRPDFVKQYQP,0.7438934,0.73942775,10,20226,991
QEQMGVVFNQSIPQNTHLTLYMMRTEVPTPHGCPAMDIPRLVSQQVNRAVPAGTTLRPDMVKQYQP,0.743323,0.7790239,10,20226,991
QEQAGVVFNQSIPQNTHLTLYMMRTEVPTPYGCPAMDIPRLNSQQVNRAVPAGTTLRPDMVKQYQP,0.7432146,0.7639409,10,20226,991
QEQWGVVFNQSIPQNTHLTLYMMRTEVPTPHGCPAMDIPRLVSQQVNRAVPAGTTLRPDMVKQYQP,0.7430878,0.7778698,10,20226,991
QEQAQWVFNQSIPQNTHLTKYMMRTEVPTPVGCPAMDIPRLVSQQVNRAVQLGTTLRPDMVKQYQP,0.7427749,0.75639087,10,20226,991
QEQAGWVFNQSIPQNTHLTLYMMRTEVPTPVGCPAMDIPRLVSQLVNRAVPAGTTLRPDMVKQYQP,0.7424754,0.6826402,10,20226,991
QEQAGWVFNQSIPQNTGLTLYMMRTEVPTPVGCPAMDIPRLVSQQVNRAVPAGTTLRPDMVKQYQP,0.742397,0.79073596,10,20226,991
QEQAGVVFNQSIPQNTHLTLYMMRTEVPTPMGCPAMDIPRLVSQQVNRAVPAGTTLRPDMVKQYQP,0.7423311,0.76540726,10,20226,991
QEQAHVVFNQSIPQNTHLTLYMMRTEVPTPQGCPAMDIPRLVSQQVNRAVPAGTTLRPDMVKQYQP,0.74208885,0.7878651,10,20226,991
QEQAGWVFNQSIPQNTHLTKYMMRTEVPTPVGCPAMDIPRLVSQQVNRAVPLGTTLRPKMVKQQQP,0.7420668,0.74177873,10,20226,991
QEQAGVVFNQSIPQNRHLTLYMMRTEVPTPHGCPAMDIPRLVSQQVNRAVPAGTTLRPDMVKQYQP,0.74160975,0.78549373,10,20226,991
QEQAGVVFNQSIPQNTHLTLYMMRTEVPTPYGCPAMDIPRLVSQQVNRAVPAGTTLRPDMVKQFQP,0.74132365,0.76453656,10,20226,991
QEQAGVVFNQSIPQNTHLTLYMMRTEVPTPQGCPAMDIPRLVSQQVNRAVPAGTTLRPDTVKQYQP,0.74126333,0.7963254,10,20226,991
QEQAGWVFNQSIPQNTHLLLYMMRTEVPTPVGCPAMDIPRLVSQQVNRAVPAGETLRPDMVKQYQP,0.74116516,0.7439096,10,20226,991
QEQAGWVFNQSIPQNTHLTLYMMNTEVPTPVGCPAEDIPRLVSQQVNRAVPAGTTLRPDMVKQYQP,0.7411196,0.8283724,10,20226,991
QEQAGVVFNQSIPQNTHLTLYMMRTEVPTPVGCPAMDYPRLVSQQVNRAVQAPTTLRPDMVKQYQP,0.7409877,0.76129234,10,20226,991
QEQAGVVFNQSIPQNTHLTLYMMRTETPTPHGCPAMDIPRLVSQQVNRAVPAGTTLRPDMVKQYQP,0.7406979,0.8387947,10,20226,991
QEQAGWVFNQSIPQNTHLEKYMMRTEVPTPVGCPAMDIPRLVSQQVNRAVPLGNTLRPDMVKQYQP,0.7403675,0.759683,10,20226,991
QHQAGVVFNQSIPQNTHLTLYMMRTEVPTPYGCPAMDIPRLVSQQVNRAVPAGTTLRPDMVKQYQP,0.7399801,0.7569934,10,20226,991
QEQAGVVFNQSIPQNTHLTLYMMRTEVPTPYGCPAMDIPRLVSYQVNRAVPAGTTLRPDMVKQYQP,0.7399313,0.78389895,10,20226,991
QEQAGVVFNQSIPQNTHLTLYMMRTEVPTPYGCPALDIPRLVSQQVNRAVPAGTTLRPDMVKQYQP,0.7397061,0.7687781,10,20226,991
WEQAGWVFNQSIPQNTHLTLYMMRTDVPTPVGCPAMDIPRLVSQQVNRAVPAGTTLRPDMVKQYQP,0.73958635,0.74413323,10,20226,991
QEQAGWVFNQSIPQNTHLTLYMMRTEVPQPVGCPAMDIPRLVSQQVNRAVPIGTTLRPDMVKQYQP,0.739541,0.77053684,10,20226,991
QEQAGVVFNQSIPQNTHLTLYMMRTEVPTPLGCPAMDIPRLVSQQVNRAVPAGTTLRPDMVKQYQP,0.7392689,0.74747115,10,20226,991
QECAGVVFNQSIPQNTHLTLYMMRTEVPTPYGCPAMDIPRLVSQQVNRAVPAGTTLRPDMVKQYQP,0.739101,0.7233499,10,20226,991
QEQAGWVFNQSIPQNTHLTKYMMRTEVPTPVGCCAMDIPRLVSQQVNRAVPLGFTLRPDMVKQYQP,0.73842186,0.7597374,10,20226,991
QEQAGWVFNQSIPQNTHLTLYMMRTEVPTPVGCPAMDIPRLVSQQVNRAVPAGTELRPDMVKQYQP,0.7383127,0.7333286,10,20226,991
QEQAGVVFFQSIPQNTHLTLYMMRTEVPTPHGCPAMDIPRLVSQQVNRAVPAGTTLRPDMVKQYQP,0.7380971,0.79445356,10,20226,991
QEQAGWVFNQSIPQNTHLTLYMMRTEVPTPVGCPAMDIPRLVSQQVNRAVPGGTTLRPDMVKQYQP,0.7379797,0.8011913,10,20226,991
QEQAGWVFNQSIPENTHLTQYMMRTEVPFPVGCPAMDIPRLVSQQVNRAVPRGTTLRPDMVKQYQP,0.7379771,0.7923465,10,20226,991
QEQAGVVHNQSIPQNTHLTLYMMRTEVPTPHGCPAMDIPRLVSQQVNRAVPAGTTLRPDMVKQYQP,0.73792833,0.761791,10,20226,991
QEQAGVVFNQSIPQNTHLTLYMMRTEVPTPHGCPAMDIPRLVSQQVNPAVPAGTTLRPDMVKQYQP,0.7374651,0.78405565,10,20226,991
QEQAGWVFNQSIPENTHLTLYMMRTEVPTPVGCPAMDIPRLVSQQVNRAVPPGTTLRPDMVKQYQP,0.7374232,0.8218577,10,20226,991
QEQAGVVFNQSIPQNTHLTLYMMRTEVPTPHGCPAMDIPRLVSQQVNRAVPASTTLRPDMVKQYQP,0.7373826,0.80361867,10,20226,991
QEQAGVVFNQSIPQNTHLTLYMMRTEVPTPQGCPAMDIPRLVSQQVNRAVQAGTTLRPDMVKQYQP,0.7372747,0.812016,10,20226,991
QEQAGVVFNQSIPQNTHLTLYMMVTEVPTPQGCPAMDIPRLVSQQVNRAVPAGTTLRPDMVKQYQP,0.7370661,0.7844851,10,20226,991
QEQAGVVFNQSIPQNTHLTLYMMRTEVPTPTGCPAMDIPRLVSQQVNRAVPAGTTLRPDLVKQYQP,0.7369619,0.8124094,10,20226,991
QEQAGVVFNQSIPQNTHLSLYMMRTEVPTPYGCPAMDIPRLVSQQVNRAVPAGTTLRPDMVKQYQP,0.7369096,0.7793782,10,20226,991
QEQAGVVFNQSIPQNTHLTLYMMRTEVPTPHGCPAMDIPRLVSQQVNRAVPAGTTLQPDMVKQYQP,0.73687583,0.8048656,10,20226,991
QEQAGWVFNQSIPQNTHLTLYMMRTDMPTPVGCPAMDIPRLVSQQVNRAVPAGTTLRPDMVKQYQP,0.7366824,0.8033145,10,20226,991
QEQAGWVFNQSIPQNTHLTLYMMRTPVPTPVGCPAMDIPRLVSQQVNRAVPAGTTLRPDMVKQYQP,0.73665404,0.78186107,10,20226,991
QEQAGWVFNQSIPQNTHLTLYMMRTEVPTPVGCPAMDIPRLDSQQVNRRVPLGTTLRPDMVKQYQP,0.73653936,0.75938994,10,20226,991
QEQAGVVFNQSIPQNTHLTLYMMRTEVPTPYGCPAMDIPRLVSQQVNRAVMAGTTLRPDMVKQYQP,0.7364328,0.76904756,10,20226,991
QEQAGWVFNQSIPQNTHLTLYMMRVEVPTPVGCPAMDIPRLVSQQVNRAVPAGTTLRPDMVKQYQP,0.7363207,0.78238225,10,20226,991
QEQAGVVFNESIPQNTHLTLYMMRTEVPTPYGCPAMDIPRLVSQQVNRAVPAGTTLRPDMVKQYQP,0.7361409,0.7838117,10,20226,991
QEQAGVVFNQSIPQNTHLTLYMMRTEVPTPYGCPAMDIPRLVSQQVNRAVPAGTTLRPDNVKQYQP,0.73601466,0.7482395,10,20226,991
QEQAGWVFNQSIPQNTHLTLYMMRTEVPTPVGCPAMDFPRLVSQQVNRAVPAGTTLRPDMVKQYQP,0.73600876,0.7832805,10,20226,991
QEQAGVVFNQSIPQNTHLTLYMMRTEVPTPHGCPAMEIPRLVSQQVNRAVPAGTTLRPDMVKQYQP,0.7359528,0.7899599,10,20226,991
