{"run_id": "04:41:41-10/02/2020", "exp_name": "DynaPPO_Agent_10_8", "model_name": "CNN_hidden_size_100_num_filters_32", "landscape_name": "RosettaFolding", "rounds": 10, "sequences_batch_size": 100, "model_queries_per_batch": 2000}
sequence,model_score,true_score,round,model_cost,measurement_cost
RAQESVVANQLIPILTHLTQKMSRRFVVTPVGIPAEDIPRLVNAQVDRAVPLGTTLMPDMDKGYAA,,0.19595665,0,0,1
HCAKYQVHCYYTATVRTVRALEGTQLAEKFFAYLGWGVGVLPPRPEFRPWKEWHTYFKCYIMSIHI,0.18999408,0.020325094,1,2048,101
NGEQVQDKPAVMLGQYHEAEEKKARRPKYTLVSMTQVYKNKWTYWYNIEFPPPWFIMPPHQYWYYI,0.18223599,0.04279765,1,2048,101
SSAQAREQTGSDSAPQKPTIGYSRMDHSRFWVTWKEYRLEFLSFIIIKTIFSWYGYANSIGYWGLI,0.17511536,0.024812857,1,2048,101
WICKMVSEMQAKPKWKHHTYHMVNTTFQTWLDEKVKKIHYSRGNTAKQTLYIDGVNETVKKYWYLI,0.17505346,0.00998234,1,2048,101
RGYHINVITEMVHIDWWNDHGEHVWHLEVYQKHSNMDNVEWWGGKNIMNGLMCCDKQTANIKEYPI,0.17208783,0.010782228,1,2048,101
CGFGNELQYMLVFNMMWLIGEPDMMWTPNAMKQMRTIIMNLGAIVSLYCDKPMCKCELLIIHPGAI,0.16945209,0.002173464,1,2048,101
QHIARRINWLIQYFMHWNCDRIMHQPVTVKTYGNGDFFWSQDYWRCMCDFANNQWVYPAQTYRSDI,0.16901141,0.015817227,1,2048,101
SWQDNKCLMPEAHWQHKLIFTPQLQPKPGQDWRNGCRQIWCCLTQHGKEIWQCTRASLNNATEHII,0.16889833,0.09243003,1,2048,101
VTVFLFLFFYGMQLIKYPQHGADRPLSHSFVFNWFVQCLGNQANLLAWHKLARDQPVYHPTSYPLI,0.16817364,0.0052011507,1,2048,101
LRHDEMMLNFDCAPSKHNQYKCWQGTDVCRYARCVDFYKNGVPEWMYITLFYEDLRDRDMHNKWQI,0.16666107,0.14310805,1,2048,101
RGCLDCKYLERCNNKFYRIWNYYKVIDSGYTESATDQTCFSCCIDWQWLYHSGQWDWCVNKHLMKI,0.16660303,0.009028207,1,2048,101
EKKHPAWGVRNWFLHPRRIQPVDCDCQPHKGETYMFNRIKNCKQYTAHDNPPRKPWINHAYRKKPI,0.1661074,0.20585643,1,2048,101
DVAKFYVSNALSTAPSHQATLCLMHMHETQWEGCWTKMIMHKGQKLMSPGTHWPVKKDVHYHGHLI,0.16515002,0.033655133,1,2048,101
CWQACKSYLLGGSDQFEPRINGIWHCPRFRDRWTELMSNAKWEKLLYDDIVWFAWWTLWNHSRQDI,0.1645691,0.013411405,1,2048,101
FRFSDVPTWNLGMVKARFWCQMCEVDNNSLRNTFYHQSQRFFLSECWWVEEEAYEWPLGKETFHAI,0.16454428,0.027773693,1,2048,101
CSRWEMWNPPDRVYMSKSNYGTWRRGDWRHRCLMTPPHKQPHEHMAEKFICHWCMCCCHVGQDKHI,0.16444707,0.21598837,1,2048,101
HGVPGEWRQNIAPAWEVMWGKWYWIWPHNNSWLHGHEQKHYTWVWTLLNAHMIWAWEQQRGPPHEI,0.16439258,0.02522513,1,2048,101
DETRWLCKLPLCYYSRQWPWFRCVKWHPVSCFVNCIWWSTWLALKMALFLIAKDHDMSVHCQSYRI,0.16394357,0.02351803,1,2048,101
MRLKFNVKDKVITYAQFARAFNNCADQYRETVKIQSWHCLHHRAQVIIAKSTREAKAVMVFMHFDI,0.16364776,0.010158532,1,2048,101
HLMRKTILRCCYDWNLFPCCTKGRYIMDDTTGYKYPQWPCFCHQPYFLWDIPYFEFHSYHIQFELI,0.1634831,0.008137065,1,2048,101
RTGSGKICCKYHCTTLQRVPCQLMQNPQVPCNIWEYMCAGIFLQVPWGDRIDVLYIAFTLQPHKYI,0.16319354,0.0062846737,1,2048,101
LETEPRSSDCPPYESLFVLLFYQRYRGFKSVSIIFTGCHHSGHEMWHKFEPIVWMFPPGDTETQDI,0.16283388,0.024990298,1,2048,101
GYVCIYVINNANHCMHIWDFVCILPHHPIQQLENKPHYWIRDCDEVAQKVIGQKPIQPKTGGWSTI,0.16275302,0.00760876,1,2048,101
AWANCHVVCTYICSVNKENFASDFYWEGAHPMNNYCSTRQTITVGLMDVACECRDIHKDCRDCHDI,0.16267824,0.011292545,1,2048,101
TKKRGEFACWKEMAYTFGFVVGTWECQPQKHNQKGYKYQFMECNAIPMISGDTCTCEANSGGWFEI,0.16266109,0.043429926,1,2048,101
LYQQYWVLDQRSHYLEYYSFRQYQGPCYGKNSCYACKMYSKVYAGRFYKFGPDKARDRDCIVTCGI,0.162377,0.030275928,1,2048,101
RQSCPQTTDFSGRPWGHLMPIATIAHSTAADQISVRVTVFELFIMDSDIRYRVEYNTHRDSYLHNI,0.16227868,0.019864976,1,2048,101
GKAVIQYHNAYAVLRVTWGHQNYGILQLGHAQMWHKLIVKQRNKEVWLHKCHMKSMGFHYLVNFAI,0.16199297,0.051313035,1,2048,101
IETKMIQPSIYNKCQYHEVVHKSDKQPTEGETPYMDHEQKWSYPICPGYGTGNPVRAVMTAIDEWI,0.16182338,0.03325385,1,2048,101
QTCVVYCRSTCNQQYRCQNTQVQWNQHWDNFLSQIQNYLHAPQWATWHPAEYTKGHAKVWQIQIVI,0.16180289,0.021468531,1,2048,101
DGVEGSGHNGLIECARGKWADRFHTQGMWDDLDEMWSVCMAKKHQWHHYLHKTNVLKESQIMRCCI,0.16165614,0.018914226,1,2048,101
RKEEKQFGQDKSMQTYYQYMFDKQYLITDSKWSTEHPSLQGYYPQKKGCHTQWYQNWKKKNWWNHI,0.16148447,0.19951285,1,2048,101
FLGTQELKQKYAPMPQIHMQAVEKQYYDDLRPLDFRQKTCTWEYRNQKWEKEFVNLQMGGDENTRI,0.16118637,0.08576819,1,2048,101
LDHHGYLGANYMPPHPPRRPTWAQRHHYFGTKNDETETRVWYFADYDWHKGQDDCMPNQPDTIWCI,0.1607982,0.14104892,1,2048,101
HFMTRHAWDPPDKMNRKRCRTEYVLMHWEKHYFPSVWTDMPHLHQWTNVTEHEMLLNDGYPIPKAI,0.16077605,0.06891277,1,2048,101
YLCQMICCFEKPGPKFGKLFVKEGAGKQYSMKCIHYTRYGQMYANLIELDNRQFFKQVFVLRMPQI,0.16055535,0.006231906,1,2048,101
CEQQKFPWWGTTYSGIVYMDMRVLFSLNQDFSSQFNMNGDMNQKQMLWVPKKRPEYILHSRHNNFI,0.1603456,0.040115837,1,2048,101
EIIAHVPEHKRSSCRHNIAEWHLTYPNSADDQTRRSLTDTFSYECALHADSYTKSLKCWNLFLCII,0.16007946,0.036657114,1,2048,101
DQRKWDQSVQDPPAFIKWGVSYRPLVNQSQEGSDKGKWRSQIETGVGKYYDPANFMPNMQDFCQFI,0.16002667,0.21495923,1,2048,101
YQDNFLIGHLMTHPDFYIHDDYMTKGHLWQRKETTCMKMFWEKVQCEVKENVRTIYSWPWYHNKSI,0.16002202,0.10518195,1,2048,101
NTQGMIVGCNPHKPIPCLLLLQYSWWIRLKIGGLIWGLQCRQVQVQTFYGTRRLPEHCWVQRNTPI,0.15943424,0.010883093,1,2048,101
STITNMTEIPIQKIESGDKEDCVHRDMWCEYSAVRKISAIVCQCTFDFNMHYWKAEEGEDYLWMKI,0.15888704,0.019945709,1,2048,101
LVEEWYRQMEFPHQFKINFTMWRIMLCTCGPCTDNEKRVELTVIGYQVMMCLKPNAYRIRMVMLDI,0.15839891,0.003976245,1,2048,101
EIGDNWEDLKQQSPPICVADHHMCDMHTYQTYGTSSWAYPVKHHQGSEPFDYNQWMGDYAVKRTMI,0.15793894,0.17920953,1,2048,101
CLNVCQELQCSTPVMSGYQHWNCFPSKCRAIFPLKAAFNRPHDNHMFIMMFNKCTNCMHINNQVSI,0.15741341,0.028109008,1,2048,101
WSVMRDTPIVKKWYDMCYIYKIYWADDGGHGEFDQYGEHQVHYSGLCYGQWYQDDWTEPPRVDKEI,0.1573887,0.013186939,1,2048,101
WLSWTHHPAGEWHMMMFAMMTVVCDSVYLHFMGQGYDMFGWAWIFHGGLVKSQSTCLPREPNDELI,0.15736459,0.013007701,1,2048,101
WIYRYSYLRRSSCDWYICYVYLAPMVEEHHSHASSASTVYCLQWPHAETLQYTRWQQPAKCYRWAI,0.15728834,0.08531536,1,2048,101
DTHLSRFCHIGGMCFIFYTYIHHDWFFAKYDFFIPQYKIHQPWETHQEWFCDVMINSTCGIDQYII,0.1572646,0.0152951535,1,2048,101
DMCGDDMMMTRKPHGYCKKTCRARCSLITVTWGGQSRYEHSPASPECHMEVWQKMKIDHYYPCNII,0.15723537,0.011732271,1,2048,101
WTFHVGFYYVMGELTPRQDAQKFRYDYNHFKVVKMGVTVEAYIHHREEQICHKQRKYCNKNRWPFI,0.15718551,0.017804848,1,2048,101
DDDAMMDTDEGILRYAVDELAMWFAQRKKTIPPWSKNRLMGMMPWDAWTAMRQWLMFHEQEAQGTI,0.15711361,0.041179493,1,2048,101
KYMPCLHNCFSPGCLTETEKNQYFDDPGSVKDINLGWKCDTEGDRETVCNKWLEWKIMQKLYSSRI,0.1571082,0.04450352,1,2048,101
QVKVSAQKRGFYIECTKCQHPGMGAYCYKWTPHTPYSTRSTVDNVFQVSQMHAWQLEPINPCISRI,0.15700789,0.018601408,1,2048,101
KFCCHEDNSVNDWHCQHVTFATITFKYGTKIHMGERFQPEKVCAMNCTSAVRQQYHAIMYNELFWI,0.15691854,0.010350343,1,2048,101
LDPMGVFWVVAIWTQEDYSLVSAFFYQWFVHVWFWELVQIDNNVASSPRRKQMKIETDRQQMEAHI,0.15688711,0.034696124,1,2048,101
WNTSWRITFFRHYSYWEPIYGADMFVEANLLMRAPNLRNKQIIKQNYKLSFMFARVAALVRYIRDI,0.15683936,0.0050841235,1,2048,101
LLTCQECACTIGTKTVMMMRHKWAMVGTMPVLGKAKIFNPENMHMCKIPVSNAHPARHNLRRAKGI,0.15616834,0.03135078,1,2048,101
VPHVVCETEYNSSTECPPLYDDYDNMAKDLGIVAYQMRGPCWGCSKFITLWMTVFGGPREGCSISI,0.15610099,0.023725739,1,2048,101
NPWNKAWTSYNLGMRFIMNKSYLWPQPFVERYELQKDIHRGQACRGNMHEQPATMHANHMKDLCVI,0.15594535,0.059036136,1,2048,101
CCSTSMIKEKLWNEMMTALKPNINNQLQWASHTDTRMPNYVEEFRCSPTCRTTATTKEFKDNETLI,0.15586641,0.0632645,1,2048,101
GRDLQQHHLRCYYYFTMMLWYLHGISPEWVPLYHHLMQERSWLYDAKEWVDNIHAGEEMLYACHGI,0.15574847,0.022028709,1,2048,101
PFQFCWCQPGCCFKRQSEQEFQHLKVIHFKKNITGGALPREDVSNHHCVLVIYVNRQVKKKHCDTI,0.15574552,0.017380599,1,2048,101
MWFNTRQQVNFCHALGDYHNLSHDGKLKYKVGARPRFQSFWFPENYYAFLRWGNDKPRCEGVQAVI,0.15561692,0.03688424,1,2048,101
ESCIKPGWFVFSVNLTTWNYVREFCMCGTPQHSLLTPCRIPLVREYVQYMNAIGHAQMCDVSHGSI,0.15551782,0.01197955,1,2048,101
WVWQWGDVNMCSGPWPDVCQYDLMAGVRYTLTPVSMKWPRGYTGNSFSHPAGQYPWARHNRTKGPI,0.15546815,0.053813968,1,2048,101
NCARQGQFFFTVENCKNLNCANLWQGYHFDMKVVFYIAFSPHMGVEFGLDLGNRTVVVIFQYKEYI,0.15546367,0.0031962546,1,2048,101
IYYNVKFNLQETFMALCQRTYWLQWSGWENTWKRTKTVAPYQPQWRIFGIVDKRIHWHWHACPWPI,0.15507062,0.010171861,1,2048,101
VNIIKLCDIRAYQVKMMECPVPTWGGAFWAISEGFEYKSIGPWMVLMRNFCGSGWDKSWWADTTPI,0.15496258,0.007874635,1,2048,101
VTIDHDLENVSKWWFHNVFMHAYIEQNCQVIEYWWTWYHNPKSDPKPFQRTWDATWFQFGIRWQYI,0.15493928,0.004154363,1,2048,101
RMNCLAIFGWKQADTEYHYQYEFKWDCIHMLTRQTNERRCSNEHYEERKEEHPVQNPLCEKDSWEI,0.15491708,0.0799994,1,2048,101
FNQTDQHSLNTAGNMNHPCVLKTMFDIKVCYPVCERIQWARFTKWVSLTVCPTSHMMLSFQLQNEI,0.15480956,0.0123438,1,2048,101
QKISQTMQFPGYFCHVWAEGPKGAMFIGYTTFPKWADLDGNVEAPYENIDGRNKRAMYNSKWFDKI,0.15472363,0.044426087,1,2048,101
VLFQMCIRYEWAKMHLYWEPTLKTCHNKLDGSPGEGHVRGAAEWIVYCQYTEEVDYGEHFSYVYHI,0.15463966,0.020567205,1,2048,101
CHHRYWNFAQHCSRQFEKQWKCMEVQWNEYKESMQDQTYARWWIAKDFRQGRWHMNETSGWVFSGI,0.15452956,0.05524062,1,2048,101
CACDYLCWRAVFHWYMFFLWSKRHNYGEHVKVGQLLTPGCHDAFCWKCEGEMEEESPADCKKKCYI,0.15439384,0.0052873767,1,2048,101
VGYKRRPNWLGDKLQSKYECYHMGPLVYFKQNHHHKAWYRQDEIVVEIPYLIIQCIAVFTDHKNAI,0.15437894,0.0047868164,1,2048,101
CNFLRTECMGYIIDCEENHQLGFSQAAATLFGMDLAFVQQQMAVGSGWWNEMAALTLAMAENWGKI,0.15436244,0.007195733,1,2048,101
MWLWHSLQHHRTSTHKEIQLTHIEMSDIYANKKDAFNYSCIVPHTMCVGSNQPYITGLNWYMWRWI,0.15428527,0.013483457,1,2048,101
ILEHLYMYPCDFIAYAGCNWLHAFGTEYHIHKPLCMEYMKDMQFVPCVLLIMVWPHSPLFAYSMHI,0.15392554,0.0065872124,1,2048,101
CCRNPPECMWQLITFYTLPNNTPVAVNKLHCQCGVQNVYIACYLFIETQTWEGYHAKWREFQGGQI,0.15385453,0.028681967,1,2048,101
QNKQVWIQGTYHSHITLMGWCTALRIQLWEGYIFCRFPAYVLFVVGCCFDAWADLCDNPLRCHQAI,0.15377343,0.01952812,1,2048,101
LSPDIFGLMTHNGPQDISTMEDGKQLDQKPWGCTQCIVQVNARHQTKSPGTRWAAVWVRHRVFAGI,0.15374255,0.05430206,1,2048,101
RPWGHDYHWIHWGNCFDFKFQPTNFQAYCTVTLANTQTPLFIPGESRPIPPKIVRMWVKFQCKLGI,0.15362975,0.01582134,1,2048,101
CIGNRKADFHASFITPGTSMCKQDCDGQVAQAMVCKGNKNIPRINQPSHIIKNLIVYGSVFIQWEI,0.15355693,0.019799845,1,2048,101
HLRRDSYTHQCLWQPIIQMSLKQLHPAQERHHPWNWYNHEVCFQTYPWKPTHEWPYYCHGHMKCRI,0.15354095,0.17904706,1,2048,101
RRGVKMLWNWMQWIKTSIQATEPHMRWFWIVIPAQAMYKHDKVITNCSKLTYHLSMTINCDQNEWI,0.15333344,0.014097897,1,2048,101
LQHTVPFTWNTQWMYTPTKMMCVTTLANDYCWLDMGQWGEKAQVADQCPLLILSHLPALCPPPLPI,0.1532838,0.02062577,1,2048,101
CASNDWCAHTPPRAFQRCRHNPKYWNWWYYIQSFTLDTTSHGSVPFSGKIMWAKLRQVPPCSNTEI,0.15323341,0.035074256,1,2048,101
NHFCNCDQAYCNSKTYPELSRKHPVTAKWAVTFAQGFMSDSMQFNNFQTIIQPHWMIGQPPHGTII,0.15314344,0.046224423,1,2048,101
WCCGLGLVLYGEVMDTKRKQCEAAQTRFDNGQWEAKWKHWVVEGFMDLAIHCGPRVVGYHTESCDI,0.15295087,0.013722281,1,2048,101
HSNEDIDRWREHYHMMRNIAVQEVRMQSHTKSRKCHCTNIGIVNIDYDWICYQQIPVMKRFGQTNI,0.15292986,0.024293581,1,2048,101
SRVQGNSDSGCYGCKGCQVTTHGSRCETWWDVVELTDVGRVEEWTEGQAQTYQRHGVFVFFNADDI,0.15262744,0.0585971,1,2048,101
ASVTCQDIIHEFIMKITKYYRDCMQWWLSKLCWEASDQEHKHAPAGMNYKVILQVTQVLREYGIPI,0.15262333,0.0034168812,1,2048,101
LCQEWGGYMIMVEPMFLWSQVMVWQQELEIGMLCHRIYTVHGEHGQQNNEGYILMKCWHEQLNNLI,0.15255922,0.009594765,1,2048,101
HADDDSTITWFKSWQKYDYAAIKEDRTKCYMRTKTQYLEFRVAKIPFMDRQRLQFWYPFITFVLYI,0.15253648,0.005726629,1,2048,101
WFMTRLCQIWYQSELDTRPPNATRRTPMPNTTQGWQPHLCMLHQWRSLKLKQGALNGQSLDGHYVI,0.1525133,0.03366078,1,2048,101
DACYVMCWMEPACDNGRVKCYNVKRYTVCIHRGLFRIQQRRFICVCASYKVCKDSSWKFLRTDHHI,0.1521645,0.004822835,1,2048,101
YYAKKGVTQQWHLGWDEVLSAKEIFYATLGAATAAWAYKCAEMDNNHRYRWRCPGLTHRAVEPWAI,0.15212524,0.010936718,1,2048,101
QRSFEIVSRQGILRSGFCNSLYFCRQIKPRSKDVLACHYSSSHLSHKKHVILGKCMKVNMRLRPII,0.15202132,0.027764224,1,2048,101
MQKMGKDQWRGVHNGQLYCIKERKWNMLPAWWCNYILQIMCNAEQNRKPLFPEPYMRFCPSFEELI,0.06983583,0.034753297,2,4096,201
LPDSVKVFTCPCIEHQVQQPYWFFHEIKLFGVEETPFITEFLDGDGQETQVICHSHNLGHHRHVPI,0.06809145,0.03408751,2,4096,201
LIQNQKITETYFLSYQLWRVEAFEDMTNSRFMEAMLTVVYVHMYPEWFYPIRDTAIFDNSWHLPQI,0.06674316,0.008143844,2,4096,201
TLNFQCEEHSWMQRKIAVAFVYTCSNHMQWWACGKTTNIMTYQTELETNCTHYVDHQPVYEAFYHI,0.06340813,0.025390273,2,4096,201
AKCASHIGHGMQNGRKCPHNETPNFQCWWRYSVRAQYDMDLDRNQQPMFHNTPNWYKNDWLSGPCI,0.063076735,0.09566147,2,4096,201
ALHYLYPTKTRQYSNVDHYGPAMDLLSWVFTGERFSAEMVSLALLRHSRNWPGDQCCRVPRELGNI,0.06295792,0.016966578,2,4096,201
QEFPMPQTQEPCTMEKAIGWTQGGPPMRHQMTLEIKLYRYAGAMSVFKYWIECHHCQKYDMTFHVI,0.061975557,0.13238186,2,4096,201
PCLPTSQWYFNFIKRVNVEKQLPPRLTDYRSIPTVRNVQFTGFMPWRGVGSKIRVVWHKTLHRKNI,0.061579596,0.053575702,2,4096,201
ERGIHCTLQTMYENPMKVVIVVMDFWVMSTPYAFYMLGPSVNNSRMKLMIWQRPACHPHEHTMPDI,0.060902674,0.08272717,2,4096,201
VQKVYQNETFLDMMGRDIMVPHPPNEGKVHIEHKSQWFDPHGPRTMVKNRLIECECEKDIWAEGVI,0.06058337,0.087767184,2,4096,201
AHLVSNHVQWWHYCFMWWARQKSMWQCLYPCYNKLDMFDACAQCVMQMLHVFKDTCFEEGFITWNI,0.060439892,0.015217743,2,4096,201
HVYYSYYLHGAEEYAWYHFRTRCIFDIHIHMARSPYTRNPRNALMCLKGFHQKVRRAHNLRIGCLI,0.060232367,0.012995457,2,4096,201
LCMFLKFLGWKSCIHGMKFCLWIPMTRSYHWDSKYWHQKWNLCGCLKAEFCLGPEIVYRQTEQGDI,0.06016104,0.0028278774,2,4096,201
MYMHMVRFEESGACCLYVKRYPWIHQGNRCHRALGATRPPLHYTLDRPQQTVYAVCPDMNRYDDRI,0.0600631,0.023134852,2,4096,201
LYKYVKTPVKRRLVSDWEWEPHAELPSSGPKRQKGHNRQKEQNFPDTPRLMLDMYCHQTQGETDWI,0.059988078,0.024222301,2,4096,201
ETECAAEQNKILQFEMMCYSTAKKSHGESSWNQFPMCKYYKVTYHCPEWPMCSRDHFGANKKQHWI,0.0597886,0.028871406,2,4096,201
NAQMFGDMNTLKENFLSYEKMTFDKNYVPKMFRDMGDFEKSYINYRYACWVNDPICQTAVDWFKII,0.059613463,0.020986337,2,4096,201
ANIKRHRPWVTDHCDIEMSYFTYIPNWYCNRQMVGDELKGWQDRATNWTAVYIKRGDAFDIQAEII,0.05899875,0.021324594,2,4096,201
DAHACQQIMTHIELTIRLQLQDPIKIGWQVFMTKNWKMKALQMSMYKAGMEYSMLGWSILYWDRQI,0.05891582,0.020731682,2,4096,201
VKQMGPFKSRHHERDIPWYMLDYQMEIEYGPPWKVQFDSPYLQSDQPQRMVTPWNRMWLRYYRFTI,0.058627166,0.20938955,2,4096,201
LANQTYQPTIGFAQFEEKDPAGSDPARAMEGHNIADLYIWTQPCPVFNYNQMNTEHTNQFSTYWHI,0.05861673,0.0981325,2,4096,201
YLYKEDTSCPGRMQTYYYECLMGPRRQHQRIKMSMPKSPPYVCMMILGMMYPLGMRNCYWFINERI,0.05818465,0.0404356,2,4096,201
PMISAEDNNDKYPWNHKRTNMKNLLFIFGSKTIQRLWAQQHDCIFKTTFHEKTNQHLFPVFNHFLI,0.05793874,0.037114345,2,4096,201
IMIAGQMFNRSTLNMKQVNHGHQPAMYQGGMRVIVFTCQVNIDIDPHLHFAKWIGINQKGMYKRCI,0.057930816,0.029629141,2,4096,201
FFDRVVSCNKDSLYMHTTWTVKMWSSPYCGKGTEGWWLGTRRVPEKGQHEEHSAYCRQALIRMRPI,0.05733346,0.013403539,2,4096,201
QQHSFTEITRMTAYYGAPYQMRVTKCCICHRANKQKCNTNCPYWNMKLEFYKKSITNIPAKGHINI,0.05718519,0.02602738,2,4096,201
KIVWEVKYGGLSIHQKCKWIQHDWQRREGNVTAERMGNNLGMTCIKPGERWCNKVMNSCSMPHREI,0.057149168,0.0063638845,2,4096,201
CFGRVCTEYQVYHVRSTGHQGLFCMEDGPVGHGEFTKAGAWGAHKWNLLEACYILLGQASVGREDI,0.05709828,0.019432187,2,4096,201
VEINVGIGNMDVIETNWMTCPWHIWCIQKVRDPNGGGLAKLQCSDWTQAYCQKQLIPWFKDTEYGI,0.05707847,0.026296567,2,4096,201
TCNCTMEQMYMGTWPGYWMPWIWTIFNDTMLDEFFNFPEFAFPWNRTHTEKEWFQKHYEGVEQKQI,0.056960706,0.028211646,2,4096,201
KDKPVMLNAFNPGDKGGGCYEHDGCQQQDTANYKTNHCWQHEWFYHANTEMCCTCDYYQRQKVVVI,0.056614425,0.06554651,2,4096,201
IADSHKSWGRFYFTHRHECSESRSTATLDAPPNFWTHAIQNWFLMTPVEKYDYKIAIFPVIGWRSI,0.056574237,0.0051352317,2,4096,201
PDSMMCLQPSIKHITHMWPNCETGYKMRRGQVEVIRGMVKSKERVEPKLVPAVEKCTMWIPQHKKI,0.056353286,0.08040493,2,4096,201
VTTSVLIAQVRELSLAPAGHQIHKASIHMDKTMISVFIEFERSTQTDMMQGIRRDRDCQDGPGVFI,0.05622181,0.015821368,2,4096,201
DSQWDGDHDACKKTTVRLTIWMRFYQGQGLAPFYVFEDKDGKAAECFIGGFFLSPYDEEDGAEWTI,0.056121644,0.01868015,2,4096,201
TVFKPVWQFTGYYPLKIKFLYAYKEIFMELAWCNKYAMYEQYYVGGWWHDMAELLYPEGGWNSPTI,0.056020483,0.0073235,2,4096,201
DSFCESAWHVEMCCPFQNKHVHKGTGFNENQFANWDQHVNRYVKLYLQTRREQVVEPIKPAKVVPI,0.055947352,0.022295747,2,4096,201
VLGTANHVYNHWQPFSDHHSTFHNQLMGESAFCRSKKCDTVDVVCLTKHGNYGRHGYDFPLANLII,0.05591731,0.07437951,2,4096,201
FPCQIWTTYQTNGWCESTVGPWSCANRTEVPHHPDKWQWIFQRTDYGVPRADYKCPDVPFEQVRRI,0.055873454,0.042792566,2,4096,201
SSTKPMCMVIFCQDMMPDRNLIDHIPTYTPGGKLAHHIPVTYANTFKRKPFGWFCTMVKKYKSKLI,0.055828143,0.030201757,2,4096,201
SWNPPSDSRNMNQMCDHWSPQSEAYMHVKVVDYNDNYAQPLYHKKCCPEGKELKESKVNPDQQRII,0.05569127,0.20442146,2,4096,201
IPWACLYHHLGFACNDGMQNFIYHMHTPKQKMDFGKWKKMMWGPNTEPWLSKCRSCHFKKKAMRDI,0.055680577,0.09840054,2,4096,201
RPAGPSCGAGNTCPLLPCHSMSRHYLFKTFSHFNSSQRIGVEIMVCVSQYAHSICLGFLYADNHAI,0.055659443,0.026100019,2,4096,201
WHPNFQHRPSWGHFNDDRDGYNTNKIPFQYGRFWLVVFCKGNICRRPHHEVGHLCAATVCHIADLI,0.05561106,0.021507254,2,4096,201
YLCFRCKNDREMDLRYIEAYMHMELNLQRGEMHYWCHETQKAYQLCFRYPLIEQMHFFWCWPFWGI,0.05558191,0.01904823,2,4096,201
VAARVCRFGYQLCKQMWTVNMPVWIERMTHAEKQKYVECIVWLDHPHPRWVAEFGPYFAAQFEGCI,0.05557634,0.003950115,2,4096,201
EEKHVVNFCMFSPYGFIKYPQLRMMMRRVHAAFNLRRENWPTAWCRYMRKESTEYQQRPNLDQCLI,0.055566262,0.012270109,2,4096,201
FEQWDCVPSNRKITMACEYIHIITQDHAGSWPPQIPCGGGTVFPTPIRYRWGYFWHRCTYFIGERI,0.05556616,0.010127844,2,4096,201
GMCWCDKALFEKAAEFYDQEPWPCAKDFPNFHKVVEVCVRVLNYYNYFPPIFHWMSFDCEELTGTI,0.055489045,0.0038720663,2,4096,201
EMINIHTQRMWDVSYITFYHENDAWCLVWGRRWTVNAEPWAFSCDQPNKQKNYRTMVYQEREIPNI,0.05547799,0.024982933,2,4096,201
SYRRRGSMIVLGYYMMDWKEMPVRYWQFMFGVVRYHKKPFYVGQMDLRTLLRQNGEQVRCVHPQII,0.05541128,0.013741759,2,4096,201
QWGMWDFSQGAFAWKKKMNKCMKHRERGLGKVAQVFTEPRIGGMNCLFGQKTRQKYAWVYYNMLQI,0.055406302,0.11645366,2,4096,201
ILPVRCWCMANEFKFQPQHYGMEMPHHVSQKLSYRCIRHWMCVLFPVLYQFLAAHYYPDQTPKKQI,0.055393986,0.003019739,2,4096,201
QLTQEQSQMRMLDDIFQRIRHIEMELYCTGQIMNVKYVAIDKNVTRAHQIEGSLASPPYSTLHHDI,0.055389397,0.014983138,2,4096,201
ICDRCLYDGKKSIGQYAKCVNTAPCAYAREEHTDASEVFWCTYEPTTYPPEQERICRDRWHLWSYI,0.055379212,0.044826124,2,4096,201
NLCHFSLVGFFQNIQVDHSWSMVFRCLYIWAYIWLQWGFERLQSCCCTPYEPIDYIKEKEVWEEFI,0.055354085,0.008989072,2,4096,201
MYPLVWQHTVDLTSAQCWLISLYQVRTMQRKDLGNIAEEQGCKPMENYYYIQHGQTIIKDQVVYTI,0.055327974,0.012713799,2,4096,201
RIALGCNDNTMPTRDWPQYGLRPLTSQQTFVTGRSFHAFQMEFAVQTWKAQTQTIINLRLQFAFPI,0.055278193,0.008382193,2,4096,201
CTMFLWCIRWQDASLSMMIETNMPGTLPNRPPYVNGISIVMALNVEKDSKDRYCWTEHLCLVKERI,0.055234395,0.026400547,2,4096,201
KRFTGAATAKKYTCMERQQHLKAYWCIFYEGDQCEECYIAWIHWWYDLCSKHWDCQYKTKDDVKKI,0.055139367,0.013435919,2,4096,201
KSRPPKLYQLQWDQGQAPTKKKFFEWRQYKPYDWTPPMVALGDMNHRAIAHNIKTHTQQIQLPIDI,0.055134192,0.20487112,2,4096,201
MQNSPQASIHIVSQHNNEPWRDSGLEDPYHLEMWFPRPQIAEFKSEQLGVMDEMSYQIRCTHTKWI,0.05512161,0.044789154,2,4096,201
QPMKDGCYWADSGTRFGVSMMCWRTIWFQHNIQFWSCANGFIRGILNTMKGEVYQLKTGFNEKDRI,0.055115882,0.06147959,2,4096,201
HFASDKNKRYRTGERHMTIYEKKYCGKNIWIDHQRTWMQVTWIRTICAVFEAQTNFNTFHQVETQI,0.05503123,0.013460959,2,4096,201
CVCSRRCECWGSNGAQPRFAFGQWITIDCTLNGPDEMGVNNGYRNNWPRHNDEERECGMGRMLFDI,0.05488467,0.030327847,2,4096,201
RACRWKPQHMAHRNDVQMESFLFRTPQRLQDKFQNEEVPEIYHKLGDCRVPVRHKYNAMFKLTPFI,0.05487816,0.027795624,2,4096,201
AACLSKFARLCILTHCYFFWHCKTWWPYSDQREGHQICWVDCDHGSVQETTRWFEDNYFAQKECEI,0.054757506,0.006293715,2,4096,201
LGRGKSKICCHSHCMSAVVSQFKRYNGAQMKPDGYEGAKRVVPLYLQTRGGHKQRIVNQAMAKPNI,0.054733012,0.022039294,2,4096,201
NMNGMHARMQFPSWMVKTHPYAQGPLKYMSAQNIRCKDAKWGWENHVSFQSAETQKLLMAMTRIQI,0.05471738,0.016938876,2,4096,201
LTCEVVGMKWEVIGQQEPPSDDAKHMNKLWCKHIKTNDQESKIHLCKHNRCAKNIMCPHIIRVCEI,0.054675825,0.016598672,2,4096,201
TRRNCLAPFERKMCKIEYKENHPPWQWEPCELSAKDVPSIGLQTVNILSIKWIACTKKCIVYAWVI,0.05461862,0.020209849,2,4096,201
RVTCVFPVQSPVPGIVGWFYQKVCDMYFVWIFKCFYALVIWPKAYFTRCHFYQFFLYKFDSICVEI,0.054588854,0.011418941,2,4096,201
TMQRSALYMMWEDPRCMLRQWIGSVIDHYSHQWVDLLWVLKGPIACPKMHTVWLICVLYGVYNPCI,0.054578315,0.016221268,2,4096,201
VPTVDLTHIKFSTSVQLCNQDQQIPREMNPGRPSYLTVADPFGQSANLKFTLCPGAYITKNQYVKI,0.054547373,0.015213041,2,4096,201
WTICVHHEKSFSKDERSMAEHTTIHTQAAHLGDVFKWMVTSPYSNDACKAGPRQTPHQHQKSYNLI,0.05452554,0.096844025,2,4096,201
KCTHCEGAYHMSGQLFQIITVLLECVPGYHMGESFNDCYSKMRLTKTNTFEITLQNVDDGHRMRKI,0.054518323,0.010589837,2,4096,201
GMFSNIDQEIDRTDVSFGPRWEWTIQQTHQSALVFQTQIVIVNMCMMGVENNQYDPHNEHRKPILI,0.05447657,0.050555613,2,4096,201
WFYSPIMHGHSMYCDWRQEMNFSSFWRGPPYQFTKRDKNGYQNDYVELFSHKAQLIHMVLLDVMTI,0.054414876,0.031246059,2,4096,201
PSQRCYIYQRQLLTAKEKQKEQNRGYVPQAIFEKKRHNLQTDPERYVLWKMIVFAFECECQHIFHI,0.054381527,0.06359998,2,4096,201
GKNCAYRAFWDKMCMVLRIFQTKDTNDFLVCPATLKYHKPKCQVFGRVPQHMTRVFINMIHEIIHI,0.054376274,0.004538042,2,4096,201
WSHAMLHRYIRHVWKMWQKTTDWFKGVESGEHVSTAQYHEIPSGHPPGTEATKPCHHQVKKHCIQI,0.05434477,0.0452982,2,4096,201
FIDRIHHFCAVQNIHKSFTNDIKLKVVEQTRHENDANSRYKEIINYHTQTMQADRKMQLQNHAKTI,0.054301992,0.022071902,2,4096,201
NRCIYIDNNQVYRFQRSGASTNFALFVTKDMGDERTTYGSMQGAYRKKYVDHRWGSERHWHWIVRI,0.05428172,0.079386204,2,4096,201
QHPLGCDIVHPFFGGSSYAEIGGKHWNVTKNCRSLIHKQLNLCKHWIIDACSEPKDKPKSHKFKPI,0.05423769,0.018738331,2,4096,201
DDRTTCIVHMGKQEYREHLDNHMTKSYLKDYHCDWGQMLCLNSIIEFSKADYWFRTDLKRFTKFMI,0.0541471,0.14361031,2,4096,201
QEYNILWRCRYSNNTYYVNPRYWRFAPCVWIAICPCRINGEPPTDYDTWSNGWVQTPVPCTAGGHI,0.05400909,0.041232884,2,4096,201
ARRYDAQNHLYICNTLHVSELPILMMPRIYNRPGGYQPYRYKPAQWNRGIVFKCEQCDQEIWYNVI,0.053988714,0.037609946,2,4096,201
TMLIKTMICALWFRRQNYCHTAHPLNWMAYDGVRPDAPQKPFEPMEEKKIYSTIFVEHPAVTSCLI,0.05383903,0.03202925,2,4096,201
QWYFATADLCYVWCDCIGPYMKLGFTDRECIWGYGGCCRPPVDPNYMLTRWFVLAEISVKRPISRI,0.053764272,0.0024518138,2,4096,201
RSPKCQLGWQPNRDAWMKYDDARFDATVTTTAPNPRKIEVSIHQCSYGPLRKQNSSPLGWQENTII,0.053757522,0.08349671,2,4096,201
NIIWLSRFDSAVTPQRLPGLIRHVNNKMGWFGAYVCKVGMEMQHIQKRTHSWWNDRKWKGRGQCAI,0.05373019,0.026260866,2,4096,201
QRTDLEQPHCHRRWHWCFGPFVELGQSHPIITAPHLIQTVAFLYMMKGVMYWMRWQLWHMNWTRHI,0.053677056,0.007259557,2,4096,201
FDWMWRSWSIRKNGKMVCWEKEPRPQCVEQSMNKKQRDHTPYKPLTQAMNQDEIAQKDQCGRIQAI,0.053647652,0.16175723,2,4096,201
MRTRMVMCFVVYQQMEVFWIPHETYYGLYKVMKCTHWDQQTWLQVHELMTMGHNTWLTKKEMFYMI,0.053612407,0.008113561,2,4096,201
RHAELYYGKEHRPRKWHTADMLRPDLTCEEILAQHQGVQWFQVEHIFDECILVGAVPGKFNNQEGI,0.05361151,0.048046794,2,4096,201
LHMSTALALRCLPNNCCMQGRCDRPHITTHPMGKPIIHTHDIEICWNKQGMMIGYPGQKPCGRWPI,0.053606093,0.04647632,2,4096,201
QGHQDCVFTHTDYWTHDAHGMYDMQAEYYPHPPLQCRQSDRGYGYMAHTTNEEVGPEPYDRCGYFI,0.053600833,0.046566147,2,4096,201
HHWEWIQHEWIDLTDDRCPKSTPNQAGKVWVQPLVYTVDKEARNYKDWPQGLMINKFQGMQLQQYI,0.053567488,0.016234964,2,4096,201
LYGTHHEKKAICEMVYHTHLAEYQTVIVLREHVDNVGKADCDAYGERQSFFHWHDMHKFNENFEYI,0.053537067,0.011396759,2,4096,201
CPMPTMRDDWSNSETPVVSQTDCRRFATKWQHQNPWYNRFPSEPAMNQKPITVCGRHLVADPTNGI,0.053506143,0.064883016,2,4096,201
PASCCKHTDMASPDYGLNMQFVAGKIGMQVHFETTTAHLHPFACQSLQGLPAWQPYAELVWMTMKI,0.06373148,0.014001387,3,6144,301
PSVIQTFQEAGMGCSQTCDWQDYHFQTTNQWHEWPVQVDMWRAIMDVVKHQPFRSIETKRYVPAHI,0.062795445,0.05353355,3,6144,301
HFEFGKYWQMSAGHGQYLSKYPQPFGFYEAEGCGWEPVQTYGRHWQLWRGKGNMFQVGSWKKQKII,0.059834838,0.06357083,3,6144,301
HKKDSHPYAGTAAEYFESCELDKCVCTWGKKRHKDPMTPPEVQFAPNQQFRTAFVCYEAYQYDSAI,0.059142817,0.07336539,3,6144,301
SNHTMNTYMVICEAAGPVMNHMWMSCNNYYIQRIIGTVKQIYGCGTVQTYNCVRVDHAQCCIWCDI,0.058730766,0.049393322,3,6144,301
ELPWLRVKHLLPAFRQMVTVLEEMQFGDCYWRMGAKQQMPGNLVQGKMIGVTWILLESETYGTVKI,0.058576945,0.012314674,3,6144,301
IWHVHNLGICAMWCQKQASFVEHQWSYACTHMGFVKFKYCTTQICTELHQEIHNQSGACMMLYSQI,0.057732116,0.0038127876,3,6144,301
VRDPWGVCSAWAIGYITCGKPCHRWDHGFYFKRAAPTGGPSWYYIWEVIQTCVYCMWHQEDYTDLI,0.057488963,0.02490992,3,6144,301
IITYVLFWQCEWPVSRMSFVTWNWWSTVVWVPRECTVPFCGMTQEFMCSWAADEHNVDQYCFLRVI,0.057004206,0.007815681,3,6144,301
LNISAICELHYRRRIKCWWSCIAIHEGKVRRPWPVGWHWDQDVMLTEWWGHCNGACMMPNGHWIRI,0.0564473,0.006329435,3,6144,301
IHVHAIKMHRHKHHHVPKRWQKPKNEFFAWADDLPKEPIKRHCCEKYPEGSPCHGCYAPATHHTDI,0.056251913,0.008860256,3,6144,301
HHYTELFVGWPNPCNSGLRSPAQHPFYVRNEIEIDHGDQYQIGTPPICPHEWFMVADFKSTFDQGI,0.055685863,0.02722394,3,6144,301
KGHDWQQHAYHNIQSLMDYWTPSRKKENLTPALDAAYPDDCPCVDDQTTQKHGDPEWNVDLPKFGI,0.05539697,0.12284708,3,6144,301
LSAHQYLMEVAVPGIWLPYIRRGCWGIVQDQVALSCTFNRPTMQKDARKFLNTICVFVKNFHVHDI,0.05512775,0.0098249465,3,6144,301
GDNKNPMFRTYVKWADLRSEMWLCPWDKLSPVTYLYSYDDHTTIHSVCPMEKFRPVPYHKLRRFFI,0.054265562,0.032269225,3,6144,301
SNQHFRWMPNRHKQNNLCKMLDKRDNCKLIEKTAHMTYHLIRKQMVMDNFMMSNQVEQQPFLIMAI,0.054141175,0.056186676,3,6144,301
NKWQRYRLDHNGSEWDLQKSKIGTCSQLVGYHEQIGLYQKQTNDPAQHWECLIISRPVWYDQRYSI,0.054028153,0.06800186,3,6144,301
IRIEQHYTLDFNIVAALEHFFVWQQQHDLWSKWVQQHHTDTSVSWQCRFELPKDDKCDREPMQMCI,0.053952184,0.01679474,3,6144,301
TEGTGFAPVIEDIYIAVFIFPTIRGVMQDQYQEMVEFVEFYRCDNLNVRDNFQLTIVLVEYHTWFI,0.053927835,0.009212599,3,6144,301
HLDSIYMKNWHILEIFWLYAIYLGVKCVQMIGSHSAPHPNYYLWQWYQNIGWICIISEIVCTGHVI,0.053741854,0.007408153,3,6144,301
QKDDAMPNMIPGRGFNTTRPTAAKRVQFWYHMGEKHVTSCQYQLRPTAWIGIQPCPSPMHPWVDGI,0.05309924,0.030943863,3,6144,301
EQCNIHGTHQMMDVWIWCKVVCPVKDEHCYFALKGHYWITFWSGIAVTNKNQQNCEPNDMTLQWTI,0.05270673,0.014997248,3,6144,301
DCAWACCEFQNKVYPEMQFEPQHNTPPPSPPFDWASEGIWTYVKKGPDTHQQIPMMHSYAGQRTLI,0.05251585,0.07639739,3,6144,301
GLFDLAQYMEVGSELKSQDPMVSKCGPVVQIKVYGRKHIWRKYFKPNAWCQDFGDMFPAKQDTMII,0.052515604,0.015271888,3,6144,301
QFKKEMTELGLENPNCGSGLYCNTGNKTMVSCTRPLMCKCVMGYGAETWVAKSPYECCGMDCVCRI,0.052458405,0.013164421,3,6144,301
LNKPKPGRTMAHPLNAVVLQWQRSIAWLSTTYLKAVQPSFANYGYNKQRVHLTYKVDLNFGPQGKI,0.052385762,0.026730295,3,6144,301
IIWRDEDHWGLLVPGYHCKQQCSGWHLPQCFLPKTPMTFRLYDDHDHGWATPGCDEGETHMMHSMI,0.052307747,0.04005827,3,6144,301
CAPSRWVAMFAIINQYHIIYPYKEWNKCRGFQYLCIDWHGMPLSYRTWCYLRWVSGEYGLFYGCQI,0.05208533,0.008024514,3,6144,301
MRMHKKGNHTDIFKWRGFPEDIAVFMWNCNDQPCVQMQQYWFWMHHQHKRNQDNMHTFIPRGNKII,0.051905055,0.022430578,3,6144,301
QKHDMSGLKMWLKRWVPPFEIMYNDRSVQETIYYFHRWHVITQSVWNKCVPRHHVTTDKILWVDCI,0.0518959,0.064288825,3,6144,301
KKECIGPDTYYKTLTCVWQVLQLNHYMLWNPTPRWHIRYQETEQQMIKDLQHGTRYQQQYDAKGQI,0.05163744,0.10206225,3,6144,301
KLCYYIWHLHRTTGHKRLLYLKMSVHEFYAVHQWWSEPEPMHHKEGWHWYEMKMYHHALENWHYDI,0.051369607,0.06601853,3,6144,301
DQMPVKETRKCGAVNYNCCTATQINWDYFTYLRNMWEDRYFPMRVRIHQTHFYLIAAQRLDWVYLI,0.0512959,0.005424203,3,6144,301
LAHTIARKNQGIIGECWLIMDWGMWSIDEQMYQGYIGSDWMNQTETNVHHLVMKKSRDRQPWCTCI,0.05109918,0.008249609,3,6144,301
DRLAQSLNLCCATLILYNMYFKRAPPYCHKYPDMTFYWKSLQHQLGYVGEADAACSKLIHHLKYKI,0.05091381,0.024329506,3,6144,301
TNSPQTQWCRQIMQGREQHAGECKKWPIRENGTAETPMLFTYDEIHCHHFQLHKWIPCIIECCKNI,0.050896823,0.043466292,3,6144,301
IENHCKGPHQTMSRNWHWENWYPGWKIHFHDQNNRNLANYHARTVGSKAHGNFGTAMKCTLNRPKI,0.050893787,0.111427106,3,6144,301
CIAAYNMFMQNFIDNYRTRPDTPEEYEGEVPHFICGSPKPQRADYKQVSWRGWRRDLMAVISQEFI,0.050803594,0.045057993,3,6144,301
WVRDVQTQWADQQSDKVGYYVDHHRCHVRQCAIQIKENEQCTQFGCVQEMLIRIQCPTMHCVDNYI,0.050650377,0.044363182,3,6144,301
HWLIQYTICVPFMKKGLCKQGDGMMHMVTAARGIICMQYFSCYRNHKPKPTVLPKYWNPMGKYTVI,0.050292954,0.00802262,3,6144,301
LVAMYFATNVPPDINRLTGTQHDPLQYDQLRYECRLYVNICRHDDRHFPYTPMLHHQFHDAPIDQI,0.05028445,0.037121095,3,6144,301
SFDVMACMPRWGNFTLANVWHYFHFNQKCLNLTYVYLRKFTYLLFKCDHIVYIAVTTFCGRGVICI,0.050210156,0.0029024028,3,6144,301
RNITQTLVAQLNQCIQNVHSLNNWIPVDMMRAMNGHQIGPWIHIHMWPFTAQYAAFQTCKRRNQMI,0.05020151,0.007374288,3,6144,301
IQERLQASNFKNVQMPGQIRDHRQDNGDSRWPRVRWRGCNFGRQLPEWIWMLFGPWHVRDIQMGQI,0.049691044,0.034960378,3,6144,301
APNDLDFPKHGKQQNEVKNERGQHFRAGWSWCGCKDWICVIVWPLWNCEMWMHCCTYGMECPAFMI,0.04967661,0.024006115,3,6144,301
RMYDDKDTMCPFCPIEWEWRPRAFDRQNAEKHCAMFVVIMPNIAEVDSVFAIEASYRPSKVSEKYI,0.049622428,0.026499214,3,6144,301
SSPRVIQHCGMYQHGAEIGIYGSNPDVWGGHHLFPTGEVHHESIGQCFTFYPPGNFEIKCYDMLPI,0.049586363,0.09249517,3,6144,301
FAGAAMNLRGCMHRPEWPREVTQWKDINQIKWIFDWPPPSYIYPWAKGNNCMQWLPYMKIDCLMAI,0.049260218,0.018427718,3,6144,301
DQELQHPGRIYLVGVCCDVCHGQKHVAHVCMYHHCCRNVEIDCCVLTWIQPTTFLVRSATEYMQDI,0.04909958,0.0030942117,3,6144,301
YDDMQGCRVFNMTCEDMHNRLNNWKAISGQWKGCPHACHKGNASFFKHIFGTVSCITRQYTQRLRI,0.049088426,0.057963155,3,6144,301
PTQCDMFWRRWETKAGRGAPQQDKYIQHYYVAYIYHENVRCRYIDHMMQHAGIRIWCLSIIRHFQI,0.048926342,0.073016874,3,6144,301
AWFQDGPWTVDGIVAMNESLHKFQFNPTVGPTMERLCKWVPPEYKHKEQTDVYYQKSSHKEWLVNI,0.048855327,0.03212923,3,6144,301
ILTRVMTYPYHQMTTGHCEAGWFCSTYYLGKLVLPYEYKRKIQKGNDQWIADYINSWHYWYKAATI,0.048823003,0.03285289,3,6144,301
HLKMQMDKKSKYQTHIQIYGTENQYVGEITTDGPCGTVWTCCMAIYWRVYEWMPFPEIRWWEMDKI,0.048785254,0.03721659,3,6144,301
PCAMLECDTLADLFCHGRWVCHKLLSRVTNNQKLHQVTSPGVQRKGDNYQVFHRTRFVRKMHTYHI,0.048767574,0.0122939525,3,6144,301
HGAHFKPDNSRKLLEPFQICTAIYQPYCEGTSYQNLQYPHPKTTWPNLLEVIEWVNRGPCSDKTNI,0.048681226,0.013941774,3,6144,301
FATGVTPWPCWPPQQMKNFKYTAFTNDLQCKQLKRVFLLFHLEFAMTKYNYWCYKFRCLWTCVHII,0.048606522,0.008437696,3,6144,301
KLLKFFPYRMIEDPPVKPKDRTHYVEGTDMMTFHMWEGCRDEVCDPLYSLSRWRTYGFIQMALVKI,0.048285514,0.047718372,3,6144,301
VTRCSVTWILHQCPHYPNVYPQIKAQHRLMCILDCYVREYTMGMPKQACFCEGHQMNRDRYLWTYI,0.048207205,0.01197216,3,6144,301
FFRCCFVCMPSYIMGTCRWRDKHSCCHDRWHGIGYTMWQKMRGYMRVFGLKESPADTRFSWEAQHI,0.048150774,0.044073664,3,6144,301
NMEHRCTYSNNMGQCKKPRYEDDTVHISEEFNDYDCNLKNYHHLSVNHFVKLMWVFMQRLCNSRAI,0.048026793,0.1106222,3,6144,301
CFTHAFLHNAHSPRILMTVSFLTGNKTWVFEHGSAPFKHWVACKRPTCLVRRLTAGHCCWPQDSLI,0.047927685,0.007841078,3,6144,301
RVWTSEHDLFALHWQMQCEGMKTGNDMTMKCDLFDLKRHGDGFHAQYGNTWFYVEFNYPSRWAQEI,0.047581244,0.04967715,3,6144,301
TCCALNWHATFHGPLREWMCWIKWNDLIYLQPITGAPKQVTEQKSLTQISVWFKHVRYSAATTRYI,0.047506582,0.0036067136,3,6144,301
FGDNKHTMNMENHGMDVCQWDQSMYDPIQSYWISLRITAHVCFGGDFHGHQDAITYMIILYLTHHI,0.047460403,0.03714554,3,6144,301
QQQQVANRECGVHFPLQAMEYIGHCKTFKYSYYYVVICQKTCTHTLREAVYPFDCWLDLMYYDVHI,0.047446966,0.082926504,3,6144,301
IDADLPIAFYTGSLPRVHYGNCPCHMGLAVETIRFVPVEIQDQPHFKEQQECDCNLQHNRKLKPII,0.047418665,0.016181702,3,6144,301
TSAITWREHFCQTENAKVLVKDSPYFPDAQVWIFERHENHGHPCRHAIGQVETMYQWDMLEMLQHI,0.047382347,0.010396588,3,6144,301
FFFAMNEWWFHCRWRCEWRLTKGWASYCISAGKVLFPCRRFWTRSFEMETPGQGRIHPEVRTRATI,0.047335666,0.027798869,3,6144,301
STYTNNTMFSIQLCTWCGQCCCMHRIEVLGFMSVTALNCMQGQHRRVQTLYESQQIQLDRNYMVVI,0.04720006,0.0060882494,3,6144,301
PMYAKVIWEMGVGPQECNIPIKFQWKMMAKNLLGCRKYILKYCSSKGINVSILMPKTFFPLCWIEI,0.047190182,0.0041569127,3,6144,301
APFNAELRTHTYCTYYADGHWILVQLPIRKHNLPCRANLVVLPPVDTCSKKEHSTINAGYGALCHI,0.047144566,0.008317623,3,6144,301
ADTIYQILDFPFEPWVCIRCYNQSECLPPEGNGFRECWKVDIYVVGEVTEKMNIYGLNETQPWHPI,0.047142126,0.016255166,3,6144,301
MHPKLTESYDRIFKMGYTLKGFYGMQMGEFYPPWRNWICEFNTTARYVKGDRIYESITMLLEVQPI,0.047068752,0.017668441,3,6144,301
LEYTYVDDNMYQMKCCTRVTWKMWPMSGFRLTIKYDTLNSKNMDPYVQMKKVHRGKNEANWKLKMI,0.047056243,0.023625277,3,6144,301
KRQYWIKESDTRHAPQGLDRIYDDCRCNHAEMQHLLYRTMEWTMKHQLKCWCQWICPYLYKGDYII,0.046974286,0.036074117,3,6144,301
HAEQHWVCGTPWSKVYPRAYCHVHQPYTNVFAASCLRLACTALFVHTVYISMWQDKNCDSVICALI,0.046972215,0.0050386256,3,6144,301
TWDESNTVAKEDCEGYTNQMCKKDVNRYRHMGPYNYIEKNVQFWCHTNRMHISRHAYVCFKQAKPI,0.04695926,0.03640765,3,6144,301
SIRYYCKVWWNTDVAYQNKVYSQDQLYYVTVHDVLFQYNLKNYDYAYGPRVAMFIYEEIMYCHYRI,0.046881832,0.011591826,3,6144,301
CKSIYWMFWIRTRQKGMNPYRWYDCVVWPSIYYWTVAERVCATAIWGIERVKHFPYHFYTEQMMGI,0.04685195,0.03664578,3,6144,301
TFMGQVDDTTATDAFHSYQKFFMVHRNDMYNWRTVCRRTNWLQQIQNIGAKVSFEIGYASMRHIYI,0.046745285,0.011459918,3,6144,301
FWAHKRKQPKNIIGMHPIYLLPDRNTVREPTYPIVARMFQEKGAEDRPVHYWERYHATGDKTTEPI,0.046677127,0.032564048,3,6144,301
MLIRDNQEVDQCLIVEPPYDMSENLHQYSCTQDVHFEHGFATCIKSTQPKDWSTAGWFEDTWMLWI,0.046650883,0.008994235,3,6144,301
GFLLKNIVEHAGWHESQGAWKKRRLCRPTKHFAPMEQVDDITYHIVWHEQRWIMLWASHDCHTEYI,0.04659929,0.023900846,3,6144,301
KHIKRHWIVQMYRFIQLFDKYEQKPCWAVQLIIKWITELTKCESKICTPTTIMAWIVIQKRVGIRI,0.04659812,0.0101635065,3,6144,301
NIGECFKPVYDVEMKPFAAHRRQINLVQINTWCLLTQQATPHACQPAQQSKNPLWPWGSYNHSCHI,0.04655779,0.15618722,3,6144,301
EVEVQMECFAPFFPRQRRFGCLQAFKPRVGPLYFQVTKNPHVYIVHSTYAKYLYQEKAYCSWRGVI,0.04640274,0.015402097,3,6144,301
QPRGWPWRAHWPTWIANSNDWMFAIVNKICARSMEPCCGEAIQEWYPPQYQTVYDQRNYDEQYIII,0.046346135,0.029402923,3,6144,301
SWVSTVEMLLIEWHLIQGKARLEHIVHMGCHSGYYEHAPMWKIPPSVKEKNYCDEIQRTYEWGHSI,0.046323538,0.0075874096,3,6144,301
CGGNCPWHIHHKHCGCNPTMPSYDPELDMYVCANFVEKLWATGDRYHYHSSCMMMENFCWKCQEHI,0.04627871,0.01831689,3,6144,301
MMHWCGEEDILYHFFWSSGKDQYTMEDTQGVAIIVYNVLSQLQHEQPRMCDTNAHCMSLAISWCRI,0.04625387,0.015719702,3,6144,301
QAPFGCRVRAPEARFVYASGQHMDYRYPQAWAIYVCVRGYAFWWRDDGNKPGQMKWIMNLKLNNQI,0.046209518,0.02477315,3,6144,301
TYHWIYWLIMEEACMRAREWKQTSINEYGTPVECNACSSYVHCSEWFCVDYQHFVYKMAYTKCLPI,0.04617554,0.008394897,3,6144,301
NFDNPMTQRQRSLIFGLHTAGCIRFISRANPYPQLDQRQIKKDAWPAQCSKYKWIYHGQWSYCLHI,0.04616877,0.01817714,3,6144,301
HGMPPWRRAGPKNRNRQMMLDLFEQHETCAHKKHHWSWRQYNKTRAMKYQIAQAMRVQMSDVRKWI,0.04615702,0.025595123,3,6144,301
CSITIKKSRQNHEMNRDYGDGIHQLLLARVNQMMQARAYEPPHHHPMHGQSPWTWHHDIVLKQVDI,0.046138756,0.03466605,3,6144,301
TWHKYAGLDMRYFVDFEMLLEDPVIQYYMHENPDENMWYTEVQATSPAENWPERHRRPEANQGSDI,0.046116553,0.05816157,3,6144,301
DCIPLPLLSNYVQTWWKHYKGTAAFTVHQGKFKHCICQTVRGHGARHIWRDSIWTHNVDKTNKLFI,0.045928936,0.012565535,3,6144,301
SPKRVFQQFSVTHPNGFSFSHRHHDLHIDCKQAQKTRWNASTMRFKEAHYYHEYFNANFLDGFLDI,0.04588682,0.05469647,3,6144,301
DNLTDQSRMIVRIEILRDLCEIWEQKRQYKMDEFTDKPFGAQSARQRACIPVTHMPWQKGKVQRAI,0.045839667,0.04369414,3,6144,301
VFEEWVTQQAIGQSCSQPTHHDLQMFARKHIHMPPHMQYFMCRFDGYFKIGDKCWAWGGKDILWDI,0.0808636,0.027742498,4,8192,401
PETGLDKMWMNYIKMLKPLDWIGQTLNRNVGDWPKVTECDNGDPWRPATPMAYEWTEIFRCMHQGI,0.074656345,0.06200483,4,8192,401
MVVQVQEKRTSKFKMEFVGWVKPYMKQYKYSFFWTNYGRMQPEYQGTNMKDKVTQVDPNFDRIWEI,0.0722405,0.025191246,4,8192,401
YQQMCVTYTCNQPYADFMYMPRLRWQMCRHTAHREDPNEKTLWGCESLEVKIEMYWISDRCQRIVI,0.06508748,0.013722262,4,8192,401
LNDVKLVKSQIKPPYFGHQTVDAKFNVDMPSWIQEKVSDFCYNPLHRGSWSISKFWKCNKIERCAI,0.0634871,0.08987092,4,8192,401
AWSVIHSPTEDPIMRPKSFNKWKLDVKYFQDIIEWTTGPVKPIMTRYYCMFEVYINNPHYNVENTI,0.061908107,0.016493002,4,8192,401
NQLGQPHCMHHAARFDDKACWHKMDWWCPHTHAHHEFNNQQAPTLWTPKRTPQIKIRQDYQMQCPI,0.06078884,0.029673284,4,8192,401
VMIIYFPRNYVEDESWFCYGDSPKNHREQHDKEFSIWTYMFSNLNHSLHNFLRSRGDLCMNHFFMI,0.06050424,0.040846586,4,8192,401
NRTEMDAHEGYATTWMYWCKHTTQWKPGVMKCQETYFPRKVQKHINYVNIWKPEKCGRYEFCKGCI,0.060196515,0.045546047,4,8192,401
FVTQWLFLQIIDPIVMGPYTVHQSRKPKRVYHCKPGADFTWNHHIEMHWICVLATMAYMPHEIFMI,0.060139213,0.008004445,4,8192,401
QRCKLFPYCAGEDDQGNMWILKYHIQGVGCSWGGCCMKTYHDASKGWVKQKCNAWCEPGVAFVCQI,0.059538055,0.029852558,4,8192,401
LNAVDCMQGVTHMQGDAACPPQNYSPQNCIEICWGTARLTQWSGRCAVNQDSCNKESDMCVAFTCI,0.059189163,0.013295708,4,8192,401
YCKQTWTTCERGRDKMCFCIPRFTNTEGEQPDWRPFPQRHWMMPKQRRWTWSCIPYEALEIHTLVI,0.05756607,0.07829346,4,8192,401
DHWQGPMGFNGYDVCHQLDVIIQQECWDECNSCLYLRTKMIPYYGKQCDNEKFWVPIEQANGLMYI,0.057078708,0.014699048,4,8192,401
LWKLHTMISYKFYIWDIVMYQTHKADKYFIRFEARWYTWKFVYWYINILWKDAYKCPHCLWWTNTI,0.055666164,0.011675912,4,8192,401
VAHFNCNQWRDICFKTLEDFPQHPCKSQQACNGTCWLFTSKKPHEHQMLMDKQVWFLCHTQPQYVI,0.055418827,0.15982772,4,8192,401
RVIFAEKPIMGDWQRVYITPFECWVEKSCSRGMRIKQDNGPMCMPRRMKATPDPIRMNQDPKLKEI,0.05465011,0.013263399,4,8192,401
CGWQHPFSFMRSQWYAPMSLKETWRLARYEPDMWWLDETEFALWFYPQNDGMTKQWMIRFWICCVI,0.054557543,0.0297452,4,8192,401
YNWCWEPYPVIRHCHYWRNMFDYKEFLRVFGRTKAYRYFTWQKPRAQPNFGDFDNHCYPTYQDFVI,0.051892947,0.05043092,4,8192,401
KKPCMTGLMPTQQMQDMTWQGGAGRYERHACHPPAFPSKDHSCPKQVPLWHKKGVPPRYNKCHWEI,0.05173334,0.09401733,4,8192,401
QLQMFFMERSEDEHGLSGMFTGIHIHEDLVKDTTPPEYEWQKHQAQTHTMPKHGMQQQQDKGKFKI,0.051052302,0.09105558,4,8192,401
VAPKWGYRQEMGYNKHRLPSDFHRNTTRCHLTQYMRKHLQPKDQTPMYWYFHVIDTRSTTDISTPI,0.05085223,0.06982719,4,8192,401
KRRTQQKHQNMIMIQYPRVKPEKRKIHVLDNRKDVTRPGTESFVYDCMYKEKGKVMICVNSTLKKI,0.050223347,0.017230751,4,8192,401
SCNVMIDAMRPCQWLWFRMSVFEKLNQHGETLPDKFKNLAVVNMYWNPEKFLTPPTYRFCFPYRDI,0.05001361,0.008751893,4,8192,401
QFKQFKAGVRFQSVMAYQWQFRAMFQHVFRQGAKDETHKWVKFTKPMFYAVDYGDQGTGGKKHCFI,0.049970224,0.010639045,4,8192,401
YSYRWPFDEMGYMLTACWIAKVSIDEKPRFSHDNPSKYDGKYLKEFTDEHQHKWCRTETYRVLPMI,0.04982136,0.055033896,4,8192,401
RRVFILIPHFPNFGVMRVNKPPNLKFVGFPNTTNKTTVGNCHWLKMEEPQFRPCGFRNMFCRAMNI,0.049750734,0.017919585,4,8192,401
LQQMTTQFAQPDYAMQWTSATLRKYPNMCMGGAWVRMHGFDLQFRLTRHPHCMRSNHACVQDNRII,0.049601827,0.025709819,4,8192,401
RWTMKDMNRRHTDAGPGIADGYGTEKNEWYYQKVFGIHYPGTWYMLATPDSMYKKYGFVVPFFTQI,0.04907045,0.06132471,4,8192,401
FFDPHAFLVAANQDKETYCVCFWGRVECKTTWLKMLWIWIRRCIWPYRLSRKVRIDHDMDQIWWQI,0.048835192,0.018269511,4,8192,401
MAKTHMRANSKKTSTHHMDHTRIAAYATQEWPRFQWKAIGPLDKPCHDIPQCHRHREHCMQVYIEI,0.04878114,0.030071007,4,8192,401
AMKSCRYSHETSLINQQIARKLHGWHGCTCPAPKNPQQQHMNATRHSPVHKYLDAVSYVRWPQTPI,0.048736326,0.09727596,4,8192,401
TWHMECPFPEIRPEDDWLLKYGMMTPDRIHNQQDWWIIYINQMVDLDCNHPVHTPWDTQDLHETMI,0.048672687,0.08908889,4,8192,401
TMWYCESYRNCLHWSRIMQFAQNQWWCKPPCHPGAKQWDNWDYCHNWEPEFSSWNTDQDFHDLWNI,0.048579562,0.1865534,4,8192,401
YLHYCKPRWWTPHLQKGIKCTQFHMSGVFQLFGTCAGCKRAFDDYYHFETWCKRLGPTYPPSFDFI,0.04838474,0.013847777,4,8192,401
CYQHWPMVCAEENFVTNPMCMQKPGIQYVIFSAYVTLHVNLPMKRQVYKDKGNFTYEFRVLICRTI,0.04809743,0.0055527417,4,8192,401
PFEYWSMLDERRAEIRQHHKALVMKYRGPHDSQPEKPIQRQPTQRCRITNRYEKRHAMNSTKHYKI,0.047903016,0.1895573,4,8192,401
FKETQQKCYLCMKYHMNHGLQICNCHFPFPHSNPKITNWKWTERTKHCDFAQHPQSNLDPLQPGFI,0.047775906,0.076965176,4,8192,401
WGEPDPGMHAHGYTDAMEAYWLAEAYPTKTESINIGPACKSEEYKHENRPCPCGRFTWECFTEEHI,0.047421463,0.17168851,4,8192,401
AVRMTVIKSRMIWYTRQYHTKCVHFAPQKNLRWVWRVARTEILTTYTRWWVRYPSFREPTTNTKNI,0.047214985,0.083070174,4,8192,401
SWAKATPQNEKPDKPMNCFQNGWHGWQHMMVHTGFWVYRNEHICLCNTSLCWMYVRFQAVFYQKKI,0.047211066,0.036823604,4,8192,401
MGPHAMQFGWNAEANSSNPYGGKKWVTPNGGCYIWGHGWYAHYQRYHKFQMHDNQCGPDVFKEVII,0.047120575,0.09969441,4,8192,401
RCLAVYSVMLWQYNPYPVHYGVFTCWFIGTYYYYMYIDMRMQYQMLSPWAPHDTQFMYYMQQCDCI,0.047017228,0.013278654,4,8192,401
IKPLMWGGTKHQSLDFFKPHYKVTMQKVDAPGCPYHCKPGPKYYRKMGNLPYKWCTNGARYIRTRI,0.046500627,0.040973052,4,8192,401
WMMFERVLLPVPRHSCCKLQGTVPFHKKCFPQKTLEKPLDHRDLVRPHMRQVRKDKKWRHFEKNSI,0.04630993,0.0077825505,4,8192,401
VDSNCVPAYPHPIIPRLFTVKCFYPNKRRFFDCEWQMNPHYLTGMPVRVACDHMQHAPTKCWRTPI,0.04624884,0.041953355,4,8192,401
TRVEDLDNSENSEQNMHAQFWDMPCCMYVYIQPYRLVNWLKFQNWIVGMHAPQKGRHHCLPDITKI,0.04613281,0.014772585,4,8192,401
EDMWHWHVPYKRVMQVELQQSMPRNPGHPDLAMEEWQKWGGYLNYWWSLIKFCCMLCRPWWNRWCI,0.04609024,0.07068898,4,8192,401
YLAMHVCLHWIYRNCMKCGCIHMTMLYPTHLCRVFWTPRYSKVFHLKIWYQVINCKPHWRQKHYRI,0.04573415,0.00828874,4,8192,401
LPNTAWNEPSMQRWFNCCQMQMTKQVSCNTNHYCRQLGEYEQMPQYKMHWKQKHAYKHHYPNWMPI,0.04559517,0.2050985,4,8192,401
MNGIPQTVTHRCPQDINYHWGRCRGERENHEHKLYEKERLYTVLEWINCISDEGTNMQDGASLMFI,0.045357812,0.1130198,4,8192,401
DPVTHCWPDFTLSSHYDICVTTDNWIYAWKIAMYYCYSMIVHSKQCSTAEHKPSCDFNYHHYDGYI,0.045318037,0.017017033,4,8192,401
HYYHVCEMCQWSENACKYMGTMKKRVAYHDIMVEMQPMFRQEHIAVKELGKAAHDIRHDSQGIKKI,0.044622604,0.020523436,4,8192,401
FFWCIRSRYWCTHSMDPEHAVNFSCAPPLALTQSPWGEVHIMQLRKCWESPQNASKTQMLCHNVFI,0.044565804,0.007233404,4,8192,401
PNVANHQHMVDCHKFQPICYCVHEWYQGMCWDSWQFTDSKYFGCHACYWHTHMYRGYQVSQCYIWI,0.044091128,0.02334568,4,8192,401
THSNDDITPCTYADHIAEKEACYRETDKHYQCRIRWGNYEGPYYMHKQVFTMRTADIMMYFWCKRI,0.044058226,0.080998115,4,8192,401
GIDWNDLRIEKPGLTNHINPNVMILCKVFVFGQWAYHIPIWVDIYILFTRHEYQEVGVPYNTACLI,0.043503758,0.0066849464,4,8192,401
QDAPNGNCLYLSICWEKMINPYMQANCGWHDEAIIVHYCPVWGEHNTIFQMVPTVYPLPVWMAHRI,0.043310955,0.018839158,4,8192,401
LPRVRKMMAPAHQRVLYVMYNFNMDKQFERTFRYIYKHTGSMRTNTKMWYNAPQNWTQLDRPGRGI,0.042991597,0.028817851,4,8192,401
GSQVEYTHCIDTLKDHGQAQMDPYDHFQLLCHRNCGVIATTATAHEMVRSFPYVYLVQKVLPIAQI,0.042707898,0.0050944816,4,8192,401
KDCIPDKNQNTPPTVQCHYKCRGFKDAEFKVGVQMPLYETLAGRIACVYVKSNWWNIWYRLVSHNI,0.042640503,0.03486324,4,8192,401
CVSGHNLRPPEAVKQSQVPPGPSQTIHEPIMMCSDDKMDIWQCCTDCPGWMNDPTEHIEDVQGHQI,0.042561747,0.1003633,4,8192,401
KYGNPMHRHAPKQGHMPEFLAHFTRCVNNQPYNYMEKHQNRVKDNMLHMKGKFYGYTFVQQGQVCI,0.0423421,0.04550799,4,8192,401
NHDTMLECSYSMSKRNYKVYHGPEDMPQRGGNKRVQYHNGEHMGWFDAPTEPQRFFINDTFKVYMI,0.042249188,0.07633659,4,8192,401
MENIDINHQHMSNINVIGYEWFQPFPQAYRGCDKLCCTPAGALYQTNHKNWCAQYLNVHTTMRMSI,0.042217482,0.019320663,4,8192,401
LQQPRHETDTAMFDLRPTLQICRTIVPSDIVWNNCMLGKYVKVCPENRVYSADSRNLTTQNSKKEI,0.042208787,0.034173887,4,8192,401
LLHNWMSYGVERRITSPTAQIFFRYMYRICTHPWYKNRTSFVRQWAIKQYKKGHSIVNGPIHWRPI,0.042181578,0.07795346,4,8192,401
DGKCLNRWVLGCQMAFDHRAKSHKRGDGCSPQGPFTAFLPRTVHQWRHRRCYNPWILMAVRFGPTI,0.04190359,0.019057179,4,8192,401
WSPVILHLLGVYCCHILDATEDVMVKEVEVKSLCVTRQQVFQCYHQTGIEGQAAHNEYQHHFPLSI,0.04181353,0.014982209,4,8192,401
RAWFPCTMGVPWIVEEKKYEHNIMWPADPHIFMCCCTHYGWLHKPWFFCPDKEPSHLRQEKLERQI,0.041777335,0.015093759,4,8192,401
PHNHIFYQCYNLNMRTYVVDEDRETVKAHRPIEKYEAKEDVRLFCMDNGTARNWARPTTLRCATMI,0.04144224,0.049386885,4,8192,401
ETKKEFLPEHFHWSQSHVKGYYCNDPNVMRVVRENQRYHVCNIQCAMKPKMMAMMICCEVEYPRHI,0.041143525,0.03587386,4,8192,401
GAPAHHLQHWRVQTHRDMSPCDVTVQQFGIYQLRQFFVTTDSKVRDHARDQMGRYSHMPDRMFQFI,0.0407672,0.039364964,4,8192,401
HENYIHELKWMIYMRLPIPFCDRTCWTVTMLWFQRLHCQHDWVIPMQVQVAFMPSRWIFQDHHVEI,0.04059544,0.0039821714,4,8192,401
RCQNFVNEWTHSVGALLPTAKITTRRCWFQYEQHNPGFRGKIYIGHHQYKRGAENPMCSNAEDVGI,0.04048617,0.014264859,4,8192,401
WWLSWHKPCSMTLYLGHGVQKKKENNFWQYDHGVWKLENSWTQAAKDYKMIIKWEIQQPQDYTEKI,0.040310364,0.01691335,4,8192,401
IHFLMENNKHHIGNKKLRVWQHLYRTMACFTASWQCRIRPKLNIYDCSLKWVGTDTRYRALMVIFI,0.04007379,0.0027674998,4,8192,401
MSAIMNCKYPFYHCTHQANYIVFVCAMVHLTIYTGGFYAYGKHQAVWKTQQPALALQTAMFHCPKI,0.03993658,0.012610935,4,8192,401
VAFWKWGMCMENAEMNKINYGFKQQSVFVSATTGTWMSNPICWDRYFNYRCWTHLAAKIRYIGITI,0.039773572,0.0054166093,4,8192,401
KEVNSGDLESRPKAKFGLGKTIYNSAEVDLHHSCHRPPDDTGSDLQNGNEQCCPDLLMIGHQASFI,0.039743748,0.08300037,4,8192,401
KSDTIFCKEKTEGRLLIADFEKYDKWAWLFICCKEQNHSQMCTRNKPMYFPFGGHVHKQYWYHCDI,0.03966554,0.035131983,4,8192,401
RCYKMQHVMTLYKAHMDYNMHPMQMYEGTHEPVDMGVKIFMSAMKADHVVCKMYPKVIEGPQIEHI,0.039471157,0.039010387,4,8192,401
CHPDHPNGQTDAHWSGFELDSGNYDRDHWDLCFFVCGSYDPNVKYGRITYQQEKCPFYGPGHPAQI,0.039429963,0.16496646,4,8192,401
FQVCSHQQANRTYLRTTAIQHMWLATDGVHTRHVRRWNYEIKMYCHPIKNTCQDTVHPTPRECEFI,0.039392743,0.02834446,4,8192,401
NNRCRVNRIFVPERGTWYNMTFAEETDYVFLPPFYFYLTPPQCWSTQEETDKQWNQYNPWRGQDKI,0.039385624,0.122577615,4,8192,401
EVGETMKNQIMCEVTDNQMELPWHQYNYTFVQLTAKGTQNQHVDIWKMWNPEIIKVEITRRVCIKI,0.039272748,0.016388983,4,8192,401
IWYYIPLKVMSRLTTIVFRCQDFLPDSGWGTVKAHRTHYTTPPQVIVAHVMRDTTCWMENKHHRHI,0.039268218,0.005952017,4,8192,401
DWHAGAQYLCRDKNNCADKMHTTFFWGSEPNDKWHDSFNYKKMKDHTKVTCIPMRGACTLMVNVHI,0.039141856,0.029248836,4,8192,401
HHLGDSPARRWKMAHDYNENYWVLVKKGKPWTFKMTPDETYAMPTEPWWWYWREPDRVEEIPWDCI,0.03903908,0.036221728,4,8192,401
WSCYDTQWGPEKMPKTTMIMGQIWCRIYIEYQDFCCPDRSHCIKGMHVLDYDVPDHPCKRPMHPHI,0.03873164,0.011624674,4,8192,401
TQMELEYIRMHPKFIKRESCDKYKRVKMVKWPIYCLHNYYQRTIAWELHTTFKCAEQMVNQCRDVI,0.038476236,0.0092206765,4,8192,401
NISMHMRSGHMPTPGQTLKKCITCALELYPWWAKEETCVTVRVLFFLPVTPVKNNVNGCPFANDQI,0.038429826,0.011862697,4,8192,401
CTYNENRVHKWVVPPWMYVWNGASQNIREIAYPYRQFYGYQTETITRGWRVLLTLQINVMWTRKWI,0.038277682,0.016336603,4,8192,401
YIGQMTSQWPFQFTFWYYFYADAHAQEYLPPTNWCLCVCDFHWFVQIVGMHQSIMCKIKPTTVDRI,0.038149614,0.0052204896,4,8192,401
VTFEISHMFGQQYKKEPFFHFTHMLCYNFYVLRHFYQHDKCMVMQMPYTDSGIVHNPLHSNKFNDI,0.03791981,0.027044654,4,8192,401
FEHWRWRVWREYRPRWVLTPYHVLSNTPPCRYYGNHMFQMSPVCEQPLWGHVNATAKWTRWPDGDI,0.037910692,0.08396334,4,8192,401
AIELKVMIDAEWMTFGVNGEAKIPRSDKSSFYAYDARNMMLWQYMWVQQPDYQQVMMYMEYYVVAI,0.03783302,0.040193815,4,8192,401
PIFVPSKYWQETHQMIVLWGPQSGVWKMPVIFCMIHFQCFQNSTCQPQHNQCMSIGQRAVVKCDLI,0.037757844,0.009700416,4,8192,401
QDHADRHIRPMWRWPLPPAIQTFAIGKKFDWSYSGIDNWKLMSHGRQSATAHRKDEKQNAPFGAAI,0.03774663,0.07495229,4,8192,401
IDTFTDNEFHFMHGQPMMCDLREAKCISKYYDEGMRHNENTATPYNKWKAHIQNQTYICWTGAALI,0.037637755,0.011010834,4,8192,401
WHGCQQDEEVRFTALCGERPNPESTPWDRSEADKTGDSVRLFTITTEQQEDKLLWKLYVAIKAARI,0.089352876,0.019922279,5,10240,501
KKCVALGTKNIPDHRDIIRLDTVVDLWEGKHRTKRQPTDISVKKKQLHHECSVDSTAPAKHCCWCI,0.077178344,0.00981313,5,10240,501
SGIKAINACCYIGNGVFGMFDSDPFTYRYQPTFPGNGERRTMQYQTYRCKEINKDGYDTYCPVPVI,0.07256988,0.012431698,5,10240,501
WLKSTEWTQRIPFAQTPVRIFQIDCLCPNNAPYKNIWMFGGGKPAQEAEVCHTWANKHLCGERGII,0.07135945,0.03280989,5,10240,501
CHHPYIFKMEQSYFRQRNVLGLTSHSSLIYQERYWKDIMPWLDQAGVYDCCPCYDLFAKPLEQMEI,0.06684981,0.013091549,5,10240,501
WGSTHFKDCFDTQIMNTQNPIMINQAQLVFNNFRTVNCNDGLKIRGIHTWLWQANQQHQADPIAPI,0.06418494,0.008911136,5,10240,501
FAGIHTPCGMWTDRYDHRQVWHQFKPITHEMEDKDFKRCTNAHYWDDRTYQNIKDRATGSKFRQPI,0.06357951,0.07963928,5,10240,501
TSSWYAWAEWPANNEHCNINPDAYGGHLTPRKVCWWWGPHNTDNSSMTYMVMRTNYTHIGVWVFVI,0.06278996,0.027328638,5,10240,501
WHVFTSYRTSPHEPYSRGDPIPWTTMFWDGHDMDNPPYLKFHKQDMLVYYAMNLDMPFFQWHQYAI,0.061205875,0.11586296,5,10240,501
QQPWHHQKPEDKDGPRTDCMRMCTCHMNNGEKVRVSMCDQKIGKDKWAVYRAHHWVFRQVHHIDTI,0.059363205,0.06964766,5,10240,501
ISQPSIIGTCECCQTSEQMFVFVKKPKFLQQICLLRDSCEGPHIWYCEYHMINVPPWTHYNTWGKI,0.058663517,0.016941125,5,10240,501
HPDAILQNEQMGEPCHSDWCGFAVLSHEIDITNEHKDYCVMDPISAIFWRFTNNFFKHNFDDSTKI,0.058469586,0.011060659,5,10240,501
DFMIPARERRYDPVHDHLRWSWFNHWEDRWPHWPKDKWSVPELTRGGDKLQFWALKHWANAHCDKI,0.05814749,0.05907537,5,10240,501
TEDVHEDPPRPPQGWPDKCTHCTQYWSMLTPVVFQPKQTFYKTGIHFYFRGIWKHRCQQYLCAYLI,0.05813731,0.021864312,5,10240,501
RLLMWKFLYEWLRQVSQSTPCYDATRGEGYWFANYYTYPGPATRLHYMKQEPMNVVQWVNGVTMHI,0.05772913,0.020668138,5,10240,501
MQLMPMGKPPCTKDCDMKFDTIQVMENMKMKACKWSSCQIKKHHFLKGQGPGKDSLFDQPEPMYWI,0.057612255,0.02038574,5,10240,501
NHLFDCKICWAAKTRRNNYRVVLDTNMCDNCVKTDCRPYEEQEVVIFVFFAKCPGEMNGWKMNQTI,0.057475466,0.0060973424,5,10240,501
RWVWYGCEDLYHPCAREEGDIPPDWADCIWQTPTKWTVCWVPMIDTPGWDLEQEPNKEVYKHKHFI,0.05732938,0.019151874,5,10240,501
CLQRARNHTIQIPPPGMCFHIKNELDWLNVPMCHIVQMWTPHGTWQYDSKPNCDYTYCEHGWRMCI,0.057197355,0.03274558,5,10240,501
EYFQPLMETITLCIFRRMPVGVLEGHNQVWYKWEDLVHWDWFATMLRWWCSMCELWRVEEACHFYI,0.057066236,0.010621063,5,10240,501
HTCMARHYYNRNEWLINRTGQWKVMQPTWVTKNTKVHSGNLRWKGGSWQIALPLSELAAGPTMPCI,0.05599718,0.0053218156,5,10240,501
QVARFQSLSERNDETMCFQFHQGWITCDKIDLPCHHAMWHWGYLPYHTEHIKWLCPHLNVWYQPPI,0.05421527,0.06610941,5,10240,501
LFCNDNINLRFSWQHASCRKTYLTMPTVNKYFKITKDKNWKQPHVHHPTTQFHWMHIFQKKSYNWI,0.054015804,0.012345381,5,10240,501
NPIMEIGYCDNERPIVTHPFVFDNTTIWFVINVRKRYVIARKSVKVKDQGPDKMEYAVPQWIPIYI,0.052804463,0.018278113,5,10240,501
CACCRSQMGTGYCRSCYFHDRLHISNWGIIYPWTTGTCARREPQKVRMAMPCMNLNDHGVRYHWMI,0.052075937,0.039406683,5,10240,501
KFTEYAEFQECAGFGGYPWFHPLDRQWDTLKKGQGGQVVTGAGHQFVHQAQQQPKWRPKYLYEFKI,0.05206609,0.20199725,5,10240,501
PCKATELWSPMVMFKYANVYTHDCPKIAQDVTAVIYSRNQMCFVFAVMWMWMECSTQTFCGCPMRI,0.051997315,0.009103235,5,10240,501
MARKEWELEFILIICNPLYFMIWWLQWCRFRFQAKCPVRCQPVSTYEKLIQLHKRMSVKYEKGTLI,0.051774908,0.018803252,5,10240,501
FYTCPHITVCYRGPEHALSDPWKQWCEKAHVYLTVTCTLLVGRHPPPTMHLPGDTFHAFWAGYKMI,0.050406836,0.020393224,5,10240,501
SMFDWADFVQVDAWTRAGLCKVDESKTVGLYYHLMRVSRMSGSGLKTCFKEYAKKPHMLKCRWQGI,0.049900904,0.013330986,5,10240,501
FYAVAHWGKTRPNQHLHLSWFTIRDVDQKDLFVWCWDQCKAPDVPQQWGHAELIMQQLPRRSKAGI,0.04987158,0.057910077,5,10240,501
YGTKWMVVYNDKIDCLEPQFMTKQKDWQEHKYQVCHGWRQPYYHKDGRPKHFCQITTCWGQLCAKI,0.04986783,0.009527627,5,10240,501
TRIPPAEHAQSWMHSCCQFTWMEEFSIADTWPIPQTRMFPNVNPFQNNRIGDKWRRGIPGGRCQSI,0.049782448,0.068203755,5,10240,501
KMYGTNLCTEAYHVMIGKVQADGAYMAHGLFETTTFDMCHVFLLVKHHQIIKCGPWEPFFFQWTSI,0.04933631,0.005194742,5,10240,501
IGFIGDAEIMEWYGVNPQRRFLAYWFPATMDINDWCFTWWDKRKCLNNKKTTTYREHQLCWFTDLI,0.049308863,0.0066502197,5,10240,501
IQPCGQHWDQRTMGTAFKSWQAEMMFPQHHGYMQEFMQQFLKWRDYKYCQYRHEYERDMKYCTDWI,0.04922668,0.023412261,5,10240,501
FHLHMMCFDQDIAGNGEVMSMQYTTKPEMTMIKQGVVHGDETQPDMHHHPQAWPPPCAHGTFDFFI,0.0477474,0.047595967,5,10240,501
RGKPFRTPQKKLWGPFKHLTIPRDVREHMEKVCIGGAKGFHCCWWNNICTQVVDKHWHGIMTMAHI,0.047565073,0.01289251,5,10240,501
HRMTFDKPIIVDGKEEVMLICESCMEHLIQIMCEYMEGCDWPRWCFVYWAVWCYAGWGQMVKRNKI,0.047320254,0.0030134018,5,10240,501
EHFCCGQKIWFIPVQATFIQRFWETSRRQSAVNQRNQQYHTMYWCTDCHDHKMEELQLWRNQRPRI,0.0472383,0.036190547,5,10240,501
ITTGCMKVTWWGALIIYHACLKPLKKETFPMWSEKVDNEYGHMIHCEIEYIWTTCLLVTHVFYSCI,0.047193717,0.0010020407,5,10240,501
FMSTTINIHTTIQSWPHDMEGWWSRYQYIDTIRECVEPEAEWRSYWLYPYHWKGYSPHTIFTHQHI,0.04677041,0.03571765,5,10240,501
LSDILWYVTHAFHYFAEKSILTGSLMEMIINRAETCSNIAWKMVNVLGGFSQWHCKQLWGEMYWRI,0.04651083,0.0028844816,5,10240,501
PCIVIMRRGFHCVLKRKLIYELQELQCYGTGEKPKVTYTYSPTDPFKQKKQGVWTVDPYHFYQAEI,0.046293765,0.008600138,5,10240,501
PVKFPPVYGSGADIDYRKQLVTWQWQYVIAMSALCHPKSHDGDCSVYCKRYKLMAETKNYATIMYI,0.045866802,0.015428238,5,10240,501
GWVLFWCKTMETIGDYVTKKVCCPHFQWVTRVNPEKHAPVQFYNWHKNARPLSWDWNDYRAQCDWI,0.04578244,0.007823628,5,10240,501
EISYEAESKMLENKYVWWMRRPDGQYKVSDVALIIWGVYQEWHGSPFVRSISSQRSPFGVKCAQRI,0.04569222,0.014180269,5,10240,501
CLFRENSWQNKDFSDMPFGNHTCYNGPDDKMQECYHDAACWQVTRKKLYKMQWKEWDFPLVDDRVI,0.045544304,0.1464772,5,10240,501
IMVESANTECPEWIGYKAYYWYRDTEFGFFTVKQFWIRCISQHSPFWKCVEATKHFLKEQCHNVEI,0.04552144,0.019161012,5,10240,501
QVHWLKVKYMDYYDMWWFQMARDCLVQRVKWGKTWKFKRTVQGHLKAYEYQHTGPRIWIGHLMTTI,0.04544615,0.008231826,5,10240,501
IYEDRFLWMVKAKSWSWWVRKVFWCGHVNLGAMSEISETHVLDDTNNKHSGCVWTQTKKWWCGPDI,0.04542063,0.017793018,5,10240,501
FLAFEHNKPVKVRHRNRQSPDCMWTHWWWLLQSNGIRWVRQLGIMTACVPHQLKVNGTWWKTRQRI,0.045153208,0.008291872,5,10240,501
EVAWYVMFKLMRAMWHQLYQCHQEPQWTKYHESEDPIFNNRHLDNSDTPRPCGDIRKGHAVDLRCI,0.044996995,0.013745184,5,10240,501
FRHDLSNHDGTNEYNRKRHGDNVPKTQLLQLCWYDTLIYCPNGTNTGCILYQAQIVRMQATNARII,0.044059377,0.08390631,5,10240,501
CAPYWMLTHWQSASCPIDGHWGFRNCHQEYIGCSPKLWTALDIDDNDSYHVRYHKPATKQSGYLAI,0.043924097,0.10839867,5,10240,501
QSILMIFRAKYMDPAIWVPQWCNIPQMVKDIDKTTPANMIKTGCYGHAYDACKQNFCALFMYEHNI,0.043807905,0.0058355057,5,10240,501
FMQVEPASFRCKTERPMQLRGVQCTCVGQRKKPPYDYPIFIDVWQDGCHGCVWRSKHAKQVYETAI,0.0437826,0.022193141,5,10240,501
FLPPCGFPENWCWTNADYMAKMIDNKLDQIPVRLINTIKEHATQYWVHTGLSMGDHVTRWPWISKI,0.043099422,0.043291047,5,10240,501
KLNVHHACETYNGMRACWLGQCQYQKIKAEFWEEPWMFTFWRKQCENVCMGKAYSFSEVDYWHEMI,0.04289963,0.035549425,5,10240,501
RCWCKAALQNVFEHPCQTYVNTKKHMELRHLFIDLPCLGNIRPPAWEESEVGGTTPVAKVFPTWVI,0.042481747,0.056074433,5,10240,501
HHTMHIMTPDIQDSCFILQFMSNSFQEPCETSNYPQKKHVYNQAANERFYMYKPIQCPCQWIWKRI,0.042331293,0.015432425,5,10240,501
YDIRGRVCDRDVDQCRRPIWQLWIKQMFTLCLTGIWHDDDIYKLPAKYQMNCWQLFFHQHICIKKI,0.04210649,0.02557716,5,10240,501
LYSDYWALQVCKYWDAVYYANRWNTWHYLWTLKNEYDDRMCPTYQCYASTVIIWISTAWMYIILII,0.042080674,0.003179549,5,10240,501
VYEKQTHCRGPSSCNSIKYTGQRSEKVHSGNRPLETGKWWVQWFHLCHNFRRTPQCHMKFRQAEAI,0.04190673,0.07329085,5,10240,501
MKTNAMQCNLSYNEWKGMTTSIHGPDVWEQHDQWCVMIGSEWMRKLTRYTYQDHTTAMPSARTVKI,0.04177656,0.06260117,5,10240,501
NIMSEQPYLKETKQFQVQMDVEPEINQEERKEESYGSHKRKYYCNKKYKEVKKEFHHVHINARTII,0.04177135,0.11350626,5,10240,501
PIVYYMYTRHSAPISMKCHRPKWFTTPWYDTYTAMSGNRKCDNFEGALCYGDMNYYIHVLCATKDI,0.041623052,0.3529564,5,10240,501
FTANNKSPRINCFHDIGGGNTVVVQQILRLDTCNYQMEWRTLVHEHKKPCKDQHEMENVHKGIDPI,0.041593265,0.062325854,5,10240,501
VCTRNQMKTRFHPENMVPCECWKIDVMTCWPIICTRYPPLHVALKPIHNTKEKGTNQQSPQTLQQI,0.04153097,0.020642012,5,10240,501
MYNMQIKWEQVKEQCNMLSEKGRTYFWRYSDPYNYRCWDMDHGLTHDMILMEYMRECKNDMGYQII,0.0413239,0.07263842,5,10240,501
TRNMETTWLWKQLYRRLVHQLAASTPRIFVIFIHNRIVCVQQVQPEGLQKDKRKYGFYTVASSVRI,0.04129109,0.035843313,5,10240,501
CVHWVIRMYQTVTSSEYNSNLPDMKEVGDYIQMFEWGDDKAKDKPLYKWKQEHKHNKFHDKNKFLI,0.041271783,0.073747516,5,10240,501
CFVNTMGYQAGNARHLRYATYRCFHDQNKDHECCMDHQFVRDDEDWDHHNCGEHCHFLIQVEHKWI,0.04121684,0.10652053,5,10240,501
ADVVQSGMYECFNQWPDMGLQVASEWEECYYCETETAGKYYHSDMSTMWIVVSCKNVDGDNYDTKI,0.04103192,0.019827552,5,10240,501
PFCTVCHEFPRDRKIWVEQLWQDWMPQRMWVVECRGPHEKIQGVWWRRGSMVVHDKAACQQFLHVI,0.040995568,0.010598548,5,10240,501
SVLMDVVIPTKYPEKDRWIQYFLLDTYHGIQARSLNVWIYQSKPWMYTFDCTAMIPSDRERFQLCI,0.040369097,0.016656712,5,10240,501
GTSGMCAHIDKYWEVRDPLVQPSENKFRQTSYRGSGTASTVFYCSKGYMACGIHMKQTWCKKQWWI,0.040288873,0.013414844,5,10240,501
WNLWHWEHEESTTLQKAYMPRNERGCVIGFMEDDTIVQTHSYKQQKYIPCVLNMYGICDPIMKIKI,0.040207736,0.016700609,5,10240,501
PGAYCTVSWCFLNDTWVVCSVLYHSGQQQTWRCEVYIIRWGPTSCKVYMCCAPTWGQEEKYHTPAI,0.04009617,0.009095952,5,10240,501
VHNVHVPQIDMVFINKARGLWALFWPWTHKEVQCNQAECYWHTLPRWEMTTETAHREAVMRVRGPI,0.040090807,0.0108705135,5,10240,501
NAYYWICRTDGCDAYQRPNKNYPKYYRVWDDWYCCFNTYPEWWIQAWSPKVRWFSYWIWYIADPRI,0.040019177,0.035792064,5,10240,501
SHDYMANNCFPDATESHYYNLMHKSWCLDMTGCTTPLIQIDVTHYYEMKYFKRQTDPRELYISKDI,0.039884076,0.040446945,5,10240,501
KRDLPYHIQEQGMHEPCMKKVVSVTTCTGAFMESSYPQRNRDTQTNILSEKFYTKQTMHPTLMLYI,0.03951484,0.013238728,5,10240,501
WPFGWNLTAQVYTDGQIQGQETAVYMVECAVECRGIRKQMQWTHNLWKMHVFKGKTRIEKFNHVYI,0.039492127,0.022963244,5,10240,501
DCHLFVPGEPDRILGQETMHILDPVSQPSKGGHEMSKKSRRTHDMTQQEVREKCRERKNTGINHKI,0.039454415,0.18427716,5,10240,501
CIQPPVTFPMADPIEHLVYTAQDRKRRWMRFKQRQGTRIKSWDPYKGGAHTIFPRHILDTNNECMI,0.039306384,0.02612205,5,10240,501
AQRTAHLWTNKPFGLVPYLQMIMNLIYKCTVTYGFIKHIPPHVPYDKFYHIKVLKLRMGNWTRYWI,0.03904399,0.009217445,5,10240,501
RELTNQAYAYMHWCDIDHEQPDKMTKAIMEDFVSEQWVAFNVYCRVMTVYCWKFTCFHAPIAYQSI,0.03895818,0.014120461,5,10240,501
DFQRGLCFYYPSTGLKIPEITPPHWWMQHLQKIIDRWWGTICADLWEGKWWDPLPQPYTVDYQLSI,0.038953133,0.03575015,5,10240,501
QAGFFVHRTEKLLFGESCHFHTVEARKCNGKHVEYFGTWTQPFIQFEIMWAKYKCTCNQWAENIDI,0.038753595,0.099118106,5,10240,501
YQVLEGPRIKMTFFVHSYQDGLWRNREMGSDSVYDDVKDAHCRWDYGRNKKQKPMAWCRMNQNWCI,0.038684346,0.04837885,5,10240,501
MHEELTQYRWYQCNGKSAHMQHWCCQQCMPMFYTLYEVCWLKKADDVKRDWKPMFPLPLMPPSLFI,0.038566656,0.035008673,5,10240,501
WWVQHEKLAGPIFYAGFMRRYTWHWGHETCKTWFQANCWLTMCYWDNYNPVMLNTDFKQECLCLHI,0.03830133,0.0027958665,5,10240,501
QRLTFPCMRHATICYHYHWVMWAEAYKHRYDGMKIFRWKQWDPMIYYMHSTDWRMQDTMHCLEQII,0.038281497,0.031309485,5,10240,501
GRIQPWAFWKHEKSPRYVEHDNAYPASHWWLQNKDVFDWQFRYMLQTTHDTEMDKWWLEGWEKHRI,0.03826481,0.12400307,5,10240,501
HGHPLEILQYGWSINRQFMLFPDLRRFLRDDAATVPYLQFARVFTCTLEMHLCCRTHDKYQTKMYI,0.03816017,0.042379398,5,10240,501
PMWMQECLNYWTSQINGRFNRRVQRWTVSLDHYRGRDDGSSLVEYLWYCWQLVDLWAVKCRDMDFI,0.03813736,0.016191322,5,10240,501
ASKTRCLTVMRHNRWFKQVPNELEFPSYGQCYKTLFPPKQTTLTQGFRGEKRAGGAIHEVQCKQRI,0.03804652,0.042588804,5,10240,501
QWNTAYMNFCSMGEQNFHKPPCHTFGEDGRTPACLVNKFNLDRWASEEWRRSSPRVMESRLRHVSI,0.03784351,0.19049999,5,10240,501
IPDNMMEKYEFPDPARAPFPSFIYYMEYSQAHQKDKDQPWKNISGFTTGTMTAIDNMTGAEKREII,0.03762842,0.014798423,5,10240,501
HYVNSNGVTFWFEGFALWDGKHAWGHRVPFGKKKTPHDAWQGYHNQKMKTLWQRFKQRIVWIHPWI,0.077048786,0.0096971,6,12288,601
VNKSWTSLPEKIECWHRHPWHTSDAYRHEYKTQFIWPIMNWERWLVDRALNMDIKIMCYKRYNRPI,0.07333577,0.038982287,6,12288,601
KDWDMTVSQWKWCYRCHCTRKPYADILCQYAKTWDKNSQWRAWQPPEDRCRRLEYYEFIFQDCDQI,0.07276035,0.10400801,6,12288,601
GHPCTKTYGKQPVILKYTYVVSYWLRTLCDIRPTMHTNWSDDTQGSQKMERIMIDEKWCGSTLAGI,0.07119825,0.0063743168,6,12288,601
HEKPIAGLVWVPIYIKVHQCVEFPPCQFQVPPTCMQDFYDVRKCCWSRCCNRYIHRKWHQECVPAI,0.07048168,0.007039729,6,12288,601
IVEEQRHFQTHPEHVWHSDRDEETGKVNFWEECLQHWRLMHHICPGEFFEGRLHDIDHSKTVPWGI,0.06740169,0.068708055,6,12288,601
HVDFLLEIAPMRMFITDHCQVDYIHDIMTRRFQKQYRPTVQNHEKYMLDAPNILVKYPIIAIPQTI,0.064851,0.0066665406,6,12288,601
SPEHQQLGVQQYMWVFRQHATATCIRERKHNDYTRNTVQFSRYFLVPYAIQFKWWNWWTILKYFCI,0.062849216,0.044134323,6,12288,601
QTPKACRVSFGFHEQQVMFKRGKNHNKSRVRPAWRWEVIYPKNIVQHPYWYQTKWHNWKTVTITAI,0.0623753,0.034835007,6,12288,601
WTHWGHFHWRELYPCKVQNKHMPHFACGNRFGVPRCTDQPIFCDNTIDGHKPKLSCHPTPKRHERI,0.06195396,0.08751308,6,12288,601
LCICLRDRFDHWIKWGKDVKPWVTDPFSFKGPNGSRVTWNNIARISDHPTKAHQQWTPRQVYQFYI,0.061209977,0.033529863,6,12288,601
WKRVRPGGRWQVWHSMWMYAWKKQWMVIFYWITPGHVVPWNRKECRRHLPDHEKNLQQRWIILVKI,0.061055183,0.005725608,6,12288,601
CFRADWDSINPHWWWDHAGNNKYSEMPEYQHWHYEKVTIYKVRWQNQVMNGCHMADHYWATEIVPI,0.06038542,0.03582432,6,12288,601
RNSRHGPDDMFIAYINTVMRYYADTYTMKTVNTMKHWWERATKKLDHVFTRGHTKVLRHSPEQAQI,0.06034098,0.062349446,6,12288,601
IHASQTKGIPSQLRHVCFLPHRCTFPHFNFHDDQYMMSREQHTRNMVDCSCQEECHPDNPRDPCKI,0.05984918,0.046331927,6,12288,601
VFLHFWGQIMISSCYLPHFLPVVWDFHHLIPHDNWLTYYTVMPMNPKNRLNWVVPRAMARKRNMNI,0.05973731,0.008542469,6,12288,601
YLIGWMAEQHVLKCQNTFWGFLYGAARMVLRCVPIELAVSVRYQVNAHGKYFIEASLICNCDYPII,0.059570044,0.0050801067,6,12288,601
YIWNWKIENEIRVNLGLFCSCPQHWVTTSKLACMYRPAKGCWTLPQERPYSTTNNTNVYYQHVVHI,0.05915843,0.013892831,6,12288,601
APVWMIQETPWRHWVNADYHLHYKGGPDQWQSLGWYNTYAKVTHYRHEYSIFEEYRQVEHHNLYPI,0.05854111,0.02168591,6,12288,601
DACDVTQNSATQQHSWRKLCQYGPNKMNWGGWAPKVVTNSRQWTPRRLSVYKQNWMWEKTCPRTLI,0.05802487,0.085750744,6,12288,601
PNSPHEARFYAGHYEGTRRYWMMPHCDFHIVYPYQQCPTQHEEMVHEYPNVMAIEWHDRHHVDRPI,0.056934938,0.155153,6,12288,601
FRCKKIVLGAVMLHFQGKGNYQHIGVTLWVNWKIFHWRHIGCCHFKWWWCGIRYKPCKEGTKKHCI,0.05678934,0.0015782319,6,12288,601
VLATKAVVKQFWQACCDWTHRQRAHAHWKPFPRKQVEPTIDCKTADSNCEGKKEDQHTGLRQDQSI,0.05646705,0.025915219,6,12288,601
MQRTSDMICPSGLCLDAVLWVGGMKKTQMWDSDPLDFFKWESASNTNPQQDYPVKPMPGLRHPKYI,0.056411415,0.024883237,6,12288,601
VEPPRTHYEDCGPRLRGFDFWLYEHQGCDPHTLQYLCCPRQNNWGWMHKLQCQQDPTQQMDYLWFI,0.05595476,0.106583506,6,12288,601
YCWHPMIVDKLACGAQWINQVNARIWKDPMYGPAPTIAVQMCGAYEHWCNHGFCWKKDPHCYLLNI,0.054977566,0.007335868,6,12288,601
QYLRVVTPTFGVGWISCFYGNRWTKDQDHLFFMTKEYIKTTLQHYQMHEFHHLLVDPQRKQKNKCI,0.054425627,0.009160849,6,12288,601
RRVSSMQPIYCCSHAECYKVWNPTVKPETKWMPGHSENCDGRTPKRPQIHVPPPRTMYGWRLKNKI,0.054316074,0.1355179,6,12288,601
RANTRAFIYMMFSCPIRSGWEPPRPPGRWVNLAMMKLCKKRHYYQRPEQDAGRYMRPWWKLRSHTI,0.054179773,0.0401121,6,12288,601
QWMNEGLQPYDEVKNNGDYHTTKGVHGWYCWQGLIYNQKVWQWIFGWDDHHPLYAQVHRWHCKRVI,0.053521074,0.021473827,6,12288,601
CFHAKTTVSWKNLRCYADCPNDYPHGTHEGSGDQEQISTPQFFYPWNPHVCRIRGCWGLTPHHQII,0.05339869,0.021849984,6,12288,601
VDVIVGHAYRPTMEEGEKKWGMVEACQNYNKGHPGHWSCMNVKPCCADLKCHPDCTVRFDCECYFI,0.05295509,0.0115852505,6,12288,601
QFSWFPKESWMSVAIDDWNRQNDNPPPFYSTVKYSCTMKYCILRHPEYARMITGKIDGTWPQEFVI,0.052642338,0.02913876,6,12288,601
AHNHWPVDYPETRNRNDCDRGDQCYKMRDLKYFFQSVYEEYGGIVSLDFPEEYKTKMQSQTLCHWI,0.052459396,0.09816188,6,12288,601
DDDHLPRVPHWVTPQYRNFATPHRRMTRVKNGYTHYLNVVNVTAVYKLEHQPPQEFHSVDVYQMEI,0.051874064,0.13906936,6,12288,601
QPVQQEGKLKAYTADIYCEVRGRPQQFDLGTPIMPAIYTICTRWQYWQSGVRAVMEVLQTITHRLI,0.05160085,0.029833933,6,12288,601
MDESNQHDETTWVTRTKRTYSGWSMDNIFDFFNGTPLWVHPVTQLRKVEPFSNDSKYGNVPKLMQI,0.051063083,0.08607317,6,12288,601
WSGWINLMTVIFEAGRLSIRPRYWAVPDGLCYGHKNHIHPLKNTASNYMVENEVIIGFVQCKHIKI,0.05090315,0.024370994,6,12288,601
RHVNGNPTTVVNFKMEEDHYSCKYKAKPGIGWHKEKRKCKWGVFVKAHEAYKYHKQEGWIWNTVLI,0.050854504,0.017351663,6,12288,601
CHGSLTTWQMTKSPFTAQMKIAPGDVDADHCKKKQSKALCGQTPTIQWGGYQPVFKQFIHQETCKI,0.04999566,0.013842125,6,12288,601
LKSCAERWRVNQFIMWCYWCPGGVLKSFYTDITRGNHFLVHGNWDNQWRDQKKALEPTIDLEFAQI,0.04974276,0.0045266952,6,12288,601
WVFGFCAVDQTLIAGAPRLRTNTYEMIYTDLHCPQTLCMQTIWQHEPQQVNKEGFWEKWMCMTYRI,0.048905097,0.03286775,6,12288,601
HLSCYVCKGHYEMHWTMKEGTDPKRPIHDWHDYRTISFRQERAVAWPPLMRPCLFEACQHHLAKYI,0.048812076,0.025193503,6,12288,601
QIFRVPRMHEQIHMMNAAQDWMWLRPACHMIHVGTEQQNGAYDFGYFEAAEHNEEWDHNLYYKPMI,0.048624672,0.17395756,6,12288,601
LYSYWARSTHACNGILRHEIWTKCRTPIGTDAWNKPWQYDWMEKMDYDRHMWIHWTHAKGSQFSAI,0.048618346,0.02022456,6,12288,601
NRYRYVEVTCTEDTPYSQSNTKWNFGPCKYQHYHAKCWVWYPQGAWQPRAKAQRMMWWKNYYWERI,0.048592314,0.2490166,6,12288,601
DNAQMRYGKLPVHMIRAYPPDANLMEWWWRQQSRWVLLMLYVAMYKIAQVVSEFCYYAAGKWLNKI,0.048563614,0.010000594,6,12288,601
VDKSPPTRTIPNYCKNRAFTKYYWMPMQLCHDYMIGQYRWGHVQYNMQVRYNIVCDSTYDFRKRKI,0.047792442,0.040356472,6,12288,601
REAQPCTPWVWPRVIGAIAIPDYWQKRLLWPQKADHYGMHFDDQPGYCEMPGLMSSRIWMRYYHYI,0.04766503,0.010606791,6,12288,601
HRCGEYIHTGDKQHVQNQLREKLWMHQRLHRWGLQCCDRHQQRYRLGYIHEPVRTYIMAFEAPMPI,0.047664903,0.027841302,6,12288,601
CFYMSVIGQKNVDHGACRLRFDHWHDDDCAMRCHHHWPIHVEYFGKMTQGVYTTEHMQHHIWQCQI,0.04658524,0.012791211,6,12288,601
ENVGDMVYDHRSIFRAWIWVAMYDCRDRKWFIGNRIWWAFWETQDFQFYYFVCGMHNEGHYAEWYI,0.046202563,0.034033936,6,12288,601
IWMHMAPHPYITAGDLPCCQNWTLKKWWHDCNTGEEQEIEQNDWYQSVYTWPRSMHDFEWMMPGHI,0.046047933,0.05965257,6,12288,601
DVWTSKKVDQHAQWHTLQMTDLSHKYPNTRGMIMGPIRWVGASRPTYNYGPENEAGHPPSVLKDMI,0.045280308,0.049941476,6,12288,601
EIIQWHFWWEERAQIPMNPTHVRLSPKCTGQGKDQKTGTATGEQGQAQRVNEKVKQQGKLIFNMKI,0.045054287,0.11188527,6,12288,601
FNCWQTPRAFQVWQIVSLHFFRYNTCFKNTRGKQTVEVHFQKKVKNDPINLTKKYHETFKIDCIDI,0.04464896,0.004987378,6,12288,601
QCKPADWCKIHVGEAIHTDPIHWPDETIDFHQKMEDQLVGCFMSATWVCVQRICDKGWEMGELPQI,0.044605605,0.018896813,6,12288,601
QIQVTMMWYHSAWADIWPTRLPNVMLVCAYSNYAPHSMWHKDWGNMYMYVMEVYCKMCLQLQTWLI,0.04453057,0.015880251,6,12288,601
KEHISKYKHGPEDTGYIDDRSIQNKVKKTYPLLQWKGITTMRLKGGKYCRNNCIVHYPECQRFHKI,0.04450529,0.08302318,6,12288,601
KFTTSYAVWCCCPLPMDYTPYNCDEIPIKGYIRKVICAPPTHKATKVHREHHHRGIEQTYDPREPI,0.044333175,0.02924908,6,12288,601
IQNCYPAWHTIQSFRASLDFWFLYETNMDGFSFDHWIYKRICNQDTQQALPTPNMQMVYKRYWPHI,0.044327386,0.042847347,6,12288,601
IKANECFPYTMGTQQHCCQKYHPYRKFKFQPGPGDIAWGILIYRACLLFYCTKIGKKVTLQKGKKI,0.044206217,0.02562456,6,12288,601
CRDGYFVIFGNNPRSRGLKRGCYADNERCLSGHWRHKGDTVAADVHVKVPGEHNANAIQGKSVAPI,0.043921307,0.024697386,6,12288,601
THVSPVLSSYSTMTLYYRPHTMRGHTFTPCNFSPRPGRAKLVEYATTNTLVNVAHPYMSHMCIRQI,0.043904886,0.01506086,6,12288,601
GAMNHGILVAQYTPTECAVFENRREHEHEADRNYDMNFQNKRRFFKIAEDQCNKLAEVDQKLQFHI,0.043730408,0.009482542,6,12288,601
TWNCRKWMTNSQPETTPRGNTDCVIGEQYPNVHRGSAVDHIRLWKTHLMTHQCCQNGPLMHHTQGI,0.043639846,0.042622786,6,12288,601
THTPKVHCAISRNVPYEWSPIRPSAKHTWYTINLIVMVEDTCVQKITLWPETSQACIWNCHEHMWI,0.043596417,0.0370203,6,12288,601
GIVPQCCLIKTDHLTDLGNQEQHNHFKYFERCPKIHMSVKHGAMGTLAQEPIKPMWQYPQVRHWEI,0.04336343,0.056631826,6,12288,601
MDLHNQTMSWKEFNLTLTPRQWICQNNEYKGVYKQEPVDLQFYPKWCPPNQTYPLFAYTVLGTMQI,0.043142207,0.042040728,6,12288,601
ELIMENDIMERGGTEGKLVVNKCGCCDPGKGIKHWMCTADGFVVYANWPMVADFNGKIAVVKEFTI,0.04288978,0.044585906,6,12288,601
VCDQQDMKRIILWQGPLLFCPRELKWKYAICDRSLMYAFGHDKQQALLQNHTYKPCLHDMKFNVQI,0.04284329,0.0032565845,6,12288,601
PHAPQIVYPGTCGRMYVRHMKSQQFSLRVEHWEEHNHVTGYLHDWVNHTAAVPCCRYIMKRVEYRI,0.04279337,0.018939046,6,12288,601
CRNIGCQRNDCEWIPQRFHGQWYKAHKDCYNLGCFVPIRDYHYSEEIKHRKQRECVWKTMTHMLQI,0.042528056,0.07481063,6,12288,601
MPSYQCFRIEDMRCSKLQFWRHPRYECPCYFYIPVQITHYYLWTHCNGCVSTHQYRTSLPQVVRRI,0.04209798,0.020346668,6,12288,601
KKDRRSYIDCKGPAHEWDKPWSQLWKKCKLPDHFYRTSWLVNAHTIKNKPVKKAVKYKYYQMPWKI,0.041770257,0.08044778,6,12288,601
KQATDVPVLDVDGLYMSEYRYENPLWYEHTTCPRGTPDIPYLNWKWDTQHTKVVDKGQRKHMYHKI,0.041698635,0.05667205,6,12288,601
VHWAMMKACYHPDMMWDPDPNNPCYTKKQTMKPLAEEKRQPQPQFCPINGDAVQHHPGWIKEDYFI,0.041203402,0.07158865,6,12288,601
YAQAGKPRVMKHDNEMTQHFHPDMTCNLKVVVRLFDIPRHYTFRWKMIFFQSPNTKICLIQKFLDI,0.040968902,0.010690379,6,12288,601
MATARDHAMYTGSQIMSKLHPPCNHPGIMAEVAWLIQWHYPKCRCCNPQCRNILDYHHFQNAGNQI,0.04085037,0.024411162,6,12288,601
MYVVKCDQDASPGAQPVGWSNITQGDCWKSTKTTLYNWTERRHFPPAKMCPADGWKSCEQSLKFKI,0.04078003,0.04110926,6,12288,601
FVMNTFRKCQTVIMQVTHYLEKYVKAVMTYRELGPPRDTKYHVAGRGDWDWDSRDCMQFMMIDCPI,0.040701553,0.008488642,6,12288,601
AQSDPTAQASWLNHQSTKGNCDTVFRNSISNSANIHQKTGQVTGLTRTMAPTCKNDKGVIWKWMHI,0.04067114,0.02750653,6,12288,601
YKPANRREYYHFPTCELLWQTLRDGFRLHQAHIVIWCQRHYYCACKCYEICVFWGAIKLKWLRENI,0.04064095,0.0019386773,6,12288,601
EWRHMRCPLITKHFMPQEYICELSQKGLMFMQRENVCYLIQPHLQWVRGIALWCNCDSDLVFPYRI,0.04063271,0.01052839,6,12288,601
CECGSYMKIQMQAHPVQGLHWLMVFNYCHPRAVESAPKPKVGGHPIWEKYCTYNRQVNKDKCDLCI,0.040403083,0.0088708475,6,12288,601
CNPLRKESFHIEYIACRTKMYLPKHFYCPHLYIIDTKNIKAVYYPGRGQRAMMQRTKMNNECDWDI,0.04034856,0.0139240455,6,12288,601
VIMQDAATPTFEPSKCPETYIWTPATISKPVETMAGMRVGVPVTRIWDIYGLSGKFFEAKWKYRHI,0.039616495,0.012281266,6,12288,601
TMQMSIPKSHFRGEFYVYTHDVIIMWDKNETMMGHRISETCCYGCTHLEFDIHWHWDICWCRKLVI,0.03958776,0.06512731,6,12288,601
NNCNPDSRTMFGYIAHNKYGWDPTFDYVKENFMHTLPANDGQQKNQDLVHHNHTVHGKIQEYGPTI,0.03931742,0.079272956,6,12288,601
DPLIIVRHTQSNVLSINMHVTEHTTPGCNDYKKIHVQFGQQVYTPETYFPIDMQDTYPHRPPQTCI,0.03918942,0.029350435,6,12288,601
HCLHWYIGRHWPQNLIMHTCRPIEEYVGPEDGKTYVVRQNAIDHVKKLRHVDCHVPLPKVLRRVFI,0.03883148,0.008829364,6,12288,601
QCDDLKTINDFVHTEGCWKKKTKQKYGRCRAYRVICGSDWKKSTEPYKTPWDRTREFTTTVYNNCI,0.038671017,0.036772482,6,12288,601
GFYKGKFVSNVEIHWYSAGHACHSYMQEDLVHVLFRWGGWAQAERVTPSYKHFHGLGAAMQTGQQI,0.038575806,0.02196894,6,12288,601
TRMNAEQCWEHIRWHEEGTTSMRNTCEDCMDRTEHRTRGAKQTCERFQTLTGTKGQMHPIITYCII,0.038304262,0.08266431,6,12288,601
FMTDTIVVVGQIHFYECSTDLDHYVRVTVWFNQNGGIQYGWTPYLWKCWTKGFNWIVTVYYHCEGI,0.038246684,0.00382601,6,12288,601
TNEHFRWIEPPHRNMLFDVRGHFGHLNMKARTHVVVHEAKKMTMAHRMHVSDDYKQYVDPTRWWHI,0.03797795,0.050048303,6,12288,601
YVYAIHFASQIEVIDEMYRYVTIVHNCGEMERMALHCCCRWYQRIRWRPAKPHFSYKGESCEIAHI,0.037973017,0.01914492,6,12288,601
CQNNSGLPGYQADPKTSNRWKCCYYVNQWRTPYMMLWHFTAIHKWNTWSNYRYCTSEWSAIGWHNI,0.037899032,0.087507926,6,12288,601
KQTPTYSDNWTHKAEMPMCCTPTMAGLDLDQITCYCLTCCHMNGGENGYPPLYPKRRYCRTQPFGI,0.03766557,0.09689097,6,12288,601
FFMRAAHGPQDCTWQGFKRSRPRSWSVWWYVFKQVTPQVCHSNGKQDNTVQHKKHAQWFWQLYMHI,0.037664056,0.054251943,6,12288,601
WGKFSRAHYINLLNDTAQEQCQMNNMYDYECEMQLLMKYVATEAFPIEAWHHIQSNTIICFLVMMI,0.08274354,0.017079696,7,14336,701
TFVYEIATECWLKTINWWYWVTFWTPHGVCYRSTFVKENKVYTTWQLCETKLLLKEKWNCMLTANI,0.07676266,0.002661191,7,14336,701
PDMMIFQVWWDYACPDRVGSEDFYQKWGPTFCSGFAMFVITPKHLIGYGGVKADYHTKRHLRYDEI,0.07557618,0.064866856,7,14336,701
INFHDIGENMSKQGYDCKRGPQCNYIKHHSMCVVNVPKRSTSQKGTGWTIQQLDLKKWFYVKPPHI,0.068662345,0.028973538,7,14336,701
VCTKSPLPWTVLTKENPMQMWISNYVKDDILHIAMRWMDKCDTKTDPWMKHHNPTDYWVWMCKDHI,0.06384469,0.011155738,7,14336,701
KHVSQDKHCHDEQQCWCTIYPYLKLEPYYQKKVPYMTACWVKGQYKMYMEKYEIYWIYEYMHYSYI,0.06381608,0.008643781,7,14336,701
CAIQCLQTWSLGEEKMVLPAHWHQNVPDAFQGFAAWKVMWIMIYSPVQSSPINSTYWLSVYPILNI,0.05985471,0.030974641,7,14336,701
MRNPVYGSKSWASSWRQNPMMEQAKHSGWWYMADYPCWPPYMLASYHTIMHNVLQVKTLQKQRICI,0.05809725,0.026976619,7,14336,701
NPCVQDIKCDPSMKPIIPVCYFVKKMMEAHDYQRPCMKTPPDNPRYHFWPDSYSKQKQNGKIHEKI,0.057511102,0.023002481,7,14336,701
LSGMSKQQMIMLCKCPTKPKAQHGLWLYCGAVNETPHQVGTRIKWAYGVGQRNPMNRQQNKKHKCI,0.057456896,0.0064518885,7,14336,701
NVTDFDRDEKGDRTHTQAENIYQKRTGTPPGQSFQKMYYQEVHTEPTFQETYPTHVGECNKGMRLI,0.055929463,0.15391067,7,14336,701
RISQPVTYEPQRFRVFVRTRNIAQHAPSYKMETHVTCYYDYQQQFQTYKNKEHDNFATHPDAKMFI,0.05569212,0.09954559,7,14336,701
HSYAMDHPIIRPQIVKPLEIWNQKLKERNQNWDTTYRWPWAQHQYGTYQTKGYDYPNGMDQKMYYI,0.05465504,0.054245446,7,14336,701
IQYQQQEYFPCWVMETGSYRGILMVRGQLLTYVSWAKVERYKVGDVVGQTNVAKPHIDYQPPAPKI,0.054341868,0.035145953,7,14336,701
QCVKATYHPMHFVAGMKQTKKHQEGKWQKEEHEFWKHSNAFRMLNRNYIEKHRQQEFCSYLPHPMI,0.054299574,0.12531637,7,14336,701
CGDGICFMMEQFHYYQPYRFPTFNDHALHEEVPYEEQPKWPGDLQEDNAGITRKVYGRNYEVYCHI,0.053643078,0.065019935,7,14336,701
GQSEYYLPCCKFYCFHMYWHREPNCIHFYQCVGWSEKRHVDLMEPCKNLVPFHHNAESLRKKPSQI,0.05352993,0.015811764,7,14336,701
LPVLHTQLVQMWQGPPWMKLQGRFNPHHDYSTRHWCKLLHQTGLEPHRKGHEWTHMDAQEGGWMLI,0.053356294,0.03070718,7,14336,701
VTNRGHSNAWCPYREVPYYLQDINHGADGLMCGFRLIDGANEDIFAKLNRWYYLFHQDPKDQTGDI,0.05288018,0.017184075,7,14336,701
CQKQNGLSRPPFLWGGDDATPRMCWYQHWPTRHWCAQYWKKNHHMLGKLVWPPTPIDAACAKWMHI,0.052772492,0.066579334,7,14336,701
RIEQPHPCCVWTAWYEPCCYHVTPRKGKTPMTRLSRMFPKMQHAWPRVMQELWLPDCYYAQHLHMI,0.05203438,0.02829083,7,14336,701
GNRRQVASGVMMWKPKWGTIRSPQIPHKCDPYKNEAVREQDNADGKILAVRLAYKKPTTALLHRWI,0.051763542,0.01556279,7,14336,701
YLACWFRITKQELMVQWGGCRVRLDADRCKRVFLGHFRPVTMWCVGSCKQGSRLIAYCRQPNKREI,0.05153708,0.009284127,7,14336,701
WCSTAREMLTIPMSTACPYVSENDHVEDADCNFYYVCGNQWPSDRTGPMIEGDPKHMIMLRGMMGI,0.050860234,0.02928001,7,14336,701
TWSHVWTMCKATNCISYHREPETMWWNHRKRPLLRYNEVPDHARRNPAYTIPGRPGQQQLGRHERI,0.050198495,0.12114408,7,14336,701
HQPSLIHHRHSTAKDEPPKKRSIKGHMMGDYYSVEAQQDHDQRRNNYQIEYRDTSKWAGLTCYRWI,0.050069995,0.1432723,7,14336,701
EETAQWDTSQNQRHTGRQIVGPSNETGVQPMVRRLDTTFMQYMICLGLPQSYVPTLRRAEMRIHLI,0.049812697,0.02927052,7,14336,701
LCRHYPVMWMDCGDCVVSFWPYQEPVWQAYYIVRYAKTPNQVNNWDTDAKHYGVHFIEWCIGRVYI,0.04976294,0.00806002,7,14336,701
TANHYPIKMHIELLHENPPKQMMTKWRFFVFQFTIVFFQHTQDTTRKQEDFADYVKKCGKNRAHLI,0.04886242,0.041631524,7,14336,701
PHGQCYAEIKQLKTMPNSWHCVPCSETKQQDCLMSGINTIYTGTKGKVFSRPERTRQCAPEAQHPI,0.04862744,0.13345365,7,14336,701
DWKLAKNMYCCYKEEEFGTIFDKDWRGHECPCGVDEQFWDDDCPGLVWDERKMDKLFQGPYPGEVI,0.047994588,0.010961805,7,14336,701
VHYWECQHHIMKANHCQACTRYYMYVTGCYYENWRLRTKKTIIPVMGQQIWICPNTITEEWVKGPI,0.04766593,0.009838748,7,14336,701
PTNTMCMKRLYNTLNPNNKQCAEHTFREGMMDIVAIYVHTAVCMPLMKYYRGAMYMLKEQVLGYII,0.047627855,0.011187664,7,14336,701
YWKAPASRQDMPLRRVWVYRCDAKLIRQVPIFDQGFSFFVGKHGTGIDFTSAQYGSLIVPSPSTKI,0.04749232,0.013102527,7,14336,701
HAPTCEQAAPRTLLDRVMPTSCVVGCRKAACPCVNQFKRFDKWPEPNVVCVRYWMISEKCYCMQKI,0.04736192,0.03340449,7,14336,701
CKLQQRGHNPCMDGAHVQSHEMRTHKCLPHHEQFGPGWFEIVYTRAYTQGEEHFHLTEEQWQCPGI,0.047296192,0.05901749,7,14336,701
VKMEVRFCLTPQASPYPFLSDTSNWDDDPQPGKQYQVTVQTVLCVQLTPYEEPEQHMCCKKYGMGI,0.0464463,0.012159805,7,14336,701
QDTSNNVASQQARTTAKMGPKWKHFYWTGMAVVCPQYKTIEGIHFIKHTPIKDGPHVVWVCKYKQI,0.046265848,0.038834825,7,14336,701
GPYQVIMQSLHMHYWMQVGITKFALMWDHHWHWTDWKKQRKQPKTRQFMKLSLVYHQRMNVKKLMI,0.04608924,0.0023671654,7,14336,701
KQKRMWYPWRQMTCQKWTSYVYKLTCPFFESVTEYTFDRYVKSQYPQYEKFGREMAEQETMDCRII,0.045935787,0.045763206,7,14336,701
IGYCWHKRPYQIGYWTGDYKKQSSPLHLNHCGWKDPRCFDWFRTDQVLKMYSDPTTYTWDVDHIHI,0.045679603,0.023135256,7,14336,701
YSFCKPQALIGADQAMELMHQGDIPVYHWQQNYPIKNINPKKFQFTWEVWRYVQCKMQMPQTMTFI,0.045621835,0.009188652,7,14336,701
FRHTEHKNWPYVYAIKVELPIHVPIYVVHPMCHAFKVKYTNKKYYLIRVLTVPHVWKKKMSEQLWI,0.045369208,0.011418048,7,14336,701
YCLRCAWGKIMVRTKKVINNHWMVIAWSWLHCMLVTAFWNVFMNSHVICISWNSEQQGQTQSHVGI,0.045193993,0.009567263,7,14336,701
QITLRTMCFPLMGQRCWDEQIIPRRDPCGCDWTKVCWNKEVNCTQNNKSLWASAMGQESPEPAYTI,0.04504924,0.07574365,7,14336,701
RLFSQAGLSATRNDGENYEPEYFYTTRCPYDLNNCHWCQKQARQDSWTTSCMIVINQKHIMGDEYI,0.044825394,0.101881646,7,14336,701
YGYAHSTGMMAHMTKCRTGGGKAQMRQMCQDQSRDTTHGAPCYKRNQPLFCNPTDTIYHIKERSVI,0.044113778,0.04497889,7,14336,701
IQCSMQPRFSQHQEITEEGKKAWHGAQNDEKHSLWICSQVDMVWQKTNLLRHNHQRFVDYFEYQQI,0.044047415,0.08361836,7,14336,701
ALRSTMIQSVWYMLMAPPRLRGVGACLVLTKCLPGANPRCVCHTRWWSEQRDGILYSGHQGPYLEI,0.043762058,0.023368437,7,14336,701
LWDAIDIFQYEMQPKKTAHSWVTRMDHMGYCIHLPIKSWWHDTKCDCGGNGGHGYLIPNRSSTCWI,0.043632746,0.02378103,7,14336,701
HVPLFQILKMDTHDRQCYDTYKKKDCFIHTYKEWYPTPYLDGEAKKKKFYRRHDLPKITFYHHYKI,0.043562293,0.03211313,7,14336,701
SRSKTYDVHIPCWTDKNSCPKRQTPLKLKMDCTQMLKIILHSRHVEYYKVMKGRHYKTRYFEHCPI,0.043490745,0.067750975,7,14336,701
IMPVWHTVTQWFAGRRHARFNPIIKTGGDGQQNRMKWMIGEVHWTIRTDHTCQPIMKKPMTWKKHI,0.043372672,0.08839607,7,14336,701
GVTCNRHELMYCLWPNTWNKCSKWCEMEHTWTPIPEHEGTQGTFYMDNQCSSPKGNPDPSKKTNRI,0.043346345,0.19181071,7,14336,701
MPYAWKDATNMIKMFKPCWRWMCFDWMFPNWSQPRKWFQWGSLTPWSADYKIEYMRPFTHYRYTTI,0.043123122,0.02225166,7,14336,701
MYNDENPMHCQMRSINWNCNFHADPEIYVPSWPWCRDSHQGHPCNQKWKKRFQMLYPPAQVIFPFI,0.043011013,0.035432097,7,14336,701
KHIQCVTFTVWCMVTWWNLCELLWDQKRMVGGEDMYRWHTVFTLQQEADQPAEGGHKAYACPCLKI,0.042958792,0.008216926,7,14336,701
PHSDHFMFIRKNTCCDILCPKLQHRLTGCSIPPPPKYRWVPPCKGQRQYEPNAPHPSCEFQRPNEI,0.042937893,0.06521884,7,14336,701
HGTREMNFAMPFTCDAPFGWLWNGEKEMCVNTPNTYSKGCSPCKTGFWICLTEVDKMCVCRARKVI,0.042916175,0.011994466,7,14336,701
SMGKHATLETHLRFPEYNNSKTNPQTVRKYNSVAWDLVHWQTEREEKKQTKWHAKYICWFKYHPRI,0.042484574,0.10106988,7,14336,701
VKKPNKIPSQFKGGPIFQVFNECVPYVHNGKPNQCLPVRHPYVTSHYFDQRKHHCTSFAFGNGRFI,0.041938525,0.019702485,7,14336,701
FFMNVVWFSVTRLCMYNAPFATKHWDCGQNKGVAQSFHQHDHQNQHQKGKPQQSKEPKYKDATEVI,0.041846685,0.010168122,7,14336,701
ECFEICHTWPATLSSDKMTIIQQADPSRSDTWPQHWHQIATDPDITQLCWMGYYIAVDVCMKQHEI,0.041767348,0.03132985,7,14336,701
VLEDLYTSWPHCDIPLIKLTPVMQSGLWEYSWHMEVMVKYTQKCIHRPGPELTVMMVYVFDKIEDI,0.04164693,0.017549502,7,14336,701
KLRHTWSVQFNGQHIPPWMPKKRNRDCRQIDERTAEMTFCPLPAFNMVEYVTDEAKYETYWHWTYI,0.041570023,0.07728092,7,14336,701
DMPLESWGWTCILNNRMPYNTQYLVWRYPVIERQTMQYCPPKKNKTSKEEWPKWWYPRSCVTQPEI,0.040981933,0.101324715,7,14336,701
QWHQHAGHLTIAWGRDKEWVFIIKHQGQPRQIHTNVTYGIPQAQHQWNTNPIKWPWQPTPTVWQKI,0.04078366,0.07156249,7,14336,701
GVDWFPEVSCPVIKKYPAIAQRSEAKFALVTEHWKACVGYDEIRVNWKTPHYMYKEVLARDEVVQI,0.040670704,0.008786598,7,14336,701
SPRPTMEMVHPQTVPEHKRCHFKPLHHTEDLHPFMIRHQIEPHNHKVVSHYREWKDQFWPWEDQFI,0.04065145,0.08576843,7,14336,701
RGCWHSDMIRAHQVVWLSKKCQQREVDDTNFDPQYMEKYDNCHRIWTPTCTGWQWRDLQKWNHRWI,0.040627964,0.045928728,7,14336,701
ETSTEVTCKIEQAKCHEYHLYNTWSDNVTPTYRYLMQNDMTVCYHREVPSAWEWERMYEVCAKITI,0.039988156,0.021348989,7,14336,701
DLKVTVPQQTMVRLTRMFVHGMVTSQEEDYSHPHYIMWSKYHSTPCPWCPMPCSEPCCMVIDCQFI,0.03981945,0.033466082,7,14336,701
CLQSALRRDYAIPFPISGEHEGKIIIPTKNQVTAGMLETYEPKQTSYVPRRDIHEEQNGEQTMRKI,0.039776187,0.046736814,7,14336,701
PAETVHHMVSLEKNSQKCWAPFRNFTGETINRHTPNYLWLQNQHNKKQKCTWQQRAFDPAEFWMEI,0.03972361,0.08061068,7,14336,701
MYLRLRQRYKMLWEDNWQIHKMAQQSSTFQQKYDWNTQLDCSHHFERLQEEQVLVHYDQFRYQGKI,0.039680794,0.06912233,7,14336,701
MFCGQEDRWAITYTTMLKGTCHLDALNNGWMYGGRYYMQYFPFPTQWWKWTDCTRIKIYVQNHCVI,0.039642207,0.0056254775,7,14336,701
QHDHVCRKHKIHYHGDCPMHSSHGMIHPNFYRTQLVERQLYPDKPHMREGAKRPWHLMQIFYHVTI,0.039564196,0.05852268,7,14336,701
KLPHACGVFKRVQYLKENYIQIDEVFMRGLKCPCERLRHWVCRQMNRGMTPHDQFIQQHCIPDVHI,0.039541032,0.03087248,7,14336,701
WEKTTPTRQETGYDQMGNGDNSKWWLKKCIVVQQPHIDCYYFMPWYTGTDHQIMANYVQWVHQHYI,0.0394347,0.07869441,7,14336,701
LNASEPYDAFMGYGLPHPDNRHDKHITCQWHGWYTQDAVVWQPIWMTGMWTWNHMVNKISPECHGI,0.03892594,0.038630486,7,14336,701
WRTWIDCDSQVGVTYTAPYWYKMYEYLRWPFYNLQCTTCECWNNGLQYHNADLICTMQHARHRRCI,0.038808793,0.010208437,7,14336,701
HMVTKFTKLNLAWTDQLDRPYKKCKVLWNHLNFFEVMEMKDMGLWPGWGNLGWWYMGDMFHGTVLI,0.038096398,0.0057151043,7,14336,701
RNAHYNCENIHQGDRGLQVPVNTDDYNEDTKEGQPPLCHQEKHMIVFYGCHRTRGDLKCGGNTEKI,0.038037844,0.087059796,7,14336,701
KWYPYMEMFSWEMLIIVDLVTQYDYVPMQGMNTDCWKQDWKAYFQMNFMVNPWTKNMKFHGQTHDI,0.03799378,0.012204471,7,14336,701
THNKQMQWPMDHNWMHPYERHPEFMVACTVTPARPPAMTPLMRKLWQMTELHQKYAEHHMQAITAI,0.03790578,0.0483765,7,14336,701
VNVMSLCMPIWIAAYCDIYVMGMVANGPQMTNHEQSIGVWGMPKTWTEQDDCMEENYEYGYRWCQI,0.037877202,0.008109409,7,14336,701
AEVIPWCKANQSFIQPPKGWQSVGYENMMLCTIQWCCYFFQMEHTGHEVYMCPKMLDENCIQYHCI,0.037580602,0.016477615,7,14336,701
SMSIQTQSDVCTKNHHDTHVMRNLENAWRSHRCHPLACTLCSHSIWMHTREQQIPEVKKNHHMPEI,0.037483044,0.054256946,7,14336,701
VSDSAQANFGKSKHDRTETHWYKQAHSQDFQATSWRQIEDIEIHDVLMQQENWQFNSAKQHMMYCI,0.037309512,0.04488583,7,14336,701
FVFKIVTYTTEMHWGPVNNQGDPTICECGWADHTYWPWPPVMCNYDWWQEQWQKYMAHNNYFIVEI,0.037168242,0.01635854,7,14336,701
IIATPNVNNVPHNDPTTQPVGKVFLKKPAYQQTLHVCLNQINYTAIMDEMICSMVKNFIQLCQYGI,0.037077498,0.0076718144,7,14336,701
FLLQTPRLHCQTPFQTWHFTSFRKYKNTWTRNPSGHLQLARCPEPMQQLEPCMPPNAWTFPPEQMI,0.037055045,0.04579773,7,14336,701
HMDFTFPPFHCHDCPQIVFISTANTMGPRHFNKICWCWYFPSFAPPQRYKHVELANCRYVHKPKVI,0.036582958,0.0059320503,7,14336,701
GSGWESIGWVEPTFMRCWTVFISKGTNLWPTKLDLNIWPFLCFNMMVQEWWYCGYGYATKYRQYWI,0.036130466,0.011595667,7,14336,701
VYMNYSYICMHRNNVLDVFKKDRNRPVEWDSWIHDGRTYYFGFIYPWTTYARNGTFNNAGAYYRPI,0.035841905,0.028351285,7,14336,701
GRSWEFMMYSMGYRRMRMIMDQSMYRCEIHYTQSGQFDCNKQQFGHYKMQVSGRQTYTINRSCVTI,0.03583193,0.019198926,7,14336,701
VNNHSMTQAETTMEQRKNPQINVLGKMPENYHPIKQDHVHQLMKIQHPIAQGHLHDQDRMANEVSI,0.035756443,0.080874465,7,14336,701
AVPMHKIGSRKCKFNWDDNWHHGGQLWLTPTCHPVNPYEYSNHTYSEHDKQSPWWGITYFKDEHDI,0.03570267,0.22968452,7,14336,701
GANPSYVDYRWQRIMFPLESAPGEAGCLCRYGKGEQWYNWVMLCSAWWHKWIGESIIVSHFYALCI,0.035645846,0.004099359,7,14336,701
NIFLCERDIGGTHHTFYGNLPWDAPHRNQCNAAHRHIMCPSVICNPCKRRMWEVIWFTWQMWVMSI,0.035590015,0.0054136096,7,14336,701
KYYRWEMFIPGYQCQDMRNPIKSIPSDHHTRKASPWKLQKMWYMVEKVDLGMSYKMYDAPMESMPI,0.09766233,0.051871784,8,16384,801
CSSQVERVHIRQNVPRPAHIPTTIWERCLTMPYKQRTMPLHLGYVIDKEATRRCTENHAWMTKKAI,0.09575943,0.037907284,8,16384,801
MICWVRPTFRIDQKWHARSWNQRWHTQAHPPFHTTNHIAEQINPNQYEQWHIYKSGICCPPNFGMI,0.095711924,0.019778261,8,16384,801
EHWTDDPDKKYCYFVYPCQPVTDPNKTWYDTPYERQLHLSNGIDGEHMYTVQAQWENKWHKMPKTI,0.08479772,0.1678741,8,16384,801
MVMNSTEMMPTWERWIGMGMRRRWYGKTHAGDPAYRGRSQTVNTVWLHKEWSKRRRRYARFEMTTI,0.08195173,0.08006473,8,16384,801
HPPCKTDHHQFGKSFSHNRTGCRYVDVILHYTYVGVKVTAKTQPASHSNHVWGVQFRHDSTASYCI,0.07870171,0.018232454,8,16384,801
EMCPLAKERVWFRINVWWMMTRTIWYQPNWCQAHGWSLDYGTHQIRDCYKIRPQQQMSEMRRKEWI,0.07574014,0.018568506,8,16384,801
MSWCGVVVCHTARIVVNDIQSGQHSVNSGWFVSFPFTLTTFPVPSVIQRVKDKRMQNQYFCMWPQI,0.07102837,0.011727706,8,16384,801
NMTLMGSTVTTSFGSRRPRFPVKHMGLYPEQSPWCQLCIYFAPCYGWGWMTKKQEKGQQWYYQYHI,0.06555636,0.07656179,8,16384,801
GAEYPDFQNPQVEVRHTKKIGQMCVGCSQQMWYRKHTHAKHTAFHWVYYAHCRKHDMAPCIVKRMI,0.061398726,0.0641831,8,16384,801
ISTYTPTTYKFTAMNHTEYHMHTQSLNRHEYSMYDNIGKGRSYCGAKPWMDDMLFVRKKCTGWAHI,0.06053917,0.056475013,8,16384,801
KKICVHGTRLTMAVYPTWEKQFPNDCMDRGNGECIWMWGYTVNKMNGHFTRTWLMHKYMNVLNLHI,0.05891981,0.026789932,8,16384,801
FPDKFYIAAIYEDYNHAYATAERMVVQEPKDMAHGQSKHTDRTPVGLVLQPKDQARCVIYHRLGRI,0.05875218,0.013668967,8,16384,801
CMQIHREITWCVMCDLYMQEEQIINASIGWCLYQYGKTKGFIKRMKMVNHIQDHPWNRVMMISPTI,0.057419676,0.0049414164,8,16384,801
EIRMPHAVMPDVNKDIKNPDMVREKKRGRYFDVMDKATHQCHMVTDTGYMELVPHSKPCWNGELLI,0.055859145,0.12905341,8,16384,801
NWFQHCAPMEIRTMMEEYKFHFLFPNTLQDKTWKWFPTKNSTVSGRHHCHTQLSVKIGEKKGKHFI,0.054664742,0.014667368,8,16384,801
QADWFFVIPGFMFYQINGAMMCQYEMCTQRFRRIPVHTVKNQPCWCTDQTPYTHVVRIRYTFYPVI,0.0540726,0.015094978,8,16384,801
FNNVAKFNFKLPHDPHHCRVEIRKEDKHMRMSEYVHHPAVYQGTAVTTSHATDRVHDPIQTPQMYI,0.053952653,0.057287835,8,16384,801
GALWELSYHIGNNVNHTGPYVCWKIGSDCRGGMETGGWKVSFICINNLYYRNTNDVGKPDKKAHII,0.05317136,0.008972958,8,16384,801
HRGGGYWNSDVWHCYNKTTETLKSHTPGKDHTPCWYMSLAWWQLQPRKSWRQKWHRFRSFDPYDNI,0.053094074,0.16667823,8,16384,801
LHAMHWLKTLWPTTETLLFQDAMQDLNPWDHRYDDATLGTCAQGYKGCTVVWDGDPPVEWCRAYKI,0.052249603,0.057375673,8,16384,801
YFLRLIRRGMRPCYDHAPCRACGWKLHGRWPTERAHLWTGCGGCMLQQELDDYDQKLWQSDVMRYI,0.05183905,0.009948834,8,16384,801
ACCPRSSLIYPCQGNTCYAGRQGVQMTAPLFTSGHKADDCQHIQHRWDDFWWYVIMHMFWAAEWMI,0.051443,0.017916322,8,16384,801
PRKPPKYDGIFCQVTATSRNLEYSQTACHHHTTWGMTRELEPGNRYRTGYSNCEETVSANWVFGAI,0.051306006,0.03561446,8,16384,801
YYCRDTQTGPSPCLDVCFIRGEYHHETQPHNWPTPPDQYQCRKNVHDVWKWTEANHRMCYCCQGMI,0.050504707,0.06480245,8,16384,801
IANCHNEHMLEPKAVMMNVLTKKYLWHQSMEYSHYAWNFKRDQKTEWHSWWCNHDDQLPASLFARI,0.05010809,0.012141947,8,16384,801
CANPTSLMRSIMPFHQCVLRNQTHQGSHTPFLYTDWTREPPTKGKKDCLHDHELGPDGFALNKMWI,0.04953096,0.022885324,8,16384,801
QMTHGIPPPVRHWEETGSACPHCHRLRACPCFFWMTRIRPTCLYVCSRETHTRPHDECTVPFVMPI,0.0492667,0.05047447,8,16384,801
CWNNIYSIRFNCITPTICGTCKSGLGVRMASGQSVNHFYYRNPQGQRVRNLNKKGYMCKSQNDKNI,0.049000733,0.019375408,8,16384,801
LMDDLTMSCVAHWHKRLCQFRTWRHHHHMTYRMRKNTAGGKVSPHYYAMTLQHEPGMIDPVHVKKI,0.048890185,0.043584444,8,16384,801
MLQFRLAWWMETLTTDTVKVHSDPMRSDLRLWPYCVPKYTMTYNRKAAQTDYHLGRPIMGRWAQCI,0.048533645,0.016873319,8,16384,801
GHAWRWLKFTDCPCDWPTFETRVWRCVQMWPCVAQQVHQHSTHKNYWYYYFRDRTKHMRMRMCYRI,0.048204735,0.020372717,8,16384,801
HSRMKQVQLQTFLADKPTWSGKLPWNMWSDISLLCGHSKIRNFQCNLPVRWRCGHDKFDGCPRHDI,0.04779016,0.027651865,8,16384,801
HPMSFWARHEPHLMCCPNPKVHKQTMRLLPSWCYRLPDWNKRPSFTQLINIAKILASYFSHKPGKI,0.047553428,0.02772957,8,16384,801
WKKANTTSMDTMDVVTPTYTQRDMHDKRHHEQLVRGRTKCCGDRVMTYPPRIHQLFRTCETPHIRI,0.047366384,0.089754686,8,16384,801
SCAPEKINHMNPCQVWSRQCTTHWPLKTRTKMTFPGMFQKTWFWMEQPFHKIMVKTPGCNDASLII,0.047111083,0.015795417,8,16384,801
TRITHQLTHFHAQQLSSWHWSWCVVPAVYDTIHFIYSWRSQHTGPDLVQQVWPRHFHHSIVQYWDI,0.047047246,0.05107645,8,16384,801
WFLHYHKMMVTWWKDPMNHYVYTEQLTHLCGIMRLSWYVCKVSWQNYMMRDNPGDNDYYPWWTGCI,0.046614222,0.009787652,8,16384,801
NDWKMFGVMWYQPTVKCIRGACQYKPPTPPQLTLGHGNPPGWWRGHTPKLKIPPGKVKLGGLYTGI,0.046583712,0.023614226,8,16384,801
ICLQNLHTKEIRKMSINTSAAQFLCTNTGETVAVLCPPVQMHREQKEQTQHFQTICTQAMKQECPI,0.04607179,0.036526944,8,16384,801
HKITMPMFNSDGPYLVWMNHDQVMPDMTPKTTNKCKNMTVTIMILYHQQDLQGDQLTFHQPLKPEI,0.045860063,0.042174052,8,16384,801
YNINLPNIMHLPGQDMWEGFPWHPPKISWGKHRDCDTTDNWCISNMMDRTDNETVAERSHEQSFYI,0.045479897,0.048834484,8,16384,801
QIWNHAMVFTPHFWEFDARYGESPRVGPKPSYKSVQTYPLCQCETLATEKWEQFMEGKTPHLEKAI,0.045289114,0.01877563,8,16384,801
EHYRVMTVMYVLKCVFEVCTAMHGELTNCSLDEWSMVGYLHKIDHWKVVHYKPWLMSHASWMHRII,0.044798493,0.009916932,8,16384,801
HKNIQDAQDFYSYIHMDDHTIGKQSNHQPRPTYVMWFREQICNSTVQIYFPCPMTGQKNRRRERLI,0.044561982,0.0834083,8,16384,801
NSYHCWAHFRARHRDNYSGNYPYHNPVVIHNSHNKTTKRFPIYFSYTVFVHPFPLFGQRHAPWHRI,0.044424612,0.039021935,8,16384,801
VQYRMGMWPMMRYYSGTYWLLTRAEISHCHNDEWTWCKVAYKWVPIWLYRHHYSGGQCTTERTRFI,0.044323564,0.009676945,8,16384,801
LKHVLTVFMPVWPEGPKMKGKKIKYDPKLDPTGRQTYPIAHNDVPVADPVGLHKPGQDDCWRRFFI,0.043852195,0.17519307,8,16384,801
PKWYTFYQSKRNSKRPDCPRMMKENCMFCCSETRWDTQSLSWHRQWPRFVTGTNKYTFVMHTKPRI,0.043571293,0.11813013,8,16384,801
PPLHKNILPHRLQYSMQVTFVPVQWIHWHNKWIRLLWMCRTPRCPCLKQKHWEFNHEFHWGRKIFI,0.04331429,0.018665794,8,16384,801
ECTYWQKKANGQYCEPPDKLRVGHLQMFAYHRILPKCRSLHQWRWEFRERMYKEPPRGTQGMHQGI,0.0429364,0.038693607,8,16384,801
MELNEDTWWTVMTYLLMGGTLDEVPKYQESRCPQKHWDTGCYEKNKEFMSPQMGFTLHGFQPDKVI,0.042796765,0.021621788,8,16384,801
SKDHAFRPCWAAAPTVAHFMCEPKALQKFNMYIEHRIFFCPPAVLPRPRPDIGCHPNQTEKVKVFI,0.042449947,0.015710786,8,16384,801
QIADGNDSFWQWCQIHCTMTWWWIEARDIWMKHTMYVWGFPSKQYKMSAYQMLEQVTAYLLYQRPI,0.04239819,0.00799027,8,16384,801
AGDQSTRYNLFIKKMPYERYIGDDDLKYQCYTQNYNCKDHCFGFWICEFFYYCHHLGDNIMYCGDI,0.042268205,0.022681912,8,16384,801
YRHYFYHRKLFCWDQYEYWAVNSWHMKSHAIHFGWMPKYHVLLPRPSAENPAAHDWCIHWTECFYI,0.042062543,0.06267114,8,16384,801
MQRMMFMWWEGQDDIGTVCVWEPWEQHDLNICQRLVIRRHPLSSRRGWLAEETAFWMIENHWHCLI,0.041888595,0.018330075,8,16384,801
NMSPYEVKCFAWIRYNGTDLDEDKACRWDFWETTHLVDWSRALPGNESNIICEQPQVMFWLMIHNI,0.041316118,0.013418971,8,16384,801
CRTETRDPSSDQWEWRQSIEQLFNNSLWRVCHNANEYHIWFRIKLGQWCLGVQRHVESTQGFQYRI,0.04127303,0.0651381,8,16384,801
MHGLCPQYPPRTGMAMTKFLGDNNNVHRSHEEAYEVMWKATRKLNAKGTWTTKYKYADYTRHPHVI,0.04113715,0.051249333,8,16384,801
WMTCQMYVSIEFTLTYWTFIMDCSTIYTPLSTTRDIKGPPDTMEFATPGGRDCGTQNRYEHQPEVI,0.040953252,0.007797588,8,16384,801
RGNLVMTRPGQLQQKTRVLPNIYSTWPFMNMEKITLMRIERLLMPKQCHRVHRISGWCNWAQHEVI,0.0405937,0.019881377,8,16384,801
WSAMMKYDKWDLPESHLRMELMHEHQWLHWQQKKTQTAYIFKPFLSYIPYNQKQSRLQRVDTFGLI,0.040267836,0.017102502,8,16384,801
EPSPDEAIQKELFSTADFMGTWDRLSMSVIWWQVLISWKVMPHIHKDPPNEHKWPFFHGGPKCCMI,0.040255576,0.016456401,8,16384,801
KATHTMITQGCQERCDVIVNGRCSPSPINIPEVIPMHKKWWGHHFRMICRTGTYHDLDGFHGDALI,0.039834533,0.017663872,8,16384,801
TYSRWCEGFYRWRLMWKEQWSTNVTRKWGHLNRIKGYLYCYFLCYEGPFVNIKWCNNYMETHHINI,0.039824754,0.008000103,8,16384,801
WAIMDVMNYIWTMLGQKVGMYFQAQKTTLYMRGAMHFVLQKKRTFAHKNKFFTHYTRYDWEMLSII,0.039710786,0.008004421,8,16384,801
HEVLYMMSEHADTPPAVAFYKTFRTVYRTTFCIGTDRQDIIIRKQNAPKYYIDNGTNKQVFTRETI,0.039440643,0.07441494,8,16384,801
GWAWYIGVPPIPENLHNAVTHRRHENYKFGRCHPLQQKCQNKCIVCTASKKDLFDDLLKSKFACAI,0.039310098,0.0055327583,8,16384,801
PIVDTGIYCLCGMWIKLFPSDWGKRKSVRFTKTPWWEKRCTPKICDKKCWVAGDCWSQEPPTYTQI,0.038927115,0.022841115,8,16384,801
GQEWAKVEMLHFIDNARKLLKRMAVWVGKPKELCKLTERIWFQIDSKPSAYLDLHQRYPPALIMPI,0.038864505,0.01668242,8,16384,801
KRCGMNYSQFASMECTEINCMWVYPDHFDSHYPKLYRNDDYVWTPRDSWYFRHQYTWDPTCRQPWI,0.03883128,0.080469646,8,16384,801
MDWDKQFPKVFPKTTAWTNQIYISQKIPDVSIKDGTCWWEFNVAYVKTQGWYHGAAYAGEKTDVYI,0.038819388,0.016994525,8,16384,801
QAANEQWCVDKQCYVLPRRQHKDVFGAEVAIHLGHERSTCWLMTMNNFWMANSQLTFDHVYHVYKI,0.038392853,0.013020618,8,16384,801
AWMHVWQLIMWKKVTEVMCCCAHRNYPLSISGDRPWFDWPKYNNFMKKWYLTNGVMVYSPHWDCGI,0.038312253,0.005304669,8,16384,801
CCSIYDIMTYFKDTMERSMNKVMWGVPTIAVCQCAQHEEYDCSVLCDTHEQYHWWLFIYRFSQDEI,0.03828144,0.010179301,8,16384,801
NQPWMESMWNTVNAQRKPELPRSWINRKKQGFLVTMVTKRYKQCLVYAWCANDIFWGQVIGLGNYI,0.038272295,0.080173366,8,16384,801
IYTLRQAQDLILDHWGCDVSCVQHCQTPYEREKMSWHISQMIHKLYKLRIKLPVRDGTDMQGDGHI,0.038269345,0.018961603,8,16384,801
CWEHWWPVCVQEVSVEGGQCPGQNPFITECDQCWPPDHRVSCRMHVKGEHVHAYEGNLAQGEPAEI,0.03818429,0.05632921,8,16384,801
LQTTGMMMKMLSMLWTELVQGLAAGDHMKTNRPEFVIMSPWVGMEWYVPYKTRNRVYYEYLRTKTI,0.038032055,0.054150656,8,16384,801
ECMNRVAMDMHPWNWVWNLFAQASEPEAYWMECSPHKHKAWTMCTQHIRDADDFQLCYWAIPMRCI,0.03790966,0.0049937805,8,16384,801
FMDPVQKFVMEGRAKIGFWHWHCHEKYEMDPMEQPWPGDAWDVPQYTTPVHYFRHVCCHGDQCDEI,0.03775342,0.036497112,8,16384,801
WVLDPIYEHHIGWPEYWAAYKTLCLRNHCQQSYKTYVDVLVTWRSHATEKCVHKIKFPIKQPEWCI,0.037705377,0.0057995566,8,16384,801
TPCRCTDKIIIQTYSMVPDRDNVTERMYTWQQWFCWGHNRWLHDMKHDCQQCQHQFKRMMKQQQPI,0.037687875,0.0169229,8,16384,801
NLKCEMMIMPQEWVRVLCSGTSELDPEHANDWHRSCSMIPKEINYYKRISVPEIAWLVRPATEQHI,0.03718691,0.024590036,8,16384,801
RIINLWWDMPQCGHRHLSPAQGDYKGETMCTPIEWPDQPIRKWPGSIQYCALRTPEFRALGDQKWI,0.03718201,0.042713348,8,16384,801
NTPMTCNGHFGMHMTTNYVINKWSHQAIWHKNRHAGQHEPRGRGNHQYKMRTEVTYQFICDLAEPI,0.037127398,0.096667506,8,16384,801
DHYFMPPWCQITKQCRPCMFRDEIKPNQKMYTGKFECCLRWWGPSEAPRLSPNCFHWEFAQWKEMI,0.036701377,0.059810527,8,16384,801
FECIRQGFEETQFMQQWKHRPLKQRAGAPQSKGHQPKAHKKQQPKHDHRAHGAPVFATHWPYIPVI,0.036567092,0.030071452,8,16384,801
KKFEASKMVWRPFSTAYPCAFNTMSKLYDDNKPDIQGQKAEFPHYEDAEWSETPTWQALFRGHLTI,0.036473814,0.061351463,8,16384,801
RLMRTKMHGQVTSCQFSRKFECLNTPTLTKVRATNSQQCRWILKHWPRYTQHCEQWMCPATPWHYI,0.03647303,0.050668195,8,16384,801
VNICDDPMRFRYNPEITMPIYDTWRDCISTPIPKPEGYLTASKELEYEMPNWRWYDYMCSPQLCGI,0.036275916,0.024552096,8,16384,801
KSYADIVTKIWTNTYKGDPKLTIGTVTQSTKKQTADQSNLINRGRYICANKQTPDWKAQQCKDNII,0.03612132,0.12219055,8,16384,801
DLASHRFTCEGSGLRKYPHWYIKRIKWWRQHQEVKCMSRIPRIQRKAKGFNYTPRMYETMNMVWNI,0.03600576,0.007950805,8,16384,801
GHLMMGVIIQCKSNLYMWEKEDIEMHDQYDEGKVQDLHMMLMTPSKQQKFQDPDRTIHKMGLKQKI,0.035966665,0.033375416,8,16384,801
QTHFWVERPSSKGLQSRNRYTFTTRPKPESCWLSSQENPEYAPPEINQHLVLYHSTIVCYWHMDCI,0.035894517,0.054739304,8,16384,801
LKQWETKLAAWCIYNATSYIRPITSGFPIPHVQSETCYQFTVHKECYFHIQIQRRSEIRGYVKVNI,0.03536239,0.026310924,8,16384,801
TQMLFKYMNLAWIWKGSEFKMVPTLHRMQYMQRFGQCWEQHNFTKVGFHTPGRRRSKNGNYHHKYI,0.03530033,0.04789469,8,16384,801
EVCQAWRMWQVLRWPHPEIMQWKQDGKWPKKCEFTLWIAFEVAVTFNWCPVPQCHTFFEIWVDFGI,0.035225824,0.016825736,8,16384,801
CHKDLKHSHQHPEHYFEPFHEWESWRSDDKIYQSDLCQKAFDTTKHVTHGWPIHIGQIPRGTCMLI,0.035105687,0.115118325,8,16384,801
CRVSDFCDWMPFNLVHNSMYTYMYCTIQGQPHPGTQQYQFQENISTQSRRPGAAWRRSRDQHPIYI,0.09331,0.06486564,9,18432,901
AIYASFAENTIVGCMPMDGTKLKQMPKPDKYVKQQYGNDHQSPYLCQYCETTKRNGPWYQEFKAEI,0.075913265,0.045455847,9,18432,901
THRIQHQRRITNVFSTSHKTNTNCWRRHWWVGRCLRTMANGVEQSEEKHHTPPWRFDMHLTQFCYI,0.073580936,0.056730185,9,18432,901
FRWVPPWHVPHFLNPPYEKEFVYHHNEQKNDYQPSSGYRVKWWFYTVGWSPGPHQPLQYMTITTEI,0.06849886,0.09550301,9,18432,901
ERVLLYVMMKTHRFMAIMSMHQRRHKGMDWHMDTAHVMTYIADHDLHRPVIIDWEMHCWKMNVYEI,0.066684715,0.022133535,9,18432,901
GCFLQKNVTVHRFIPTEDLWPAQLPKIDGAYKIDPGFDYAANYPINCDIDRQWYIAFKVHFDPYEI,0.06548664,0.0037779487,9,18432,901
ACAKNNMLDPWTWYIHYCGDGMHYSDHCNTHHDVQTMVYQFMYEPHTWAAGRTDREDHMKSRQVKI,0.06488389,0.029656257,9,18432,901
VTASWGGKDSYMYATRVQTPMCWTMGANAKTNETPHNLSQVKWMKHDTQCWTLKCWHYTVQFFHHI,0.063495174,0.02071161,9,18432,901
RDHIQIHHSIHCFYRHCMVPWYIEIFAFKTPQWAAEQKGRKKDHTTQREKQQQMQKENWRTICPTI,0.06289637,0.014353299,9,18432,901
ETDEDRFWQRHHAWMYLRMKVWVLDEQDIETCTPRPHTAQECEQATCTQYTAKIAGVNRYLALKEI,0.062880225,0.0836076,9,18432,901
VMFRDAEIHKWIELVCQHYPFIHRTNYPRRAQEIQSTAETSKNYFHKREPFNNNRIHTNFPIIRII,0.0604515,0.035611406,9,18432,901
TMELTKYIEHWWKPFVSGQIKHWGQHCKRICYCIYQHNVLAFIPQKRSMCKPCRRTYDQYAWHKYI,0.055310823,0.017812489,9,18432,901
EVGPYTYVHAKDIPQVVTHSHSLCACPLPFWEHPNQLCHRDQHIKQMAKWWEGISDNPRPHHLVFI,0.055233505,0.031306066,9,18432,901
MFRVMPVTDLKHRDRQYESKQVQRMPQHIYCGHWCVMLCLMPDPTDPTAMGSNQDRPILINHPAGI,0.05273983,0.04433459,9,18432,901
PMDPRPRLQPVAPNLFTMVLGKHENLKENRSHVNLQESPWDTWRHTETWCPWYGHMWHCHLTFHPI,0.052474193,0.06761552,9,18432,901
VNFCRGRYRYTKWTVPKTQQQGHFAQWTLKHWDKRHTATAKPDNNPSMKHWGFMRHNEWEHCCNCI,0.052389916,0.048585933,9,18432,901
ANYHHDHPSVRCEHGVTHMRDYKTGQLHPDETYHDNWEAVYFECNCCCHNCWDKKFDVHGTCSMLI,0.05208613,0.2897214,9,18432,901
GLVIIRGNHSDHELEPTPQNFRTYTYRTQRLRVEWVHYHQPEKNYGYKNAAVEDCWFRYDVNCREI,0.051318187,0.07110391,9,18432,901
MHRHPCWETGAHQMRTPMVEHPMIPKPTPGRCEHDSKIKNPTTTCADQVHHRPDRAMTHRMEHQAI,0.051035274,0.23123242,9,18432,901
NLGRRCTDEQLMCIQQFNSPVDNVRPMDSEQAWWPHCTWPDWVTPYDKQDNIYLTNLNSPLMYYMI,0.050225552,0.03652858,9,18432,901
FVGLITCTETPGMTPHKNLHKVPTQTWGAQIHHYAGCEKKVQSQIWTDFDPDMELENSPHARFKQI,0.050190944,0.12370435,9,18432,901
RQSHAVHDYHIYSWPSYASTPCWIHCWTWEHHYSYNTCEPHGSHEMRCSQYENHIIMVAIYVKKSI,0.050096013,0.05120237,9,18432,901
FPSWPQFSQLPSPHMMLLRMPPCPIWRSCIAFTRPWWVMQPKWQPGDKRTPKNCQMQMYYWLPEQI,0.049830012,0.040781043,9,18432,901
YNTNIYLEDGTESMCYTWELSWATRKHTEDESTHALLTISEIHPKWVSPRISCEIMTGHEDDYVTI,0.049757745,0.02751847,9,18432,901
EFIAPLMHPRLAEEPGVMDFSDWPQEHCCWWVQCEQTRDQYPIKPDYCGYKHQDYDTVPDQVQGSI,0.049514737,0.06229818,9,18432,901
TKTVEWTVYTHQTGRSRASAPIHTAATHMVVPNRMMACWTVVDRCYVEYQPECTLNCVQQYDEQVI,0.049114984,0.05948401,9,18432,901
EKGSTHLCSGFITKRTKYTMITKVHMQLGHHIHTWTNMIYYDCGHERLMNLYQLIMEDFLEMATTI,0.049065866,0.025646454,9,18432,901
DLTQHMYHYMHRGTEQKDHADAEFHAELTKLHWVEKPVKHFRTVVKHHQPMWKQFTDTQYQQSPSI,0.048214335,0.17928219,9,18432,901
DVRFHPHIYDHIQEFWQCMHQCFWWWQLTCRESHMQYHRCQPCVRMMPRQQRQNTDFIQKIWMTYI,0.048180584,0.029149381,9,18432,901
TTTPNWCWDRESRWWQCWWPIMEAGCGVWMPFKPWDICGIPQQSPETPHRHNMMWTQVFPDNHLVI,0.04807786,0.09738376,9,18432,901
CWIMQAPFDLNSPWSRTCYALPYPAWFSSHVPCWAHITTHAQPCYFINTPWQDHLWYTHHYKDMRI,0.04708778,0.09490888,9,18432,901
MVRHVLICDSQMVMWFCTAQPHTVPCSPHDHVQINVLPRWCQTKENPCMTEGMCYGSYHPFMKKHI,0.046749726,0.025787745,9,18432,901
HIRPEHWKSCEEEIEPYNKHAHQIVTFHIQYTSPTPKTRYLKCWWNWVDCQYYYWQKQIDSCRLRI,0.045966823,0.016661173,9,18432,901
HQPYNDQDQVVQVIYWNRQQNVTFWYCFHSKRCCVMWDYVWHHCPDFKWYPKRPRTDTPCVNHCAI,0.045661982,0.13231575,9,18432,901
NHPFIFHTGKNCRFKRDTYHRRATMWLPCTVMQWHPNMCKKICPPPPVMWNHQWHMDPEIAPIFNI,0.045377,0.050848085,9,18432,901
ILHTMCRPCPVKDHVIHYDDRDQHWVNDIGVSQGSKQTDHWSSGCWCQLHTHKREHTMVGRDKQKI,0.045250632,0.04002396,9,18432,901
LRIRPEQNWNRACEYMTQIVFQSTQPQRDECKQQRGPPRWPQSMQNDPGEHNFMRHMWQDSYPCTI,0.04523668,0.14930311,9,18432,901
WYSQCSDSNRKRLIAYKYVVKLYHTWPHASNIIKVYLTHHYWWDMRNTLIGITNYPVTMQYQMWEI,0.044884607,0.02163488,9,18432,901
FPKVCTTPKYYPQCGKVEGFHLQEHKWRTSTPKVPVKFINYEPTEWFHKHYRTQWDLNMNYDCNHI,0.044811204,0.05453753,9,18432,901
WLCRRFEGNHCAIDTWVVPPCPFGRQNYLVTKMSGPVAPRVFATHGDGHEFREALPHDWSLAVRPI,0.044689264,0.011549409,9,18432,901
MRHMEWTVDVEMQNGMVKTTDWCNSWICCNPWPGVYYQMHFQLSEVEQDNEFWCAEHIMHYQTSEI,0.04423695,0.057099134,9,18432,901
LLSQFCERPNIPPVIFWCLWTSYKWDQWTDKPNQPNFDKSYHHVTKHLSMWQTFWKTCTCSRHRSI,0.044199955,0.027870037,9,18432,901
RQDDKTVPRWGPFTTWCQCWRINEDKTWVTCWDDLNGPLAQRRAPDDWEVFPPNETTIYVPHVNLI,0.044056535,0.028806932,9,18432,901
KTRIKEPEYPCTIRATCSFMHQEMVTCTNPHVGGYLWCNHELPTKTDMQDTDGCFMSNQSPWPQFI,0.043773223,0.0088003585,9,18432,901
ATCHSEIHPVCYCQESLMHYREAHAQFIRRPGPQIIAQPENTHFFVQGGQENITHELQTTPAHMHI,0.04278194,0.012467928,9,18432,901
TDTYAYDDCNAWPRGACRLWTVTKMTQKWVKHHKDHGPPTSKFTKWTGFYGSCIGPWSITLHEDYI,0.042620268,0.025787383,9,18432,901
AWCETTKCEEEWPDIYPWRNMFSYIQRNSVAWDIDPGPDCFQTEGLMCATWDQQHGGQMRIKKYQI,0.04238854,0.06088467,9,18432,901
MLKRMHRAMHIMSTVAWYDMREIQKMMKQDPTNTVYLGWGPQLYMSLYSDEPTRASHEPTEVICPI,0.04235629,0.013542553,9,18432,901
KNNLDASAGIQYTMVNQSLGDSCEWWHDMGWKKDPTEQLNMKRATFSCSGVAECYAMVRPCGNEWI,0.04200878,0.023291323,9,18432,901
RAAVAHAEECEVEIEYWWAEVDITFKTVVHFCVTAWQKYSFKDEQIFDHHCPTMCWASRMDEHMPI,0.04164398,0.050534323,9,18432,901
SMFRHTMWAHHLEVTKRMPYRKQGMHYTSKQAYDFDWTMFEICIIVHKYRWHYQKLLHYGNRDLVI,0.04153936,0.021678025,9,18432,901
RNRRVTHCGWPFHPSLGPVKPQQEGMPQKPTYTDKCFDKADEFSWTEQHSPYTETEMIFKGGQWII,0.04132318,0.13752143,9,18432,901
HRQHINSQPQCHIIDFIEYYHTWKIDRDSVMIDHQAHDKPPGTCEYQYYSRTHQDTKWIRWMQPYI,0.041288245,0.065173395,9,18432,901
GECHWNPDRTTYTAFVLGVPERWPMLCHISRNTQHYKYNPHPHRLCTIATYSLYCRHLWVRQCAQI,0.04076273,0.026895652,9,18432,901
RGEIWLKQHTLPTHHKKYIHVHYRDFVPTESIHGDEYWQERWTCGWERLLGAKEVHAMLWMQEHII,0.040730435,0.113489375,9,18432,901
WVYDPEEWPSPQSARRILQVWKKNYKSDRSLWISHLVVCGKYCHLRGSDIQPEHPRTWQTFCNVEI,0.04058791,0.05538471,9,18432,901
FDYEWECNDGALSQSEPQRQKPMLLSSGTREYPKIGKTTFQDYIPMKQIRQDFKGPICQWHWSEQI,0.040557068,0.18388884,9,18432,901
MMIELDVHWLMCGYKALSHRWSTQRCHSSQDVEPQQKQSMQDGIRYVGKSAKMHQAKNKLICCAWI,0.04038001,0.01595475,9,18432,901
QKCAIPCVQVRTIVFWEFDECSIPDLRWWVGSRACDTLMLWIYPDPKCIDCFKVHKSPREPCPTGI,0.03994669,0.0025381034,9,18432,901
FIKGMNMQFMHWGMFWCPSEACTIHWYTNTWGKPKFGFTNGQLINPHCEHETYCCQCEHTLDKQEI,0.039834972,0.029543787,9,18432,901
GSLYRFPHWPNLWEGSVTPVDSTCTPYCHADAEQLSKTTWRQTPYYLRAHVNDSNERHGVTSQRII,0.03979978,0.031050265,9,18432,901
SMLATCQPHTEYAWHPHGRQSMCLRRACREQQETETIQSTMGLYHHYREMNPQKATVLIRRCPFWI,0.039631654,0.08794271,9,18432,901
WTLKMNSYQEKFHLYRQLGTKCTSMQPRYAWKISRKCPKEEVTIHYEFFIWWVVWTMCKMDECGAI,0.039342575,0.031077018,9,18432,901
FAIHDANQTHEFRLKPPKRSYQPMLILIIKDEDTAKHKKCEQYPRTTHPQHKKRMEDKYAMQHENI,0.039228834,0.035281744,9,18432,901
NVERLQYRWTWEQKMKMQDPLGDFEANPEGEAEWYVQQVWYSHEQAYTLKLRDCTPQLCKPRWHRI,0.039161023,0.04855593,9,18432,901
HTHPRKAPKLQNQPVACWQDTPVCIWGVGIQKGLQQWWEAWLPGVHHTGSTLTQPTYDKHQNLTEI,0.038334932,0.020323839,9,18432,901
NSNNCTIHEKVHTPNPHPFDTISKKPVFASRGPYKGTEHEDRARHSIKGQLPPVPWEHNVDSNDDI,0.038323037,0.2954845,9,18432,901
NILSRSGCAHIWHVIIRNKKPNCCKPWWMAFYVLTYKATHEETQGHPPGATTTYVKPPQQDHWAWI,0.03782373,0.028496437,9,18432,901
IRQRNSCTQVTTVPTPPVWGMGRRAGEVKIFKQPYYMYLKRRYFWWGFDIQPRRAMECPWEPWAWI,0.03715114,0.030198948,9,18432,901
HSGVKMLRCEVFFMATLGFANVDHKGWLVKFQCFMKHWITPFNVMPAVRPKPFKKANWPADQIHPI,0.036874406,0.0067743757,9,18432,901
WPYVLKSRDPIFNCPLRFHRDYKQTMAAMATTTYELADVGLQYQKPARRMTHASDWCHYFCMDKYI,0.036351472,0.023657752,9,18432,901
WFACMHVAWTPFQQHKPNSHLVTEAKCSCIKNLKHWMWYYWWPIKVYPPFDFAKHNPDAEDPKPPI,0.036299754,0.01046352,9,18432,901
WIAFNGTHCCPAHRCVERPAIHCRYMPPCKRYHYTLWPTEHTKHSMSIDSAFHQIGPATHLVEPSI,0.0362892,0.10505593,9,18432,901
LAPMIRIVCYNEHGTKNCVFTPTSIRRYSYYQSYKQHDLTYCGPRHQAMYTQNQKWHVQNTNAHTI,0.03613893,0.032465257,9,18432,901
AILYYCAECFENGEQDPPTVDDEGGLHCCTYTDEHYAMVKLQPQEVSYNNPIGHTCKIKQYGNDEI,0.035954997,0.047161043,9,18432,901
LSNDVQAMILQVCAMEVQFCIQKYFPEQQLAPMAQWYRKHQIPQFTNMNFCHTDGFRLKVTLNESI,0.035758026,0.005180565,9,18432,901
CTKVLDLESEEMPCCMRGSWRSQPCLVETWTEHQPFPDNKKLHQRSRKLVKKKMNKKHKFAHSMWI,0.035682946,0.040602446,9,18432,901
DNPPELTSMFHREFDYKCNTNGMFCVQRKQTKAEEEIFQWRRQQKNIGHRVYCQQEDYPVWMQLEI,0.03560921,0.22017024,9,18432,901
CKWSSHITVFPPRCFSIFPVHRHWIPANDEAKPNKELCFHKYYAFNIWNEKSEPRFQHLDPELQTI,0.035539187,0.007842933,9,18432,901
NWCDHSDHNGCGGDHVYTYMWDFYAGWCLENIWCYNATYPQYTQGTYSPEHCSENQEPLMSKDNQI,0.035134144,0.042654123,9,18432,901
TQLNEYTIGCTYGTMFRSQFFSNPVQRAWWFLTEYCATVKQCEHNSYDDFYKGRHMAMYPMVSNAI,0.034735918,0.018723449,9,18432,901
CYGAQQAKAHVPLYGRLGQLNWSDFMTHQAVVDNTEGYYGTIEKPHTVNKFENNRDVGSHQHMHVI,0.034670204,0.023609411,9,18432,901
GLPHERFEQPTGPPFAKGCGFVRQHCHATGDYTYTKTVTKHPNIQGQMWSGHKSAAHAKAWPAVHI,0.03457852,0.0761261,9,18432,901
YIFCIGRCHHCRDMRASWNCPATWILDIMLEQLAYHLPRTGVDDIYTFQVWEYPKLARDSMFVTTI,0.034301832,0.0065821316,9,18432,901
GKYMQPPQGATDIVVKGHTVQAMDHVYADPNTRFASWEIDATIGDEYDMKWCPCAQLPGYKDIHKI,0.03425675,0.017107578,9,18432,901
DQVECSPELVQCAEDKWIITKEEWETATEMLDPYPIQIKWQIITGWITNQMRMLQYHMYQQSHGWI,0.03410071,0.015073003,9,18432,901
LMLPKLVINNQLSYKMDFMHKHPYFINFQRYKGVVTNWKPAYPTQHRQVPAIMDERRCMMKQHESI,0.033982605,0.032480117,9,18432,901
RTTCKRLWKAHLRSPVSLSEDEHHTLGNARQPVWIMVRVNPDRSPQMPHITEGIRMSCYNPDKIPI,0.033733167,0.109576516,9,18432,901
EITLGKIMRHWNGPHPADGTYAEWYVISTCSNCHCALDITKSGPRVQMLTINHMECAMDNNHAIII,0.03352607,0.01252831,9,18432,901
NLLERPAEKLMHISWWPVWGCWPNVVKYNRNRVIDPWHWWDGIPQMWTPMGIYHQSVRTFKSANQI,0.03339448,0.012443886,9,18432,901
PVCFTKITCPAGFMWNNSNRFFKQEIHDQCRHTDQWAQFHHVKWKYNNEEQLNWANCVMWKQQAVI,0.033358105,0.0060659572,9,18432,901
RIEFDMHVSENVFFAAARSSHQQSKRKGPTGQVWWDLTCCCFWHHWGMMKMPAPWPQGFRNKQIDI,0.03321298,0.034209654,9,18432,901
RQKLGAHQTINFRTMMFQHRPACYCPEFPKNPYRHDLNPYKFEPQHAVMLVLGPDQMAYNGPMESI,0.03315915,0.03792179,9,18432,901
NRTTVKMEWGHNTHDRRKMSDHILQSIMQKTDNYQPQGHKFQVQKPHDKRWQWKHTPSEASERDHI,0.03314916,0.42678088,9,18432,901
PMARALAKGQKKPGSFKYAHWERRQMEIAGWCTFPREKEGKERRFLRVHDQYIHHDKAGPLLQQKI,0.03310857,0.09417757,9,18432,901
LGSWSTISYRTAYRDRKWNNNCGWWYVRWLGCTKPTPKRQNYFQDHAKWNSCTVNDGYTCEKIVFI,0.033072382,0.06408431,9,18432,901
IMSWCLVNCYHAQAMSGFCHIMETNPPAIDPHAPGLDVCENHNTTSRTHRSHHWVRGCMHGLIERI,0.032916684,0.016795337,9,18432,901
LMQKNLRCSEPPMAYWENYRISCLQCYSISTRRGPWWYFMFLKKWWCIKPKPRQHQVNINTEDMVI,0.032608576,0.020718478,9,18432,901
QAQKTGVHRPKVMTWSRGMKEEKFWNLWRFGTKRMPNKQIFCEGAICTIVKQHDKHEHVWIWGVRI,0.032361753,0.030117577,9,18432,901
YRLSAEGHFGYPHACQQGNGEWTKCCCDDETALLLRPGHGGRPTPEHPKTNLRRQNPTTWMWHTNI,0.032246307,0.13075095,9,18432,901
