{"run_id": "17:56:34-09/28/2020", "exp_name": "Adalead_mu=1_threshold=0.05", "model_name": "LandscapeAsModel=RosettaFolding", "landscape_name": "RosettaFolding", "rounds": 10, "sequences_batch_size": 100, "model_queries_per_batch": 2000}
sequence,model_score,true_score,round,model_cost,measurement_cost
WAQRSVVANQLIPINTGLTLVMMRSELVTGVGAPAEDIPRLVSMQVNRAVPLGTTNMPDMVKGYAA,,0.1639741,0,0,1
WNQRSVYANQLIPDNTGLTLVMMRSELVTGVGAPYEDIPTLVHMQVNRDVPQGTTMMPDMVNGYND,0.5622686,0.5622686,1,2000,100
WNQRSVYANQLIPDETGLTLVMMRSELRTGVGAPYEDIPTLVHMQVWRDVPQGTTMMPDMVNGQND,0.46046966,0.46046966,1,2000,100
WNQRSVYANQLIPINTGLTLVMMRSELVTGVGAPYEDIPTLVHMQVNRDVPQGTTMMPDMVNGYND,0.44143376,0.44143376,1,2000,100
WAQRSVVIHQLIPENTGLTLHHMRSELVTNKGAPAEDVPRLVSPQVNRAVPLGTSNMPDMVKKYAR,0.43712226,0.43712226,1,2000,100
WAQRSVVANQLIPINTGLTLVMMRSELVTGVGAPYEDIPDLVSMQVNRDVPQGTTMMPDMVKGYND,0.43326697,0.43326697,1,2000,100
WAQRSVYANQLIPINTGLTLVMMRSELVTGVGAPYEDIPTLVSMQVNRDVPQGTTMMPDMVKGYND,0.4198893,0.4198893,1,2000,100
WANRSVVANQLIPINTGLTLVMMRSELQTGVGAPAELIPRLVSMQVNRAVPLGTTFMPDMVKGYAA,0.39710173,0.39710173,1,2000,100
YAQGNMVANQLIPINQSLKIEMMRSEPWSGVGAPAEKIPRLVSMEVNRAVPLGTTNIHDMVKGYAT,0.39015177,0.39015177,1,2000,100
WAQRSVTANQLIPINTGLTLVMMRSELVTGTGAPAEYIPRLVSMQVNRAVPLGVKFMPDMVKGYAA,0.38817564,0.38817564,1,2000,100
WNQRSVYANQLIPDNTGLTLVMMRSELVTGVGAPYEDIPTLVHMQVWRDVPQGTTMMPDMVNGQND,0.3833136,0.3833136,1,2000,100
YAQGNMVANQLIPINQSLKIEMMRSELWDGVGAPAEPIPRLVSMEVNRAVPLGTTNIHDMVKGYAT,0.38196075,0.38196075,1,2000,100
WAQRSVVAHQLIPINTGLTLVTMRSTLVTGDGAPAEDIPRLVSMQVNRAVVLGTTMMPDMLKGYAA,0.37828475,0.37828475,1,2000,100
WAQRSVVIHQLIPENTGLTLHHMRSELVTNKGAPAEDVPRLVSPQVNRAVPLGTSNMPDMVKKYAA,0.37769714,0.37769714,1,2000,100
WAQRSVYANQLIPIDTGLTKVMMRSELPRGVGAPAEDIPRLASMQVNRAVPLITTWMPDMVKGYHA,0.37500378,0.37500378,1,2000,100
AAQRSASFNSLIPINTTLELNMMRSELVTGVKAPAEDIPRLVSMQVNRAVPWGTTFMPDMVKGYAA,0.37471578,0.37471578,1,2000,100
WAQRSVFANQLIPINTGLTLVMMRSELVTGTGAPAEYIPRLVSMQVNRAVPLGVKFMPDMVKGYAA,0.37421137,0.37421137,1,2000,100
WAQRWISANQLIPNNTGMTSSMMRSELSTGVGAPVEDIPPLVGHTVNRAVPLSTTTMPDMVKGYAA,0.37292036,0.37292036,1,2000,100
WAQRSVVAHQLIPINTGLTLVMMRSTLVTGDGAPAEDIPRLVSMQVNRAVVLGTTMMPDMLKGYAA,0.3727453,0.3727453,1,2000,100
WAQRSVTANQLIPINTGLTLVMMRSELVTGTGAPAEDIPRLVSMQVNRAVPLGVTFMPDMVKGYAA,0.37251452,0.37251452,1,2000,100
WAQRWISANQLIPQNTGMTSSMMRSELSTGVGAPVEDIPPLVGHTVNRAVPLSTTTMPDMVKGYAA,0.37167466,0.37167466,1,2000,100
WAQRSVVIHQLIPENTGLTLHHMRSELVTNKGAPAEDVPRLVSMQVNRAVPLGTSNMPDMVKKYAA,0.37090263,0.37090263,1,2000,100
WAQRSVVAHQLIPINTGLTLVMMRSELVTGDGAPAEDIPRLVSMQVNRAVVLGTTMMPDMVKGYAA,0.3662497,0.3662497,1,2000,100
WAQRSVVIHQLIPENTGLTLHHMRSELVTNKGAPAEDVPRLVSPQVNRAVPLGTSNMPDMVKKDAR,0.36541444,0.36541444,1,2000,100
WIQRSVVAHRLIPINTGLRLVTMRSALVTGDGAPAERIPNLVSMQVNMAVVLGTTMMPDMLKGYAA,0.36376485,0.36376485,1,2000,100
YAQGNMVANQLIPINQSLKIEMMRSELVDGVGAPAEPIPRLVSMEVNRAVPLGTTNIHDMVKGYAA,0.3628483,0.3628483,1,2000,100
YAQGNMVANQLIPINQSLKIEMMRSELWSGVGAPAEPIPRLVSMEVNRAVPLGTTNIHDMVKGYAT,0.36233908,0.36233908,1,2000,100
WIQRSVVAHRLIPINTGLRLVTMRSTLVTGDGAPAERIPNLVSMQVNMAVVLGTTMMPDMLKGYAA,0.36139902,0.36139902,1,2000,100
WAQRMVVANQNIPINSGLTLKMMRTELVTGVGVPLEDIQRLVSMQVNRAVPMGTTNMPDMVKGYQA,0.36002487,0.36002487,1,2000,100
WAQGNMVANQLIPINQSLKIEMMRSELVDGVGAPAEPIPRLVSMEVNRAVPLGTTNIHDMVKGYAA,0.35973218,0.35973218,1,2000,100
WAQRSVVIHQLIPENTGLTLHHMRSELVTNKGAPAGPVPDLVSPQVNRAVPLGTSNMPDMVKKDAR,0.3589613,0.3589613,1,2000,100
WAQRSVVANQLIEYNTGLTLVVMRSELVTGVHAPAEDIPRLVSMQVNRAVPEGTTFMPDMVKGYAA,0.35715693,0.35715693,1,2000,100
WAQRSVVAHRLIPINTGLRLVTMRSTLVTGDGAPAERIPNLVSMQVNMAVVLGTTMMPDMLKGYAA,0.35311088,0.35311088,1,2000,100
WAQRSVVANQLIPINTGLTLVMMRSELVTGVGAPAEDIPDLVSMQVNRDVPLGTTMMPDMVKGYND,0.35163498,0.35163498,1,2000,100
WAQRSVVAHRLIPINTGLRLVTMRSTLVTGDGAPAERIPRLVSMQVNMAVVLGTTMMPDMLKGYAA,0.3502322,0.3502322,1,2000,100
WAQRSVVANQLIEYNTGLTLVVMRSELVTGVHAPAEDIPRVVSMQVNRAVPEGTTFMPDMVKGYAA,0.3486957,0.3486957,1,2000,100
WAQRSVVANQLIEYNTGLTLVVMRSELVTGVHAPVEDIPRVVSMQVNRAVPEGTTFMPDMVKGYAA,0.34785858,0.34785858,1,2000,100
AAQRSASFNNLIPINTTLSLNMMRSELVTGVKAPAEDIPRLVSRQVNRAVPWGTTFMPDMVKGYAA,0.3459307,0.34593055,1,2000,100
YAQGNEVANQKIPINQSLKIEHMRSEPWSGVGAPAEKIPRLVSMEINRAVPLGTTNIHDMVKGYAT,0.3456474,0.3456474,1,2000,100
WAQRSVVAHRLIPINTGLTLVTMRSTLVTGDGAPAEDIPRLVSMQVNMAVVLGTTMMPDMLKGYAA,0.3401162,0.3401162,1,2000,100
WAQRSVVAHRLIPINTGLRLVTMRSTLVTGDGAPAEDIPRLVSMQVNMAVVLGTTMMPDMLKGYAA,0.33814707,0.33814707,1,2000,100
YAQGNEVANQLIPINQSLKIEMMRSEPWSGVGAPAEKIPRLVSMEINRAVPLGTTNIHDMVKGYAT,0.33785754,0.33785754,1,2000,100
WAQRSHVANQLIPINTGLTLVMLRSELYTGTGAPAEHIPRLVSSQVNRAVPLGTTFMPDMVKGYAA,0.33775648,0.33775648,1,2000,100
WAQRSVVANQLIPINTGLTLWMMESELLEGVGAPAEDIPRFVSMQLNRAVPCGTTNKNDIVKHYAR,0.3342713,0.3342713,1,2000,100
WAQRSVVANQLIPYNTGLTLVVMRSELVTGVHAPAEDIPRLVSMQVNRAVPLGTTFMPDMVKGYAA,0.3330846,0.3330846,1,2000,100
AAQRSASFNSLIPINTTLSLNMMRSELVTGVKAPAEDIPRLVSRQVNRAVPWGTTFMPDMVKGYAA,0.3330497,0.33304957,1,2000,100
WAQRSQTANQLIPPKTGLTLVMMRSELTTGCGAPAENIPRLVSMQVNRAVPLGTTNMPDMVKGYAN,0.332459,0.332459,1,2000,100
WAQRSVVANQLIPINTGLTLVMLRSELYTGTGAPAEDIPRLVSSQVNRAVPLGTTFMPDMVKGYAA,0.3318171,0.3318171,1,2000,100
YAQGNEVANQLIPINQSLKIEHMRSEPWSGVGAPAEKIPRLVSMEINRAVPLGTTNIHDMVKGYAT,0.33145866,0.33145866,1,2000,100
AAQRSASENSLIPINTGLELNMMRSELVTGVGAPAEDIPRLVSMQVNRAVPWGTTFMPDMVKGYAA,0.3314527,0.3314527,1,2000,100
WAQRSVVIHQLIPENTGLTLHHMRSELVTNKGAPAGPVPRLVSPQVNRAVPLGTSNMPDMVKKDAR,0.3276324,0.3276324,1,2000,100
WAQRSVVANQLIEYNTGLTLVVMRSELVTGVHAPAEDIPRLVSMQVNRAVPLGTTFMPDMVKGYAA,0.32541868,0.32541868,1,2000,100
WAQRSVVANQLIPHNTDLTLRMMRSELVTGVGSPTEDIPRLVSHQVNRAVPPGTTNMPDVVKGYAA,0.32477495,0.32477495,1,2000,100
WAQRMVVANQNIPINSGLTLKMMITELVTGVGVPLEDIQRLVSMQVNRAVPMGTTNMPDMVKGYQA,0.32371753,0.32371753,1,2000,100
AAQRSASFNNLIPINTTLSLNMMSSELVTGVKAPAEDIPRLVSRQVNRAVPWGTTFMPDMVKGFAA,0.3227347,0.3227347,1,2000,100
YAQGNMVANQLIPINQSLKIEMMRSELWSGVGAPAEKIPRLVSMEVNRAVPLGTTNIHDMVKGYAT,0.32220867,0.32220867,1,2000,100
AAQRSASFNNLIPINTTLSLNMMRSELVTGVKAPAEDIPRLVSRQVNRAVPWGTTFMPDMVKGFAA,0.32039443,0.32039443,1,2000,100
WAQRSVYANQLIPIDTWLTKVMMRSELTRGVGAPAEDIPRLASMQVNRAVPLISTWMPDMVKGYHA,0.32034367,0.32034367,1,2000,100
WAQRSVMANQCIPIDTWLTKVMMRSELTRGVYAPAEDIPRLAPMQVNRAVPHISTWMPDMVKGHNA,0.31868297,0.31868297,1,2000,100
WAQRWIVANQLIPQNTGMTSSMMRSELSTGVGAPVEDIPPLVGHTVNRAVPLSTTTMPDMVKGYAA,0.31695282,0.31695282,1,2000,100
WAQRSVVANQLIPINTGLTLVMMRSELVTGVGAPAEDIPRLVSMQVNRAVPLGVTFMPDMVKGYAA,0.31610265,0.31610265,1,2000,100
WAQRSVVANQLIPINTGLTLVMMDYELVRGVGAPTEAIPRLVSMQVNRAVMLGTTNNLDAVKGYAP,0.31430343,0.31430343,1,2000,100
WAQRSQTANQLIPPPTGLTLVMMRSELTTGCGAPAENIPRLVSMQVNRAVPLGTTNMPDMVKGYAN,0.3135905,0.3135905,1,2000,100
WAQRSVVANQNIPINSGLTLKMMRTELVTGVGAPAEDIQRLVSMQVNRAVPMGTTNMPDMVKGYAA,0.31281063,0.31281063,1,2000,100
WAQRSQTANQLIPPPTGLTLVWMRSELTTGCGAPAGNIPRLVSMQVNRAVPLGTTNMPDMVKGYAN,0.31089222,0.31089222,1,2000,100
WAQRSVVANQLIPINTGLTLVMMRSELVTGVGAPAEDIPRLVSMQVNRAVPLGTTFMPDMVKGYAA,0.3098492,0.3098492,1,2000,100
WAQRSVYANQLIPIDTWLTKVMMRSELTRGVGAPAEDIPRLASMQVNRAVPLILTWMPDMVKGYHA,0.30681306,0.30681306,1,2000,100
YAQGNEVANQKMPINQSLKIEHMRSEPWSGVGAPAEKIPRGVSMEINRAVPLGTTNIHDMVKGYAT,0.30599424,0.30599424,1,2000,100
AAQRSVSENSLIPINTGLELNMMRSELVTGVGAPAEDIPRLVSMQVNRAVPLGTTFMPDMVKGYAA,0.30518883,0.30518883,1,2000,100
WAQRSVVANQNIPINSGLTLKMMRTELVTGVGAPLEDIQRLVSMQVNRAVPMGTTNMPDMVKGYAA,0.30499512,0.30499512,1,2000,100
WAQRSVVANQLIPINTGLTLVMMDSELVRGVGAPTEAIPRLVSMQVNRAVMLGTTNNLDAVKGYAA,0.30462572,0.30462572,1,2000,100
WKQRSMVANGFIPINTGLQLVMMRSELHTGVGAPGEDIPRLVSMEVNRAVPLGTTNEPDMVKGYAA,0.30189446,0.30189446,1,2000,100
WAQRSVVAHQLIPINTGLTLVMMRSELVTGVGAPAEDIPRLVSMQVNRAVVLGTTMMPDMVKGYAA,0.30152184,0.30152184,1,2000,100
WAQRSVVANQVIPINTGLHLVMMRSEQVKGVGAPAETIPRLVSMQVNRAVPLGNTNMPDMVKGYEP,0.30104527,0.30104527,1,2000,100
WAQRSVYANQLIPIDTGLTKVMMRSELPVGVGAPAEDIPRLASMQVNRAVPLITTWMPDMVKGYHA,0.30014065,0.30014065,1,2000,100
WAQRSHVANQLIPINTGLTLVMLRSELYTGTFAPAEWIPRLVSSQVNRAVPLGTTFMPDMVKGYAA,0.29909074,0.29909074,1,2000,100
WAQRSVVANQLIPINTGLTLVMMRSELVTGVGAPAEDIPDLVSMQVNRAVPLGTTMMPDMVKGYAA,0.29859555,0.29859555,1,2000,100
WAQRSVVANQVIPINTGLHLVMMRSEQVKGVHAPAETIPRLVSMQVNRAVPLGNTNMPDMVKGYEP,0.29790336,0.29790336,1,2000,100
WAQRSVVANQLIPINTGLTLVVMRSELVTGVGAPAEDIPRLVSMQVNRAVPLGTTCMPDMVKGYAA,0.29674634,0.29674634,1,2000,100
WAQRSVVAHQLIPINTGLTLVMMRSELVTGVGAPAEDIPRLVSMQVNRAVPLGTTMMPDMVKGYAA,0.2960254,0.2960254,1,2000,100
WAQRSVVANQLIKINTGLTLEMMRSEYVTGEGAPAEDIPRLVSMQVNRAVWLGTTNMPDMVKGYAA,0.29596677,0.29596677,1,2000,100
WAQRSVVANQLIPHNTDLTLRMMRSELVTGVGSPTEDIPRLVSHQVNRAVPPGTTNMPDVVKGKAA,0.29497263,0.29497263,1,2000,100
WAQRSVVANQLIPINTGITMKMMRSELVTGTGAPAEDIPRLVSMQVNRAVPLGTTNMPDMVKGYAA,0.29403466,0.29403466,1,2000,100
WAQRSVVIHQLIPNNTGLTLHHMRSELVTNKGAPAGPVPDLVSPQVNRAVPLGTSNMPDMGKKDAR,0.29326758,0.29326758,1,2000,100
WAQRSVVAHQLIPENTGLTLVHMRSELVTNVGAPAEDVPRLVSMQVNRAVPLGTSNMPDMVKKYAA,0.29317984,0.29317984,1,2000,100
WANRSVVANQLIPINTGLTLVMMRSELQTGVGAPAELIPRLVSMQVNRAQPLGTTFMTDMVKGYAA,0.29312453,0.29312453,1,2000,100
WAQRSVVWNQLIPHNTDLTLRMMRSELVTGVGSPTEDIPRLVSHQVNRAVPPGTTNMPDVVKGKAA,0.29264283,0.29264283,1,2000,100
WAQRSVVANQLIPINTGLTLVMMRSELVTGVGAPAEDIPRLVSMQVNRAVPLGTTMMPDMVKGYAA,0.2920806,0.2920806,1,2000,100
WAQRSVVANQLIPINTGLTMKMMRSELVTGTGAPAEDIPRLVSMQVNRAVPLGTTNMPDMVKGYAA,0.29118976,0.29118976,1,2000,100
WANRSVVANQLIPINTGLTLVMMRSRLQTGVGAPAELIPRLVSMQVNRAQPLGTTFMCDMVKGYAA,0.29048416,0.29048416,1,2000,100
DAQRSQTANQLCPPPFGLTLVWMRSELTTGCGAPAGNIPRLVSMQVNRAVPLGTTNMPDMVKGYAN,0.28996748,0.28996748,1,2000,100
WAQRSVVANQLIPINTGLTLVVMRSELVTGVHAPAEDIPRLVSMQVNRAVPLGTTCMPDMVKGYAA,0.28808504,0.288085,1,2000,100
DAQRSQTANQLCPPPFGLTLVWMRSELTTGEGAPAGNIPRLVCMQVNRAVPLGTTNMPDMVKGYAN,0.28761637,0.28761637,1,2000,100
AAQRSASENSLIPINTTLELNMMRSELVTGVKAPAEDIPRLVSMQVNRAVPWGTTFMPDMVKGYAA,0.28688422,0.28688422,1,2000,100
WAQRWISANQLIPNNTGMTSSMMRSELSTGVGAPVEDIPPLVGHTVNRANPLSTTTMPDMVKGYAA,0.28528115,0.28528115,1,2000,100
YAQGNEVAGQKMPINQSLKIEHMRSEPWSGVGAPAEKIPRGVSMEINRAVPLGTTNIHDMVKGYAT,0.2851631,0.2851631,1,2000,100
WAQRSVVAHQLIPENTGLTLVHMRSELVTNVGAPAEDIPRLVSMQVNRAVPLGTSNMPDMVKKYAA,0.282664,0.282664,1,2000,100
WAQRSVVANQLIPINTGLTLWMMEDELLIGVGAPAEDIPRFVSMQLNRAVPYGTTNKNDIVKHYAR,0.2824259,0.2824259,1,2000,100
WANRSVVANQLIPINTGLTLVMMRSELQTGVGAPAELIPRLVSMQVNRAQPLGTTFMPDMVKGYAA,0.28199545,0.28199545,1,2000,100
WAQRSVVANQLIPINTGLTLVMMDYELVRGVGAPTEAIPMLVSMQVNRAVMLGTTNNLDAVKGYAP,0.28179485,0.28179485,1,2000,100
WNQRSVYANQQWNDNTGLTLVMMRSEEVTGVEAPYEDIPRLVDMQVNRDVPDHTTMMPDMVNDYND,0.8390321,0.8390321,2,4073,199
WNQRSVYANQQWNDNTGLTLVMMRSEEVTGVEAPYEDIPRLVRMQVNRDVPDHTTMMPDMVNDYND,0.83551276,0.83551276,2,4073,199
WNQRSVPAVQQWNDNTGLTLVMMRSEEVTGVEAPYEDIPRLVDMQVNRDVPDHTTMMPDMVNDYND,0.8314519,0.8314519,2,4073,199
WNQRSVDANQLIPDNTGLTLVMMSSETGTGKGVPEEDIPKIVHMQVNRDVPQGTTMMPDMVNGYND,0.7954868,0.7954868,2,4073,199
WNQRSVPAVQQWNDNTGLTLVMMRSEEVTGVEAPYEDIPRLVDMQVNRFVPDHTTMMPDMVNDYND,0.7711778,0.7711778,2,4073,199
WNQRSVYANQKIPDNTGLTLVMMRSENVTGVGAPYEAIPTLVHMQVNRDVPQGTRMMPDMVNGYND,0.76772064,0.76772064,2,4073,199
WNQRSVYANDEIPKNTGLTLHMMRSELVTYVGAPYEDIPRLVHMQVNRDVPQGTTMMPDMVNGYND,0.75672233,0.75672233,2,4073,199
FFQRSVYINQDIPDNEPLTNEMMMSELVTGEGAPYEDIPTFMHMQVNQDVPQGTTMMPDMVNGYND,0.75361085,0.75361085,2,4073,199
FFQRSVYANQDIPDNEPLTNEMMRSELVTGVGAPYEDIPTFMHMQVNQDVPQGTTMMPDMVNGYND,0.75226694,0.75226694,2,4073,199
FNQRSVYANQDIPDNTGLTLEMMRSELVTGVGAPYEDIPTFVHMQVNQDVPQGTTMMPDMVNGYND,0.75144094,0.75144094,2,4073,199
WNQRSVYANQEIPKNTGLTLHMMRSELVTYVGAPYEDIPRLVHMQVNRDVPQGTTMMPDMVNGYND,0.7484915,0.7484915,2,4073,199
FFQRSVYANQDIPDNTGLTNEMMRSELVTGVGAPYEDIPTFVHMQVNQDVPQGTTMMPDMVNGYND,0.7458109,0.7458109,2,4073,199
FFQRSVYANQDIPDNTPLTNEMMRSELVTGVGAPYEDIPTFVHMQVNQDVPQGTTMMPDMVNGYND,0.7437587,0.7437587,2,4073,199
FFQRSVYINQDIPDNEPLTNEMMMSELVTGEGAPYEDIPTFMHMQVNQDVPQGTTMMPDMVKGYND,0.7428866,0.7428866,2,4073,199
FFQRSVYANQDIPDNTGLTLEMMRSELVTGVGAPYEDIPTFVHMQVNQDVPQGTTMMPDMVNGYND,0.74163646,0.7416364,2,4073,199
WNQRSFYANQLIPDNTGLTLTMMRSEHVTGVGAPYEDIPTLVHMQVNRDVPQGTTMMPDMVNGYND,0.74153453,0.74153453,2,4073,199
WNQRSVYANQLWSDNTGLTLVMMRSEEVTGVEAPYEDIPRLVRMQVNRDVPDHTTMMPDMVNDYND,0.7390725,0.7390725,2,4073,199
WNQRSVYANQLIPDNTELTLAMMRDELVTGQGAPYEDIPTLVHMQVNRDVPQGTTFMPDMVNGYND,0.7390627,0.7390627,2,4073,199
WPQRSVPAVQQWNDNTGLTLVMMRSEEVTGVEAPYEDIPRLVDMQVNRFVPDHTTMMPDMVNDYND,0.73746884,0.73746884,2,4073,199
WNQRSYYANQRIPDNTGLTSVMMRSELVTGVGAPYEDIPTLVHMQVNRDVPQGTTMMPDMVNGYND,0.73652405,0.73652405,2,4073,199
WNWRSVSANQSAPDNAFIMPQMPRSELRDNAGAPYEDWPTLVHMKLNEDVPQKTTRKPDMCNGYND,0.7316227,0.7316227,2,4073,199
WNQRSYYANQRIPDNTGLTLVMMRSELVTGVGAPYEDIPTLVHMQVNRDVPQGTTMMPDMVNGYND,0.7280843,0.7280843,2,4073,199
WNQRSVYANQLIPDNTGLTLEMMRSELVTGVGAPYEDIPTLVHMQVNRDVPQGTTIMPDVVNGYND,0.7278685,0.7278685,2,4073,199
WNQRSVYANQKIPDNTGLTLVMMRCENVTGVGAPYEAIPTLVHMQVNRDMPQGTRMMPDMVNGYNS,0.7272712,0.7272712,2,4073,199
WNQRSVPANQLIPDNNGLTLVMMRHELPTGKGAPYEDIPRLVHMTVNRDVPQGTTMMPDMVNGYND,0.7263459,0.7263459,2,4073,199
WNQRSVDANQLIPDNTGLTLVMMSSETVTGKGVPEEDIPKIVHMQVNRDVPQGTTMMPDMVNGYND,0.7258552,0.7258552,2,4073,199
WNQRSVYANQLWPDNTGLTLVMMRSEEVTGVGAPYEDIPTLVRMQVNRDVPDGTTMMPDMVNDYND,0.72077876,0.72077876,2,4073,199
WNQRSVYANPLIPDNTSLTLVMMRSELKNGVGAPYEDIPTLVHMQVNRDVPQGTTMNPDVVNGYND,0.71901697,0.71901697,2,4073,199
WNQRSVYANQRIPDNTGLTLVMMRSELVTGVGAPYEDIPTLMDMQYNRDVPQGTTMGPDMVNGYND,0.71753114,0.71753114,2,4073,199
WNQRSVYANQLIPDNWGLTPVMMRSEAVTKVGAPYEDWPTLVQMQVNRDVPQGTTMMPDMVNGYND,0.71357656,0.7135765,2,4073,199
FFQRSVYANQDIPDNEPLTNEMMMSELVTGVGAPYEDIPTFMHMQVNQDVPQGTTMMPDMVNGYND,0.7121941,0.7121941,2,4073,199
DNQRSVYANQLIPDNTGLTLVMMRSEPVTGVGAPYEDIPTLVHMQVNRDVPQGTTMMPDMVNGYND,0.71084785,0.71084785,2,4073,199
WNQRSVYANDEIPKNTGLTLHMMRSELVTYVGAPYEDIPRLVHMQVNRMVPQGTTFMPDMVNGYND,0.7108138,0.7108138,2,4073,199
WNQRSVYANQLIPDNEGLTLVMMRLELVTGHGAPYEDIPTLVHMQVNRDVPQPTTMDPDMVNGYND,0.71031916,0.71031916,2,4073,199
WLQRSVYANQCIPDNTGLTMSMMTSELVTGVGAPYEDIPTLVHMQVNRDVPQGTTMGPDMVNTYND,0.7089163,0.7089163,2,4073,199
WNQRSVYANQQIPDNTGLTLVMMRSELVTGVGAPYEDIPTLMDMQYNRDVPQGTTMGPDMVNGYND,0.70851034,0.70851034,2,4073,199
WNQRSVYANPLIPDNTGLTLVMMRSELKNGVGAPYEDIPTLVHMQVNRDVPQGTTMNPDVVNGYND,0.7081502,0.7081502,2,4073,199
WNQRSVYANPDIPDNTHLPTQMMRSELVTGVGAPYEDIPLLVHMQVNRDVPQGTTMMPDMVNGYND,0.70497847,0.70497847,2,4073,199
WNQRSVYANQLWSDNTGLTLVMMRSEEVTGVEAPYEDIPTLVRMQVNRDVPDHTTMMPDMVNDYND,0.7045582,0.7045582,2,4073,199
WNQRQIYANFKIPDNTGLTLAMMRSEKVTGVGAFYEDIPTLVHMQVNRDVPQGTTMMPDMVNGYND,0.703966,0.703966,2,4073,199
WNQRSVYANQLIPDNTGLTLVMMRSELVTGHGAPYEDIPTLVHMQVNRDVPQPTTMDPDMVNGYND,0.7039473,0.7039473,2,4073,199
WNQRSVYANQHIPDNTGLTLVYMRSELVTGVGAPYEDIPTLVHMPVNRDVPQETTMMPDMYNGYND,0.70291394,0.70291394,2,4073,199
WNQRSVYANQHIPDNTGLTLVYMRSELVTGVGAPYEDIPTLVHMQVNRDVPQETTMMPDMYNGYND,0.7027927,0.7027927,2,4073,199
WNQRSVYANQRIPDNTGLTLVMMRSELVTGVGAPYEDIPTLMDMGYNRDVPQGTTMGPDMVNGYTD,0.7024191,0.7024191,2,4073,199
WNQRSVYANQSIPDNTGLTLVMMRSELVDGVGAPYEDWPTLVHMKVNRDVPQGTTMMPDMVNGYND,0.7016214,0.7016214,2,4073,199
WNQRSVYANQHIPDNTGLTLVYMRSELVTGVGAPYEDIPTLVHMPVNRDVPQEGTMMPDMYNGYND,0.70084,0.70084,2,4073,199
WNQRSVYANQLWSDNTGLTLVMMRSEEVTGVEAPYEDIPTLVRMQVNRDVPDGTTMMPDMVNDYND,0.7006088,0.7006088,2,4073,199
WNQRSVYANQLIPDNTGLTLVMMRSEDVTGVGAPYEDIPTLVHMQVNRDVPQGTTMMPDMVNGYND,0.7001257,0.7001257,2,4073,199
WNQRSVYANQLIPDNTELTLVMMRDELVTGQGAPYEDIPTLVHMQVNRDVPQGTTFMPDMVNGYND,0.6997528,0.6997528,2,4073,199
WNQRSVYANQLIPDNEGLTLVMMRSELVTGHGAPYEDIPTLVHMQVNRDVPQPTTMDPDMVNGYND,0.69970715,0.69970715,2,4073,199
WNQRSVYAHDEIPKNTGLTLHMMRSELVTYVGAPYEDIPRLVHMQVERMVPQGTTFMPDAVNGLND,0.69827944,0.69827944,2,4073,199
WNQRSVYANQQIPDNTGLTLVMMRSELVTGVGAPYEDIPTLVDMQVNRDVPQGTTMMPDMVNGYND,0.6957482,0.6957482,2,4073,199
WNQRSYYANQRIPDNTGLTSVMMRSELVTGVGAPYEDIPMLVHMQVNRDVPQGTTMMPDMVNGYND,0.69569683,0.69569683,2,4073,199
WNQRSVYANDEIPKNTGLTLHMMRSELVTYVGAPYEDIPRLVHMQVNRMVPQGTTMMPDMVNGYND,0.6951093,0.6951093,2,4073,199
WNQRSVYANQLIADNTGLTLVMMRSEGVTGVGYPTEDIPTLVSMQVNRDVPQGTTMMPDMVNGYED,0.6948027,0.6948027,2,4073,199
WNWRSVSANQSAPDNAFIMPQMPRSELRDGAGAPYEDWPTLVHMKLNEDVPQKTTRKPDMCNGYND,0.6939684,0.6939684,2,4073,199
WNQRSVPANQLIPDNNGLTLVMMRHELPTGKGAPYEDIPTLVHMTVNRDVPQGTTMMPDMVNGYND,0.692966,0.692966,2,4073,199
WNQRSYYANQRIPDNTGLTSVMMRSELVTGVGAPYEDIPMLVHMQVNRDVPQTTTMMPDMVNGYND,0.6910366,0.6910366,2,4073,199
WDQRSVYANPLIPDNTSLTLVMMRSELKNGVGAPYEDIPTLVHMQVNRDVPQGTTMNPDVVNGYHD,0.6892825,0.6892825,2,4073,199
WNQRSVYANQLIADQTGLTLVMMRSEGVTGVGYPTEDIPTLVSMQVNRDVPQGTTMMPDMVNGYED,0.6875568,0.6875568,2,4073,199
WNQRSVYANQKIPDNTGLTLCMMRKELVTGVGAPYEDHPTLVHMQVNRDVPQGTTMMPDMVNGYND,0.6867873,0.6867873,2,4073,199
SNQRSVYACQNIPDNTGLTNVMMRSELVTGVGAPYEGISTLVHMQANRPVPQGTTMDDDMVNGYND,0.68608516,0.68608516,2,4073,199
SNQRSVYANQSIPDNTGLTLVMMRSELVTGVGAPYEDIPTLVHMQVNRDVPQGTTMMPDMVNGYND,0.6854157,0.6854157,2,4073,199
WNQRSVYANQLIPDNTGLTLQMMKSELVTGVGAPYEDIPTLVHMQINRDVPQGTTMMPDMVNGYND,0.68492246,0.68492246,2,4073,199
WNQRSVYANQKIPDNTGLTLVMMRSELVTGVGAPYEDIPTLVHMQVNRDVPQGTTMMPDMVNGYND,0.6847402,0.6847402,2,4073,199
WEQRSVPANQLIPDNNGLTLVMMRHELPTGKGAPYEDIPRLVHMTVNRDQPQGTTMMPDMVNGYND,0.68460745,0.68460745,2,4073,199
WNWRSVSANQSAPDNAFIMPQMPRSELRDNAGAPYEDKPTLVHMKLNEDVPQKTTRKPDMCNGYND,0.6836736,0.6836736,2,4073,199
WNQRSVYANQLIPDNTGLTLEMMRSELVTGVGAPYEDIPTLVHMQVNRDVPQGTTMMPDMVNGYND,0.6833333,0.6833333,2,4073,199
WNQRSVYANQLIPDNNGLTLVMMRSELPTGKGAPYEDIPTLVHMQVNRDVPQGTTMMPDMVNGYND,0.68282694,0.68282694,2,4073,199
WNQRSVYANQLIPDNNGLTLVMMRHELPTGKGAPYEDIPTLVHMTVNRDVPQGTTMMPDMVNGYND,0.6824129,0.6824129,2,4073,199
WNQRSVYANQLIPDNTGLTLVMMRSELPTGKGAPYEDIPTLVHMQVNRDVPQGTTMMPDMVNGYND,0.6819686,0.6819686,2,4073,199
WLQRSVYANQLIPDNTGLTMSMMRSELVTGVGAPYEDIPTLVHMQVNRDVPQGTTMGPDMVNGYND,0.6817704,0.6817704,2,4073,199
WNQRSVYANQRIPDNTGLTLVMMRSELVTGVGAPYEDIPTLVHMQVNRDVPQGTTMMPDMVNGYND,0.68074524,0.68074524,2,4073,199
WNQRSVYANQLIADNTGLTLVMMRSEGVTGVGYPYEDIPTLVSMQVNRDVPQGTTMMPDMVNGYND,0.68066067,0.68066067,2,4073,199
FNQRSVYANQLIPDNTGLTLEMMRSELVTGVGAPYEDIPTLVHMQVNRDVPQGTTMMPDMVNGYND,0.68045557,0.68045557,2,4073,199
WNWRSVYANQSAPDNAFIMPQMPRSELRDGAGAPYEDWPTLVHMKLNEDVPQKTTRKPDMCNGYND,0.679856,0.679856,2,4073,199
WNQRSVYANQLIPDNTGLTLVMMSSELVTGGGAPEEDIPKLVHMQVNRDVPQGTTMMPDMVNGYND,0.6786227,0.6786227,2,4073,199
WNQRSVYANQLIPDNEGLTLVMMRLALVTGHGAPYEDIPTLVHMQVNRDVPQPTTMDPDMVNGYND,0.67828804,0.67828804,2,4073,199
FNQRSVYANQLIPDNTGLTLEMMRSELVTGVGAPYEDIPTFVHMQVNRDVPQGTTMMPDMVNGYND,0.67806554,0.67806554,2,4073,199
WNQRSVYANQTIPDNTGLTEVMMRSELVTGVGAPYEDIPTLVHMQVNRDVPQGTTMMPDMVNGYND,0.67775095,0.67775095,2,4073,199
WAQRSVYANQLIPDNTELTLAMMRDELVTGQGACYEDIPTLVHMQVNRDVPQGTTFMPDMVNGYND,0.6777021,0.6777021,2,4073,199
WNQRSVYANQLIPDNWGLTPVMMRSEAVTGVGAPYEDWPTLVQMQVNRDVPQGTTMMPDMVNGYND,0.67719024,0.67719024,2,4073,199
FFQRSVYINQDIPDNEILTNEMMMSELVTGEGAPYEDIPTFMHMQVNQDVPQGTTMMPDMVKGYND,0.6768532,0.6768532,2,4073,199
WNQRSVYANQLIPDNTGLTLVMMRSENVTGVGAPYEDIPTLVHMQVNRDVPQGTTMMPDMVNGYND,0.67658925,0.67658925,2,4073,199
WNQRSVYANQLIPDNTGLTLVMMRSEGVTGVGAPYEDIPTLVSMQVNRDVPQGTTMMPDMVNGYND,0.6761351,0.6761351,2,4073,199
WNQRSVYANQKIPDNTGLTLVMMRSELVTGVGAPPEDIPTLVHRQVNRDVPQGTTMMPDMVNGYND,0.67605543,0.67605543,2,4073,199
WNQRSVYANQKIPDNTGLTLVMMRSELVTGVGAPYEDIPTLVHRQVNRDVPQGTTMMPDMVNGYND,0.67566836,0.67566836,2,4073,199
WNQRSVYANQHIPDNTGLTLVYMRSELVTGVGAPYEDIPTLVHMPVNRDVPQEGTMMPSMYNGYND,0.6751957,0.6751957,2,4073,199
WNQRSVYANQLIPDNTGLTLQMMRSELVTGVGAPYEDIPTLVHMQVNRDVPQGTTMMPDMVNGYND,0.6746501,0.6746501,2,4073,199
WNQRSVYANQRIPDNTGLTLVMMRSELVTGVGAPYEVIPTLVHMQVNRDVPQGTTMMPDMVNGYND,0.6737154,0.6737154,2,4073,199
WNQRSVYANQSIPDNTGLTLVMMRSELVTGVGAPYEDWPTLVHMKVNRDVPQGTTMMPDMVNGYND,0.6734538,0.6734538,2,4073,199
WNQRSVYANQLIPDNTGLTLVMMRSELVTQQDAPYEDIPTLVHMQVNRDVPQGTTMMPDMVNGYND,0.67302245,0.67302245,2,4073,199
WNQRSVYANQLIPDNTGLTLVMMRSEAVTGGGAPYEDIPTLGHMQVNRDVPQGTTMMPDMVNGYND,0.6726677,0.6726677,2,4073,199
WNQRSIYANQLIPDNTGLTLVMMRSEKVTGVGAPYEDIPTLVHMQVNRDVPQGTTMMPDMVNGYND,0.6720547,0.6720547,2,4073,199
WNQRSVYANQSIPDNTGLTLVMMRSELVTGVGAPYEDIPTLVHMKVNRDVPQGTTMMPDMVNGYND,0.6705713,0.6705713,2,4073,199
WNQRSVYANDEIPKNTGLTLHMMRSELVTYVGAPYEDIPRLVHMQVERMVPQGTTFMPDMVNGLND,0.66978955,0.66978955,2,4073,199
WNQRSVYANQLIPDNTGLTLVMARSESVTGVGAPYEDIPTLVHMQVNRDVPQGTTMMPDMVNGYND,0.6692524,0.6692524,2,4073,199
RNQRSVYANQLIPDNTQLTLVMMRWEVVTGVGAPYERIPTLVHMQVNRDVPQGATMMPDMVNGYND,0.66905046,0.66905046,2,4073,199
WNQRSVYANQEIPDNTGLTLVMMRSEFVTGVGAPYQDIPTLVHMQVNRDVPQGTTMMPDMVNGYND,0.6684913,0.6684913,2,4073,199
ENQRSYTANQQWNDNTGLTLWMMPHEEVTGVEAPYEDIPRLVDMQVNRDCPDQTTWMPDMVNDYDD,0.91545,0.91545,3,6147,298
WNQRSVYANQQWNDNTGWTLKMMRSEEVTGEEAPYEDIPRAVRMQVNRDVPDHTTMKLDMVNDYND,0.9108831,0.9108831,3,6147,298
WNQRSHYANQQWNDNTQLTLDMMRSEEVRGVEVPYEDIPRMVRLQVNRDVPFHTTMHYNMYNDYND,0.9082666,0.9082666,3,6147,298
WNQRSVYANQQWNDNTGLTLVMMRSEEVTGEEAPYEDIPRLVRMQVNRDVPDHTTMKLDMVNDYND,0.90463334,0.90463334,3,6147,298
ENQRSYTANQQWNDNTGLTLWMMPHEEVTGVEAPYEDIPRLVDMQVNRDCPDQVTWMPDMVNDYDD,0.90397793,0.90397793,3,6147,298
WNQRSHYANQQWNDNTGLTLDMMRSEEVTGVEAPYEDIPRLVRMQVNRDVPDHTTMMPDMVNDYND,0.90264755,0.90264755,3,6147,298
ENQRSVTANQQWNDNTGLTLWMMRHEEVTGVEAPYEDIPRLVDMQVNRDVPDHTTMMPDMVNDYDD,0.90099686,0.90099686,3,6147,298
WNQRSVYANQQWNDNTGLTLQMMRSEEVTGVEAPYEDIPRLVDMQVNRDVPDHTTMMMDMWNDYDD,0.89961255,0.89961255,3,6147,298
SNQRSQTANQQCNDNTGLTLVSMRSEEVTGRESPYEDIPRLVDMQVNRDVPDHTTMMPDMVNDYND,0.8995648,0.8995648,3,6147,298
WNQRSVWANQQWNDNTGLTLAMMRSEEVTGHEAPYEDIPRLVDMQVNRDVPQHTTMMPDMVNDYND,0.89908105,0.89908105,3,6147,298
ENQRSVTANQQWNDNTGLTLWMMRSEEVTGVEAPYEDIPRLVDMQVNRDVPDHTTMMPDMVNDYDD,0.8975954,0.8975954,3,6147,298
SNQRSVYANQQWNDNTGLTLVSMRSEEVTGREAPYEDIPRLVDMQVNRDVPDHTTMMPDMVNDYND,0.89633054,0.89633054,3,6147,298
WNQRSVYANQQWNDNTGLTLDMMRSEEVTGVEAPYEDIPRLVRMQVNRDVPDHTTMMPDMVNDYND,0.8940723,0.8940723,3,6147,298
ENQRSVTANQQWNDNTGLTLWMMRHEEVTGVEAPYEDIPRLVDMQVNRDVPDHTTWMPDMVNDYDD,0.8939947,0.8939947,3,6147,298
WNQRSVYANQQWNDNTGLTLAMMRSEEVTGHEAPYEDIPRLVDMQVNRDVPQHTTMMPDMVNDYND,0.8939356,0.8939356,3,6147,298
SNQRSQTANQQWNDNTGLTLVSMRSEEVTGRESPYEDIPRLVDMQVNRDVPDHTTMMPDMVNDYND,0.8937145,0.8937145,3,6147,298
WNQRSVYANQQWNDNTGLTLAMMRSEEVTGHEAPYEDIPRLVDMQVNRDVPDHTTMMPDMVNDYND,0.89357066,0.89357066,3,6147,298
ENQRSVYANQQWNDNTGLTLWMMRSEEVTGVEAPYEDIPRLVDMQVNRDVPDHTTMMPDMVNDYDD,0.8921761,0.8921761,3,6147,298
WNQRSVPAVQQWNDNTGLTLVMMRSEEVEGTEAPYEDIPRLVDMQVNRDVPDHTTMMPDMVNDYND,0.8917033,0.8917033,3,6147,298
WNQRSVWANQQWNDNTGLTLAMMRSEEVTGHEAPYEDIPRLVDMQVNRDVPQHTTMMPDMVKDYND,0.8916866,0.8916866,3,6147,298
SNQRSQYANQQWNDNTGLTLVSMRSEEVTGRESPYEDIPRLVDMQVNRDVPDHTTMMPDMVNDYND,0.8912873,0.8912873,3,6147,298
WDQRSVYANQQWVRNTGLTLVMMRSEEHTGDECPYEDIGRLVDMQVSRDVPDHTTMMPKMMNDYND,0.89111245,0.89111245,3,6147,298
WNQRTVYANQQWNDNTGLTLPMMRSEEVTGVEAPYEDAPRLVDMQVNRDVPDHTTMMPDMVNDYND,0.8900441,0.8900441,3,6147,298
WNQRSVPAVQQWNDNTGLTLVMMRSEEDTGVDAPYEDIPRLVDMQVNRDVPDHTTMMPDMVNDYND,0.8891638,0.8891638,3,6147,298
ENQRSVYANQQWNDNTGLILSMMRSEEMTWVEAPYEDIPRLVDMQVNRDVPDHTTMMPDMVNSYND,0.88907015,0.88907015,3,6147,298
ENQRSYTYNQQWNDNTGLTLWMMPHEEVTQVEAPYEDIPRLVDMQRNRDKPDQVTWMPDMANDYDD,0.8889311,0.8889311,3,6147,298
ENQRSVTANQQWNDNTGLTLWMMPHEEVTGVEAPYEDIPRLVDMQVNRDVPDQTTWMPDMVNDYDD,0.88864493,0.88864493,3,6147,298
WNSRSVPAQQQWNDNTGLTLVMMRSEEVKGVEAPYEDIPRLVDMQVNRDVPDHTTMQPDMVNKYND,0.88860846,0.88860846,3,6147,298
WNQRSIYANQQWNDNTGLTLVMMRSEENEGVEAPYEDIPRLVRMQVNRDVRDHTTAMPDMVNDYND,0.88782537,0.88782537,3,6147,298
WNQRSHYANQQWNDNTQLTLDMMRSEEVTGVEVPYEDIPRLVRLQVNRDVPFHTTMHYNMVNDYND,0.8872317,0.8872317,3,6147,298
ENQRSVYANQQWNDNTGLTLSMMRSEEVTGVEAPYEDIPRLVDMQVNRDVPDHTTMMPDMVNFYND,0.88619506,0.88619506,3,6147,298
WNQRSVYANQQWNDNTGLTLVMMRSEEVTKGEAPYEDIPRLVRMQVNRDVDDHTTMMPDMVNDYND,0.8861843,0.8861843,3,6147,298
WKQRSVPAVQQWNDNTGLTLDMMRSEEVTGVEAPYEDIPRLVDMQVNRDVPDHTTMMPDMVNDYND,0.88569075,0.88569075,3,6147,298
WNQRSVYANQQWNDNTGLTLPMMRSEEVTGVEAPYEDIPRLVDMQVNRDVPDHTTMMPDMVNDYND,0.8841998,0.8841998,3,6147,298
ENQRSVYANQQWNDNTGLTLSMMRSEEMTWVEAPYEDIPRLVDMQVNRDVPDHTTMMPDMVNFYND,0.88283926,0.88283926,3,6147,298
WNQRSVYANQQWNDNTGLTLQMMRSEEVTGVKAPYEDIPRLVDMQVNRDVPDHTTMMMDMWNDYDD,0.8824772,0.8824772,3,6147,298
ENQRSVWANQQWNDNTGLTRVMMRKEEVTSVEAPYEDIPRLVRMSVNRDVPDMTTMMWDMVNDYNR,0.88224936,0.88224936,3,6147,298
WNQRSVYANQQWNRNTGLTLVMMRSEEHTGVECPYEDIPRLVDMQVSRDVPDHTTMMPKMMNDYND,0.8821092,0.8821092,3,6147,298
WNQRSVYANQQWNDNTGLTLVMMRSEEHTGVECPYEDIPRLVDMQVSRDVPDHTTMMPKMMNDYND,0.8820397,0.8820397,3,6147,298
WNQRSVYANQQWNDNTGLTLVMMRSEEHTGVEAPYEDIPRLVDMQVNRDVPDHTTMMPKMMNDYND,0.88180804,0.88180804,3,6147,298
WNQRSVWANQRWNDNTGLTLAMMRSEEVTGHEAPYEDIPRLVDMQVNRDVPQHTTMLPDMVKDYND,0.8805246,0.8805246,3,6147,298
WNQRSVPAVQQWNDNTGLTLVMMRSEDVEGTEAPYEDIPRLVDMQVNRDVPDHTTMMPDMVNDAND,0.8803595,0.8803595,3,6147,298
WNQRSVYANQQWNDNTGLTLVMMRSEEVTGDEAPYEDIPRLVRMQVNRDVDDHTTMMPDMVNDYND,0.87979126,0.87979126,3,6147,298
ENQRSVYANQQWNDNTGLTLVMMRSEEVTGVEAPYEDIPRLVDMQVNRDVPDHTTMMPDMVNDYDD,0.87908673,0.87908673,3,6147,298
WNQRSVYANQQWNDNTGLTLVMMRSEEVTGVEAPYEDIPRLVRMQVNRDVPDHTTMKPDMVNDYND,0.87886137,0.87886137,3,6147,298
ENQRSVWANQQWNDNTGLTLVMMRKEEVTSVEAPYEDIPRLVRMSVNRDVPDMTTMMWDMVNDYND,0.87868834,0.87868834,3,6147,298
WNQRSVWANQQWNDNTGLTLAMMRSEEVTGHEAPYEDIPRLVDMQVNRDVPQHTTMLPDMVKDYND,0.87783545,0.87783545,3,6147,298
WNQRSVYANQQWNDNTGLTLVMMRSEEVTGEEAPYEDIPRLARMQVNRDVPDHTTMMPDMVNDYND,0.8773927,0.8773927,3,6147,298
WNQRSVYANQQWNDNTGLTLVMMRSEEDTGVEAPYEDIPRLVDMQVNRDVPDHTGMMPDMVNDYND,0.87729365,0.87729365,3,6147,298
WNSRSVPAVQQWNDNTGLTLVMMRSEEVKGVEAPYEDIPRLVDMQVNRDVPDHTTMQPDMVNKYND,0.8772472,0.8772472,3,6147,298
WNQRSVYAPQQWNDNTGLTLVMMRSRENTGVEAPYEDIPRLVDMQVNRDVPDHTTMMPDMVNDYND,0.8771009,0.8771009,3,6147,298
WNQRSVYANQQWNDNTGLTLVMMRSEEVTGEEAPYEDIPRLVRMQVNRDVPDHTTMMPDMVNDYND,0.8768167,0.8768167,3,6147,298
KNQRSVYANQQWNDNIGLTLVKMRSEEVTGVEAPYEDIPRLVRMQVNRTVPDHTTMMPDMVNDYND,0.87669253,0.87669253,3,6147,298
WNQRKHYANQQFNDNTGLTLNMMRSEEVTGVEAYYEDIPRRVRMQVNRDVPDHTTMMPDMVNDYND,0.8765738,0.8765738,3,6147,298
WNQRSVPAVQQWNDNTGLTLVMMRSEETTGFEAPYEDIPRLVDMQVNRDVPDHTTMMPDMVNDYND,0.8764287,0.8764287,3,6147,298
WKQRSVYANQQWNDNTGLTLVMMRSEEVTGEEAPYEDIPRLARMQVNRDVPDHTTMMPDMHNDYND,0.8763505,0.8763505,3,6147,298
WNQRSVYANQQWNDNTGLTLVMMRSEEVTGQEAPYEDIPRLVDMQVNRDVPDHTTMMPDMVNDYND,0.8760043,0.8760043,3,6147,298
WNQRSVPAVQHWNDNTGLTLVMMRSEEVTGHEAPYEDIPRLVDMQVNRDVPDHTTMMPDMVNDYND,0.8755696,0.8755696,3,6147,298
WDQRSVYANQQWNRNTGLTLVMMRSEEHTGVECPYEDIGRLVDMQVSRDVPDHTTMMPKMMNDYND,0.87534034,0.87534034,3,6147,298
WNQRSVWANQDWNDNTGLTLAMMRSEEVTGHEAPYEDIPRLVDMQVNRDVPQHTTMLPDMVKDYND,0.87528205,0.87528205,3,6147,298
WNQRSVYANQQWNDNCGLTLVMMRSEEPTGVEAPYEDIPRLVRMQVNRDVPDHTTMTPDMVNDYND,0.87466705,0.87466705,3,6147,298
WNQRSVYANQQWNDNTGLELVMMRSEEVTGVEAPYEDIPRLVDMQVNRDVPDHTTMQPDMVNDYND,0.8737432,0.8737432,3,6147,298
WNQRSVYANQQWNDNTGLTCVMMRSEEVTGPEAPYEDWPRLVDMQVNRPVPDHTTMMPDMVNDYND,0.8721671,0.8721671,3,6147,298
WNQRSVYANQQWNDNTGLTLVMMRSEEVTGGEAPYEDIPRLVDMQVNRDVPDHTTMMPDMVNDYND,0.8717308,0.8717308,3,6147,298
ENQRSVYANQQWNDNTGLTLVMMRSEEVTGVEAPYEDIPRLVDMQVNRDVPDHTTMMPDMVNDYND,0.8714735,0.8714735,3,6147,298
WNQRSHYANQQWNDNTQLTLDMMRSEEVTGVEAPYEDIPRLVRLQVNRDVPFHTTMMYNMVNDYND,0.8714124,0.8714124,3,6147,298
WNQRSVWANQDWNDNKGLTFAMMRSEEVTTHEAPYEDIPRLVDMQVNRDVPQHTTMLPDMVKDYND,0.8705364,0.8705364,3,6147,298
ENQRSVWANQQWYDKTGLTRVMMRKEEVTSVEAPYEDIPRLVRMSVNRDVPDMWTMMWDMVNDYNR,0.8703387,0.8703387,3,6147,298
ENQRSYTANQQWNDNTGLTLWMMPHEEVTGVEAPYEDIPRLVDMQVNRDKPDQVTWMPDMVNDYDD,0.8702958,0.8702958,3,6147,298
WNQRSVYANQQWNDNTGLTLVMMRSEERTGVEAPYEDIPRLVRMQVNRDVPDHTTMMPDMVNDYND,0.8700491,0.8700491,3,6147,298
ENQRSVWANQQWYDNTGLTRVMMRKEEVTSVEAPYEDIPRLVRMSVNRDVPDMWTMMWDMVNDYNR,0.8698444,0.8698444,3,6147,298
WNQRSVYANQQWNDNTGLTLVMMRSEEVTGVEAPYEDIPRLVRMQVNRDVPDHTTMKLDMVNDYND,0.86945313,0.86945313,3,6147,298
ENQRSYTYNQQWNDNTGLTLWMMPHEEVTGVEAPYEDIPRLVDMQRNRDKPDQVTWMPDMVNDYDD,0.86912864,0.86912864,3,6147,298
WNQRSVYANQQWNDNTGLTLVMMRSEEHTGVEAPYEDIPRLVDMQVSRDVPDHTTMMPKMMNDYND,0.8689773,0.8689773,3,6147,298
WNQRSVYAAQQVNDNTSLTLVFMRSEEVKGVEAPYEDIPRLVRMQVNRDVPDHTTMMPDMVNDYND,0.8685588,0.8685588,3,6147,298
ENQRSVYANQQWNDNTGLTLVMMRSEEVTGVEAPYEDIPRLVRMQVNRDVPDHTTMMPDMVNDYND,0.8685523,0.8685523,3,6147,298
WNQRSVPAVQQWNDNTGLTLQMMRSEEVTGVEAPYEDIPRLVDMQFNRDVPDHTTMMPDMVNDYND,0.8681989,0.8681989,3,6147,298
WNQRSVYANQQWNDNTKLTLVMMRIEEVTGVEAPYEDIPRLVDMQVNRDVPDHTTMMPDMVNDYND,0.868167,0.868167,3,6147,298
WNQRSVYANQQWNDNTKLTLVMMRSEEVTGVEAPYEDIPRLVDMQVNRDVPDHTTMMPDMVNDYND,0.86801374,0.86801374,3,6147,298
WNQRSVYANQQWNDNCGLTLVVMRSEEPTGVEAPYEDIPRLVRMQVNRDVPDHTTMTPDMVNDYND,0.8677897,0.8677897,3,6147,298
WNQRSVYANQQWNDNTGLTCVMMRSEEVTGPFAPYEDWPRLVDMQVNRPVPDHTTMMPDMVNDYND,0.8675881,0.8675881,3,6147,298
NNQRSVYASQQWEDNTGLTLVMMRSEEVTGMEAPYEDIPRLVDMQVNRDVPDHTTMMPDMVNDYND,0.86756,0.86756,3,6147,298
WNQRSHYANQQWNDNTGLTLDMMRSEEVTGVEAPYEDIPRLVRLQVNRDVPFHTTMMYDMVNDYND,0.867521,0.867521,3,6147,298
WNQRSVYANQQWNDNTRLTLVMMRTEEVTGVEAPYEDIPRLVDMQVNRDVPDHTTMMPDMVNDYND,0.8673922,0.8673922,3,6147,298
WNQRSVPAVQQWNDNTGLTLQMMRSEEVTGVEAPYEDIPRLSDMQFNRDVPDHTTMMPDMVNDYND,0.86739165,0.86739165,3,6147,298
WNQRSIYANQQWNDNTGLTLVMMRSEEVEGVEAPYEDIPRLVRMQVNRDVPDHTTMMPDMVNDYND,0.8666963,0.8666963,3,6147,298
WNQRSVPAVQQWNDNTGLTLVMMRSEDVEGTEAPYEDIPRLVDMQVNRDVPDHTTMMPDMVNDNND,0.8666538,0.8666538,3,6147,298
WNQRSVPAVQQWNDNTGLTLVMMRSEEVTGHEAPYEDIPRLVDMQVNRDVPDHTTMMPDMVNDYND,0.86657524,0.86657524,3,6147,298
WNQRSVYNNQQWNDNTGLTLVMMRSEEVTGPEAPYEDIPRLVRMQVNRRVPDHTTMMPDMVNDYND,0.86646605,0.86646605,3,6147,298
ENQRSVWANQQWYDKTGLTRVMMRKEEVTSVEAPYEDIPRLVRMSVNRDVPDMETMMWDMVNDYNR,0.8662119,0.8662119,3,6147,298
WNQRSVPAVQQWNDNTGLTLVMMRSEDVEGTEAPYEDIPRLVDMQVNRDVPDHTTMMPDMVGDAND,0.86617994,0.86617994,3,6147,298
WNQRVVYANQHWNENTGLTAVCMRSEEYTGVEAPYEDIPRLVDMQVNRDVPDHTKMMPDMVNDYNE,0.8661523,0.8661523,3,6147,298
NNQRSVEANQQWQDNTGLTLYMMRSEEVTGVEAPYEDIPRLVRMQVNRDVPDHTTMMPDMVNDYND,0.866026,0.866026,3,6147,298
WNQRSVYANQQWNDNTGLTLVMMRSAEVTKGEAPYEDIPRLVRMQVNRDVDDHTTMMPDMVNDYND,0.8654905,0.8654905,3,6147,298
WKQRSVPAVQQWNANTGLTLDMMRSEEMTGVEAPYEDIPRLVDMQVNRDVPDHTTMMPDMVNDYND,0.8650308,0.8650308,3,6147,298
WNQRSVYANQHWNDNTGLTLYMMRSEEVTGVEAPYEDIPRLVRMQVNRDVPDHTTMMPDMVNDYND,0.86487126,0.86487126,3,6147,298
WNQRSVYANQQWNDNTGLTLVMMRSRERTGVEAPYEDIPRLVRMQVNRDVPDHTTMMPDMVNDYND,0.86482525,0.86482525,3,6147,298
WNQRSVYASQQWNDNTGLTLVMMRSEEVTGVEAPYEDIPRLVDMQVNRDVPDHTTMDPDMVNDYND,0.8647864,0.8647864,3,6147,298
WNQRSVYANQQWNDNTGLTLVMMRSEEVTGVEAPYEDIPRLVDMQVNRDVPDHTTMTPDMVNDYND,0.86451805,0.86451805,3,6147,298
ENQRSVTANQQINDNTGLTLESMRHEEWQGDEAPYEDWPRLKDMQVNRDVPDHTTMMPDMVNDYDD,0.968596,0.968596,4,8236,397
ENQRSVTANQQINDNRGLTLESMRHEEWQGDEAPYEDWPRLKDMQVNRDVPDHTTMMPDMVNDYDD,0.9682578,0.9682578,4,8236,397
ENQRSVTANQQINDNTGLTLESMRHEEWQGDEAPYEDIPRLKDMQVNRDVPDHTTMMPDMVNDYDD,0.9670493,0.9670493,4,8236,397
ENQRSVTANQQINDNTGLTLESMRHEEWTGDEAPYEDIPRLKDMQVNRDVPDHTTMMPDMVNDYDD,0.9612693,0.9612693,4,8236,397
EHQRSYTANQQMKDNTHLTLWMWPHEESTGVEAPPEDIPRLVDYQVNRDCPDQTTWMPDMVNDYDD,0.9492696,0.9492696,4,8236,397
EHQRSYTANQQMKDNTGLTLWMMPHEESTGVEAPPEDIPRLVDYQVNRDCPDQTTWMPDMVNDYDD,0.9453641,0.9453641,4,8236,397
WEQRSVYANQQWNDNQNLTLDMMRSEEVTGHEAPYEDYPRLVDMQVNRDWPDHTTMMPDMVNDYND,0.9436599,0.9436599,4,8236,397
EHQRSYTANQQMNDNTGLTLWMMPHEESTGVEAPPEDIPRLVDYQVNRDCPDQTTWMPDMVNDYDD,0.94277817,0.94277817,4,8236,397
ENQRSVYANQQWNDNTGLTLDYMRSEEVTEVCAPYEDIPRLVRMQVNRDVPDHTTMMPDMVNDYND,0.94218534,0.94218534,4,8236,397
ENQRSWTANQQWNDNTGLTLWMMRSDEVRQVEGPYEDIPRLVDMNVNRDVPDHTTMMPHQVNDYDD,0.9395432,0.9395432,4,8236,397
ENQRSWTANQQWNDNTGLTLWMMRSDEVRGVEGPYEDIPRLVDMNVNRDVPDHTTMMPDQVNDYDD,0.9391931,0.9391931,4,8236,397
WNQRSHYHEQQWNGNTGLTLVMMRSEEHSGHECPYEDIPRLVDMQVSRDVEDHTTMMPKMMNDYND,0.9390207,0.9390207,4,8236,397
EHQRSYTANQQMNDNTGLTLWMMPHEESTGVEAPPEDIPRLVDMQVNRDCPDQTTWMPDMVNDYDD,0.9388848,0.9388848,4,8236,397
ENQRSVTANQQINDNRGLTLESMRHEEWQGDEAPYEMWPRLKDMQVNRDVPDHTTMMPDMENDYPD,0.938584,0.938584,4,8236,397
ENQRSVYANQQWNDNTGLTLDYMRSEEVTEVCAPYEDIPRLVRMQVNRDVPDHTTMMPDMVNDYNS,0.9373535,0.9373535,4,8236,397
ENQRSWTANQQWNDNTSLTLWMMRSDEVRQVEGPYEDIPRLVDMNVNRDVPKHTTMMPHQVNDYDD,0.9372135,0.9372135,4,8236,397
ENQRSWTANQQWNDNTGLTLWMMRSEEVRGVEAPYEDIPRLVDMNVNRDVPDHTTMMPDQVNDYDD,0.9367168,0.9367168,4,8236,397
ENQRSWTANQQWNDNTGLTLWMMRSEEVRGVEGPYEDIPRLVDMNVNRDVPDHTTMMPDQVNDYDD,0.93670183,0.93670183,4,8236,397
SNQRSQYANQQWNDNTGLTLESMRSEEVTGRESPYEDIPRLVEMQVNRDVPDHTTMMPDMVNDYND,0.93565404,0.93565404,4,8236,397
WEQRSVYANQQWNDNTGWTLKNMRSEEVTGEEAPYEDIPRAERMQVNRTVPDHTTMKLDMVNDYND,0.9343511,0.9343511,4,8236,397
ENQRSVYANQQWNDNTGLTLDMMRSEEVTEVCAPYEDIPRLVRMQVNRDVPDHTTMMPDMVNDYND,0.93370384,0.93370384,4,8236,397
EHQRSYTANQQMKDNTHLTLWMWPHEEMTGVEAPPEDIPRLVDYQVNRDCPDQTTWMPDMVNDYDD,0.9328309,0.9328309,4,8236,397
ENQRSVYANQQWNDNTGLTLWMMRSEEKNGVEAPYEDIPRLVDMQVNRDVPDHTTMMPDMVNDYDD,0.932209,0.932209,4,8236,397
WNQRSVYANQQWNDNTGWTLKMMRSEERTGEEAPYEDIPRAVRMQVNRDVPDHTTMKLDMVNDYND,0.93162894,0.93162894,4,8236,397
WNQRSVYANQQWNDNTGWTLKMMRSEEKTGEEAPYEDIPRAVRMQVNRDVPDHTTMKLDMVNDYND,0.93115306,0.93115306,4,8236,397
WNQRSVYANQQMNDNTGWTKKGMRSEEVTGEEAPYEDIPRAVKEQVNRDVPDHTTMKLDMVNDYND,0.930934,0.930934,4,8236,397
WNQRSHYHEQQWNGNTGLTLYMMRSEEHSGHECPVEDIPRLVDMQVSRDVEDHTTMMPKMMNDYND,0.93088025,0.93088025,4,8236,397
ENQRSVTANQQWNDNTGLTLEMMRHEEVTGVEAPYEDIPRLKDMQVNRDVPDHTTMMPDMVNDYDD,0.9293148,0.9293148,4,8236,397
ENQRSVWANQQWYDKTGLTRVMMRKEEVTSVEAPYEDDPRLVRMSVNRDVPDMWTMKWDMVNDYNR,0.92907643,0.92907643,4,8236,397
WNQRSHYANQQWNDNTQLTRDMMRSEEVRNVEVPYEDIPRMVRLQVNRDVPFHTTMHYNMYNDYND,0.92824584,0.92824584,4,8236,397
ENQRSWTANQQWNDNTGLTLWMMRSDEVRGVEGPYEDIPRLVDMNVNRDVPDHTTMMPHQVNDYDD,0.92759657,0.92759657,4,8236,397
ENQRSVTQNQQINDNRGLTLESMRHEEWQGDEAPYEMWPRLKDMQVSRDVPDHTTMMPDMENDYPD,0.9269631,0.9269631,4,8236,397
WNQRSVYANQQMNDNTGWTKKGMRSEEVTGEEAPYEDIPRHVKEQVNRDVPDHTTMKLDMVNDYND,0.92625386,0.92625386,4,8236,397
SNQRSQTANQQCNDNTGLTLVSMRSEEVTGRESPYEDIPRLVDMQVNRDCPDHTTMMPDMVNDYND,0.9254854,0.9254854,4,8236,397
WNQRSVYANQQWNDNTGWTLKMMRSEEKYGEEAPYEDIPRAVRMQVNRDVPDHTTMKLDMVNDYND,0.925453,0.925453,4,8236,397
WEQRSVYANQQWNDNTGWTLKMMRSEEVTGEEAPYEDIPRAERMQVNRTVPDHTTMKLDMVNDYND,0.9254077,0.9254077,4,8236,397
ENQRSVYANQQWNDNTGLTLWMMRSEEKNGVEAPYEDIPRLVDMQVNRDVPDHLTMMPDMVNDYDD,0.9250761,0.9250761,4,8236,397
ENQRSVYANQQWNDNTGLTLVMMRSEEGKGVEAPYEDIPRLVDMQVNRDVPDHTTMMPDMVNDYND,0.9249206,0.9249206,4,8236,397
WNQRSHYHEQQWNGNTGLTLYMLRSEEHSGHECPVEDIPRLVDMQVSRDVEDHTSMMPKMMNDYND,0.92400914,0.92400914,4,8236,397
WNQRSHYANQQWNDNTQLTRDMMRSEEVRNVEVPYEYIPRMVRLQVNRDVPFHTTMHYNMYNDYND,0.92397434,0.92397434,4,8236,397
ENQRSVTAEQQWNDNTGLTMRMMRSEEVTGVEAPYEDIPRYVDMQVNRDIPDHTTMMPDMVNDYGD,0.92391384,0.92391384,4,8236,397
ENQRSVTAEQQWNDNTGLTMRMMRSEEVTGVEAPYEDIPRYVDMQVNRDIPDHQTMMPDMVNDYGD,0.9236142,0.9236142,4,8236,397
WNQRSHYHEQQWNGNTGLTLYMLRSEEHSGHECPVEDIKRLVDMQVSRDVEDHTSMMPKMMNDYND,0.92347026,0.92347026,4,8236,397
WNQRSHYANQSWNKNTQLTLDMMRSEEVRGVGVPYNDIPRMVRHQVNRDVPFHTTMHYEMYNDHND,0.9226785,0.92267835,4,8236,397
SNQRSVYANQQWNDNTGLTLVSMRDEEVTGREAPYEDYPRLVDMQVNRDVPDHTTMMPDMVNDYND,0.9225243,0.9225243,4,8236,397
WNQRSVYANQQWNDNTGWTLKGMRSEEVTGEEAPYEDIPRAVKMQVNRDVPDHTTMKLDMVNDYND,0.92230576,0.92230576,4,8236,397
ENQRSVYANQQWNDNTGLTLWMMRSEEKNGVFAPYEDIPRLVDMQVNRDVPDHLTMMPDMVNDYDD,0.9220898,0.9220898,4,8236,397
WNQRSHYANQQWNDNTQLTRDKMRSEEVRNVEVPYEYIPRMVRLQVNRDVPFHKTMHYNMYNDYND,0.9217416,0.9217416,4,8236,397
ENQRSVTANQQWNDNTGLTLRMMRSEEVTGVEAPYEDIPRYVDMQVNRDVPDHTTMMPDMVNDYDD,0.9212824,0.9212824,4,8236,397
WNRRSVYANQQWNDNTGLTPVMMRSEEHTGVECPGEDIPRWVDMQCSRDVPDHTTMSPKMMNDYND,0.92099696,0.92099696,4,8236,397
WNQRSHYANQQWNDNTQLTLDMMRSEEVRNVEVPYEDIPRMVRLQVNRDVPFHTTMHYNMYNDYND,0.9208374,0.9208374,4,8236,397
WNQRSHYANQQWNDNTQLTLDMMRSEEVRGVEVPYEDIPRMVRHQVNRDVPFHTTMHYNMYNDYND,0.92081034,0.92081034,4,8236,397
WNQRSHYANQQWNDNTQLTLDMMRSEEVRGVEVPYEDIPRMVRHQVNRDVPFHTTMHYNMYNDHND,0.9206144,0.9206144,4,8236,397
SNQRSQTANQQCNDNTGLTLVCMRSEEVTGRESPYEDIPRLVDMQVNRDVPDHTTMMPDMVNDYND,0.92058593,0.92058593,4,8236,397
SNQRSQYANQQWNDNTGLTLESMRSEEVIGRESPYEDIPRLVEMQVNRDVPDNWTMMPDMVNDYND,0.9205697,0.9205697,4,8236,397
WNQRSVYANQQWNDNTGWTLKGMRSEEVTGEEAPYEDIPRAVKEQVNRDVPDHTTMKLDMVNDYND,0.92023575,0.92023575,4,8236,397
SNQRSQTANQQCNDNTGLTLVCMRSEEVTGRESPYEDIPRIVDMQVNRDVPDHTTMMPDMVNDYND,0.9201196,0.9201196,4,8236,397
ENQRSVTANQQWNDNTGLTLWMMRHEEVTGTEAPYEDIPRLVDMQVNRDVPDHTTWMPDMVNDYDD,0.92007184,0.92007184,4,8236,397
ENQRSVTAEQQWNDNTGLTMRMMRSEEVTGVEAPYEDIPRYVDMQVNRDVPDHTTMMPDMVNDYGD,0.919962,0.919962,4,8236,397
RNQRSIYANQQWNDNTGLTLVWMRSTENEGVEAPYEDIPRLVRMQVNRDVRDHTTAMMDMVNDYNK,0.91984284,0.91984284,4,8236,397
ENQRSVTANQQWNDNTGLTLWMMRHEEVTGPEAPYEDIPRIVDMQVNRDVPDHTTWMPDMVNDYDD,0.9196921,0.9196921,4,8236,397
WNQRSHYANRQWNDNTQLTRDKMRSEEVRNVEVPYEYIPRMVRLQVNRDVPFHKTMHYNMYNDYND,0.9195867,0.9195867,4,8236,397
WNQRSVEKNQQWNDNTGLTLPMMRSEEETEVEARYEDIPRLVDSQVQRDVPDHTKMMPGMVNDYND,0.9190445,0.9190445,4,8236,397
ENQRSYTANQQWNDNTGLTLWMMPHEEVTGVECPYEDIPRLVDMQVNRDCDNQVTWMPDMVNDYDD,0.9188143,0.9188143,4,8236,397
WNQRSHYANQQWNDNTQLSLDCMSSEEVRGVEVPYEDIPRMVRLQVNRSVPFHTTMHYNMYNDYND,0.9184721,0.9184721,4,8236,397
SNQRSQTANRKCNDNTGLTLVSMRSEEVTGRRSNYEDIPRLVDMQVNRDVPDHTTMMPDMVNDYND,0.9180344,0.9180344,4,8236,397
WNQRSVPAFQQWNDNTGLTLNMMRSEEDTGVDAPYEDIPRLVDMQVNRDVPDHTTMMPDMVNDYND,0.917999,0.917999,4,8236,397
ENQRSYTANQQWNDNTGLTLWMMPHEEVTGVEAPYEDIPRLVDMQVNRDCPDQTTWMPDPVNDYDD,0.91785115,0.91785115,4,8236,397
ENQRSMTANQQWNDNTGLTLWMMRHEEWTGVEAPYEDIPRLADMQVNRDVPDHTTWMPDMVNDYDD,0.9177899,0.9177899,4,8236,397
ENQRSVYANQQWNDNTGLILSMMRSEEMTQVEAPYEDIPRLVDMQVNRDVPDHTTMMPDMVNSYND,0.9177052,0.9177052,4,8236,397
WNQRSVYANQQWNDNTGLTLDMMRSEERTGVEAPYEDIPRLVRMQVNRDVPDHTTMMPDMVNDYND,0.917527,0.917527,4,8236,397
WEQRSVYANQQWNDNTGWTLKMMRSEEVTGEEAPYEDIPRAVRMQVNRTVPDHTTMKLDMVNDYND,0.91746426,0.91746426,4,8236,397
WNQRSVYANQQWNDNTGWTLKMIRSEEVTGEEAPYEDIPRAVRMKVNRDVPDHTTMKLDMVNDYND,0.9173528,0.9173528,4,8236,397
ENNRSVTANQQWNDNTGLTLWMMRHEEVTGTEAPYEDIPRLVDMQVNRDVPDHTTWMPDMVNDYDD,0.91713125,0.91713125,4,8236,397
WNQRSHYANQQWNDNTQLTLDMMRSEEVRGVEVPYNDIPRMVRHQVNRDVPFHTTMHYNMYNDHND,0.91709554,0.91709554,4,8236,397
WNQRSVPAVQQWNDNTGLTLVMMRSEEDPGLDAPYEDIPRLVDMQVNRDVPDHTTMGPDMVNDYND,0.9170517,0.9170517,4,8236,397
WNQRSVYANQQWNDNTNLTLAMMRSEEVTGHEAPYEDYPRLVDMQVNRDWPDHTTMMPDMVNDYND,0.91696155,0.91696155,4,8236,397
WNQRSVWANQQWNDNTGLTLAMMRSEEVTGHEAPYEDIPRLVDMQVNRDVPQHTTMEPDMVNDYND,0.91672146,0.91672146,4,8236,397
WNQRSVYANQQWNDNTGLTLVMMRSEEVTGEEAPYEYIPRLVRMPVNRDVPDHTTMKLDMVNDYND,0.91656035,0.91656035,4,8236,397
WNQRSVYANQQWNDNTGWTLKMIRSEEVTGEEAPYEDIPRAVRMQVNRDVPDHTTMKLDMVNDYND,0.9165309,0.9165309,4,8236,397
WEQRSVYANQQWNDNTGWTLKMMRSEEVTGEEAPYEDIPRAVRMQVNRDVPDHTTMKLDMVNDYND,0.91641235,0.91641235,4,8236,397
WNQRSVWANQQWNDNTGLTLAMMRSEEVTGHEAPYEDIGRLVDMQVNRDVPQHTTMEPDMVNDYND,0.91602,0.91602,4,8236,397
ENQRSVTANQQWNDNTGLTLWMMRHEEVTGVEAPYEDIPRLVDMQVNRDVPDHTTMGPDMVNDYDD,0.91553855,0.91553855,4,8236,397
WNQRSVYANQQWNDNTGWTLKMMRSEEVTGEEAPYEDIPRAVKMQVNRDVPDHTTMKLDMVNDYND,0.9154429,0.9154429,4,8236,397
WNQRSVYANQQWNDNTGWTLKMMRLEEVTGEEAPYEDIPRAVRMQVNRDVPDHTTMKLDMVNDYND,0.91518146,0.91518146,4,8236,397
WNQRSVPAVQQWNDNTGLTLVMMRSEEDPGLDAPSEDIPRLVDMQVNRDVPDHTTMGPDMVNDYND,0.9142076,0.9142076,4,8236,397
ENQRSTYANQQWNDNTGLILSMMRSEEMTQVDAPYEDIPRLVDMQVNRDVPDHTTMMPDMVNSYND,0.9139105,0.9139105,4,8236,397
WNQRSVYANQQWNDNTGLTLQMMRSEEVTGVEAPYEDIPRLVDMQVNRDVPDHTTMEMDMWNDYDD,0.91374046,0.91374046,4,8236,397
ENQRSYTANQQWNDNTGLTLWMMPHEEVTGVEAPYEDIPRLVDMQVNRDCPDDTTWMPDMVNDYDD,0.91372406,0.91372406,4,8236,397
WNQRSHYANQQWNDNTGLTLDMMRSEEVTGVEAPHEDIPRLVRMQVNRDVPDHTTMMPDMVNDYND,0.9136126,0.9136126,4,8236,397
WNQRSHYANQQWNDNTQLSLDCMSSEEVRGVEVPYEDIPRMVRLQVNRDVPFHTTMHYNMYNDYND,0.9134327,0.9134327,4,8236,397
WNQRSVYANQQWNDNTGLTLVMMRSEEVTGEEAPYEYIPRLVRMPVNRDVPDHTTMKLDMVNSYND,0.9128887,0.9128887,4,8236,397
WNQRSVYWNQQWNDNKPLTLQMMRSEEVTGVNAPYEDIPRYVDMQVNRDVPDHTTMMMDMWNDYDD,0.9128859,0.9128859,4,8236,397
WNQRSHYANQQWNDNTQLTLDMMRSEEVRGVENPYEDIPRMVRLQVNRDVPFHTTMHYNMYNDYND,0.91278696,0.91278696,4,8236,397
SNQRSQTANQQCNDNTGLTLVSMRSEEVTGRESPYEDIPRLEDMQVNRDCPDHTTMMPDMVRDYND,0.91274494,0.91274494,4,8236,397
WNQRSVYANQQWNDNTGLTLQMMRSEEVTGVEFPYEDIPRLVDMQVNRDYPDHTTMMMDMWNPYDD,0.91271645,0.91271645,4,8236,397
ENQRSVYANQHWNDNTGLILSMMRSEEMEWVEAPYEDIPRLVDMQVNRDVPDHTTMMPDVVNSYND,0.91224897,0.91224897,4,8236,397
RNQRSIYANQQWNDNTGLTLVMMRSTENEGVEAPYEDIPRLVRMQVNRDVRDHTTAMMDMVNDYND,0.9122269,0.9122269,4,8236,397
ENQRSTYANQQWNDNTGLILSMMKSEEMTQVDAPYEDIPRLVDMQVNRDVPDHTTMMPDMVNSYND,0.91184723,0.91184723,4,8236,397
ENQRSVTANQQINDNTGLTLEKMRHEEGQGDEAPYEPIPRLKDMQVNRDVPDHTTMMPDMVNDYDD,0.97544426,0.97544426,5,10280,496
ENQRSVTANQQINDNRGLTAESMRHEEWQGDEAPYEDWPRLKDMQVNRDVPDHTTMMPDMVNDYDD,0.97431,0.97431,5,10280,496
ENQRSVTANQQINDNTGLTLEKMRHEEGQGDEAPYEPIPNLKDMQVNRDVPDHTTMMPDMVNDYDD,0.97306925,0.97306925,5,10280,496
ENQRSITANQQINDNTGLTLESMRHEEWQGDEAPYEDWPRLKDMQVNRDVPDHTTMMPDMVNDYDD,0.97034174,0.97034174,5,10280,496
ENQRSVTANQQINDNTGLTLESMRHEEWQGDEWPYEDIPRLKDMQVNRDVPDHTTMMPDMVNDYDD,0.9702684,0.9702684,5,10280,496
ENQRSVTANQQINDNTGLTLESMRHEEWQGDEAPYEDWPRLKKMQVNRDVPDHTTMMPDMVNDYDD,0.9701399,0.9701399,5,10280,496
ENQRSVTANQQINDNRGLTLESMRHEEWQGDEAPYEDWPRLKDMQINRDVPDHTTMMPDMVNDYDD,0.9698849,0.9698849,5,10280,496
ENQRSVTANQQINDNTGLTLESMRHEEWQGDPAPYEDWPRLKDMQVNRDVPDHTTMMPDMVNDYDD,0.96978384,0.96978384,5,10280,496
ENQRSVTANQQINDNRGLTLESMRHEEWQGDEAPYEDWPRLKDMQVNRDIPDHTTMMPDMVNDYDD,0.9692457,0.9692457,5,10280,496
ENQRSVTANQQINDNRGLTLESMRHEEWQGDEAPYEDWERLKDMQVNRDVPDHTTMMPDMVNDYDD,0.9682285,0.9682285,5,10280,496
ENQRSVTANQQINDNRGLTLESMRHEEWQGDEAPYEDWPRLKDAQVNRDVPDHTTMMPDMVNDYDD,0.9681119,0.9681119,5,10280,496
ENQRSVTANQQINDNEGLTLESMRHEEWQGDEAPYEDWPRLKDMQVNRDVPDHTTMMPDMVNDYDD,0.96796584,0.96796584,5,10280,496
ENQRSVTANQQINENRGLTLESMRHEEWQGDEAPYEDWPRLKDMQVNRDVPDHTTMMPDMVNDYDD,0.96737516,0.96737516,5,10280,496
ENQRSVTANQQINDNTGLTLESMRHEEWQGDEFPYEDWPRLKDKQVNRDVPDHTTMMPDMVNDRDD,0.96721864,0.96721864,5,10280,496
ENQRSVTANQQINDNTGLTLESMRHEEWQGDEAPYEDIPRLKKMQCNRDVPDHTTMMPDMVNDYDD,0.96694195,0.96694195,5,10280,496
ENQRSVTANQQINDNTGLTLEKMRHEEGQGDEAPYEPIPNLKDMQVNRDVPDHTTMMPDMWNMYDD,0.9663408,0.9663408,5,10280,496
ENQRSVTANQQINDNTGLTLESMRHEEWQGDEAPYEDPPRLKDMQVNRDVPDHTTMMPDMVNDYDD,0.96633106,0.96633106,5,10280,496
ENQRSVTANQQINDNTGLTLESMRHEEWQGDEAPYEDWPRLKDMQVNRDVPDHTWMMPDMVNDYDD,0.9658641,0.9658641,5,10280,496
ENQRSVTANQQIGDNRGLTLESARHEEWQGDEAPYEDWPRLKDMQVNRDVPDHTTMMPDMVNDYDD,0.96585065,0.96585065,5,10280,496
ENQRSVTANQQINDNTGLTLESMRHEEWQGDEAPYEDWPRLKDCQVNRDVPDHTTMMPDMVNDYDD,0.96574336,0.96574336,5,10280,496
ENQRSVTANQQINDNRGLALESMRHEEWQGDEAPYEDWPRLKDMQVNRDIPDHTTMMPDMVNDYDD,0.9657196,0.9657196,5,10280,496
EYQRSYTANQQMNDNTGLDQWPMPHERSEHEEAPPEDIPRLVDMQVNRDCPDQTTWMWDMVNDWDD,0.96539617,0.96539617,5,10280,496
ENQRSVTANQQINDNRGLTLESMRHEEWQGDEAPYEMWPRLKDMQVNRDVPDHTTMMPDMLNDYPD,0.9653376,0.9653376,5,10280,496
ENQRSVTANQQINDNTGLTLRSMRHEEWQGDEAPYEDWPRLKDMQVNRDVPDHTTMMPDMVNDYDD,0.9651572,0.9651572,5,10280,496
ENQRSVTANQQINDNTGLTLESMRHEEWQGDEAPYEDIPRLKDMQVNREVPDHTTMMPDMVNDYDD,0.9650648,0.9650648,5,10280,496
ENQRSVTANQQINDNRGLTLESMRHEEWQGDEAPYEDWPRLKDMQVNRDVPDCTTMQPDMVNDYDD,0.9648416,0.9648416,5,10280,496
ENQRSVTANQQINDNTGLTLESMRHESWQGDEAPYEDWPRLKDMQVNRDVPDHTTMMPDMVNDYDD,0.96464556,0.96464556,5,10280,496
ENQRSVTANQQINDNRGLTLESMRHEEWQGDEAPYEMWPRLKDMQVNRDIPDHTTMMPDMLNDYHD,0.96429724,0.96429724,5,10280,496
ENQRSVTANQQINDNTGLTLESMRLEEWQGDEAPYEDIPRLKDMQVNRDVTDHCTMMPDMVNDYDD,0.96388996,0.96388996,5,10280,496
EHQRSYTCNQQMKDNTGLTLWMMPHEESTGVEAPPEDIPRLVDYQVNRDCPDQTTWMPDMVNDYDD,0.96375066,0.96375066,5,10280,496
ENQRSVTANQQINDNRGLTLESMRHEEWQGDEAPYEDWPRLKDMQVNRDVPDHTTMLPDMVNDYDD,0.9636777,0.9636777,5,10280,496
WEQRSWYANQQWNDNTGLTPKMMRSEEVTGEEAPYEAIPRAERMQVNRTVPDHTTMKLDMVNDYND,0.963581,0.963581,5,10280,496
ENQRSITANQQINDPTGLTLESCRHEEWQGDEAPYEDWPRLKDMQVNRDVPDHTTMMPDMVNDYDD,0.9634367,0.9634367,5,10280,496
EHQRSYYANQQMKDNQHLTLRMWPHEEQAGVEAPPEDIPRLCDYQVNRDCPDQTTWTPDMVNDYDD,0.9633561,0.9633561,5,10280,496
ENQRSVTANQQINDNTGLTLESMRHEEWTGDEAPYEDIPRLKDMQVNRDVPDHTTMMPDMVNDYDK,0.9620771,0.9620771,5,10280,496
ENQRSVTANQQINDNRGLTAESMRHEEWQGDEAPYEDWPRLKDMQVNRDVPDHTTMMPVMVNDYDD,0.96155953,0.96155953,5,10280,496
ENQRSVTANQQINDNRGLTLESMRHEEWQGDEAPYEDWPRLKDMQVNRDVPDETFMMPDMVNDYDD,0.9614032,0.9614032,5,10280,496
ENQRSVTANQQINDNRGLTLESMRHEEWQGDEAPYEMWPRLKDMHVNRDVPDHTTMMPDMWNDYPD,0.9613872,0.9613872,5,10280,496
ENQRSWTANQQWNDNTGLTLWMMRMEEDRGVEAPYEDIDRLVDMNVNRDVPDQTTMMPDQVNDYDD,0.9612041,0.9612041,5,10280,496
SNQRSVTANQQINDNTGLTLESMRHEEWQGDEAPYEDIPRLKDMQVNRDVPDHTTMMPDMVNDYDD,0.96110046,0.96110046,5,10280,496
ENQRSVTANQQINDNTGLTLESMRHEEWTGDEAPYEDIPRLKDMQVNRDVPDHTTMMPDMWNDYDD,0.96090496,0.96090496,5,10280,496
ENQRSWTANQQWNDETGLTLWMMRMEEDRGVEAPYEDIDRLVDMNVNRDVPDQTTMMPDQVNDYDD,0.96055734,0.96055734,5,10280,496
ENQRSVTANQQINDNTGLTLESMRHEEWQGDENPYEDWPRLKDMQVNRDVPDHTTMMPDMVNDYDD,0.96049905,0.96049905,5,10280,496
ENQRSVTANQQINDNTGLTLESMRHEEWQGDEWPYEDIPRLKDMQVNRDVPDHTTMMPDMTNDYDD,0.96016794,0.96016794,5,10280,496
ENQRSVTANQQINDNCGLTLESMRHEEWQGDEAPYEDIPRLKDMQVNRDVPDHTTMMPDMVNDYDD,0.9600355,0.9600355,5,10280,496
ENQRSWTANQQFNDNTGLTLWNMRSEEARGVEAPYEDIPRLVDMNVNRDVPDHTTMPPDQVNDYDD,0.9600319,0.9600319,5,10280,496
ENQRSWTANQQWNDNTGLTLWMMRSEEDRGVEAPYEDIDRLVDMNVNRDVPDQTTMMPDQVNDYDD,0.95998204,0.95998204,5,10280,496
SNQRSQYAHQYWNDNNGLTTESMRSEEETGRESPYEDTPRLVEMQVNRDVPDHSTMMPDMVNDYND,0.9599689,0.9599689,5,10280,496
ENQRSVTANQQINDNRGLTLESMRHEEWQGDEAPYEDWPRLKDMQVNRDVPDHTIMMPDMVNDYDD,0.9598494,0.9598494,5,10280,496
ENQRSWTANQQWNDNTGLTLWMMRSEEDRGVEAPYEDIPRLVDMNVNRDVPDHTTMMPDQVNDYDD,0.95983845,0.95983845,5,10280,496
ENQYSVTANQQINDNRGLTLESMRHEEWQGDEAPYEDWPRLKDMQINRDVPDHTTMMPDMVNDYDD,0.95963246,0.95963246,5,10280,496
ENQRSVTANQQINDNGGLTLESMRHEEWQGDEAPYEDIPRLKDMQVNRDVPDHTTMMPDMVNDYDH,0.95962816,0.95962816,5,10280,496
ENQRSVTANRQINDNRGLTLESMRHEEWQGDEAPYEDWPRLKDMQVNRDVPDHTTMMPDMVNDYWD,0.9596015,0.9596015,5,10280,496
EHQRSYTANQQMKDNTHLTLWMWPHEEQTGVEAPPEDIPRLVDYQVNRDCPDQTTWTPDMVNDYDD,0.9595354,0.9595354,5,10280,496
ENQRSWTANQQWNDNTGLTLWMMRSEEDRGVEAPYEDIDRLVDMNVNRDVPDHTTMMPDQVNDYDD,0.95939857,0.95939845,5,10280,496
ENQRSWTANQQWNDETGYTDWMMRMEEDRGVEAPYEDQDRLVDMNVNRDVPDQTTMMPDQVPDYDD,0.9590739,0.9590739,5,10280,496
ENQRWVTANQQINDNRGLTLESMRHEEWQGDETPYEDWPRLKDMQVNRDVPDHTTMMPDMVNDYDD,0.95829153,0.95829153,5,10280,496
ENQRSWTANQQWNDNTGLTLWMMRSEEVRGNGGPYEDIPRLVDMNVNRDVPDHTTMMRDQVNDYDD,0.957881,0.957881,5,10280,496
ENQRSVYANQQWNDNTKLTRVMMRSEDKKGVLWPYEDINRLVDMQVNRDVPDHTTLMPDMLNDYND,0.9575351,0.9575351,5,10280,496
ENQRSVTANQQINDGTGLTLESMRHEEWQGDEAPNEDIPRLKDMQVNRDVPDHTTMMPDMVNDYDD,0.9574257,0.9574257,5,10280,496
ENQRSVTAVQQINDNTSLTLESMRHEEWQGDEAPYEDWPRLKDMQVNRDVPDHTTMMPDMVNDYDD,0.9571471,0.9571471,5,10280,496
ENQRSVTANQQINDNTGLTLESMRHEEWTGDEAPYEDIPRLDDMQVNRDVPDHTTMMPDMVNDYDD,0.95664746,0.95664746,5,10280,496
SNQRSQYANQQWNDNNGLTLESMRSEEETGRESPYEDIPRLVEMQVNRDVPDHTTMMPDMVNDYND,0.9566422,0.9566422,5,10280,496
ENQRSWTANQQFNDNTGLTLWMMRSEEARGVEAPYEDIPRLVDMNVNRDVPDHTTMPPDQVNDYDD,0.95645773,0.95645773,5,10280,496
ENQRSVTANQQINDNTGLTLESMRHEEWTGDEAPYEDIPRLKDMQVNRDVMDHTTMMPDMVNDYDD,0.95609987,0.95609987,5,10280,496
EHQRSYYANQQMKDNQHLTLRMWPHEEQAGVEAPPEDIPRLCDYQVNRDCPDQTTWTPTMVNDYDD,0.95590746,0.95590746,5,10280,496
ENQRSVTANQQINVNTGLTLESMREEEYQGDEAPYEDIPRLKDMQVNRDVPDHTTMMPDMVNDYDD,0.95587665,0.95587665,5,10280,496
ELQRSVTANQQINDNTGLTLESMRHEEWQGDEAPYEDWPRLKDMQVNRDVPDHTTMMPDMVNDYDD,0.9558517,0.9558517,5,10280,496
ENQRSVYANQQWNDNTGLTLQMMRSEEGKGCEAPYEDIPRLVDMQVNRDVPDHTTMMPDMVNDYND,0.9555773,0.9555773,5,10280,496
ENQRSVTANQQIMDNTGLTLESMRHEEWTGDSAPYEDIPRLKDMQVNRDVPDHTTMMPDMVNDYDD,0.95548576,0.95548576,5,10280,496
ENQRSWTANQQWNDNTGLTLWMMRSEEARGVEAPYEDIPRLVDMNVNRDVPDHTTMPPDQVNDYDD,0.9553094,0.9553094,5,10280,496
ENQRSVTANQQINDNTGLTLELMRHEEWTGDEAPYEDIPRLKDMQVNRDVPDHTTMMPDMVNDYDD,0.954544,0.954544,5,10280,496
ENARSVTANQQINDNQGLTLESMRHEEWQGDEAPYEDIPRLKDMQVNRDVPDHTTMMPDMVNDYDD,0.9544769,0.9544769,5,10280,496
SNQRSQYAHQYWNDNNGLTLESMRSEEETGRESPYEDTPRLVEMQVNRDVPDHTTMMPDMVNDYND,0.9544315,0.9544315,5,10280,496
ENQRSVTANQQINDNTGGTLESMRHEEWQGDEAPYEDWPRLTDMQVNRDVPDHTTMMPDMVNDYDD,0.95432657,0.95432657,5,10280,496
ENQRSWTANGQWNDNTGLTLWMMRSEEVRGNGGPYEDIPRLVDMNVNRDVPDHTTMMRDQVNDYDD,0.95423204,0.95423204,5,10280,496
SNQRSVTANQQINDNTGLTLESMRHEEWTGDEAPYEDIPRLKDMQVNRDVPDHTTMMPDMVNDYDD,0.9542109,0.9542109,5,10280,496
SNQRSQYAHQYWNDNNGLTLESMRSEEETGRESPYEDTPRLVEMQVNRDVPDHSTMMPDMVNDYND,0.95392406,0.95392406,5,10280,496
ENQRSWTANQQWNDETGLTLWMMRMEEDRGVEAPYEDIDRLVDMNVNRDVPDQTTMMPDQVPDYDD,0.95387495,0.95387495,5,10280,496
ENQRSWTANGQWNDNTGLTLWMMQSEEVRGNGGPYEDIPRLVDMNVNRDVPDHTTMMRDQVNDYDD,0.9537462,0.9537462,5,10280,496
ENQRQVTANQQINDNTGVTLESMRHEEWTGDEAPYEDIPRLKDMQVNRDVPDHTTMMPDMVNDYDD,0.9535994,0.9535994,5,10280,496
EKQRSYTANQQMNDNTGLTLWMMPHEESTGVEAPPEDIPRLVDYQVNRDCPDQTTWMPDMVNDYDD,0.9535717,0.9535717,5,10280,496
ENQRSVTANQQINDNTGLWLESMRHEEWTGDPAPYEDIPRLKDMQVNRDVPDHTTMMPDMVNDYDD,0.95351183,0.95351183,5,10280,496
ENQRSVYANQQWNDNTKLTRVMMRSEDKKGVLWPYEDINRLVDMQVNRDVPDHTTMMPDMLNDYND,0.9534832,0.9534832,5,10280,496
ENQRSVTANQQINDNTGLTLESMRHEEWQGLEAPYEDWPRLKKMQVNRDVPDHTTMMPDMVNDYDD,0.9534546,0.9534546,5,10280,496
ENQRSVYANQQWNDNTKLTRVMMRSEEKKGVEWPYEDINRLVDMQVNRDVPDHTTMMPDMVNDYND,0.9531989,0.9531989,5,10280,496
ENQRSVTANQQINDNRGLTLESMRNEEWDRDEAPYEMWPRLKPMHVNTDVPDHTTMMPDMWNDYPD,0.95310634,0.95310634,5,10280,496
ENQRSVTANQQINDNTGLTLESMRGEEWQGDEAPYEDIPRLKDMQVNRDVPDHTTMMPLMVNDYDD,0.952921,0.952921,5,10280,496
EHQRSYYANQQMKDNQHLTLRMWPHEEQAGVEAPPEDKPRLCDYQVNRDCPDQTTWTPTMVNDYDD,0.95290893,0.95290893,5,10280,496
ENQRSVTATQQINDNRGLTLESMRHEEWQGDEAPYMDWPRLKDMQVNRDVPDHTTMMPDMVNDYDD,0.95289606,0.95289606,5,10280,496
WEQRSVYANQQWNDNQNLTLDMMRSEEVTGHEAPYEDYPRLVDMQVNRDWPDHTTMGPDMVNDYND,0.95275646,0.95275646,5,10280,496
WEQRSWYANQQWNDNTGLTLKMMRSEEVTGEEAPYEAIPRAERMQVNRTVPDHTTMKLDMVNDYND,0.952722,0.952722,5,10280,496
ENQRSVYANQQWNDNTKLTRVMMRSEEKKGVLWPYEDINRLVDMQVNRDVPDHTTMMPDMLNDYND,0.9527203,0.9527203,5,10280,496
WNQRSVYANQQWNDNTGWTLKMMRSEEKTQEEAPYEDIPRAERMQVNRDVPDHTTMKDDMVNDYND,0.95269156,0.95269156,5,10280,496
ENQRSWTANQQWNRNTGLTLWYMRSDEVRGVEGPYEDMPRLVDMNVNRDVPDHPTMMPDQVNDYDD,0.95256776,0.95256776,5,10280,496
ENQRSWTANQQWNDNTGLTLWRMRSDECRGVEGPYEDIPRLVDMNVNRDVPDHTTMMPDWVNDYDD,0.952542,0.952542,5,10280,496
EIQRSVTANQQINDNTGLTLESMRHEEWQGDEAPYEDWPRLKDMQVNRDVPDHTTMMPDMVNDYDD,0.9522904,0.9522904,5,10280,496
SNQRSQYANQYWNDNNGLTLESMRSEEETGRESPYEDTPRLVEMQVNRDVPDHTTMMPDMVNDYND,0.95208085,0.95208085,5,10280,496
EHQRSYTANQQMKDNTHLTLWMWPHEEMTGREAPPEDIPRLVDYQVNRDCDDQTTWMPDMVNDYDD,0.9517729,0.9517729,5,10280,496
ENQRSFTANQQINDNTGLTDESIRHEEWQGDQNPYEDHPRLKDMQVNRDVPDHTTMYPDMANDYDD,0.98349714,0.98349714,6,12322,595
ENQRSVTANQQINDNTGLTDESMRHEEWQGDEAPYEDWPRLKKCQVNRDVPDHTTMMPDMVNDYDD,0.9807268,0.9807268,6,12322,595
ENQRSVNANQQINDNTGLTDESMRHEEWQGDEAPYEDWPRLKKCQVNRDVPDHTTMMPDMVNDYDD,0.98030394,0.98030394,6,12322,595
ENQRSYTANQQINDNRGLALESMRHEEWQPDEAPYEDWPRLKDMQMNRDIPDHTTMMPDMVNDYDD,0.97928363,0.97928363,6,12322,595
ENQRSITANQQINDNTGLTLESMRHEEWQGDIWPYESWERLKDFQINRDVPDRTQMMADMVNDYDE,0.97860706,0.97860706,6,12322,595
ENQRSITANQQINDNTGLTGESMRHEEWQGDEAPYEDWPRLKDMQVNRDVPDHTTMMPDMVNDYDD,0.9782779,0.9782779,6,12322,595
ENERSVTANQQINDNTGLTLEKMRHEEGQGDEAPYEPIPRLKDMQVNRRVPDHTTMMPDMVNDYDD,0.97784835,0.97784835,6,12322,595
ENQRSITANQQINDNTGLTLESMRHEEWQGDIWPYESWERLKDFQVNRDVPDRTQMMADMVNDYDE,0.9775678,0.9775678,6,12322,595
ENQRSITANQQINDNTGLTLESMRHEEWQGDIWPYESWERLKDFQVNRDVPDRTQMMPDMVNDYDE,0.9773154,0.9773154,6,12322,595
ENQRSVTHNQQINDNRGLTAESMRRENWQGDEAPYEDWPELKDMQVNRDVPDHTTMMPDMVNDYDD,0.9769868,0.9769868,6,12322,595
ENQRSYTANQQINDNRGLALESMRHEEWQPDEAPYEDWPRLCDMQMNRDIPDHTTMMPDMVNDYDD,0.9768996,0.9768996,6,12322,595
ENQRSITANQQINDNTGLTLEKMRHEEGQGDEAPYEPIPRLKDMQVNRDVPDHTTMMPDMVNDYDD,0.97689295,0.97689295,6,12322,595
ENQRSITANQQINDNTGLTLESMRHEEWQGDIWPYEDWERLKDMQVNRDVPDRTQMMPDMVNDYDE,0.9767279,0.9767279,6,12322,595
ENQRSVTANQQINDNTGLTLESMRHEETQGDEAPYEDWPRLKKMQVNRDVPDHTTMMPDMVNDYDD,0.9765182,0.9765182,6,12322,595
ENQRSITANQQINDNTGLTLESMRHEEWQGDFWPYEDWPRLKDMQVNRDVPDRTQMMPDMVNDYDD,0.9764773,0.9764773,6,12322,595
ENQRSITANQQINDNTGLTLESMRHEEWQGDFWPYEDWERLKDMQVNRDVPDRTQMMPDMVNDYDD,0.97642857,0.97642857,6,12322,595
ENQRSVTANQQINDNTGLTLEKMRHEEGQGDEAPYEPIPRLKDMQVNRDVPDHTTMMYDMVNDYDD,0.9763223,0.9763223,6,12322,595
ENQRSITANQQINDNTGLTLESMRHEEWQGDIWPYEDWERLKDMQVNRDVPDRTQMMPDMVNDYDD,0.97603095,0.97603095,6,12322,595
ENQRSVTANQQINDNTGLTGRSMRNEEWQGDEAPYEDWPRLKDMQVNRDVPDHTTMMPDMVNDYDD,0.9759913,0.9759913,6,12322,595
ENQRSVTANQQINDNRGLTAESMRRENWQGDEAPYEDWPRLKDMQVNRDVPDHTTMMPDMVNDYDD,0.9755593,0.9755593,6,12322,595
ENQRSVTANQQIDDNTGLTLEKMRHEEGQGDEAPYEPIPNLKDMQVNRDVPDHTTMMPDMVNDYDD,0.97480357,0.97480357,6,12322,595
ENQRSVTANQQINDNTGLTLEPMRHEEGQGDEAPYEPIPRLKDMQVNRDVPDHTTMMPDMVNDYDD,0.9747006,0.9747006,6,12322,595
EHQRSYYANQQMKDNQHLTLRMWPHEEQAGQEAPPEYIPRLCDYQVNRDCPDQTTWTPDMVNDYDD,0.9746054,0.9746054,6,12322,595
ENQRSITANQTINDNTGLTLEKMRHEEGQGDEAPYEPIPRLKDMQVNRDVPDHTTMMPDMVNDYDD,0.97448945,0.97448945,6,12322,595
ENQRSVTANQQINDNTGLTLEKMRLEEGQGDEAPYEPIPNLKDPQVNRDVPDHTTMMPDMVNDYDD,0.97422147,0.97422147,6,12322,595
ENQRSWTANQQWNDNTGFTLNMMREDESRGVEGPYEDIPRLVDMNVNRDVPDHTTMMPDQANDYDD,0.9741286,0.9741286,6,12322,595
EYQRSYTANQQMNDNTGLDQSPMPHERSEHEEAPPEDIPRLVDMQVNRDCPDQTTWMWDMVNDWDD,0.97389865,0.97389865,6,12322,595
ENQRSVTANQQINDNTGLTLESMRHEEGQGDEAHYEPIPNLKDMQVNRDVPDHTTMMPDMVNDYDD,0.9738738,0.9738738,6,12322,595
ENQRSVTANQQINDNRGLRLESMRHEEWQGDEAPYEMWPRLKDMNVNRDVPDHTTMWGDMWNDYPD,0.9736737,0.9736737,6,12322,595
ENQRSITANQQINDNTGLTLESMRHEEWQGDFWPYEDWPRLKDMQVNRDVPDRTTMMPDMVNDYDD,0.97359335,0.97359335,6,12322,595
ENQRSVTANQQINDNTGLTLESMRHEETQGDEAPYEDWPRLKKMQVNRDVPDHITMMPDMVNDYDD,0.9734267,0.9734267,6,12322,595
ENQRSVTANQQINDNTGLTLESMRLEEWQGDEAPYEDIPRLKDMQVNRHVTDHCTMNPDMVNDYDD,0.9733879,0.9733879,6,12322,595
ENQRSVTANQQINDNTGLTLESMRHEEWQGDEWPYEDIPRLKDMNVNRDVPDHTTMMPDMVNDYDD,0.9733603,0.9733603,6,12322,595
EHQRSYTANQQMKDNTHLTLEMWPHEEQTGVEAPPEDIPRLVDYQVNRDCPDQTTWTPDMVNDYDD,0.9730812,0.9730812,6,12322,595
ENQRSVTANQQINDNRGLTAESCRHEEWQGDEAPYEDWPRLKDMQVNRDVPDHTTMMPDMVNDYDD,0.97293144,0.97293144,6,12322,595
ENQRSVYANQQICDNRGLTNESMRHEEWQGDEAPYEDWERLKDMQVNRDVPDHTTMYPDMVNDYDD,0.9728693,0.9728693,6,12322,595
ENQRSVTAVQQINDNTSLTQESMRHEEWQGDEAYYEDWPRLKDMQVNRDVPDHTTMMPEMVNDYDD,0.97278893,0.97278893,6,12322,595
EHQRSVTANQQINDNTGLTLESMRHEEWQGDENPYEGWPRLKDMQVNRDVPDHTTMDPDMVNDYDD,0.9727595,0.9727595,6,12322,595
ENQRSITANQQINDNTGLTLESMRHEEWQGDECPYEDWPRLKDMQVNRDVPDHTTMMPDMVNDYDD,0.97257894,0.97257894,6,12322,595
ENQRSVTALQQINDNTSLTQESMRHEEWQGDEAYYEDWPRLKDMQVNRDVPDHTTMMPEMVNDYDD,0.97253966,0.97253966,6,12322,595
ENQRSWTCNQQINDGTELTLESMRHEESQGDEAPNEDIPRLKDMQVNRDVPDHTTMMPDMVNDYMD,0.9724798,0.9724798,6,12322,595
ENERSVTANQQINDNTGLTLEKMRHEEGQGDEAPLEPIPRLKDMQVNRRVPDHTTMMPDMVNDYDD,0.9724027,0.9724027,6,12322,595
ENQRSVTANQQINDNTGLQLESMRNEEWQGDEAPYEDIPRLKDMQVNRDVPDHTTMMPDMVNDYDD,0.9723331,0.9723331,6,12322,595
ENQRSVNANQQINDNTGLTDESMRHEEWQGDEAPYEDWPRLKKCQVNRDVPDHTTTMPDMVNDYDD,0.9723044,0.9723044,6,12322,595
ENQRSITANQQINDNTGLTLESMRHEEWQGDFWPYEDWPRLKDMQVNRDVPDHTTMMPDMVNDYDD,0.9722205,0.9722205,6,12322,595
ENQRSVTANQQINDNRGLTAESMRHEEWQGDEAPYEDWPRLKDMQVNRDVPDHTTMMEDMVNDYDD,0.9720523,0.9720523,6,12322,595
ENQRSVTANQQINDNTGLTLESMRHEEWQQDEAPYEDPPRLKDMQVNRDVPDHTTMMPDMVNDYDD,0.97203743,0.97203743,6,12322,595
ENQRSYTANQRINSNRGLALESMRHEEWQRDEALYEDWPRLCDMQMNRDIPDHTEMMPDMVNRYDD,0.9719387,0.9719387,6,12322,595
ENQRSVTANRQINDNRGLTPESMRHEEWQGDEAPYEDWPRLKDMQVNRDVPDHTTMMPDMVNDYWD,0.97192746,0.97192746,6,12322,595
ENQRSYTANQRINSNRGLALESMRHEEWQRDEALYEDWPRLCDMQMNRDIPDHTEMMPDMVNDYDD,0.9719045,0.9719045,6,12322,595
ENQRSYTANQRINDNRGLALESMRHEEWQRDEALYEDWPRLCDMQMNRDIPDHTTMMPDMVNDYDD,0.9718159,0.9718159,6,12322,595
ENQRSWTANQQWNDETGLTLWMMRMEEDRANEAPYEDIDRLVDMNVNRDVPDQTTMMPDQVNDYDD,0.97150975,0.97150975,6,12322,595
ENQRSVTANQQINDNRGLTLESMPHEEWQGDECPYEDWPRLKDMQVNRDVPDHTTMMPDMYNDYDD,0.9715016,0.9715016,6,12322,595
ENQRSVTAVQQINDNTSLTQESMRHEEWQGDEAYYEDWPRLKDMQVNRDVPDHTTMMPDMVNDYDD,0.971412,0.971412,6,12322,595
ENQRSVTANQQINDNTGLTLESMRHEEWQGDEWPYEDIPRLKDMQINRDVPDHTTMMPDMVNDYDD,0.971365,0.971365,6,12322,595
ENQRSVTANQQINDNRGLTLESMRHEEWQQDEAPYEDWPRLKDMQVNRDVPDCTTMQPDMVNDYDD,0.97114617,0.97114617,6,12322,595
ENQRSWTAYQQWNDNTGFTLNMMREDESRGVEGPYEDIPRLVDMNVNRDCPDHTTMMPDQANDYDD,0.97114044,0.97114044,6,12322,595
ENQRSVTANQQINDNTGLTLESMRHEEWQGDEWPYEDIPRLKDMQVNRDVPDHTTMMPDMVNDYED,0.9711393,0.9711393,6,12322,595
ENQRSYTANQRINDNRGLALESMRHEEWQPDEALYEDWPRLCDMQMNRDIPDHTTMMPDMVNDYDD,0.9711287,0.9711287,6,12322,595
ENQRSVTANQQINDNTGLTGRSMRNEEWQGDEAPYEDWPRLKDMQVNRDVPDHTTMMPDMVNDYDT,0.97108835,0.97108835,6,12322,595
ENQRSVTANQQINDNTGLTLEKMRHEEGQGDETPYEPIPNLKDMQVNRDVPDHTTMMPDMVNDYDD,0.9709338,0.9709338,6,12322,595
ENQRSVTANQQINDNTGLTLESMRLEEWQEDEAPYEDIPRLKDMQVNRDVTDHCTMMPDMVNDYDD,0.97090596,0.97090596,6,12322,595
ENQRSVTANQQINDNRGLTAESMRHEEWQGDKAPYEDWPRLKDMQVNRDVPDHTTMMPDMVNDYDD,0.9707391,0.9707391,6,12322,595
ENQRSITANQQINDNTGLTLESMRDEEWQGDEAWYEDWPRLKDMQVNRDVPDHTTMMPDMVNDYDD,0.9704982,0.9704982,6,12322,595
ENQRSVTANQQINDNRGLTLESMRHEEWQGDEAPYEDWPRLKDMQVNRDVPDHTTMMPDMYNDYDD,0.9704927,0.9704927,6,12322,595
ENQRSVTARQQINDNRGLTLESMRHEEWQGDEAPYEDWPRLKDMQINRDVPDHTTMMPDMVNDYDD,0.970464,0.970464,6,12322,595
ENQRSVTANQQINDNLGLGLESMRNEEWQQDEAPYEAPPRLKDMGVNRDVPDHTTMMPDMVNDYDD,0.9704377,0.9704377,6,12322,595
ENQRSWTAYQQWNDNTGFTLNMMREDESRGVEGPYEDIPRWVDMNVNRDCPDHTTMMPDQANDYDD,0.9704353,0.9704353,6,12322,595
ENQRSITANQQINDNTGVTLESMRHEEWQGDECPYEDWPRLKDMQVNRDVPDHTTMMPDMVNDYDD,0.9704311,0.9704311,6,12322,595
ENQRSVTCNQQINDNTGLTLESMRHEEWQGDEAPYEDWPRLKDMQVNRDVPDHTTMMPDMVNDYDD,0.97036284,0.97036284,6,12322,595
ENQRSVTANQQINDNRQLTLESMRHEEWQGDEAPYEMWPRLKDMQVNRDVPDHTTMMPDMLNDYPD,0.9703579,0.9703579,6,12322,595
ENQRSVTANQQINDNRGLRLESMRHEEWQGDEAPYEMWPRLKDMNVNRDVYDHTTMWGDMWNDYPD,0.9703433,0.9703433,6,12322,595
ENQRSVTANQQINDNTGLTLESMRLEEWQGQEAPYEDIPRLKDMQVNRHVTDHCTMNPDMVNDYDD,0.9702303,0.9702303,6,12322,595
EHQRSYYANQQMKDNQHLTLRMWPHPEQTGVEAPPEDIPRLCDYQVNRDCPDQTTWTPDMVNDYDD,0.97022384,0.97022384,6,12322,595
ENQRSVTANQQINPNTGLQLESMRNEEWGGDEAPDEDIPRLKDMQVNRDVQDHTTMMKDMVNDYDD,0.97015834,0.97015834,6,12322,595
ENQRSVTANQQINDNTGLQLESMRHEEWQGDEAPYEDIPRLKDMQVNRDVPDHTTMMPDMVNDYDD,0.9701297,0.9701297,6,12322,595
ENQRSVTANQQINDNTGLTLESMRHEEWQGDEAPYEDWDRLKKMQVNRDVPDHTTMMPDMVNDYDD,0.97010875,0.97010875,6,12322,595
ENARSVTANQQINKNRGLTAESMRHEEWQRDEAPYEDWPRLKDMQVNRDVPDHTTMMPDMVNDYDD,0.9700796,0.9700796,6,12322,595
ENQRSVTANQQINDNRGLTLESMRHEEWQGDEAHYEDWPRLKDMQVNRDIPDHTTMMPDMVNDYDD,0.9698962,0.9698962,6,12322,595
ENQRSVTANQQINDNYGLGLESMRHEEWQQDEAPYEAPPRLKDMQVNRDVPDHTTMMPDMVNDYDD,0.9698603,0.9698603,6,12322,595
ENQRSVTANQQINDNRELTLESMRHEEWKGDEHPYEMWPRLKDMQVNRDVPDHGTMMPDMLNDYPD,0.96979004,0.96979004,6,12322,595
ENQRSWTANQQWNDETGLTLWIMRMEEDRANEAPYEDIDRLVDMNVNRDVPDQTTMMPDQVNDYDD,0.9697818,0.9697818,6,12322,595
EHRRSYYHNQQMKDNQHLTLRMWPHEEQAGVEAPNEDIPRLCDYQVNRDCPDQTTWNPDMVNDYDD,0.9696042,0.9696042,6,12322,595
ENQRSVTANQQINDNTGLTLESMRHEEWQGDEFPYEDWPRLKDKQVNRDVPDHTTMMPDLVNDRDD,0.96949434,0.96949434,6,12322,595
ENQRSVTANQQINDNTELPLESMRHEEWQGDEAPYEDIPRLKDMQVNREVPDHTTMMPDMVNDYDD,0.9694625,0.9694625,6,12322,595
ENQRSVTANQQINDNTGLTLEKMRHEEGQGDEAPREPIPNLKDMQVNRDVPDHTHMMPDMVNDYDD,0.9693786,0.9693786,6,12322,595
ENQRSVTANQQINDNYGLGLESMRHEEWQQDEAPYEDPPRLKDMQVNRDVPDHTTMMPDMVNDYDD,0.9693701,0.9693701,6,12322,595
EHRRSYYHNQQMKDNQHLTLRMWPHEEQAGVEAPPEDIPRLCDYQVNRDCPDQTTWTPDMVNDYDD,0.96929383,0.96929383,6,12322,595
EYQRSYTANQQMNDNTGLDQSPMPHERSEHEEAPPEVIPRLVDMQVNRDCPDQTTWMWDMVNDWDD,0.96927077,0.96927077,6,12322,595
ENQRSVTANQKINDNRGLTLESMRHEEWQGDEAPYEDWPRLKDMQVNRDVPDHTTMLPDMVNDYDD,0.96915114,0.96915114,6,12322,595
ENQRSVTANQQINDNRGLTLESMRHEEWKGDEAPYEMWPRLKDMQVNRDVPDHTTMMPDMLNDYPD,0.96913,0.96913,6,12322,595
ENQRSWTANQQFNDNTGLTLWMMRSEEARGTERPYEDIPRLVDMNVNRDVPDHTTMPPDQVNDYDD,0.9690925,0.9690925,6,12322,595
ENQRSVTANQQINDNRGLTLESMRHEEWQGDEAPYEDWPRLKDMQINRDMPDHTTMMPDMVNDYDD,0.9690396,0.9690396,6,12322,595
ENKRSVTANQQINDNTGLTLESMRHEEWQGDPAPLEDWPRLKDMQVNRDVPDHTTMMPDMVNDYDD,0.96894616,0.96894616,6,12322,595
ENPRSVTANQQINDNTGLTLESWRQEEWQGDEAPYEDIPRLKDMQVNREVPDHTTMMPDMVNDYDD,0.96893364,0.96893364,6,12322,595
ENQRSVTANEQINDNTGLTLRSMRHEEWQGDEAPYEDWPRLKDMQVNRDVPDHTTMMPDMVNDYDD,0.9688357,0.9688357,6,12322,595
ENQRSVTANQQINDNTGLTLESMRHEEWQGDEAPYEDWPRLKDMQVNRDVPDHTTMMPDFVNDYDD,0.96879536,0.96879536,6,12322,595
ENQRSVTANQQINDNTGLTLEKMRLEEGQGDEAPYEPIPNLKDPQVNRDVPDHTTMMPDMTNDYDD,0.9685886,0.9685886,6,12322,595
ENQRSVTANQQINDNFGLTDESMRHEEWTGDEAPYEDIPRLKDPQVNRDVPDHTTMMPDMVNDYDK,0.9685016,0.9685016,6,12322,595
RNQRSVTANRQFNDNRGLGDESMRHEEWDGDEWPYEDWPQLKDMQCNRCLPDHTTMRPDMVNDWWD,0.9825544,0.9825544,7,14380,694
RNQRSVTANRQFNDNRGLGDESMRHEEWDGDEWPYEDWPRLKDMQCNRCVPDHTTMRPDMVNDWWD,0.9822833,0.9822833,7,14380,694
ENQRSVTANQQINDNTGLTEESMRHEEWQGDEAPYEDEPRLKDCQVNRDVPDHTTMMYDMVNDYDD,0.98093706,0.98093706,7,14380,694
ENQRYVTANQQINDNRGLTDESMRHEEWQGDEAPEEDWPRLKDMQVNRDVWDHTRMMPDMVNDYDD,0.98002726,0.98002726,7,14380,694
ENQRSVTANQQINDNRGLTLESMRHEEWQGDEAPYEDWPRLKDMQINRDVPDHTTMRPDMVNDYDD,0.9794377,0.9794377,7,14380,694
ENQRYVTANRQINDNRGLTDQSMRHEEWQGDEAPEEDWPRLKDMQVNRDVWDHTRMMPDMVNDYDD,0.979287,0.979287,7,14380,694
ENQRSVTANQQINDNRGLTAESMRHEEWQGDEAPEEDWPRLKDMQVNRDVPDHTRMMPDMVNDYDD,0.97921926,0.97921926,7,14380,694
ENQRYVTANQQINDNRGLTDQSMRHEEWQGDEAPEEDWPRLKDMQVNRDVWDHTRMMPDMVNDYDD,0.9786088,0.9786088,7,14380,694
ENQRSVTANQQINDNTGLTLESMRHEENQGDEAPYEDWPRLKKMQVNRDVPDHTTMMPDMVNDYDD,0.9783612,0.9783612,7,14380,694
ENQRSVTANQQINDNRGLTSESMRHEEWQGDEAPYEDWPRLKDMQVNRDVGDHTTMMPDMVNDYDD,0.9776939,0.9776939,7,14380,694
ENQRSVTANQQINDNRGLTSESMRHEEWQGDEAPYEDWPRLKDMQVNRDVPDHTTMMPDMVNDYDD,0.97766453,0.97766453,7,14380,694
ENQRSVTANQQINDNTGLTLEKMRHEEGQGDETPYEPIPNLKDMQVNRDVPDHTTMEPDMVNDYDD,0.9773342,0.9773342,7,14380,694
RNQRSVTANRQFNDNRGLGDESMMHEEWDGDEWPYEDWPQLKDMQCNRCLPDHTTMRPDMVNDWWD,0.9768618,0.9768618,7,14380,694
ENQRSVTANRQFNDNRGLTDESMRHEEWQGDEAPYEDWPRLKDMQVNRCVPDHTTMRPDMVNDYWD,0.9768101,0.9768101,7,14380,694
ENQRSVTANQQINDNTGLTLESMRHEEPQGDEAPYEDWPRIKKMQVNRDVPDHTTMMPDMVNDYDD,0.97667557,0.97667557,7,14380,694
ENQRSVTANQQINDNTSLTLRSMRHEEPQGDEAPYEDWPRLKDMQVNRDVPNHTTMMYDMVNDYDD,0.976232,0.976232,7,14380,694
ENQRSVTANQQINDNRGLTLESMRHEEWQGDEAPYTDWPRLKDMQINRDVPDSTTMRPDMVNDYDD,0.97599274,0.97599274,7,14380,694
EDQRSYTANQQMNDNTGLDQWPMPHERSEHEEAPPEDIPRLVDMQLNRDCPDQTTWMWDMVNDWDD,0.975973,0.975973,7,14380,694
ENQRSVTANRQINDNRGLTDESMRHEEWQGDEAPYEDWPRLKDMQVNRCVPDHTTMRPDMVNDYWD,0.9759685,0.9759685,7,14380,694
ENQRSVTANQQINDNRGLTLESMRHEEWQGDEAPYTDWPRLKDMQINRDVPDHTTMRPDMVNDYDD,0.9757522,0.9757522,7,14380,694
RNQRSVTANRQFNDNRGLGDESMMHEEWDGDEWPYEGWPQLEDMQCNRCLPDHTTMRPDMVNDWWD,0.97572845,0.97572845,7,14380,694
ENQRSVTCTQQINDTTGLTLESMRHEEWQGDTAPYEDWPRLKDTQVNRDVPDHTTLQPDMVNDYDD,0.97542727,0.97542727,7,14380,694
ENQRSHTANQQINDNTGLTLEKMRHEEGQGDEAPYEPIPNLKDMQVNRDVPDHTTMMPDMVNDYDD,0.9752431,0.9752431,7,14380,694
ENQRSVTANQQINDNTGLTLESMRHEEKQGDEAPYEDIPRLKKMQCNRDVPDHTTMMPDMVNDYDD,0.97504777,0.97504777,7,14380,694
ENQRSVTCTQQINDTTGLTLESMRHEEWQGDTAPYEDWPRLKDTQVNRDVPDHTTLQPDMVNDADD,0.9748488,0.9748488,7,14380,694
EYQRSYTANQQMNDNTGLDQWPMPHERSEHEEAPPEDYPRLVDMQVNRDCPDQTTWMWDMVNDWDD,0.97482,0.97482,7,14380,694
ENQRSVTCTQQINDNTGLTLESMRHEEWQGDEAPYEDWPRLKDTQVNRDVPDHTTMQPDMVNDYDD,0.9748043,0.9748043,7,14380,694
ENQRSVTANQQINDNRGLTSESMRHEEWQGGEAPYEDWPRLKDMQVNRDVGDHTTMMPDMVNDYDD,0.97470504,0.97470504,7,14380,694
EHQRSYTCNQQMKDNTGLTLNMMPHEESTGVEAPPEDIPRLVDYQVNRDCPDQTTWMPDMVNDYDD,0.97467345,0.97467345,7,14380,694
ENQRSVTANQQINDNRGLDLESMRHEEWQGDEAPYEDWPRLKDAQVNRDVPDHTTMMPDMVNDYDD,0.9746054,0.9746054,7,14380,694
EYQRSYTANQQMNDNTGLDQRPMPHERSEHEEAPPEDIPRLVDMQVNRDCPDQTTWMWDMVNDWDD,0.9745224,0.9745224,7,14380,694
ENQRSVTANQQINDNTGLTLESMRHEEWQGDSAPYEDWPRLKDMQVNRDVPDHTTMAPDMVNDYDD,0.97407824,0.97407824,7,14380,694
ENQRSVTANQQINDNRGLALESMRHEEWQGDEGPYERWSRLKDMDVNRDIPDHTTMMPDMVNDYDD,0.9740612,0.9740612,7,14380,694
ENQRSVTCNQQINDNTSLTLRSMRHEEPQADECPYEDWPRLSDMQVNRDVPNHTTMMYDMVNDYTD,0.9740117,0.9740117,7,14380,694
ENQRSVTANQQINDNTGLTLESMRHEEWQGDEFPYEDWPRLKDKQVNRDVPDHTTMMPDMVNDYDD,0.9739226,0.9739226,7,14380,694
RNQRSVTANRQFNDNRGLGDESMRHEEWTGDEAPYEDWPRLKDMQVNRCVPDHTTMRPDMVNDYWD,0.9739204,0.9739204,7,14380,694
ENQRYVTANRQINDNRGLTDQSMRHEEWQGDEAPEEDWPRLKDMQVNRDVWDHTRMMPDHVNDYDT,0.9738723,0.9738723,7,14380,694
ENQRSVTANQQINDNRGLTSESMRHEEWQGGEAPYEMWPRLKDMQVNRDVGDHTTMMPDMVNDYDD,0.97379035,0.97379035,7,14380,694
SNQRSVTANQQINDNTGLTEESMRQEEWTGDEAPYEDIPRLKDMQVNRDVPDHTTMMPDMVNDYDD,0.9735258,0.9735258,7,14380,694
ENQRSVTATQQINDNTGLTLESMRHEEWQGDEAPYEDWPRLKDTQVNRDVPDHTTMQPDMVNDYDD,0.9733291,0.9733291,7,14380,694
ENQRSVTANQQINDNRGLTAESMRHEEEQGDEAPYEDWPRLKDMQVNRDVPDHTTMMPVMVNDYDD,0.97311395,0.97311395,7,14380,694
RNQRSVTANRQFNDNRGLGDESMRHEEWTGDEAPYEDWPRLKDMQVNRCVPDHTTMRPDMVNDWWD,0.9730684,0.9730684,7,14380,694
ENQRRVTANQQINDNTGLTLESMRHEETTGDEAPYECIPRLRDMQVNRDVRDHTTMMPDMVNDYDD,0.9728854,0.9728854,7,14380,694
ENQRSVTANQQINDNRGLTLESMRHEEWKGDEVPYEDWPRLKDQQVNRDVPDHTSMMPDMVNDYDD,0.97287726,0.97287726,7,14380,694
ENQRSVTANRQINDNRGLTLESMRHEEWQGDEAPYEDWPRLKDMQVNRDVPDHTTMRPDMVNDYWD,0.9727859,0.9727859,7,14380,694
ENQRSVTANQQIKDNRGLTLESMRHEEWQGDEARYEDWPRLKDMQVNRDIPDHTTMMPDMVNDYDD,0.97268325,0.97268325,7,14380,694
ENQRSHTANQQINDNTGLTLEKMRHEEGPGDEAPYEPIPNLKDMQVNRDVPDHTTMMPDMVNDYDD,0.97245437,0.97245437,7,14380,694
ENQRSVTANQQINDNEQLTLESMRHEEWQGDEAPYEDWPRLKDMQVNRDVPDHTTMMPDMVNDYDD,0.97236484,0.97236484,7,14380,694
ENQRSVTANQQINDNTSLTLRSMRHEEPQCDECPYEDWPRLSDMQVNRDVPNHTTMMYDMVNDYDD,0.9723359,0.9723359,7,14380,694
ENQRSVTANQQINDNTPLTLESMRHEEWQGDEWPYEDIPRLKDMQVNRDVPDHTTMMPDMVNDYDD,0.97197837,0.97197837,7,14380,694
ENQRSVTANQQINDNTGLTLESMRHEEWQGDEFPYEDWPRLKDMQVNRDVPDHTTMMPDMVNDYDD,0.97196287,0.97196287,7,14380,694
ENQRSVTANQQINDNRGLTLESFRHEEWQGDEAPWEDWPRLKDMQINRDVPDHNTMMPDMVNDYDD,0.9719607,0.9719607,7,14380,694
ENQRSVTANQQINDNTGLTLEKMRHEEGQGDEAPYEPIPNLKDMQVNRDVPDHTTMMPDHVNDYDD,0.971958,0.971958,7,14380,694
ENQRSWTANQQWNDETGYTDWMMRMEEDRGPEAPYEDQDRLVDMRVNRDVPDQTTMMPDFVPDYDD,0.9718831,0.9718831,7,14380,694
ENQRSWTANQQWNDNTGLTLWMMRMEEDRGQEAPYEDIDRLVDMNVNRDVPDQTTMMPDQVNDYDD,0.9718461,0.9718461,7,14380,694
ENQRRVTANQQINDNTGLTLESMRHEETTGDEAPYKCIPRLRKMQVNRDVRDHTTMMPRMVNDYDD,0.9717106,0.9717106,7,14380,694
EYQRSYTANGQMNDNTGLMQWPMPHERSEHEEAPPEDYPRLADMQVNRDCPDQTTWMWDMVNDWDD,0.97168803,0.97168803,7,14380,694
ENQRSVTANQQIGDNRGLTLESARHEEWQGDEAPYEDWPRLKDMDVNRDVPDHTTMMPDMVNDYDD,0.97167915,0.97167915,7,14380,694
ENQRSVTANQQINDNTPLTLESMRHEEWQGDEWPYDDIPRLKDMQVNRDVPDHTTMMPDMVNDYDD,0.9716737,0.9716737,7,14380,694
ENQRSVTANQQINDNTGLTLEKMRHEEGQGDEAPYEPIIRLKDMQVNRDVPDHTTMMPDMVNDYDD,0.97161734,0.97161734,7,14380,694
EHQRSYTCNQQMEDNTGLTLNMMPHEESTGVEAPPEDIPRLVDYQVNRDCPDQTTWMPDMVNDYDD,0.9715456,0.9715456,7,14380,694
ENQRSVTANQQINDNRGLNLKSMRHEEWQGDEAPYEDWERLKDMQVNRDVPDHTTMMPDMVNDYDD,0.9715189,0.9715189,7,14380,694
ENQRSVTANQQINDNRGLTLESMRHEEHQGDEAPYEDWPGLKDMQVNRDVPDHTTMMPDMVNDYDD,0.9714292,0.9714292,7,14380,694
ENQRSVTANQQIGDNRGLTLESARHEEWQGDLAPYEQWPRLKDMDVNRDVPDHTTMMPDMVNDYDD,0.97141606,0.97141606,7,14380,694
ENQRSVTANQQINDNRGLTLESMRHEEWQGDEWPYEDWPRLKDMQVNRDVPDHTTMMPDMVNDYDD,0.9713624,0.9713624,7,14380,694
ENQRSVTANQQINDNTGLTLESMRHEEWQGDEAPYEDWPRLKKMQVNRDVPDHTTMMWDMVNDYDD,0.97132283,0.97132283,7,14380,694
ENQRSVTANQQINDNRGLTLESMRHEEHQGDEAPYNKWPGLKDGQVNRDVPDHTTMMPDMVNDYDD,0.9712928,0.9712928,7,14380,694
ENQRSVTANQQINDNRGLTAESMRHEEWQGDEAPYSDWPRLKDMQVNRDVPDHTTMMPDMVNDYDD,0.9712842,0.9712842,7,14380,694
ENQRSVTANQQINDNTGLQLEKMRHEEHQGDEAPYEPIPNLKDMQVNRDVPDHTTMMPDMWNMYDD,0.97126627,0.97126627,7,14380,694
ENQRSWTANQQWNDETGYTDWMMRMEEDRGPEAPYEDQDRLVDMNVNRDVPDQTTMMPDQVPDYDD,0.9711962,0.9711962,7,14380,694
EDQRSYTANQQMNDNTRLDQWPMPHERSEHEEIPPEDIPRLVDMQLNRDPPDQTTWMFDMVNDWDD,0.97109896,0.97109896,7,14380,694
ENQRSRTANQQINDNTGLTLEKMRHEEGQGDEAPYEPIPNLKDMQVNRDVPDHTTMMPDMVNDYDD,0.97089976,0.97089976,7,14380,694
ENQRSWTANQQWNDETGYTDWMMRMEEDRGPEAPYEDQDRLVDMNVNRDVPDQTTMMPDFVPDYDD,0.9708645,0.9708645,7,14380,694
ENQRSITANQQINDNTGLTLESMRHEEWQGDEAPYEDWPRLKDMQVNRDVPEHTTMMPDMVNDYDD,0.9708638,0.9708638,7,14380,694
ENQRSVTANQQINDNRGLALESMRHEEWQGDEAPYERWSRLKDMQVNRDIPDHTTMMPDMVNDYDD,0.97085786,0.97085786,7,14380,694
ENQRSVTANQQINDNEQLTLESMRHEEWQGDEAWYEDWPRLKDMQVNRDVPDHTTMMPDMVNDYDD,0.9707944,0.9707944,7,14380,694
ENQRSVTANQQINDNRGLTLESMRHEEWQGDEAPWEMWPRLKDMQVNRDIPDHTPMMPDMLNDYHD,0.97070134,0.97070134,7,14380,694
EHQRSYTCNQQMEDNTGLTLNMMPHEEGTGVEAPPEDIPRLVDYQVNRDCPDQTTWMPDMVNDYDD,0.9706926,0.9706926,7,14380,694
ENQRSVTANQQINDNTGLTEESMRHEEWQGDEAPYEDEPRLKDCQVNRDVPLHTTMMYDMVNDYDD,0.97065455,0.97065455,7,14380,694
ENQRSVTANQQINDNRGLALESMRHEEWQGDEAPYERWPRLKDMQVNRDIPDHTTMMPDMVNDYDD,0.97049683,0.97049683,7,14380,694
ENQRSVTANQQINDNRGLTLESMRHEEWQGDEARYEDWPRLKDMQVNRDIPDHTTMMPDMVNDYDD,0.9704751,0.9704751,7,14380,694
ENQRSVTANQQINDNTGLTLEKMRCEEGQGDEAPYEPIPRLKDMQVNRDVPDHTTMMPDMVNDYDD,0.9704564,0.9704564,7,14380,694
ENQRPVTANQQIGDNRGLTLESARHEEWQGDLAPYEQWPRLKDMDVNRDVPDHTTMMPDMVNDYDD,0.97042006,0.97042006,7,14380,694
EQQRSVTANQQINDNTGLTLESMRHEEWQGDEAPYEDWPRLMDMQVNRDVPDQTTMMPDMVNDYDD,0.9704167,0.9704167,7,14380,694
ENQRSVTANQQINDNTGLTLESMRHEEWQGDEFPYEDWPRLKDMQVNRDVPDHTWMMPDMVNDYDD,0.9704071,0.9704071,7,14380,694
ENQRSVTANQQIRDNRGLTLESMRHEEWQGDEAPYEDWPRLKDMQVNRDIPDHTTMMPDMVNDYDD,0.9703254,0.9703254,7,14380,694
ENQRSVTANQQINDNTGLTLESMRHEEWQGDEAPYEDFPRLKDMQVNRDVPDHTTMMPDMVNDYDD,0.97031534,0.97031534,7,14380,694
EHQRSYYANQQMKDNQHLTLRMWPHEEQAGVEAPPEDIPRYPDYQVNRDCPDQTTWTPDMVNDYDD,0.9703043,0.9703043,7,14380,694
EDQRSYTANQQMNDNTGLDQWPMPHERSEHEEIPPEDIPRLVDMQLNRDCPDQTTWMFDMVNDWDD,0.9702867,0.9702867,7,14380,694
ENQRSVTANQQINDNTGLTLESMRHEEWQGDEWPYEFIPRLKDMQVNRDVPDHTTMMPDMVNDYDD,0.9702738,0.9702738,7,14380,694
ENQRSVTANQQINDNTGLQLERMRHEEHQGDEAPYEPIPNLKDMQVNRDVPDHTTMMPDMWNMYDD,0.9701901,0.9701901,7,14380,694
ENQRSVTANQQINDNTGLTLESMRHEEWQGDPAPYEDWTRLKDMQVNRDVPDHTTMMPDMVNDYDD,0.9701679,0.9701679,7,14380,694
ENQRSVTANQQINDNTGLTLESMRHEEWQGDPAPYEDWPRLKDMQVNRGVPDHTTMMPDMVNDYDD,0.97015935,0.97015935,7,14380,694
ENQRSVTANQQINDNTGLTLESMRHEEWQGDEWPYEDIPRLKDMQVNRDVNDHTTMMPDMVNDYDD,0.9701522,0.9701522,7,14380,694
EHQRSYTCNQQMEDNTGLTLNMMPHEENYGVEAPPEDIPRLVDYQVNRDCPDQTTWMPDMVNDYDD,0.9701084,0.9701084,7,14380,694
ENQRSVTANQQINDETGLTLESMRHEEWQGDEAPYEDWPRLKKMQVNRDVPDHTTMMPDMVNDYDD,0.97004604,0.97004604,7,14380,694
ENQRSVYANQQWNDNTKLTRVMMRSEDKKGNLWPYEDINRLVDMQVNRDVPDHTTLMPDMLNDYND,0.9699174,0.9699174,7,14380,694
ENQRSVTANQQINENRGLTLESMRHEEWQGDEAPYEDYPRLKDMQVNRDVPDHTTMMPDMVNDYDD,0.96986246,0.96986246,7,14380,694
ENQRSVTANQQISDNEGLTLESMRHEEWQGDEAPYEDWPRLKDMQVNRDVPDHTTLMPDMVNDYDD,0.9698232,0.9698232,7,14380,694
ENQRRVTANQQINDNTDLTGESMRHEEWQGDPAPYEDWPRLKDMQVNRDVPDRTTMMPDMVNDYDD,0.98249245,0.98249245,8,16420,793
ENQRSVTANQQINDNTGLTQEKMRHEEGQGDEAPYEPIPRLKDMQVNRDFPDHTTMMPDMVNDYDD,0.98214066,0.98214066,8,16420,793
ENQRSYTANQTINDNRGLTAESMRHEEWQGDEAPYEDWPRLKDMQVNRDVPDHTTMMPDMVNDYDD,0.98116106,0.98116106,8,16420,793
ENQRSVTANQQINDNTGLTKESMRHEEWQGDEAPSEDAPRLKKMQVNRDVPDHTTMAPDMVNDYDD,0.9799321,0.9799321,8,16420,793
ENQRSVTANQQIKDNTGLTEESMRHEEWQGDEFPYEDIPSLKDMQVNRDVPDHTTMMPDMINNYDD,0.9798569,0.9798569,8,16420,793
ENQRSVTANQQINDNRGLTLESMRHEEWQNDEAPYEDWPRLKDMQINRDVPDHTTMTPDMVNDYDD,0.9787852,0.9787852,8,16420,793
ENQRSITANQQINDNTGLTLESMRHEENQGDEAPYEDWPRLKDMQVNRDVPDHTTMMPDMVNDYDD,0.9787805,0.9787805,8,16420,793
ENQRSVTANQQINDNTGLTEESMRHEEWQGDEFPYEDIPSLKDMQVNRDVPDHTTMMPDMINNYDD,0.9782654,0.9782654,8,16420,793
ENQRSVTANQQINDNTGLTEESMRHEEWQGDEAPYEDIPRLKDMQVNRDVPDHTTMMPDMVNNYDD,0.9782055,0.9782055,8,16420,793
ENQRSVTANQQINDNTGLTKESMRHEEWQGDEAPSEDAPELKKMQVNRDVPDHTTMAPDMVNDYDD,0.97803074,0.97803074,8,16420,793
ENQRSVTANQQINDNTGLTEESMRHEEWQGDEAPYEDIPRLKDMQVNRDVPDHTTMMPDMVNDYDD,0.9780117,0.9780117,8,16420,793
ENQRSVTANQQINDNTGLTLESMRHEEWQGDEAPYEDAPRLKKMQVNRDVPDHTTMNPDMVNDYDD,0.97786707,0.97786707,8,16420,793
ENQRSVTANQQINDNTGLTGESMRHEEWQGDPAPYEDWPRLKDMQVNRDVPDHTTMMPDMVNDYDD,0.97786397,0.97786397,8,16420,793
ENQRSVTANQQINDNTGLTEESMRHEEWQGDEFPYEDIPSLKDMQVNRDVPDHTTMMPDMVNNYDD,0.9774894,0.9774894,8,16420,793
ENQRSVTANQQINDNTGLTQEKMRHEEGQGDEAPYEPIPRLKDMQVNRDFADHTTMMVDMVNDYDD,0.97715354,0.97715354,8,16420,793
ENQRSVTANQQIGDNRGLQLESARHEEWQGDEAPYEDWPRLKDMQVNRDVPDHTTMDPDMVNDYDD,0.9768152,0.9768152,8,16420,793
EGQHSWTANQQWNDETGLTRWMMPMEEDRKHEAPYEDIDRFPDMNWNRDFSDQTTMYPDQVNDYDD,0.9766198,0.9766198,8,16420,793
ENQRSYTAKQQIPDNTGLTLESMTHEEHQGDEAPYEPWIRLKEMQVNRDVPDHTWMMPDMVNDYDD,0.97653145,0.97653145,8,16420,793
ENQRSYTAKQQIPDNTGLTLESMRHEEHQGDEAPYEPWIRLKEMQVNRDVPDHTWMMPDMVNDYDD,0.97647196,0.97647196,8,16420,793
ENQRSVTANQQINDNTGLTLEKMRHEEGQGDTAPYEPIPNLKDMQVNRDVPDHTTMMPDMVNDYDD,0.9764048,0.9764048,8,16420,793
ENQRSYTANQQIPDNTGLTLESMRHEEWQGDEAPYEDWPRLKDMQVNRDVPDHTWMMPDMVNDYDD,0.9762548,0.9762548,8,16420,793
ENQRSVTANQQINDNTGLTLESMRHEEWQEDEWPYEDIPRLKDMQVNRDVPDHTTMMPDMVNDYDD,0.9762433,0.9762433,8,16420,793
ENQRSVTANQQINDNTGLTPESMRHEEWQGDNAPYEDIPRLKDMQLNRDVPDHWTMMPDMVNDYDD,0.9761668,0.9761668,8,16420,793
ENQRSVTANQQINDNTGLTLEKMRHEEGQGDEAPYEPIPRLKDMQVNRDFPDHTTMMPDMVNDYDD,0.9758413,0.9758413,8,16420,793
ENQRSVTANQQINDNTGLDLESMRHEEWQGDEWPYEDIPRLKDMQVNRDVPDHTTMMPDMVNDYDD,0.97575855,0.97575855,8,16420,793
ENQRSWTANQQWNDETGLTLWMMRMEEDRGHEAPYEDIDRFPDMNVNRDVPDQTTMYPDQVNDYDD,0.97476226,0.97476226,8,16420,793
ENQRSWTANQHWNDETGLTLWMMRMEEDRGHEAPYEDIDRLPDMNVNRDVPDQTTMYPDQVNDYDD,0.97465646,0.97465646,8,16420,793
ENQRSVSANQQINDNTGLTLEKMRHEEGQGDEAPYQPIPRLKDMQVNRDVPDHTTMMPDMVNDYDD,0.97455955,0.97455955,8,16420,793
ENQRSVTANQQINDNTGLDLESMRHEEWQGDEWPYEDIPRLKDMQVNRDVPDHDTMMPDMVNDYDD,0.9744204,0.9744204,8,16420,793
ENQRSVTANQQINDNEGLTLESMRHEEWQGDEAPYEWWPRLKDMQVNRKVPDHTTMMPDMLNDYPD,0.9742853,0.9742853,8,16420,793
ENQRSVTANQQINDNEGLTLESMRHEEWQGDEAYYEWWPRLKDMQVNRKVPDHTTMMPDMLNDYPD,0.97421515,0.97421515,8,16420,793
ENQRSMTANQQINDNRGLTLESMRHEEWQGDEAPYEDWERLKDMQVNRDVPDHTTMMPDMVNDYDD,0.9741941,0.9741941,8,16420,793
ENQRSVTANQQIGDNRGLQLESARHEEWQGDEAPYSDWPRLKDMQVNRDVPDHTTMDPDMVNDYDD,0.9740768,0.9740768,8,16420,793
ENQRSVTANQQINDNTGLTLESMRLEEWQGDEAPYEDIPRLKDMQVNRSVTDECTVTPDMVNDYDD,0.97407573,0.97407573,8,16420,793
ENQRSVTANQQINDNRGLTLESMRHDEGQGPEAPYEDWPRLKDAQVNRDVPDHTTMMPDMVNDYDD,0.9740647,0.9740647,8,16420,793
ENQRSVTANQQINDDRGLTAESMRHEEWQGDEAPYEDWPRLKDMQVNRDVPDHTTMMPDMVNDYDD,0.97401166,0.97401166,8,16420,793
EMQRRVGANPQINDNTDLTGESMRHEEWQGDPAPQEDWPRLKDMQVNRDVPDRTTMMPDMVNDYDD,0.97390443,0.97390443,8,16420,793
ENQRSVTANQQIGDNRGLTLESARHEEWQGDEAPYEDWPRLKDMQVNRDVPDHTTMDPDMVNDYDD,0.97378796,0.97378796,8,16420,793
ENQRSVTANQQINDNEGLELESMRHEEWQGDEANYEDWARLKDMQVNRDVPDHTTMMPDMVNDYDD,0.9736319,0.9736319,8,16420,793
ENQRSVTANQQINDNTGLTLEKMRHEEGQGDEAPYEPIPNLKDMQVNRDVPDHTTMMPKMVNDYDD,0.97360307,0.97360307,8,16420,793
EGQHSWTANQQWNDETGLTRWMMPMEEDRKHEAPYEDIDRFPDMNVNRDVSDQTTMYPDQVNDYDD,0.9735773,0.9735773,8,16420,793
ENQRSVTANQNINDNTGLTLESMRHEEWQGDEAPYETWPRLKDCQVNRDVPDHTTMGPDMVNDYDD,0.9734221,0.9734221,8,16420,793
ENQRSMTANQQINDNRGLTLESMRHEEWQGDEAPYEDWERLKDMQVNRDVPDHTTMMDDMVNDYDD,0.97337013,0.97337013,8,16420,793
ENQRSVTANQQINDNTGLTLEKMRHEEGQGDEAPYEPIPRLKDMQVNRDVPDHTTMMPDMVNDYDP,0.9731949,0.9731949,8,16420,793
ENQRSVTANQNINDNTGLTLESMRHEEWQGDEANYETWPRLKDCQVNRDVPDHTTMGPDMVNDYDD,0.97302264,0.97302264,8,16420,793
ENQRSVTANQQINDNRGLTLESMRHEEWQNDEAPYEDWPRLKMMQINRDVPDHTTMTPDMVNDYDD,0.9729152,0.9729152,8,16420,793
ENQRSVTANQQINDNTGLTLESMRHEEWQGDEAPYEDAPRLKKMQVNRDVPDHTTMAPDMVNDYDD,0.9728071,0.9728071,8,16420,793
ENQRSVTANQQINDNRELTLESMRHEEWQGDEAPYEDWPRLKDMQVNRDIPDHTTMMPDMVNDYDD,0.97272134,0.97272134,8,16420,793
ENQRSVTANQQIGDNRGLQLESARHEEWQGDEAPYSDWPRLKDMQVNRDVPDHTTWDPDMVNDYDD,0.9725648,0.9725648,8,16420,793
ENQRSVWANQQINDNTGLTLESMRHEEWQGDPAPYEDWPRLKDMQVNRDVPDHTTVMPDMVNDYDD,0.9723211,0.9723211,8,16420,793
ENQRSYTANQQIPDNTGLTLESMRHEEWQGDEAPYEPWIRLKEMQVNRDVPDHTWMMPDMVNDYDD,0.9721664,0.9721664,8,16420,793
ENQRSVTANQQINDNRGLTLESMRHEEWQGDEAPYEDWPRLKDMQVNRDIPDHTTMMHDMVNDYDD,0.9721457,0.9721457,8,16420,793
ENQRSVTANQQINDNTGLTLESMRHEEWQGDEAPYEGWPRLKKMQVNRDVPDHTTMMPDMVNDYDD,0.9720681,0.9720681,8,16420,793
ERERKVTANQQINDNRGLALESMRHEEWQGDEAPYEDWPRLGDMQVNRDIPDHTTMMPDMVNDYDD,0.9720641,0.9720641,8,16420,793
ENQRSVTANQQINDNTGLTLEKMRHEEGDGDEAPYEPIPNLKDMRVNRDVPDHTTMMPDMVNDYDD,0.97205174,0.97205174,8,16420,793
ENQRSVTANQQINDNTGLTLEKMRHEPGQGDEAPYEPIPRLKDMQVNRDVPDHTTMMPDMVNDYDD,0.97198343,0.97198343,8,16420,793
ENQRSVTANQQINDNTGLTLEKMRHEEGQGDEAPYETIPNLKDMQVNRDVPDHTTMMPDMVNDYDD,0.9717639,0.9717639,8,16420,793
EKNRSVSANQQINDQRGLTLESMRHEEWQGDEAPYEDWPRLKDMQVNQDVPDHTTMMPDMVNDYDD,0.97155195,0.97155195,8,16420,793
ENQRSETANQQINDNRGLTAESMRHEEWQGDEAPYEDWPRLKDMQVNRDVPDHTTMMPDMVNDYDD,0.9715146,0.9715146,8,16420,793
ENQRSVTANQQINDNTGLTLEKMRHEEGQGDTAFYEPIPNLKDMQVNRDVPDHTTMMPDMVNDYDD,0.97136474,0.97136474,8,16420,793
ENQRSNTANQQINDNTGLTLESMRHEEWQGDEAPYEDWPRLKDMQVNRDVPDHTTMMPDMVNDYDD,0.97128356,0.97128356,8,16420,793
ENQRSVTANQQINDNRGLTLESMRHEEWQGDEAPYEDWPRLKDMQVNRDVPDHTRMLPDMVNDYDD,0.9712712,0.9712712,8,16420,793
ENQRSVTANQQINDNTGLTYESMRHEEWQGDEAPYEDIPRLKKMQCNRDVPDHTTMAPDMVNDYDD,0.97122455,0.97122455,8,16420,793
ENQRSVTANQQINDNTGLTTESMRHEEWQGDEAPYEDIPRLKDMQVNREVPDHTTMMPDMVNDYDD,0.971178,0.971178,8,16420,793
WEQRSWDANQQWNDNTGLTPKMMRSEEVTGEEAPYEAWPRAERMQVNRTVQDHTTMKLDMVNDYND,0.971141,0.971141,8,16420,793
ENQRSYTANQQIPDNTGLTLESMRHEEWQGDEAPYEDWIRLKDMQVNRDVPDHTWMMPDMVNDYDD,0.97105265,0.97105265,8,16420,793
WEQRSWYANQQWNDNTGLTPKMMRSEEVTGEEAPYEAIPRAERMQVNRTVPDHTTMKRDMVNDYND,0.97099924,0.97099924,8,16420,793
ENQRSVTAHQQINDNTGYTLESMRHEEWQGDEFPYEDWPRLKDKQINRDVPDHTTMMPDMVNDKDD,0.9709249,0.9709249,8,16420,793
ENQRSITANQQINDNTGLTLESMRHEEWQGDEAPYEDWPRLPDMQVNRDVPDHTTMMPDMVNDYDD,0.9709218,0.9709218,8,16420,793
WEQRSWYANQQWNDNTGLTPKMMRSEEVTGEEAPYEAWPRAERMQVNRTVPDHTTMKLDMVNDYND,0.9709076,0.9709076,8,16420,793
ENQRSVTANQQINDNTGLTTESMRHEEWQGDEAPYEDIPRLKDMSVNREVPDHTTMMPDMVNDYDD,0.970874,0.970874,8,16420,793
ENQRSVTANQQINDNRGLTAESMRHEEWQGDEAPYEDWPRLFDMQVNRDVPDHTTMMPDMVNDYDD,0.97084415,0.97084415,8,16420,793
ENQRSVTANQQINDNTGLSLEKMRHEEGRGDEYPYEPIPNLKDMQVNRDVPDHTTMMPDMWNMYDD,0.9708261,0.9708261,8,16420,793
SNQRSVTANQQINDNTGLTLEKMRMEEGQGDEAPYEPIPNLKDMQVNRDVPDHTTMMPKMVNDYDD,0.97077054,0.97077054,8,16420,793
ENQRSVTANQQINDNTGLTLESMRHEEWQGDPAPYENWPRLKDMQVNRDVPDHTTMMPDMVNDYDD,0.9707337,0.9707337,8,16420,793
ENQRSVTANQQINDNTGLTEESMRHEEWTGDEAPYEDIPRLKDMQVNRDVMDHTTMMPDMVNDYDD,0.97059435,0.97059435,8,16420,793
ENQRSVTANQQINDNEGLTLESMRHEEWQGDEAPYEMWPRLKDMQVNRKVPDHTTMMPDMLNDYPD,0.97057885,0.97057885,8,16420,793
ENQRSVTANQQINDNTGLTLESMRHEEWKGDEAPYEDIPRLKKMQCNRDVPDHTTMMPDMVNDYDD,0.9705641,0.9705641,8,16420,793
ENQRSITANQQINDNTGLTLESMRHEEWQGDEAPYEDWPRLKDMQVNRDVPKHTTMMPDMVNDYDD,0.97052675,0.97052675,8,16420,793
ENQRSITANQQINDNTGLTLESMRHEEWQGDEAPYEDWPRLIDMQVNRDVPDHTTMMPDMVNDYDD,0.9705244,0.9705244,8,16420,793
ENQRSVTANQQINDNEGLTLESMRREEWQGDEAPYEDWPRLKDMQVNRDVPDHTTMMPDMVNDYDD,0.9704851,0.9704851,8,16420,793
ENQRSVTANQQINDNQGLTLESMRHEEWQGDEWPYEDIPRLKDMQVNRDVPDHTTMMPDMVNDYDD,0.970471,0.970471,8,16420,793
EGQHSWTANQQWNDETGLTRWMMPMEEDRKHEKPYEDIDRFPDMNWNRDFSDQTTMYPRQVNDYDD,0.9704198,0.9704198,8,16420,793
ENQRSVTANQQINDNTGLTLESMRHEEWQGDEAPYEDAPRLKKMQVNRDVPDHTTMMPDMVNDYDD,0.97034824,0.97034824,8,16420,793
ENQRSVTANQQINDNRGLTLESMRHEEWQGDELPYETWPRLKDMQVNRDIPDHTTMMPDMVNDYDD,0.970296,0.970296,8,16420,793
ENQRSYTAKQQIPDNTGLTLESMRHEEWQGDEAPYEPWIRLKEMQVNRDVPDHTWMMPDMVNDYDD,0.97024316,0.97024316,8,16420,793
ENQRSVTANQQINDNTGLTLESMRHEEWQGDEWPYEDTPRLKDMQVNRDVPDHTTMMPDMVNDYDD,0.9701933,0.9701933,8,16420,793
ENQRSVTANQQINDNCGLTLEKMRHEEGQGDEAPYEPIPRLKDMQVNRDVPDHTTMMPDMVNDYDD,0.9701623,0.9701623,8,16420,793
ENQRSVTANQQINDNTGLTLEYMRHEEWQGDEAPYEDIPRLKKMQCNRDVQDHTTMMPDMVNDYDD,0.9699588,0.9699588,8,16420,793
EGQHSWTANQQWNDETGLTRWMMRMEEDRGHEAPYEDIDRFPDMNVNRDVPDQTTMYPDQVNDYDD,0.9697795,0.9697795,8,16420,793
ENQRSWTANQQFNDNTKLELWNMRSEEARGVEAPYEDINRLAEMNVNRDVPDHTTMPPDQVNDYDD,0.9697594,0.9697594,8,16420,793
EKQRSVTANQQINDNTGLTLESMRHEEWQGDEAPYEDIPRLKGMQVNRDVPDHTTMMPDMVNDYDD,0.9696926,0.9696926,8,16420,793
ENQRSVTANQQINDNTGLTLESMRHEEWQGDPAPYEDWPRLKDMQVNRDVPDHNTMMPDMVNDYDD,0.9696904,0.9696904,8,16420,793
ENQRSVTANQQINDNRGLTLESMRHEEWQGDEAPYEDWPRLKDMQVNRDVPDHTTMWPDMVNDYDD,0.9696585,0.9696585,8,16420,793
EHQRSVTANQQINDNTGLTLESMRHEEWQGDEWPYEDIPRLKDMQVNRDVPDHTTMMPDMVNDYDD,0.9696358,0.9696358,8,16420,793
ENQRSVTANQQINDNTGYTLESMRHEEWQGDEFPYEDWPRLKDKQINRDVPDHTTMMPDMVNDRDD,0.9696223,0.9696223,8,16420,793
ENQRSVTANQQINDNTGLTLESMRHEEWQGDEAPYETHPRLKDMQVNRDVPDHTTMMPDMVNDYDD,0.96961826,0.96961826,8,16420,793
ELQRSVTANQHINDNTGLTLESMRHEEWQGDEAPYEDWPRLKDMQVNRDVPDHTTMQPDMVNDYDD,0.96951956,0.96951956,8,16420,793
ENQRSVTANQQINDNTGLTLESMRHEEWQGDEWPYEDIPRLKDMQCNRDVPDHTTMMPDMVNDYDD,0.9694894,0.9694894,8,16420,793
ENQRSITANQQINDNEGLTEESMRHEEWQGDEAPYEDWPRLKDMQVNRDVPDHTTMMPDMVNDYDD,0.9832419,0.9832419,9,18459,892
ENQRSVTANQQINDNEGLTEESMRHEEWQGDEAPYEDWPRLKDMQVNRDVPDHTTMMPDMVNDYDD,0.98219866,0.98219866,9,18459,892
ENQRSVTANQQINDKEGLTDESMRHEEWQGDEAPYEDWPRLKDMQVNRDVPDHTTMMPDMVNDYDD,0.98118883,0.98118883,9,18459,892
ENQRHVTHNQQINDNTGLTLESMRHEEGQGDEWPYEDIPRLKDMQVNRDVPDHTTMMPDMVNDYDD,0.980695,0.980695,9,18459,892
ENQRSVTANQQINDNTGLTLEKMRHEEGQGDEAPYEPIPNLKDMQVNRDVPDHTTMSPDMVNDYDD,0.9786431,0.9786431,9,18459,892
ENQRSVTSNQQINDKEELTDESMRHEEWQGDEAKHTDWERLKDMQVNRDPPDHTTMMPDGVNDYDD,0.97790194,0.97790194,9,18459,892
ENQRSITANQQINDNEDLTEESMRHEEWQGDEAPYEDWPRLKDMQVNRDVPDHTTMMPDMVNDYVD,0.9773372,0.9773372,9,18459,892
ENQRSVTANQQINDNTGLTLESMRHEEGQGDEWPYEDIPRLKDMQVNRDVPDHTTMMPDMVNDYDD,0.97654927,0.97654927,9,18459,892
ENQRSVTANQQINDKEGLTDESMRHEEWQGDEAPHEDWPRLKDMQVNRDPPDHTTMMPDGVNDYDD,0.9765054,0.9765054,9,18459,892
ENQRSVTANQQINDKEGLTDESMRHEEWQGDEAKHEDWPRLKDMQVNRDPPDHTTMMPDGVNDYDD,0.97626287,0.97626287,9,18459,892
ENQRSVTANQQINDNRGLTLESMRSEEHQGDEAPYEDWPRLKDMQINRDVPDHTTMMPDMVNDYDD,0.9761934,0.9761934,9,18459,892
ENQRSVTANQQINDNTGLELESMRHEEWQGDPAPYEDWPRLKDMQVNRDVPDHTTMMPDMVNDYDD,0.9761528,0.9761528,9,18459,892
ENQRSVTANQQINDNTGLTMEKMRHEEGQGDEAPYEPIPRLKDMQVNRDVPDHTTMMPDMVNDYDD,0.9759626,0.9759626,9,18459,892
ENQRSVTANQQINDNRGLTLESMRHEEWQGDEAPYEDWPRLKDMQINRDVPDHTTMEPDMVNDYDD,0.97580904,0.97580904,9,18459,892
ENQRSVTANQQINDKEGLTDESMRHEEWQGDEAPYEDWPRLKDMQVNRDPPDHTTMMPDMVNDYDD,0.9757967,0.9757967,9,18459,892
ENQRSVTANQQINDNTGLTLEKMRHEEGQGDEAPYEPIPRLKDMQVNRDVKDHTTMMPDMVNDYDD,0.9754007,0.9754007,9,18459,892
ENQRSVTANQQINDNTGLTLEKMRHEEGQGDEAPYEPIPRLEDMQVNRDVPDHTTMMPDMVNDYDD,0.97528166,0.97528166,9,18459,892
ENQRSVTANQQINDNRGLTAESMRHEEWQGDEAPYEDWPRLKDMQVNRSVPDHTTMMPDMVNDYDD,0.9752734,0.9752734,9,18459,892
ENQRSVTANQQINDNTGLTLESMRHEEWQKDPAPYEDWPRLKDMQVNRDVPDHTTMMPDMVNDYDD,0.9752609,0.9752609,9,18459,892
ENQRSVTANQQINDNRGLTAESMRHEEWQGDEAPYEDWPRLKDAQVNRSVPDHTTMMPDMVNDYDD,0.97515875,0.97515875,9,18459,892
ENQRSVTANQQINDNTGLTLEKMRHEEGQGDEAPYEPIPRLKDMQVNRDVPDHGTMMPDMVNDYDD,0.9751105,0.9751105,9,18459,892
ENQRSVTANQQINDNTGLTLESMRHEEWQGDQAPYEDIPRLKDMQVNREVPDHTTMRPDMVNDYDD,0.97494054,0.97494054,9,18459,892
ENQRSITANQQINDNEGLTEESMRHEEWQGDEAPYEDWPRLKDMQVNRDVPDHTTMMPDMVNDYVD,0.97463167,0.97463167,9,18459,892
ENQRSVTANQQINDNTGLTLESMRHEEWQGDQAPYEDIPRLKDMQVNREVPDHTTMRPDMVNDYQD,0.97431695,0.97431695,9,18459,892
ENQRSVTANQQINDNTGLTLEKMRHEEGQGDEAPYEPIPRLGDMQVNRDVPDHTTMMPDMVNDYDD,0.9743105,0.9743105,9,18459,892
ENQRSYTANQQINDNRGLTLESMRHEEWQGDEAPYEDWPRLKDMQVNRDQPDHTTMMPDMVNDYDD,0.9742891,0.9742891,9,18459,892
PNQRSITANQQINDNEDLTEESMRDEEWQGDEAPYEDWPRLKDMQVERDVPDHTTMMPDMVNDYVD,0.9739492,0.9739492,9,18459,892
ENQRSVTANQDINDNRGLTAESMRHEEWQGDEAPYEDWPRLKDMQVNRDVPDHTTMMPDMVNDYDD,0.97378653,0.97378653,9,18459,892
PNQRSITSNQQINDNEDLTEESMRDEEWQGDEAPYEDWPRLKDMQVERDVPDHTTMMPDMVNDYVD,0.973742,0.973742,9,18459,892
ENQRSVTSWQQINDKEELTDESMRHEEWDGDEAKHTDWERLKDMQVNRDPPDHTTMMPDGVNDYDD,0.973695,0.973695,9,18459,892
ENQRSVTANQQINDNTGLEMEKMRHEEGQGDEAPYEPIPRLKDMQVNRDVPDHTTMMPDMVNIYDD,0.97365767,0.97365767,9,18459,892
ENQRSVTANQQINDNRGLTLESMRHEEWQGDEAPYEDWPRLKDMQVNRDVPDHTTMTPDMVNDYDD,0.9735526,0.9735526,9,18459,892
ENQRHVTHNQQINDNTGLTLESHRHEELKGDEWPYEDIPRLKDMQVNRDVPDHTTMMPDMVNDYDD,0.9734691,0.9734691,9,18459,892
ENQRSVTANQQINDNTGLTLEKMRHEQGQGDEAPYEPIPRLKDMQVNRDVPDHTTMMPDMVNDYDD,0.9734475,0.9734475,9,18459,892
ENQRSYTGNQQINDNRGLTLESMRHEEWQGDEAPWEDWPRLKDMQVNRDQPDHMTCMTDMVNDYDD,0.9734076,0.9734076,9,18459,892
ENQRHVTHNQQINDNTGLTLESMRHEELKGDEWPYEDIPRLKDMQVNRDVPDHTTMMPDMVNDYDD,0.97332835,0.97332835,9,18459,892
EHQRSYYANQQMKDNQHLTLRWWPHEEQAEVEAPPEDIPRLCDYQVNRDCPDQTTWTPTMWNDYDD,0.97320807,0.97320807,9,18459,892
ENQRSYTANQQINDNRGLTLESMRHEEWQGDEAPYEDWPRLKDMQVNRDQPDHMTMMPDMVNDYDD,0.9732073,0.9732073,9,18459,892
ENQRSWTANQQWNDNTGLTLWMMRGEEDRGSEAPYEDIDRLVDMNVNRDVPDHTTMMPDAVNDYDD,0.97308505,0.97308505,9,18459,892
PRQRSITSNQQINDDEDLTEESMRDEEWQLDEAPYEDWPRLKDMQVERDVPDHTTMMPDMVNDYVD,0.9730675,0.9730675,9,18459,892
ENQRSVTANQQINDKEGLTDESMRHEEWQGDEAKHTDWERLKDMQVNRDPPDHTTMMPDGVNDYDD,0.97273624,0.97273624,9,18459,892
ENQRSVTANQQINDNTGLTLEKMRHEEGQGDECPYEPIPNLKDMQVNRDVPDTTTCMPDNVNDYDD,0.9727069,0.9727069,9,18459,892
ENQRSVTANQQINDNTGLRLESMRHEEWQGDPAPYEDWPRLKDMQVNRDVPDHTTMMPDMVNDYDD,0.97258264,0.97258264,9,18459,892
ENQRSVTANQQINDNRGLTAESMRHEEWQGDEAPYEDWPRLKDMQVNRDVPDHFTMMPDMVNDYDD,0.9725696,0.9725696,9,18459,892
ENQRSVTANQQIWDNTGLTLEKMRHEEGQGDEAPYEPIPNLKDMQVNRDVPDHTTMSPDMVNDYDD,0.972328,0.972328,9,18459,892
ENQRSVTANKQINDNTGLTLESMRHEEWQGDEAPYEDIPRLKKMQCNRDVPDHTTMMPDMVNDYDD,0.97230095,0.97230095,9,18459,892
ENQRSVTANQQINDNTGLTLEKMRHEEGQGDEAPYEPIPNLKDGQVNRDVPDHTTMMPDMVNDYDD,0.97217685,0.97217685,9,18459,892
EHQRSYRANQQMKDNQHLTLRMWPHEEQAGVEAPDEDIPRLCDYQVNRDCPDQTTWTPDMVNDYDD,0.9720428,0.9720428,9,18459,892
ENQRSVTANQQINDNTGLTLEKMRHEEGQGEEAPYEPIPNLKDMQVNRDVPDHTTMMPDMVNDYDD,0.9718431,0.9718431,9,18459,892
ENQRSFTANQQIGDNRGLTLESARHEEWQGDEAPYEDWPRLKDMQVNRDVPDHTTMMPDMFNDYDD,0.9717932,0.9717932,9,18459,892
ENQRSVTANQQIGDNRGLTLESARHAEHQGDEAPYEDWPRLKDRQVNRDVPDHTTMMPDMVNDYDD,0.9717453,0.9717453,9,18459,892
ENQRSWTANQQWNDNTGLTLWMMRSEEDRGSEAPYEDIDRLVDMNVNRDVPDHTTMMPDAVNDYDD,0.97160214,0.97160214,9,18459,892
ENQRSVTANQQINDNRGLTLESMRHEEWQGDTAPYEDWPRLKDMQVNRDIPDHTTMMPDMVNPYDD,0.9713595,0.9713595,9,18459,892
ENQRSYTANQQINDNRGLTLESMRHEEWQGDEAPWEDWPRLKDMQVNRDQPDHMTCMPDMVNDYDD,0.9713566,0.9713566,9,18459,892
ENQRSVTANQQINDNEGLTLESMRHEEWQPDEAPYEDWPRLKDMQVNRDVPDHTTMMPDMVNDYDD,0.97115976,0.97115976,9,18459,892
ENQRSVTANQQINDNTNLTYESMRLEDWQGDEAPYEDIPRLKDMQVNRDVTDHCTMMPDMVNDYDD,0.9710996,0.9710996,9,18459,892
ENQRSVTCNQQINDNTGLTLESMRHESWQGDEAPYEDWPRLKDMQVNRDVPDHTTMMPDYVNDYDD,0.97097194,0.97097194,9,18459,892
ENQRSFTANQQITDNRGLTLESARHEEWQGDEAPYEDWPRLKDMQVNRDVPDHTTMMPDMFNDYDD,0.970867,0.970867,9,18459,892
ENQRSVTANQQINDNTGLTLESMRHEEWQGDEAPYEDWPRLKKMQVNRDVPDHTTMMPKMVNDYDD,0.9707301,0.9707301,9,18459,892
ENQRSVTANQQINDNTGLTLESMRHEPWQGDQAPYEDIPRLKDMQVNREVPDHTTMRPDMVNDYQD,0.97070193,0.97070193,9,18459,892
ENQRSVTANQQINDNTGLTLEQMRHEEWQGDPAPYEDWPRLKDMQVNRDVPDHTTMMPDMVNDYDD,0.9705046,0.9705046,9,18459,892
ENQRSVTANQQINDNTGLTLESMRHEEWQGDEWPYEDIPRLKDMQVNRDVPDHTTMMNDMVNDYDD,0.9703197,0.9703197,9,18459,892
ENQRSHTANQQINDNTGLTLESMRHEEWTGDEAPYEDIPRLKDMQVNRDVPDHTTMMPDMWNDYDD,0.9699654,0.9699654,9,18459,892
ENQRSLTANQQINDNTGLTLESMRHEEWQGDEAPYEDWPRLNDMQVNRDVPDHTTMMPDMVNDYDD,0.96986276,0.96986276,9,18459,892
ENQRSWTANQQHNDNTGLTLWMMRGEEDRGSEAPYEDIDRLVDMNVNRDVPDHDTMMPDAVNDYDD,0.96985435,0.96985435,9,18459,892
ENQRSVTANQQINRNTGLTLESMRHEEWQGDPAPYEDWTRLKDMQVNRDVPDHTTMMPDMVNDYDD,0.96977407,0.96977407,9,18459,892
ENQRSVTANQQINDNPGLTLESMRHEEWQGDEAPYEDWPRLKDMQVNRDVPDHTTMMPDMVNDYDD,0.96976894,0.96976894,9,18459,892
ENQRSVTANQQINDNTGLTLESMRHEEWQGDEFPYEDWPRLKDKQVNRDVPDHTTIMPDMVNDRDD,0.96973014,0.96973014,9,18459,892
ENTRSVTANQQINDNRGLTAESMRHEEWQGDEAPYEDWPRLKDMQVNRDVPDDTTMMPDMVNDYDD,0.96970266,0.96970266,9,18459,892
ENQRSVTANQQFNDNQGLTLESMRHEEWQGDEAPYEDWPRLKDMQVNRDVPDHTTMMPDMVNDYDD,0.96970224,0.96970224,9,18459,892
ENQRSVTANQQINDNTGLTLESMRHEEWQGDEAPYEDPPRLKDMQVNRDVPDHTTLMPDMVNDYDD,0.969681,0.969681,9,18459,892
ENQRSVTANQQINDNTGLTLESMRHEEWQGDEAPYEHWPRLKDMQVNRDVPDHTWMMPDMVNDYDD,0.9696453,0.9696453,9,18459,892
ENQRSVTANQQINDNRGLTAESMRHEEWQGDEAPYEDWPRLKDMQVNPDVPDHTTMMPDMVNDYDD,0.9696399,0.9696399,9,18459,892
ENQRSVTSNQQINDNTNLTYESMRLEDWQGDEAPYEDIPRLKDMQVNRDVTDHCTMMPDMVNDYDD,0.96957827,0.96957827,9,18459,892
ENQRSVTANQQINDNRGLTLESMRHEEWQGDEAPYEDWPRLIDMQVNRDIPDHTTMMPDMVNDYDD,0.9695709,0.9695709,9,18459,892
ENQRSVTANQQINDNTGLTLEKMRHEEGQGDEAPYEPIPNLKDMQVNRDVPDHTTAMPDMVNDYDD,0.96955115,0.96955115,9,18459,892
ENQRSYTGNQQINDNRGLTLETMRHEEWQGDEAPWEDWPRLKDMQVNHDQPDDMTCMTDMVNDYDD,0.96954703,0.96954703,9,18459,892
ENQRSVTANQQINDNRGLTLESMRHEEWQGDYAPYEDWPRLKDMQVNRDIPDHTTMMPDMVNDYDD,0.96953815,0.96953815,9,18459,892
ENQRSVTANQQIQDNTGLTLESMRHEEWQGDEAPYEDWPRLKKMQVNRDVPDHTTMMPDMVNDYDD,0.9695106,0.9695106,9,18459,892
EHQRSYYANQQMKDNQHLTLRMWPHEEQAEVEAPPEDIPRLCDYQVNRDCPDQTTWTPTMWNDYDD,0.9694579,0.9694579,9,18459,892
ENQRSVTANQQINDNTGLTLESMRHEEWQGDEAPYEDPPRLKDMSVNRDVPDHTTLMPDMVNDYDD,0.96936184,0.96936184,9,18459,892
ENQRSVTANQQINDNTGLTLEQMRHEEWQGDEAPYEDWPRLKDMQVNRDVPDHTTMMPDMVNDYDD,0.9693442,0.9693442,9,18459,892
ENQRSWTANQQHNDNTGLTLWMMRGEEDRGSEAPYEDIDRLVDMNVNRDVKDHDTMMPDAVNDYDD,0.96929604,0.96929604,9,18459,892
ENQRSYTANQQINDNRGLTLESMRHEEWQGDEAPYEDWPRLKDMQVNRDQPDHMTCMPDMVNDYDD,0.9692936,0.9692936,9,18459,892
ENQRSVTANQQINDNTGLTLEKMRHEEGQGDEAPYEPIPRLKDMQVNGDVPDHTTMMPDMVNDYDD,0.96927524,0.96927524,9,18459,892
ENQRSVTANQQINDNTGLTLESVRHEEWQGDEAPYEDIPRLKDMQVNRDVPDHTTMMPDMINDYDD,0.9690953,0.9690953,9,18459,892
ENQRSVTANQQINDNEGLTLESMRHEEWQGDEVPYEDWPRLKDMQVNRDVPDHTTMMPDMVNDYDD,0.96899664,0.96899664,9,18459,892
WEQRSWYANQQWNDNTGLTPKMMRSEEVTGEEAPYEAIPRAERMNVNKTVPDHTTMKLDMVNDYND,0.9689915,0.9689915,9,18459,892
ENQRSVTANQQINDNTGLTLEKMRHEEGQGDEAPYEPIPNLKDMQVNRNVPDHTTMMPDMWNMYDD,0.9689855,0.9689855,9,18459,892
ENQRSVTANQQINDNTGLTLESMRHEEWQGDEWPYEDWPRLKDKQVNRDVPDHTTMMPDMVNDRDD,0.96873456,0.96873456,9,18459,892
ENQRSVTANQQINDNTGLTLESMRHEEWQGDEAPYEDPPRLKDMQVNRDVPDHTTMMPDAVNDYDD,0.9686946,0.9686946,9,18459,892
ENQRSVTANQQINDNTGLTLESMHHEEWQGDEAPYEDWPRLKKMQVNRDVPDHTTMMPKMVNDYDD,0.96866256,0.96866256,9,18459,892
ENQYSVWANQQINDNRGLTLETMRHEEWQGDEAPYERWPRLKDMQINRDVPNHTTIMPDMVNDYDD,0.96853,0.96853,9,18459,892
ENQRSVTANQQINDNTGLTLESMRHEEWQGDEAWYEDWPRLKKMQVNRDVPDHTTMMPDMVNDYDD,0.96844715,0.96844715,9,18459,892
ENQRSVTANQQIRDNTGLTLEKMRHEEGQGDEAPYEPIPNLKDMQVNRDVPDHTTMMPDMVNDYHD,0.96841174,0.96841174,9,18459,892
PNQRSITSNQQINDDEDLTEESMRDEEWQLDEAPYEDWPRLKDMQVERDVPDHTTMMPDMVNDYVD,0.96837056,0.96837056,9,18459,892
ENQRSVTANQQINDNTQLTLESMRHEEWQGDEAPGEDIPRLKKMQCNRDVPDHTTMMPDMVNDYDD,0.96832925,0.96832925,9,18459,892
ENQRSVTANQQINDNTGLTLESMRHEEWNGDEAPYEDPPRLKDMQVNRDVPDHTTMMPDAVNDYDD,0.96830374,0.96830374,9,18459,892
ENQRSVTANQQIGDNRGLTLESARHEEWQGDEAPYEDLPRLVDMQVNRDVNDHTTMMPDMVNDYDD,0.9682156,0.9682156,9,18459,892
ENQRSVTANQQINDNTGLTEESMRHEEWQGDPAPYEDWPRLKDMQVNRDVPDHTTMMPDMVNDYDD,0.9832229,0.9832229,10,20486,991
ENQRSVTANDQINDNTGLTEESMRHEEWQGDPAPYEDWPRLKDMQVNRDVPDHTTMMPDMVNDYDD,0.9829842,0.9829842,10,20486,991
ENQRSVTANQQINDNAGLQEESMRHEEHQGDEHPYEDWPRLKDIQVNRDVQDWTTMMYDMWNDYDD,0.98239946,0.98239946,10,20486,991
ENQRSVTANQQINDNNGLQEESMRHEEWQGDEHPYEDWPRLKDCQVNRDVPDHTTMMYDMVNDYDD,0.9819255,0.9819255,10,20486,991
ENQRSVTANQQINDNRGLTDESMRHEEWQGDEAPYEDWPRLKDAQVNRDVPDHTTMMPDMVNDYDD,0.9810924,0.9810924,10,20486,991
ENQRSVTANQQINDNTGLTNEKMRHEEGQGDEAPYEPIPNLKDMQVNRDVPDHTTMMPDMVNDYDD,0.9790437,0.9790437,10,20486,991
ENQRSVTANQQINDNRGLTLESMRHEEHQGDEAPYEDHPRLPDMQVNRDVPDHTHMMPDWVNDYDD,0.9788684,0.9788684,10,20486,991
ENQRSVTANQQINDNAGLQEESMRHEEWQGDEHPYEDWPRLKDCQVNRDVQDWTTMMYDMWNDYDD,0.976867,0.976867,10,20486,991
ENQRSVTANDQINDNTGLTEESMRHEEWQGDPAPYYDWPRLKDMQVNRDVPDHTTMMPDMVNDYDD,0.97678214,0.97678214,10,20486,991
ENQRSVTHNQQINDNTGLTLEKMRHEEGQGDEAPYEPIPRLKDMQVNRDVPDHTTMMPDMVQDYDD,0.97677565,0.97677565,10,20486,991
ENQRSFTANQQINDNRGLAMESMRHEEWQGDEAPYEDWPRLKDMQVNRDIPDHTTMAPDMVNDYDD,0.9766782,0.9766781,10,20486,991
ENQRSVTANDQINDNTGLMEESMRHEEWQGPPAPYYDWPRLKDMQVNRDVPDHTTMRPDMVNDYDD,0.97662705,0.97662705,10,20486,991
ENQRSYTANQQINDNTGLTLEKMRHEEGQGDEAPYEPIPRLKDMAVNRNVPDHTTMMPDMVNDADD,0.97649014,0.97649014,10,20486,991
ENQRSVTANQQINDNTGLTLESMRHEEETDDEAPYEDIPRLKDMQVNRDVPDHTTMMPDMVNDYDD,0.9763515,0.9763515,10,20486,991
ENQRSVTANQQINDNTGLTLEKMRHEEGQGDEAPYEPVPRLKDMQVNRDVPDHTTMMPDMVNDYDD,0.97626853,0.97626853,10,20486,991
ENQRSVTANQQIGDNRGLTLESARHEEDQGDEAPYEDWPRLKDMQVNRDVPDHTTMMPDMVNDYDD,0.97602636,0.97602636,10,20486,991
ENQRSVTANQQINDNRGLTRESMRHEEWQGDEAPYEDWPRLKDMQVNRDVPDCTTMQPDMVNDYDD,0.97565496,0.97565496,10,20486,991
ENQRSVTANQQINDNTGLTLESMRHEEWQGNEAPYEDPPRLKDMQVNRDVRDHTTMKPDMVNDYDD,0.97541237,0.97541237,10,20486,991
ENQRSVTANQQINDNTGLTLESMRHEEWQQDEWPYEDIPRLKDMQVNRDVPDHTTMMPDMVNDYDD,0.9753245,0.9753245,10,20486,991
ENQRSVTAHQQINDNTGLTLEKMRHEEGQGDEAPYEKIPNLKDMQVNRDVPDHTPMMPDMVNDYDD,0.9751188,0.9751188,10,20486,991
ENQRSVTANDQINDNTGLTLESMRHEEWQGNEAPYEDPPRLKDMQVNRDVRDHTTMKPDMVNDYDD,0.97505856,0.97505856,10,20486,991
ENQRSVTANQQINDNTGLTLEKMRHERGQGDEAPYEPIPRLKDMQVNRDVPDHTTMMPDMVNDYDD,0.97465014,0.97465014,10,20486,991
ENQRSWTANQQWNDNTGLTLKMMRMEEDRGVEAPYEDIDRLVDMNVNRDVPDQTTMMPDQVNDYDD,0.9739139,0.9739139,10,20486,991
ENQRSVTANEQINDNRGLTAESMRHEEWQGDEAPYEDWPRLKDMQVNRDVPDHTTMMPDMVNDYDD,0.9739059,0.9739059,10,20486,991
ENQRSVTANQQINDNTGLTLEKMRHEEGQGDEAPYEKIPNLKDMQVNRDVPDHTTMMPDMVNDYDD,0.9738283,0.9738283,10,20486,991
ENQRSVTANQQINDNTGLQLESMRHEEWQGDEYPYEDWPRLKDMQVNRDVPDHTTMMSDMVNDYDD,0.97365487,0.97365487,10,20486,991
ENQRSVTAHQQINDNTGLTLEKMRHEEGQGDEASYEKIPNLKDMQVNRDVPDHTPMMPDMVNDYDD,0.9735353,0.9735353,10,20486,991
ENQRSVTANHQINDNRGLTAESMRHEEWQGDEAPYEDWPRLKDMQVNRDVPDHTTMMPDMVNDYDD,0.97349066,0.97349066,10,20486,991
ENQRSVTANQQINDNTGLTLEKMRHEEGQGDEAPYEKIPNLKDMQVNRDVPDHTPMMPDMVNDYDD,0.9734865,0.9734865,10,20486,991
ENQRSVTAEQQINDNTSLPLESMRHEEWQGDEAPYEDWPRLKDMQVNRDVPDHTTMMPDMVNDYDD,0.973369,0.973369,10,20486,991
ENQRSVTANQQINDNTGLTLNSMRHEEWQEDEAPYEDWERLKDMQVNRDVPDHTWMMPDMFNDYDD,0.97327936,0.97327936,10,20486,991
ENQRSVTANQQINDNTGLTLESMRHEEETDDEAPYEDIPRLKDMQVNRDVPDHTTMMPDMVNDYPD,0.97321284,0.97321284,10,20486,991
ENQRSYTANQQINDNTGLTLEKMRHEEGQGDEAPYEPIPRLKDMAVNRNVYDHTTMMPDMVNDADD,0.97308177,0.97308177,10,20486,991
ENQRSVTANQQINDNTGLTLEKMRHEEGQGDEAPYEPIPRLKDMQVNRDVPDHTTMMPDMVNDYPD,0.9730716,0.9730716,10,20486,991
ENQRSCTANQQINDNTGLTLESMREEEWQGDEFPYEDWPRLKDKQVNRDVPDHTTMMPDMVNDRDD,0.9729169,0.9729169,10,20486,991
ENQRSVTANQQINDNRGLTLESMRHEEHQGDEAPYEDHPRLPDMQVNRDVPDHTHMMPDWVNFYDD,0.9725844,0.9725844,10,20486,991
ENQRSVTANQQFNDNRGLTLESMRHEEWQGDEAPYEDWPRLKDMQVDRDVPDHTTMMKDMVNDYDD,0.9722892,0.9722892,10,20486,991
ENQRSVTANQQINDNRGLTAESMRHEEWQGDEAPYEDWPRLKDMQVNRDVPDHTTYMPDMVNDYDD,0.9722713,0.9722713,10,20486,991
ENQRSVTAEQQINDNTSLTLESMRHEEWQGDEAPYEDWPRLKDMQVNRDVPDHTTMMPDMVNDYDD,0.97218025,0.97218025,10,20486,991
ENQRSVTANQQINDNRGLTAESMRHEEWQGDEAPYEDWPRLKDMQVNRDVPDHTTFDPVMVNDYDD,0.9721439,0.9721439,10,20486,991
ENQRSVTANQQIGDNRGLTLESPRHEEDQGDEAPYEDWPRLKDMQVNRDVPDHTTMMPDMVNDYDE,0.9720882,0.9720882,10,20486,991
ENQRSVTANDQINDNTGLMEESMRHEEWQGDPAPYYDWPRLKDMQVNRDVPDHTTMMPDMVNDYDD,0.97207516,0.97207516,10,20486,991
ENQRSVTHNQQINDNTGLTTESMRHEDWQGDEWPYEDIPRLKDMQVNRDVPDHTTMMPDMTNDYDD,0.9720528,0.9720528,10,20486,991
ENQRSVTANQQINDNTGLTLEKMRHEEGQGHEAPYEPIPRLKDMQVNRDVPDHTTMMPDMVNDYDD,0.97192526,0.97192526,10,20486,991
EYQRSYTANQQMNDNTGLDQWPMPHERSEHEEYPPEDKPRLVDMQVNRDCPDQTTWMWDMVNDWDD,0.9718506,0.9718506,10,20486,991
ENQRSVTANQQINDNTGLTLESMRHEEWQGDEWPYEDIPRLKDMQVNRDVPDHTTMMPDMVNKYDD,0.97171986,0.97171986,10,20486,991
ENQRSVTANQQINDNRGLTAESMRHEEWQGDEAPYEDWPRLKDMQVNRDVPDHCTMMPDMVNDYDD,0.971687,0.971687,10,20486,991
ENQRSVTANQQINDNRGLTLESMRHEEWQGDEAPYEDWPRLKDMQVDRDVPDHTTMMKDMVNDYDD,0.9716181,0.9716181,10,20486,991
ENQRSVTANQQINDNTGLTLESMRHEEWQGDEWPDEDIPRLKDMQVNRDVPDHTTMMPDMVNDYDD,0.9715394,0.9715394,10,20486,991
ENQRSMTANQQINDNTGLTLEKMRHEEGQGDEAPYEPIPNLKDMQVNRDVPDHTTMMPDMWNMYDD,0.97125906,0.97125906,10,20486,991
ENQRSVTANQQINDNTGLTLESMRHEEWQGDEAPYEDWPRLKKMQVNRDIPDHTTMMPDMVNDYDD,0.9711854,0.9711854,10,20486,991
ENQRSVTANQQINDNRGLTLEDMRHEEWQGDCAPYEDWPRLKDMQINRDVPKHTTMMPDMVNDYDD,0.97113603,0.97113603,10,20486,991
ENQRSVTCNQQINDNTGLTLESMRHEEWQGDEAPYEDMPRLKKMQCNRDVPDHTTMMPDMVNDYDD,0.9711311,0.9711311,10,20486,991
ENQRYFTANQQINDNQGLAMESMRHEEWQGDEAPYEDWPRLKDMQVNRDIPDHTTMAPDMVNDYDD,0.9710788,0.9710788,10,20486,991
EHQRSVYANQQINDNTGLTLEKMRHEEGQGDEAPYEPIPNLKDMQVNRDVPDHTTMMPDMVNDYDD,0.9707618,0.9707618,10,20486,991
ENQRSVTANQHINDNRGLTLESMRHEEWQGDEAPYEDWERLKDMQVNRDVPDHTTMMPDMVNDYDD,0.9707381,0.9707381,10,20486,991
ENQRSVTANQQINDNTGLTCEKMRHEEGQGDEAPYEPIPRLKDMQVNRDVPDHTTMMPDMVNDYDD,0.9707164,0.9707164,10,20486,991
EHQRSVTANQQINDNAGLQEESTRHEEHQGDEHPYEDWPRLKDIQVNRDNQDWTTMMYDMWNDYDD,0.9705894,0.9705894,10,20486,991
ENQRSITANQQINDNKGLTLESMRHEEWQGDEAPYQDWPRLKDMQVNRDVPDHTTMMPKMVNDYDD,0.97047025,0.97047025,10,20486,991
ENQRSVTAQQQINDNRGLTLESMRHEEWQGDEAPYEDWPRLKDMQINRDVPDHTTMMPDMVNDYDD,0.97041917,0.97041917,10,20486,991
ENQRSVTANRQINDNRGLTDESMRHEEWQGDEAPYEDWPRLKDMQVNRDVPDHTHMMPDMVNDYWY,0.97033745,0.97033745,10,20486,991
ETQRSVTANQQINDNTGHTLESMRHEEWQKDEAPYEDWPRLTDMQVNRDVPDHTTMKPDMVNDYDD,0.9703254,0.9703254,10,20486,991
ENQRSWTANQQWNDNTGLTLWMMRSEEARGNEAPYEDIPRLVDMNVNRDVPDTPTMPPDQVNDYDD,0.9700533,0.9700533,10,20486,991
SKQRSQYAHQYWNDNNGLTTESMRSEEETGRHSPYEDTPRLVEMQVNRDVPDHSTMAPDMVNDYND,0.9698998,0.9698998,10,20486,991
ENQRSVTANQQINDNTGLTLESMRHEEETDPFAPYEDIPRLKDMQVNRDVPDHTTMMPDMVNDYPD,0.9698995,0.9698995,10,20486,991
ETQRSVTANQQINDNTGGTLESMRHEEWQKDEAPYEDWPRLTDMQVNRDVPDHTTMKPDMVNDYDD,0.9698664,0.9698664,10,20486,991
ENQRSVTANQQINDNTGGTLESMRHEEWQGDEAPYEDWPRLTDMQVNRDVPDHTTMKPDMVNDYDD,0.9697846,0.9697846,10,20486,991
ENQRSVTAYQQINDNTGLTLEKMRHEEGQGDEAPYEPIPNLKDMQVNRDVPDHTTMMPDMVNDYDD,0.9697347,0.9697347,10,20486,991
ENQRSWTANQQWNGNTGLTLWMMRSDERRGVEGPYEDIPRLVDHNVNRDVPDHTTMRPDQVNDYDD,0.9697035,0.9697035,10,20486,991
ENQRSVRANQQINDNTGLTLESMRHEEWQGDEAPYEDPPRLKDMQVNRDVPDHTTMMPDMVNDYDD,0.9697007,0.9697007,10,20486,991
ENQRSVTANQQIGDNRGLTLEDAREEEWQGDEAPYEDWPRLKDMQVNRDVPDHTTMMPDMVNDYDD,0.96957064,0.96957064,10,20486,991
ENQRSVTANQQINDNMGLTLESMRHEEWQGDEWPYEDIPRLKDMQVNRDVPDHTTMMPDMVNKYDD,0.96956843,0.96956843,10,20486,991
ENQRSVTANQQINDNTGLTLESMRHEEWQGDEWPYEDIPRLKSMQVNRDVPDHTTMMPDMVNDYDD,0.969494,0.969494,10,20486,991
ENQRSVTANQNINDNRGLTLESMRHEEWQGDEAPYEDWPRLKDAQVNRDVPDHTTMMPDMVNDYDD,0.9693712,0.9693712,10,20486,991
ENQRSVTANQQINDNQGLTLESMRHEEWQGDEAPYEDWPRLKQAQVNRDVPDHTTMMPDMVNDYDD,0.9693598,0.9693598,10,20486,991
ENQRSVTANQNINDNQGLTLEQMRHNEWQGDEAPYEDWPRLKDAQVNRDVPDHTTMMPDMVNDYDD,0.9693117,0.9693117,10,20486,991
ENQRYFTANQPINDNQGLAMESMRHEEWQGDEAPYEDWPRLKDMQVNRDIPDHTTMAPDMVNDYDD,0.9692616,0.9692616,10,20486,991
ENQRSVTANQQINDNRGLTLESMRHESHQGDEAPYEDHPRLPDMQVNRDVPDHTHMMPDWVNFYDD,0.9692351,0.9692351,10,20486,991
ENQRSVTANQNINDNQGLTLEQMRHHEWQGDEAPYEDWPRLKDAQVNRDVPDHTTMMPDMVNDYDD,0.9691983,0.9691983,10,20486,991
ENQRSVTANQQINNNTGLTLESMRHEEWQGDPAPYEDWPRLKDMQVNRDVPDHTTMMPDMVNDYDD,0.96910816,0.96910816,10,20486,991
ENQRSVQANQQINDNRGLTLESMRHEEWQGDEAPYEDWPRLKDMQVNRDIPDHTTMMPDMVNDYDD,0.96908194,0.96908194,10,20486,991
ENQRSVTANQNINDNRGLTLEQMRHNEWQGDEAPYEDWPRLKDAQVNRDVPDHTTMMPDMVNDYDD,0.9689978,0.9689978,10,20486,991
ENQRSVTANQQINDNRGLGLESMRHEEWQGDEAPYEDWPRLKDMQVNRDVPDHTTMMPDMVNDYDD,0.9689058,0.9689058,10,20486,991
ENQRSVTANQQINDNTGLTLEKMRHEEGQGDEAPKEPIPRLKDMQVNRDVPDHTTMMPDMVNDYDD,0.9688982,0.9688982,10,20486,991
ENQRSVTANQQINDNRGLTRESMRHEEWQGDEAPYEDWPRLKDMQVNRDVPDCTTMQPDMVHDYDD,0.96882635,0.96882635,10,20486,991
ENQRSVTANQQINDNTGLELESMRHEEWQGDENPYEDWPRLKDMQVNRDVPDHTTMMPDMVNDYDD,0.968762,0.968762,10,20486,991
ENQRSVTANQQINDNTGLTLESMRHEEWQGDEAPYEDWPRLKDMQVNRDVPDHTTMMSDMVNDYDD,0.9687514,0.9687514,10,20486,991
ENQRSVTANQQINDNTGLTLEKMPHEEGQGDEAPYEPIPRLKDMQVNRDVFDHTTMMPDMVNDYDD,0.96873224,0.96873224,10,20486,991
ENQRSVTANQQINDNRGLTAESMRHEEWQGDEAPYEDWPTLKDMQVNRDVPDHTTMMPDMVNDYDD,0.9686992,0.9686992,10,20486,991
ENQRSVTANQQINDNRGLTLESLRHEEWQGDEAPYEDWPRLKDMQVNRDVGDHTTMMPDMVNDYDD,0.968614,0.968614,10,20486,991
ENQRSVTANQQINDNTGLTLESMRHEEWQGDEWWYEDIPRLKDMQVNRDVPDHTTMMPDMVNDYDD,0.9685827,0.9685827,10,20486,991
ENQRSVTANQQINDNRGLALESMRHEEWQGDEAPYEDWPRLKDMQVNRDIPDHTTMAPDMVNDYDD,0.9685498,0.9685498,10,20486,991
ENQRSVTTNQHINDNRGLTLESMRHEEWQGDEAPYEDWERLKDMQVNRDVPDHTTMMPDMVNDYDD,0.96854883,0.96854883,10,20486,991
SKQRSQYAHQYWNDNNGLTTESMRSEEETGRESPYEDTPRLVEMQVNRDVPDHSTMAPDMVNDYND,0.9685342,0.9685342,10,20486,991
ENQRSVTANQQINDNTGLTLESMRHEEWQGDEAPYEDWPRLKDMQVNRDVTDHTTMMPDMVNDYDD,0.96843886,0.96843886,10,20486,991
ENQRSVTANQQINDNRGLTLESMRHEEWQGDEAPYEDWPRLKDMQINRDVPDHTTMMPDGVNDYDD,0.9683903,0.9683903,10,20486,991
ENQRSVTANQQINDNRGLTLESMRHEEWQGDEAPYEDWERLKDMQVNRDVPQHTTMMPDMVNDYDD,0.96831906,0.96831906,10,20486,991
ENQRSVTANQQINDNRGLTLESMRHEEWQGDEAPYEDWPRLKDMQVNRDVGDHTTMMPDMVNDYDD,0.9682994,0.9682994,10,20486,991
EYQRSYTANQQMNDNTGLDQWPMPHERSEHEEAPPEDIPRWVDMQVNRDCPDQTTWMWDMVNDWDD,0.96828485,0.96828485,10,20486,991
