{"run_id": "18:20:50-09/28/2020", "exp_name": "CbAS_Q=0.8_generator=VAE_latent_dim=2_intermediate_dim=250", "model_name": "LandscapeAsModel=RosettaFolding", "landscape_name": "RosettaFolding", "rounds": 10, "sequences_batch_size": 100, "model_queries_per_batch": 2000}
sequence,model_score,true_score,round,model_cost,measurement_cost
WAQRSVVANQLIPINTGLTLVMMRSELVTGVGAPAEDIPRLVSMQVNRAVPLGTTNMPDMVKGYAA,,0.1639741,0,0,1
DKWYRRHLPSSWYMRCQTSNLYMDGPCDAFIEPDHFCGKVQTAWWMNRFCQNIDYLQYWCMFKPIE,0.267273,0.267273,1,2000,100
KNGINMYSRCFCHDRSIHAPLCLVTMHSDSWEYTQGVEKYLLNESMNAPILYGWSVGLDRCKKHKE,0.26243436,0.2624731,1,2000,100
DKWHRRHNPSSWYMRCQTSNLYMEPPCDAFIEPDHFCGKVLTAWWMNRFCQNIDCLQYWCMFKPIE,0.2557834,0.2557834,1,2000,100
KNGMNEYSRHFCHDRSIHANLCLVTMGSDSWIYTQGVDASLLNESMNAPISYGWSVRLDDCKKHGE,0.24703218,0.24706943,1,2000,100
DKWHRRHMPSSKYMRCQTSNLYMHTPCDAFIEPDHFRGKVLTAWSMNRFCQNIDCLQYHCMFKPIE,0.23464814,0.23464814,1,2000,100
DKWHRRHIPSSKYMRCQTSNLYMPTPCDAFIEPDHFCGKVLTAWPMNRFCQNIDHLQYWCMFKPIE,0.23121668,0.23121668,1,2000,100
DKWGFELRQNPFKFTLQWRSKQGMALDGAPRRPIHDWVKVQTWYNHPITSGSIKCTTGEENEKHFI,0.22869456,0.22872987,1,2000,100
DKWHRRHLPSSWYMRCQTSNLYMVDPCDAFIEPDHFCGKVLTAWAMNRFCQNIDCLQYWCMFKPIE,0.22525495,0.22525495,1,2000,100
KNGYNMYFRCITHGSSIHAPFYLVTMHSDSWIYTHGVEKYLLNPSMNAPIDYGWSVQLDDCKKHGE,0.21605112,0.21608505,1,2000,100
DPAYACHHQANTNEWKTMKDLVASYCQFEVNQPHGWLASVFEQMSAPAPDDMSAGLRHAVMRNILN,0.21517491,0.21517491,1,2000,100
DKWHRRHLPSSWYMRCQTSNLYMYTPCDAFIEPDHFRGKVLTAWVMNRFCQNIDCLQYWCMFKPIE,0.20553146,0.20553146,1,2000,100
DKWPRRHRPSSKYMKCQTSNLYMCDPCDAFIEPDHFRGKVLTAWPMNRFCQNIDCLQYHCMFKPIE,0.2050229,0.2050229,1,2000,100
DKWHRRHIPSSWYMRCQTSNLYMVQPCDAFIEPDHFCGKVLTAWQMNRFCQNIDCLQYWCMFKPIE,0.20413762,0.20413762,1,2000,100
DKWHRRHIPSSWYMRCQTSNLYMVTPCDAFIEPDHFCGKVLTAWQMNRFCQNIDCLQYWCMFKPIE,0.20184726,0.20184726,1,2000,100
KDQADSYFYRFQLDLPMFSIQGSVDASDEDWLQESVWNHTNREKIAPYRDYEYSGHTVEQTGIQPK,0.20140941,0.20140941,1,2000,100
DKWHRRHLPSSWYMRCQTSNLYMCKPCDAFIEPDHFCGKVLTAWAMNRFCQNIDCLQYWCMFKPIE,0.18368456,0.18368456,1,2000,100
DKNGFELHQRNFAFTCWWRDKQGPALDGGPRRPIHRWVKVQTKGNALPTSGMSKCTNIWENERHFS,0.1795594,0.1795594,1,2000,100
DKWHRRHIPSSKYMKCQTSNLYMCNPCDAFIEPDHFCGKVLTAWNMNRFCQNIDYLQYWCMFKPIE,0.17457683,0.17457683,1,2000,100
DKWHRRHIPSSKYMRCQTSNLYMNPPCDAFIEPDHFCGKVQTAWRMNRFCQNIDCLQYWCDFKPIE,0.17357597,0.17357597,1,2000,100
DKWHRRHIPSSKYMRCQTSNLYMVDPCDAFIEPDHFCGKVQTAWEMNRFCQNIDCLQYWCMFKPIE,0.17327043,0.17327043,1,2000,100
DPKKLCMNQCLCNRRFCYADFCLPVIMYGADPAEVKIYDTWMKLVYPYMFEQRGHNQQEEWGIQTK,0.17279844,0.17279844,1,2000,100
KNWYNMYSRAICHMSSIPAPLCLVTMGSDSSIYDGCVEAVLLNESMNAPITYGWSVQRDDCKKHTE,0.1708215,0.17084986,1,2000,100
DKWYRRHIPSSWYMRCQTSNLYMLGPCDAFIEPDHFRGKVLTAWRMNRFCQNIDCLQYWCMFKPIE,0.17030497,0.17030497,1,2000,100
KPGYNMYTRHFCHGRSIMAPLYLVTMHSDHWIYDHGVEKLLLNPSMNAPITYGWSVQRDDSKKHTE,0.16956042,0.16958861,1,2000,100
DPGYNEYRRHICMDRSQPMPKYLVTMHEAASEYDHFIDKSLTNLSMNRFIDYIAIDQRARMRKHGE,0.16759917,0.16762711,1,2000,100
KNGMNMSSRHFTHGRSIMAPFYLVTMHSDSWIYTQCVDKYLLNPSMNAPITYGWSVQLDDCKKHTE,0.16543406,0.16546172,1,2000,100
DPGYNEYNRHICMDRSWPSPKYLVTMHEAAIEPDGCWAKYLTNKSMSRPIDYIWIHRRARCRKHGE,0.16345146,0.16347884,1,2000,100
DKWHRRHIPSSKYMRCQTSNLYMVDPCDAFIEPDHFCGKVLTAWPMNRFCQNIDCLQYWCMFKPIE,0.1631174,0.1631174,1,2000,100
KNWYNTYSRHITHMRSIHAPLCLVTMMSDSWIYDHFVDKSLLNESMNAPITYGRSVQLDDTKKHKE,0.16217509,0.1622023,1,2000,100
DKWHRRHLPSSKYMRCQTSNLYMDTPCDAFIEPDHFCGKVLTAWPMNRFCQNIDCLQYWCVFKPIE,0.16097549,0.16097549,1,2000,100
DKWHRRHIPSSKYMRCQTSNLYMPHPCDAFIEPDHFCGKVQTAWKMNRFCQNIDCLQYWCMFKPIE,0.15956713,0.15956713,1,2000,100
DKWHRRHLPSSKYMRCQTSNLYMCHPCDAFIEPDHFCGKVQTAWDMNRFCQNIDCLQYWCMFKPIE,0.15834986,0.15834986,1,2000,100
KNWYNMYSRCICHGRSIPAPLYLVTMHSDSWEYTHGVDAYLLNKSMNAPIDYGWSVRRADCKKHKE,0.15380086,0.15382692,1,2000,100
DDNGFELHQRNFIITCWWRDKQGCALDGGPRLPIHRWVKVQTKGNALPTRDMSKCTTIEENERHFS,0.15316218,0.15316218,1,2000,100
DKWHRRHLPSSKYMRCQTSNLYMWTPCDAFIEPDHFRGKVLTAWKMNRFCQNIDCLQYWCMFKPIE,0.15279292,0.15279292,1,2000,100
DKWYRRHIPSSLYMRCQTSNLYMCTPCDAFIEPDHFCGKVQTAWAMNRFCQNIDCLQYWCMFKPIE,0.15203132,0.15203132,1,2000,100
DKNGFELHQRCFAFTCWWRDKQGCALDGGPRMPLYDWVKVQTKGNALPTSDMSKCTTIEENEKHFS,0.1518975,0.1518975,1,2000,100
DKWHRRHNPSSKYMRCQTSNLYMCKPCDAFIEPDHFRGKVQTAWDMNRFCQNIDCLQYWCMFKPIE,0.151392,0.151392,1,2000,100
DKWHRRHIPSSKYMRCQTSNLYMGTPCDAFIEPDHFCGKVQTAWWMNRFCQNIDCLQYWCMFKPIE,0.15115929,0.15115929,1,2000,100
DDNGFELHQRNFAITCWWRDKQSMALDGGPRLPIHRWVKVQTKGNALPTSDMSKCTNIEEVEAHFS,0.1509349,0.1509349,1,2000,100
DKWYRRHIPSSKYMRCQTSNLYMWTPCDAFIEPDHFCGKVLTAWNMNRFCQNIDYLQYWCMFKPIE,0.15040635,0.15040635,1,2000,100
DKWYRRHIPSSWYMRCQTSNLYMAIPCDAFIEPDHFCGKVLTAWEMNRFCQNIDCLQYWCMFKPIE,0.1485604,0.1485604,1,2000,100
TDNGFCLNQRCEDIFKTARHDMSCALDAQIRMPCYHWVKVQTADNAPDHWDFSYCTRIEEMRKHFS,0.14810182,0.1481271,1,2000,100
DKQYFELRQNPFQITCSWRSKESMTLDGAPRLPIHFWGKVVTKYNHNITSDIIKCLQGWENEAHFI,0.14634441,0.14636943,1,2000,100
DKWHRRHIPSSKYMRCQTSNLYMGTPCDAFIEPDHFCGKVLTAWLMNRFCQNIDCLQYHCMFKPIE,0.14520654,0.14520656,1,2000,100
DKWYRRHLPSSWYMKCQTSNLYMVTPCDAFIEPDHFCGKVQTAWCMNRFCQNIDCLQYWCMFKPIE,0.14384905,0.14384905,1,2000,100
DKWYRRHLPSSWYMRCQTSNLYMCRPCDAFIEPDHFCGKVLTAWIMNRFCQNIDCLQYWCMFKPIE,0.14315341,0.14315341,1,2000,100
KNGYNMYSRHFTHDRSIHAPLYLVTMHSDSWIYTQGVDAYLLNPSMNAPILYGWSVQRDDTKKHKE,0.14257535,0.14259984,1,2000,100
DKWHRRHLPSSKYMRCQTSNLYMNAPCDAFIEPDHFCGKVQTAWQMNRFCQNIDCLQYWCMFKPIE,0.1422057,0.1422057,1,2000,100
RNGWCCLHIPMLLGTTQMSPLCKCYLHFAPDCAPGNNFIWNSDRWKSTKFGECWFNRHIQSKNVES,0.14170061,0.14170131,1,2000,100
DNGRNEYSRHFCHMISIPAPLYLVTMHSDSWEYTQGVEKYLLNESMNAPITYGWSDQRARTKKHKE,0.14108843,0.14111273,1,2000,100
KNGYYTYSRHFTHDRSIPAPFCLVTMGSDSSIYTHGVDYYLLNPSMNAPITYIWSVQRDDCKKNTE,0.14103726,0.14106151,1,2000,100
KPWYNMYSRCFTHMRSIPANFYLVTMHSDSWIYQQGVDKYLLNPSMNAPVTYGWSVQRDRCKKHKE,0.14096692,0.14099118,1,2000,100
TKNNFNLHQRPVAFQCWWRRYQSDAKDGGPMLHLYDCVFPVEWGNALPTSWMRKCTTIEYVEAAFI,0.14013073,0.14013073,1,2000,100
DKWHRRHIPSSKYMRCQTSNLYGTIPCDAFIEPDHFRGKVQTAWYMNRFCQNIDDLQYWCDFKPIE,0.14004754,0.14004754,1,2000,100
DKWHRRHIPSSKYMRCQTSNLYMVDPCDAFIEPDHFCGKVLTAWWMNRFCQNIDCLQYWCMFKPIE,0.13937402,0.13937402,1,2000,100
KNWYNMYSRHFTHMRSIPANFYLVTMHSDSWIYTQGVDYLLLNPSMNAPITYGWSVQLDDCKKHKE,0.13790338,0.13792719,1,2000,100
DPGYNMYRRHICMDRSWPSPKVLVTMHSAASEYDGFIYKVLTNLSMNRFIDYIWILQLARCRKPGE,0.1374973,0.13752106,1,2000,100
DDNGFELHQRNFAFTCWWRDKQSPALDGGPRMPIHDWVKVQTKGNALPTSDISKCTTIWEGERHFS,0.13733056,0.13733056,1,2000,100
DKWHRRHNPSSKYMRCQTSNLYMVTPCDAFIEPDHFCGKVQTAWPMNRFCQNIDCLQYHCMFKPIE,0.13725007,0.13725007,1,2000,100
DDNGFELHQRNFIITCWWRDKQGPALDGGPRLPIYRWVKVQTKGNALPTSDISKCTTIEEVERHFS,0.13723484,0.13723484,1,2000,100
RDNGACLNQRCEDIFKTARHEMSCALDGQIRMPCYHWVKVQTADNAPDHWDFSYCTNIEEMRKVFS,0.13715404,0.13717775,1,2000,100
KMSDNMNIGCWQLEWQRYKDWALPYTHSKPPRQYGKLAEIPMALIMTKSMTQSWYHADLEDNKGPH,0.13677107,0.13677172,1,2000,100
DKWHRRHIPSSKYMRCQTSNLYMVTPCDAFIEPDHFCGKVQTAWKMNRFCQNIDCLQYHCMFKPIE,0.13668458,0.13668458,1,2000,100
DKWNSELRQNPFQITCQWRSKESMTLDGAPRLPIHFWVKVVTKYNHPITSGGIKCLQGWENEAHFI,0.13667119,0.13669482,1,2000,100
DKWARRHIPSSKYMRCQTSNLYMEWPCDAFIEPDHFRGKVQTAWTMNRFCQNIDCLQYWCMFKPIE,0.13609679,0.13609679,1,2000,100
DKWYRRHLPSSKYMRCQTSNLYMPTPCDAFIEPDHFCGKVQTAWKMNRFCQNIDCLQYWCMFKPIE,0.1334776,0.1334776,1,2000,100
DKWHRRHIPSSKYMRCQTSNLYMVTPCDAFIEPDHFRGKVLTAWNMNRFCQNIDCLQYWCMFKPIE,0.13328238,0.13328238,1,2000,100
NHYMPHWVNKDQHGFYTHIAEWWVVMNGPKRHRTRHHYEFWGNIDWPCPIEPSDLEFLQDDKKGHL,0.13213128,0.13213128,1,2000,100
DKWHRRHIPSSKYMRCQTSNLYMVTPCDAFIEPDHFCGKVQTAWEMNRFCQNIDCLQYWCMFKPIE,0.13109791,0.13109791,1,2000,100
DDNGFELHQRNFAITCWWRDKQGCALDGGPRMPIHRWVKVQTKGNALPTRDMSKCTTIWENERHFS,0.13018236,0.13018236,1,2000,100
DKWHRRHIPSSKYMRCQTSNLYMVTPCDAFIEPDHFCGKVLTAWYMNRFCQNIDYLQYWCMFKPIE,0.1298726,0.1298726,1,2000,100
DKWGFELRQNPFKFTLQWRDKQGMALDGAPRRPIHDWVFVQTWYNHLITSGSIKCTTGEENEKHFI,0.12956358,0.12958618,1,2000,100
KHGMNMMTRQITHDRSIPAPLCLVTMHSDSWIQTHCVEYSLLNEYMNAPVTYGWSVQRDDTKKHTE,0.12913427,0.12915678,1,2000,100
DKWHRRHLPSSKYMRCQTSNLYMYTPCDAFIEPDHFCGKVLTAWWMNRFCQNIDCLQYWCMFKPIE,0.12858883,0.12858883,1,2000,100
DKNGFELHQRNFIITCWWRDKQGPALDGGPRMPIHDWVKVQTKGNALPTSDISKCTNIWEMERHFS,0.12750374,0.12750374,1,2000,100
DKWHRRHKPSSWYMRCQTSNLYMVSPCDAFIEPDHFCGKVQTAWFMNRFCQNIDCLQYWCMFKPIE,0.12744218,0.12744218,1,2000,100
DKWYHEHRMPSKYMTCQTMNKESVTPCDAPIEPDHFWGKVQTALMMNSFCQNIDCLQKHCVFKVIE,0.127376,0.12739827,1,2000,100
DKWHRRHLPSSKYMKCQTSNLYMVTPCDAFIEPDHFCGKVLTAWPMNRFCQNIDCLQYWCMFKPIE,0.12713951,0.12713951,1,2000,100
RDNGACLNQRCEDIFKTARHDMSCALDAQIRQPCYHWVKVQTADNAPDHWDFSSCTNIEEMRKKFS,0.12708126,0.12710348,1,2000,100
DKWHRRHEPSSWYMRCQTSNLYMVTPCDAFIEPDHFRGKVLTAWFMNRFCQNIDCLQYWCMFKPIE,0.12662509,0.12662509,1,2000,100
DKWHRRHLPSSWYMRCQTSNLYMVAPCDAFIEPDHFCGKVLTAWDMNRFCQNIDCLQYWCDFKPIE,0.12651734,0.12651734,1,2000,100
KPGYNMYSRHFTHMRSIPAPFYLVTMGSDSWIQTHGVEAVLLNSSMNAPITYGWSVQLDDTKKHKE,0.12604776,0.12606983,1,2000,100
DKNGFELHQRNFAFTCWWRDKQGCALDGGPRLPIYRWVKVQTKGNALPTSDMSKCTTIWEVERHFS,0.12586483,0.12586483,1,2000,100
DKWHRRHIPSSKYMRCQTSNLYMCEPCDAFIEPDHFCGKVLTAWCMNRFCQNIDCLQYWCMFKPIE,0.12539421,0.12539421,1,2000,100
RDNGACLNQRCEDIFKTARHDMSCALDGQIRMPCYHWVKVQTADNAPDHADFSYCTNIEEMHKKFS,0.12495178,0.12497369,1,2000,100
DKWHRRHLPSSWYMRCQTSNLYMVTPCDAFIEPDHFCGKVKTAWFMNRFCQNIDCLQYWCMFKPIE,0.1249078,0.1249078,1,2000,100
DDNGFELHQRNFIFTCWWRDKQGPALDGGPRMPIHDWVKVQTKGNALPTSDISKCTNIEENEAHFS,0.12488459,0.12488459,1,2000,100
KNGMNMYSRCITHRRSIHAPLYLVTMHSDHWIYTQCVEKYLLNESMSAPIDYGWSVQRDDCKKHKK,0.124778725,0.124800615,1,2000,100
KNGYNMYTRHITHDRSIPAPFYLVTMHSDCWIYTGGVDKYLLNPYMSAPITYGWIVQLDDCKKHKK,0.12466139,0.12468326,1,2000,100
DPGYIEHRRPIFMDRSWYMPKVSVTAHEAAREPDHFWNKSLTALSKNRFIGYISCHRLAEMRKHNE,0.12464393,0.12466578,1,2000,100
KPGYNMSTRAICHMRSIPAPFYLVTMGSDSSIYTAGVEKVLLNEYMSAPITYGWSDQRDDCKKVKE,0.12416498,0.12418676,1,2000,100
DKWHRRHIPSSKYMRCQTSNLYMVTPCDAFIEPDHFCGKVLTAWEMNRFCQNIDCLQYWCMFKPIE,0.124080084,0.124080084,1,2000,100
KHGYNMYTRCFCHGRSIPAPLYLVTMHSDSWIYTHCVDKSLLNKYMSAPITYGWSVGRDRCKKHTE,0.124060504,0.12408226,1,2000,100
DKWGFELRQNPFKITLQWRSKQGMALDGAPRMPIHDWVKVQTWYNHLITSGSIKCLTGEEMEKHFI,0.123819575,0.12384131,1,2000,100
DYFYEGDWETEMNHKECQCRSNYIGRLRRFPCWNFQYRGCRKQTNKIACQQRDPVNDAHIKWLRID,0.123751804,0.12377258,1,2000,100
RDNGACLNQRCEDIFKTARHDMSCALDAQIRMPCYHWVKKQTADNAPDHADFSYCTNIEEMFKKFS,0.12360831,0.12363002,1,2000,100
NPSGFELNWHICNHQKWFEPRCSSDLQFCVNLPHSCWKICQSNLSMPTSEEMVSIDRMAVWKCQES,0.123481706,0.123481706,1,2000,100
DDNGFELHQRNFIFTCSWRDKQGPALDGGPRLPIHRWVKVQTKGNALPTSDISKCTNIWENEAHFS,0.12328052,0.12328052,1,2000,100
EMPNDYREKCYGYELPYTNNKPSIDHITPSNKSHNNTRVWNTDERALKSTAECYPPMCIEAMKHEN,0.45806772,0.45806772,2,4000,199
KEPTDDLSYDAISEYHSDVDCWSCHMICESHHQRAEYCAVWETNSGNGCTGHRTPHEAEYDWKIEQ,0.38856456,0.38856533,2,4000,199
KHKNQHPLFPHGSYAWREKDEYEVWMYNEAHYYYQGLYNYWFDMRGTDWPWGECSDWQEYPGMTEK,0.31287533,0.31287533,2,4000,199
INSPRHTPQNDMACHIPCDRWHQQSSWVMPADINHDSWDGLMEDMYRTPDEKQWFYGVHIQRSFYM,0.26065347,0.26065347,2,4000,199
RNKWTHPPCEDWYKRIATYNLFPCESADMLSEPTHFTELMLMDNRHSSWCESWMAYVFNCDHSPQV,0.2454577,0.2454577,2,4000,199
RNKWTHPPCVDWYKRIATYNLFWPEMADMLSEPTHFTELVLMDNRGSSWCESWMRYVFNCDHSPIV,0.2190532,0.2190532,2,4000,199
RNKDTHPPCEDWYKRIATYNLVPCESADRLSEPTHFTELMLMDGRHSSWCESWMNYVFNEDHSPIV,0.20622125,0.20622125,2,4000,199
ILSPRWTPWNPMKCEPYCDRWHQYGWWVGPALINCQSWQGMKVDMHRTPRNKWWFCAVKGQRYFYM,0.20601168,0.20601168,2,4000,199
KDNNMELHWHIFMIAKSMEPKWSPYLQEGPRCPHGNYGSCQSCLIVLKHPDISAHWRKEWGAKQFS,0.20306058,0.20306058,2,4000,199
RNKWTHPPCEDWYKRIATYNLFPYESADMLSEPTHFTELMLMDNRHSSWCESWMTYVFNCDHSPIV,0.20199768,0.20199768,2,4000,199
RNKWTHPPCEDWYKRIATYNLFPCEMADGLSEPTHFTELMLMDNRHSSWCESWMSYVFNEDHSPIV,0.19252251,0.19252251,2,4000,199
RNKWTHPPCEDWYKRIATYNLFPPESADMLSEPTHFTELMLMDTRHSSWCESWMYYVFNCDHSPIV,0.1918539,0.1918539,2,4000,199
INSPRFTPWNDMACHAPCDRWHQQSSWVMPADINHDSWMGLMEDMGRTPDEKQWFYGVHIQRSNYM,0.18828675,0.18828675,2,4000,199
RNKWTHPPCVDWYKRIATYNLVPCESADMLSEPTHFTELMLMDDRHSSWCESWMRYVFNCDHSPIV,0.18573768,0.18573768,2,4000,199
ILSPRWTPWNHMKCEPYCDRWHTYGWWVGPALINHQSWFGMKVDMHRTPRNKHWFCAVKGQRYFYM,0.18388814,0.18388814,2,4000,199
RNKWTHPPCEDWYKRIATYNLVPSESADMLSEPTHFTELMLMDSRHSSWCESWMNYVFNCDHSPIV,0.18374354,0.18374354,2,4000,199
RNKWTHPPCEDWYKRIATYNLFPCESADGLSEPTHFTELMLMDTRHSSWCESIMSYVFNEDHSPQV,0.18165638,0.18165638,2,4000,199
VNPYRHFPCEDWYKKAGTYRWRPQISPWMLAKGTHFCWTFLMRDNKSMPDESQWHYGTHCDRSNAV,0.17865908,0.17865908,2,4000,199
IITESNVVAYPHQREHNWDSYPVMQVTRRNCDIMEDGQFPVKWYDEKITSSVLERAFGRQNEDEVI,0.17808382,0.17808382,2,4000,199
INSPRYTPWNDWKCHIYCDRWHQQSSWVMPADINHDSWDGLMVDMMRTPDEKQWFYGVHIQRSNYM,0.1769639,0.1769639,2,4000,199
DYKRECYHYQQYSKKCQYSERPARAAGQMFSHSEWSYEQYDTKRWTPWHTYARIEWWWYVTMNSQC,0.17329474,0.17329474,2,4000,199
RNKWTHPPCEDWYKRIATYNLVPCESADGLSEPTHFTELVLMDNRHSSWCESWMTYVFNEDHSPIV,0.17231245,0.17231245,2,4000,199
RNKWTHPPCEDWYKEIATYNLVPPEMADMLSEPTHFTELMLMDTRHSSWCESWMAYVFNCDHSPIV,0.17175934,0.17175934,2,4000,199
RNKWTHPPCEDWYKEIATYNLFPCEMADMLSEPTHFTELMLMGDRHSSWCESWMSYVFNEDHSPIV,0.17100285,0.17100285,2,4000,199
VNPYRHFPCEDWYKKAPTYRWRPQISFWMLAKGTHACWTFLMRPNKSMPDESQWFYGTHCDRSNAV,0.16998291,0.16998291,2,4000,199
INTESFVVAYPRQREHNWDSYHVMQVTRRNCDIMEDGQFPVKWYDFKITSEKLERAFGRQNEDEVI,0.16805509,0.16805509,2,4000,199
VNPYRHFPCEDWYKKARTYYWRPQISAWMLAKGTHACWTFLMRPNKSMPDESQWHYGTHCDRSNAV,0.1670568,0.1670568,2,4000,199
RNKWTHPPCEDWYKRIATYNLVPCESADMLSEPTHFTELVLMDWRHSSWCESWMQYVFNCDHSPIV,0.16602024,0.16602024,2,4000,199
RNKWTHPPCEDWYKRIATYNLFPCESADMLSEPTHFTELMLMDNRHSSWCESWMGYVFNEDHSPIV,0.16586371,0.16586371,2,4000,199
RNKWTHPICVDWYKRIATYNLFPCESADMSSEPTHFTELVLMDNRHSSWCESIMKYVFNCDHSPIV,0.16545145,0.16545145,2,4000,199
RNKWTHPPCEDWYKRIATYNLVPCESADGLSEPTHFTELVLMDNRHSSWCESIWQYVFNCDHSPIV,0.16521817,0.16521817,2,4000,199
INSPRHTPQNDWACYIWCDRWHQESSWVMPADINHDSWDGLMVDMGRTPDEKQWFYGVHIQRSNYM,0.1634808,0.1634808,2,4000,199
VNPYRHFPCEDWYKKADTYYWRPVISAWMLAKGTHACWTFLMRPNKSMPDESQWHYGTHCDRSNAV,0.15887654,0.15887654,2,4000,199
RNKWTHPPCEDWYKRIATYNLVPCESADYLSEPTHFTELMLMDARHSSWCESWMQYVFNCDHSPIV,0.15783742,0.15783742,2,4000,199
VNPYRHFPCEDWYKKAPTYRWRPQISFWMLAKGTHFCWTFLMRPNKSMPDESQWWYGTHCDRSNAV,0.15449096,0.15449096,2,4000,199
RNKWTHPPCVDWYKAIATYNLFPPEPADYLSEPTHFTELMLHDSRHSSWCESIMTYVFNCDHSPIV,0.15301195,0.15301195,2,4000,199
RNKWTHPPCEDWYKRIATYNLFPCESADMLSEPTHFTELMLMDNRHSSWCESWMYYVFNEDHSPIV,0.15219548,0.15219548,2,4000,199
INSPRFTPQNDMKCYIPCDRWHQQSSWVMPADINHDSWDGLMVDMTRTPDEKQWFYGVHIQRSNYM,0.15115698,0.15115698,2,4000,199
INSPRYTPQNVWACYAKCDRWHTQISWVMPADINHDSWNGLQEDMERTPDEKQWFYGVHGQRSNYM,0.15079474,0.15079474,2,4000,199
RNKWTHPPCEDWYKRIATYNLFPCESADMLSEPTHFTELMLMDNRHSSWCESWMWYVFNEDHSPIV,0.15051179,0.15051179,2,4000,199
VNPYRHFPCEDWYKKAPTYYWRPPISFWMLAKGTHACWTFLMRPNKSMPDESQWHYGTHCDRSNAV,0.1504825,0.1504825,2,4000,199
ILSPRWTPWNPMKCEIYCDRWHQQGWWVGPALINCQSWIGMKVDMHRTPRNKWWFCAVKGQRYFYM,0.15043767,0.15043767,2,4000,199
RNKWTHPPCVDWYKRIATYNLFPNESADMLSEPTHFTELMLMDNRHSSWCESWMMYVMNCDHSPIV,0.1502968,0.1502968,2,4000,199
RNKWTHPPCVDWYKRIATYNLFPPESADYLSEPTHFTELMLMDPRHSSWCESWMFYVFNCDHSPIV,0.14941554,0.14941554,2,4000,199
VNPYRHFPCEDWYKKANTYYWRPHISIWMLAKGTHACWTFLMRDNKSMPDESQWHYGTHCDRSNAV,0.14901389,0.14901389,2,4000,199
DFWNFELREHNEMIQTCYMPKWKPDLQEEIHHPHHRHNKCFTCLIALTMPDGVAYDRIEWFVKINR,0.14878988,0.14878988,2,4000,199
VNPYRFFPCEDWYKKAQTYRWRPSISFWMLAKGTHACWTFLMRDNKSMPDESQWFYGTHCDRSNAV,0.14748807,0.14748807,2,4000,199
DPQGAEWNVLNFMILGQMRPLVHSYLQFAREMPHGCWGSCFSALIANDMPDGRSYLWHEWFAKQNC,0.14711054,0.14711054,2,4000,199
RNKWTHPPCEDWYKRIATYNLFPCESADYLSEPTHFTELVLMDNRHSSWCESIMYYVMNEDHSPQV,0.14559771,0.14559771,2,4000,199
RNKWTHPPCEDWYKRIATYNLVPQEMADMLSEPTHFTELVLMDSRHSSWCESWMHYVFNEDHSPIV,0.14499745,0.14499745,2,4000,199
RDNGFGNHQWCGDITFSREYSQHCILQGKITQHAYVIGIDQWDANPPQHDGCTMCGYNHNMGWIFS,0.14261347,0.14261347,2,4000,199
VNPYRHFPCEDWYKKANTYRWRPYISLWMLAKGTHFCWTFLMRPNKSMPDESQWHYGTHCDRSNAV,0.14115804,0.14115804,2,4000,199
PQNWDGPKPRIKYDNMMGSNREHCGYQFAMRSCRTTYNSYGWGAVINADCIFWDMGKEPWTVNPIE,0.14072408,0.14074825,2,4000,199
VNPYRHFPCEDWYKKADTYRWRPFISFWMLAKGTHFCWTFLMRDNKSMPDESQWHYGTHCDRSNAV,0.14048512,0.14048512,2,4000,199
RNKWTHPPCEDWYKRIATYNLFPCESADMLSEPTHFTELMLMDNRHSSWCESWMAYVFNEDHSPIV,0.14005798,0.14005798,2,4000,199
RNKWTHPPCEDWYKRIATYNLVPCESADMLSEPTHFTELMLMDPRHSSWCESIMMYVFNCDHSPQV,0.1397243,0.1397243,2,4000,199
RNKWTHPPCEDWYKRIATYNLFPCESADMLSEPTHFTELVLMDNRHSSWCESWMAYVFNEDHSPIV,0.13926576,0.13926576,2,4000,199
RNKWTHPPCVDWYKRIATYNLFPCESADMLSEPTHFTELVLMDERHSSWCESWMAYVFNCDHSPIV,0.1386682,0.1386682,2,4000,199
RNKDTHPPCVDWYKRIATYNLFPWEMADYLSEPTHFTELMLMDNRHSSWCESWMKYVFNEDHSPIV,0.13866624,0.13866624,2,4000,199
INSPRQTPWNDWKCYAPCDRWHQQISWVMPADINHDSWDGLMEDMTRTPDEKQWFCGVHIQRMNYM,0.13829532,0.13829532,2,4000,199
RNKDTHPPCEDWYKRIATYNLVPYEMADMLSEPTHFTELMLMDNRHSSWCESWMWYVFNCDHSPIV,0.13808787,0.13808787,2,4000,199
RNKWTHPPCEDWYKRIATYNLFPVESADMLSEPTHFTELMLMDPRHSSWCESWMKYVFNEDHSPIV,0.13766567,0.13766567,2,4000,199
IFSMAACNSEGWDLWKEIAQSDQTMGFRDLKCTDPYGFITMIQQNAEQGQNDRSGCGYKCVGFGDM,0.13715729,0.13715729,2,4000,199
VNPLRHFPCEDWYKKAKTYRWRPMISPWMLAKGTHACWTFLMRDNKSMPDESQWAYGTHCDRSNAV,0.13703406,0.13703406,2,4000,199
VNPLRHFPCEDWYKKASTYRWRPRISFWMLAKGTHFCWTFLMRSNKSMPDESQWHYGTHCDRSNAV,0.13690193,0.13690193,2,4000,199
IKSMAACVAEGWDLWKSIQQSDQTMGPRDLKCTDPYGFITMIQQNAEQSQNDRSCCGYKCVGFGDM,0.13660093,0.13660093,2,4000,199
ITSPRWTPWNAMKCERYCDRWHTYGWWVGPALINHQSWWGMKVDMHRTPRNKMWFCAVRGQRYFGM,0.13594171,0.13594171,2,4000,199
INSPRPTPWEDMKCYIQCDRWHQKISWVMPAWINHDSWDGLMVDMERTPDEKQWFYGVHILRSNYM,0.13554281,0.13554281,2,4000,199
RNKWTHPPCEDWYKRIATYNLVPQESADMLSEPTHFTELMLMDHRPSSWCESWMWYVFNEDHSPIV,0.1355315,0.1355315,2,4000,199
INKLTSFPCNDWCKNAALDRWQPQISKWMLAKGTRACWLFLMVPNQSWPCEKQWQYGTNCDRSLAV,0.13552025,0.13552025,2,4000,199
INSPRFTPWNDMACHIPCDRWHQQSSWVMPADINHDSWDGLMVDMMRTPDEKQWFYGVHIQRSFYM,0.13529538,0.13529538,2,4000,199
INTERNVWAYPHQRETNWDSYDVQQVTRRNCDIMEDGQFPVKWYDFKITSVKLETAFGRQNEYEVI,0.13516943,0.13516943,2,4000,199
INSPRMTPQEDWACYIPCDRWHQQIDWVMPADINHDSWDGLMEDMRRTPDEKQWFCGVHIQRMNYM,0.13477482,0.13477482,2,4000,199
VNPLRHFPCEDWYKKASTYRWRPMISFWMLAKGTHACWTFLMRDNKSMPDESQWFYGTHCDRSNAV,0.13440831,0.13440831,2,4000,199
RNKWTHPPCEDWYKRIATYNLVPCEMADMLSEPTHFTELMLMDNRHSSWCESWMTYVFNEDHSPIV,0.13432415,0.13432415,2,4000,199
VNPLRFFPCEDWYKKATTYRWRPHISFWMLAKGTHACWTFLMRPNKSMPDESQWFYGTHCDRSNAV,0.13323301,0.13323301,2,4000,199
INSPRGTPWNHWKCHARCDRWHQLISWVMPADINHDSWFGLMEDMCRTPDEKQWFCGVHIQRSNYM,0.13208522,0.13208522,2,4000,199
RNKWTHPPCEDWYKRIATYNLVPVEMADYLSEPTHFTELMLMGRRHSSWCESWMAYVFNCDHSPQV,0.13203199,0.13203199,2,4000,199
RLNGAGNHQWCGDINFSREYSQHCILQWKITMHAYVIGSDQWDANPPQHDGCTQCGYNHNMGWIFS,0.13196321,0.13196321,2,4000,199
RDNGFGNHQWCNDINFSREYSQHCILQWKITQVAYVIGLDQWDANPPQHDECTQCGYNHNMGWIFS,0.13182187,0.13182187,2,4000,199
RLNGFGNHQWCGDINFSREYSQHCILQWKITMHAYVIGKDQWDANPPQHDECTQCGYNHNMGWIFS,0.13179772,0.13179772,2,4000,199
RNKDTHPPCEDWYKRIATYNLFPYESADVLSEPTHFTELVLMDNRMSSWCESWMNYVFNEDHSPIV,0.130686,0.130686,2,4000,199
RNKWTHPPCEDWYKRIATYNLFPKEMADMLSEPTHFTELMLMDNRHSSWCESWMWYVFNEDHSPIV,0.13060541,0.13060541,2,4000,199
IFSMAACTAEGWDLWKNIQQSDQTMGPRDLKCTDPYGFITMIQQNAEQQQNDRSGCGYKCVGFGDM,0.12936012,0.12936012,2,4000,199
INSPRMTPQNDWGCHANCDRWHQQISWVMPADINHDSWDGLMVDMRRTPDEKQWFCGVHIQRSNYM,0.1292342,0.1292342,2,4000,199
RNKWTHPPCEDWYKRIATYNLFPWESADMLSEPTHFTELMLMDNRHSSWCESWMYYVMNEDHSPIV,0.12903902,0.12903902,2,4000,199
RNKWTHPPCEDWYKRIATYNLFPCEMADYLSEPTHFTELMLMDNRHSSWCESIMMYVFNCDHSPIV,0.12871073,0.12871073,2,4000,199
IITEWFVVAYPHQREHNWDSYHVMQVTRRNCDIIEDGQFPVKWYDFKITSSRLERAFGRQNEDEVI,0.12859151,0.12859151,2,4000,199
ILSPRWTPWNPMKCESYCDRWHQYGWWVGPALINCQSWDGMKVDMHRTPRNLVWFCAVKGQRYFYM,0.12850866,0.12850866,2,4000,199
RLNGAGNHQWCPDINFSREYSQHCILQWKITMHAYVIGKDQWDANPPQHDECTQCGYNHNMGWIFS,0.12836058,0.12836058,2,4000,199
RNKWTHPPCEDWYKRIATYNLFPCEMADMLSEPTHFTELMLMDNRHSSWCESWMAYVFNEDHSPIV,0.12807408,0.12807408,2,4000,199
RNKWTHPPCEDWYKAIATYNLFWIESADKLSEPTHFTELMLMDERHSSWCESWMDYVFNEDHSPIV,0.12805057,0.12805057,2,4000,199
RNKWTHPPCEDWYKRIATYNLVPCESADYLSEPTHFTELMLMDARHSSWCESWMPYVFNEDHSPIV,0.12778501,0.12778501,2,4000,199
IFSMAACHAEGWDLWKSIQQSDQTMGNRDLKCTDPYGFITMIQQNAEQRQNDRSGCGYKCVGFGDM,0.12774533,0.12774533,2,4000,199
INSPRFTPQNVWKCHAPCDRWHQQISWVMPADINHDSWDGLMEDMNRTPDEKQWFCGVHIQRSNYM,0.1275106,0.1275106,2,4000,199
RNKWTHPPCEDWYKVIATYNLFPNESADMLSEPTHFTELVLMDNRHSSWCESWMMYVFNCDHSPIV,0.12739818,0.12739818,2,4000,199
RNKWTHPPCEDWYKRIATYNLFPCEMADMLSEPTHFTELVLMDNRHSSWCESWMAYVFNEDHSPIV,0.12733962,0.12733962,2,4000,199
RNKWTHPPCEDWYKRIATYNLFMCESADMLSEPTHFTELMLMDTRHSSWCESWMMYVFNEDHSPIV,0.12719862,0.12719862,2,4000,199
INSPRFTPWNVWACHHECDRWHQQISKVMPADINHDSWDGLMVDNGRTPDEKQWFCGVHIQRSNYM,0.12714812,0.12714812,2,4000,199
DYQDPHPYEVHELEQDVGTFRGSKEHIEEASTPVQNNVSYFEKGSGPGKLQWSAKPQQEEFFASQE,0.34744978,0.3474952,3,6000,298
KGGWFEHMVHHERPKNPHGNEESSHHPSAFDGAVYNHGVVQHDESGFKHADIRAGVVHLDWGMHNV,0.27061933,0.27061933,3,6000,298
ISSPWYTPQEGCDLWSYLPRSHQYGWWVGPANIACQSFNGMDWDNHRTPREPQWTYAIKGQRSNAM,0.23330536,0.23330474,3,6000,298
ILSPYCTPQNGQKCWSYCDRWHQYGWWVGPALINHQSWKGMKVDCHRTPREKQWFCAVRGQRYFYM,0.23259176,0.23259114,3,6000,298
DEQGKFGNHDSESTANFTMQKASKHAPEEFDCPVYCDGIVQTFESGNHHQQQWQYLNHIYGAMHNE,0.23220462,0.23220402,3,6000,298
ISSPLYTPQNGCDLWSYLPRWHQYGWWVMPAVINCQSWNGMDWDNHRTPREPQSTCAIQGQRSNAM,0.22739612,0.22739552,3,6000,298
EGMNGNQMVPHEYPKNSIQAIELRTPPAEFNGPDYCYNSMQPAGSGYKHPANNQERVYEDWAMQKC,0.22592373,0.22592373,3,6000,298
KFQPSRKRANNFHTWICHMQSASTCQEAPQPHQDLYKALQFIKECYAKHAKDHARVHRLDIHFVKE,0.22371177,0.22371167,3,6000,298
ISSPYCTPQNGQKLWSYLPRWHQYGWWVWPAPINCQSFNGMDWDNHRTPREPQWTCAIQGQRSNAM,0.2116079,0.21160781,3,6000,298
KFQPGRKNANNFHTWSCNMRSASTCQEAEQPVQDLYKALQFIKECYAKHAKDHARVWRLDCHFVKE,0.20560546,0.20560536,3,6000,298
ILSPWCTPQNPQKCWSYCDRWHQYGWWVGPALINHQSWWGMDVDCHRTPREKQWFCAVRGQRVFYM,0.20560023,0.20560011,3,6000,298
KFQPSRKRANNFHTWICHMQSASTCQEAEQPHQDLYKALQFIVECYAKHAKDHARVWRLDCHFVKE,0.20232686,0.20232673,3,6000,298
EPKMFHQLDSNTSETRSHRQRPASDPADYASIAVLNYAQMFGDTWGFHFVRMSCEDEQEVCAKVTA,0.19867903,0.19871081,3,6000,298
ISSPFYTPQNGCDLWSYLPRWHQYGWWVMPAWINCQSFNGMDWDNHRTPREPQSTCAIKGQRSNAM,0.19777866,0.19777857,3,6000,298
ISSPWYTPQEGQFLWSYLPRSCQYGWWVGPAPINCQSWNGMDWDNHRTPREPQSTCAIKGQRSNAM,0.19626673,0.19626664,3,6000,298
KFQPGRKRAKNFHTWICNMQSASTCQEAEQPHQDLYMALQFIKECYFKHAKDHARVWRLDCHFVKE,0.19500418,0.19503547,3,6000,298
DMMHGMYYHVNTNESTFYEPTGKSTPPGMMPGAFANLYKYFTGGWGNHIPGNSQCVNLIYFGKSCV,0.19320592,0.19320592,3,6000,298
ISSPRCAWKPYMHLWAYLSDSFYTGNLVVNPEIPWPAIAGQKELNEETQRKHAGSFNVQYWRSANM,0.192966,0.192966,3,6000,298
ILSPRYTPQNPQKCWSYCDRWHQYGWWVGPALINHQSWMGMDVDPHRTPREKQWFCAVRGQRYFYM,0.19295612,0.19295612,3,6000,298
DFPDQHKAVDIVYERCPYAQVAASELNSEFDGPVLHDSHCIHQMSMNKMIDNIAETRCWYEHMQNE,0.19248028,0.19248028,3,6000,298
NYQHLHPLCLCFLIADSHQGILYKTPHSEMLHSVAHYHIVHEGGRAPSKLRWNCGTNLDWEQAITV,0.1902191,0.1902191,3,6000,298
DEPQAIGVCNNFNSEYVIRCPPWMQVEREWPGIMWEYRFHQKWVDFKQRALWHGRPCWDENLDFKI,0.18899526,0.18899526,3,6000,298
ILSPLYTPQNGCDLWSYLPRWHQTGWWVWPAMIACQSFNGMDWDNHRTPREPQWTCAIKGQRSNYM,0.18723063,0.18723063,3,6000,298
ILSPLYTPQNGQKCWSYLDRWHQYGWWVGPALINHQSWSGMDVDPHRTPREKQWFCAVRGQRYFYM,0.18711174,0.18711174,3,6000,298
ISSPYYTPQNGQKLWSYLPRWHQYGWWVMPAPIACQSFNGMDWDNHRTPREPQSTCAIQGQRSNAM,0.18629472,0.18629472,3,6000,298
KFQPSRKRANNFHTWICNMQSASTCQEAEQPVQDLYKALQFIKECYAKHAKDHARVHRLDVHFVKE,0.18462354,0.18462354,3,6000,298
KFQPSRGRGNNFHTWICNMQSASTCQEAEQPVQDLYKALQQIKECYAKRAKDHARVWRLDCHFVKE,0.18445182,0.18445182,3,6000,298
KFQPSRKRANNFHTWICNMQSASTCQEAEQPVQDLYKALQFIKECYAKHAKDHARVHRLDCHFVKE,0.18418656,0.18418656,3,6000,298
ISSPPYTPQNGCDLWSYLPRWHQYGWWVMPAPINCQSFNGMDWDNHRTPREPQSTCAIQGQRSNYM,0.18105198,0.18105198,3,6000,298
ISSPLYTPQNGQKLWSYLPRWHQYGWWVMPAWIACQSFNGMDWDPHRTAREPQWTCAIQGQRSNAM,0.1804304,0.1804304,3,6000,298
KFQPSRKRANNFHTWICNMRSASTCQEAEQPVQDLYKALQFIKECYAKHAKDHARVHRLDCHFVKE,0.17963836,0.17963836,3,6000,298
KFQPGRKRANNFHTWICHMQSASTVQEAEQPHQDLYKALQFIKECYFKHAKDHARVWRLDIHFVKH,0.17957668,0.17957668,3,6000,298
KFQPSRKRANNFHTWICHMRSASTCQEAEQPHQDLYKALQFIVECYAKRAKDHARVWRLDCHFVKE,0.17844339,0.17844339,3,6000,298
ILSPRCTPWNGQKCWSYCDRWHQYGWWVGPALINHQSWSGMDVDCHRTPREKQWFCAVRGQRYFYM,0.17630172,0.17630172,3,6000,298
ISSPAYTPQNGQKLWSYLPRWHQYGWWVMPAPINCQSFNGMDWDNHRTPRNPQSTCAIQGQRSNAM,0.17561115,0.17561115,3,6000,298
ILSPRYTPQNPQKCWSYCDRWHQYGWWVGPALINHQSWHGMDVDPHRTPREKQWFCAVRGQRVFYM,0.17528267,0.17528267,3,6000,298
KFQPGRGRANNFHTWICHMQSASTSQEAEQPVQDLYKALQFIKECYFKHAKDHACVWRLDVHFVKE,0.17496733,0.17496733,3,6000,298
KFQPGRKRANNFHTWICNMQSASTCQEAEQPVQDLYKALQFIKECYAKHAKDHARVWRLDVHFVKE,0.17429909,0.17429909,3,6000,298
KFQPSRKRANNFHTWICNMQSASTCQEAEQPVQDLYKALQFIKECYAKHAKDHARVWRLDCHFVKE,0.17417693,0.17417693,3,6000,298
KFQPGRKRANNFHTWICNMQSASTCQEAEQPVQDLYKALQFIKECYAKHAKDHARVWRLDCHFVKE,0.17388134,0.17388134,3,6000,298
KFQPSRKRANNFHTWICHMRSASTCQEAPQPHQDLYKALQFIKECYAKHAKDHACVHRLDCHFVKE,0.17288809,0.17288809,3,6000,298
ISSPTYTPQEGQKLWSYLPRWHQYGWIVMPAHINCQSFNGMDWDNHRTPRNPQWTFAIKGQRSNAM,0.17271043,0.17271043,3,6000,298
KFQPSRKRGNNFHTWICNMQSASTCQEAPFPHQDLYKALQFIKECYAKHAKDHARVHRLDVHFVKE,0.17222841,0.17222841,3,6000,298
EDPDIRWNVHSEREKNQGANREAVTDPSEFHGAVLCYAQVQIQMRAYKHIDQWQCVQCDECHWEQE,0.16926423,0.16926423,3,6000,298
ISSPVYTPQEGCKLWSYLPRWHQYGWWVMPAPINCQSFNGMQWDNHRTPREPQSTCAIQGQRSNAM,0.1683512,0.1683512,3,6000,298
ISSPAYTPQNGQKLWSYLPRWHQYGWWVMPAPINCQSFNGMDWDNHRTPREPQWTCAIKGQRSNAM,0.16674939,0.16674939,3,6000,298
KFQPGRKRANNFHTWICNMQSASTCQEAEQPHQDLYKALQFIKECYAKHAKDHACVWRLDCHFVKE,0.16657776,0.1666055,3,6000,298
ISSPNYTPQNGQKLWEYLPRSHQYGWWVMPAPINCFSFNGMDWDNHRTPRNPQSTCAIKGQRSNAM,0.16645876,0.16645876,3,6000,298
ISSPAYTPINGQDLWEYLPRWHQYGWWVMPALIACQSFNGMDWDNHRTPREPQSTCAIQGQRSNAM,0.1661415,0.1661415,3,6000,298
DAQWPHYLDSAFRIRTPTGQKEYPTGHDYTPAVFGNDSTMFVFASISMMVQMWCATTYLYCQCQTA,0.16511002,0.1651101,3,6000,298
ISSPPYTPQNGQKLWSYLPRWHQYGWWVMPAPINCQSFNGMDWDNHRTPREPQSTCAIQGQRSNAM,0.1637726,0.1637726,3,6000,298
KPMRFYKMCPSEPPCHPGRQIGWRHPNSEFEGPDSCLGSVQTDESGPKHIWNNAGVQYLYCAFSTC,0.16370612,0.16370612,3,6000,298
KFQPSRKRANNFHTWICNMQSASTCQEAEQPVQDLYKALQQIKECYAKHAKDHARVWRLDVHFVKE,0.16360302,0.16357568,3,6000,298
KFQPGRGRGNNFHTWICNMQSASTCQEAEQPVQDLYKALQFIKECYFKHAKDHARVWRLDCHFVKH,0.16312297,0.1630957,3,6000,298
ILSPRCTPWNPQKCWSYCDRWHQYGWWVMPALINHQSWWGMDVDCHRTPREKQWFCAIRGQRYFYM,0.16165304,0.16162597,3,6000,298
KFQPSRKNANNFHTWICNMQSASTCQEAEQPHQDLYKALQFIVECYFKHAKDHACVHRLDVHFVKE,0.16079731,0.16077036,3,6000,298
KFQPSRKRANNFHTWICNMRSASTCQEAEQPVQDLYKALQFIKVCYFKHAKDHARVWRLDIHFVKE,0.16042931,0.1604024,3,6000,298
ILSPRYTPQNPQKCWSYCDRWHQYSWWVGPALINHQSWGGMDVDCHRTPREKQWFCAIRGQRYFYM,0.1592565,0.15922976,3,6000,298
ISSPACAWKPYMHLWAYLSDSFYTGNLVVNPGIPWPAIAGQKELNEETQRKPAGSFLIQYQRSANM,0.15831567,0.15831567,3,6000,298
ISSPLYTPQNGCKLWSYLPRWHQYGWWVMPAPINCQSFNGMDWDNHRTPREPQSTCAIQGQRSNAM,0.15791613,0.15791613,3,6000,298
KFQPGRKRANNFHTWICHMQSASTCQEAEQPHQDLYKALQFIVNCYAKHAKDHACVHRLDVHFVKE,0.15781426,0.15781426,3,6000,298
DDKMQRQYVPIYYPRHSGMNKEWVTPFGAFEYPDYNINACQECGRGFVMIQQIQYPRYDEWGKHCS,0.15774027,0.15774027,3,6000,298
ISSPACAWKPYMHLWAYLSDSFYTGLLVVNPWIPCPAIAGQKELNEETQSKPAGSFLIKYRRSANM,0.15709853,0.15709853,3,6000,298
ISSPWYTPINGQKLWSYLPRSHQYGWWVMPAPINCQSFNGMDWDNHRTPREPQWTCAIKGQRSNAM,0.15696438,0.15696438,3,6000,298
ISSPACAWKPYMHLWAYLSDSFYTGHLVVNPWIPCPAIAGQKELNEETQRKPAGSFLIQYVRSANM,0.15689147,0.15689147,3,6000,298
EVQLNYWMCVNENYLWPSRGRRLCEMRNEYPEYVANNAKYQHDARMFKLPAGWQGWTSDKMVNPTF,0.15600559,0.15600559,3,6000,298
KFQPGRKRANNFHTWSCHMRSASTCQEAEQPVQDLYKALQFIKECYAKRAKDHACVHRLDVHFVKE,0.15591516,0.15591516,3,6000,298
EDKDFDWYCAHEPAACQGQALVYSTPISAFRCPDYNKNIYQHKGSAFKHPRMNAERRYWDWGFEKV,0.15570804,0.15570804,3,6000,298
ISSPACAWKPYMHLWAYLSDSFYTGFLVVNPIIPWPAIAGQKELNEETQRKPAGSFLIKYGRSANM,0.15444018,0.15444018,3,6000,298
ISSPACAWKPYMHLWAYLSDSFYTGNLVVNPGIPHPAIAGQKELNEETQRKHAGSFLIQYMRSANM,0.15289557,0.15289557,3,6000,298
ISSPAYTPIEGQKLWSYLPRSHQYGWWVMPAPINCQSFNGMDWDNHRTPREPQSTCAIQGQRSNAM,0.1523467,0.1523467,3,6000,298
KFQPGRKRANNFHTWICNMQSASTCQEAEQPVQDLYMALQFIKECYAKHAKDHARVWRLDCHFVKE,0.1521232,0.1521232,3,6000,298
KFQPGRKNGNNFHTWICNMQSASTCQEAEQPVQDLYKALQFIKNCYFKRAKDHACVWRLDCHFVKE,0.15125962,0.15125962,3,6000,298
ISSPQYTPINGCDLWSYLPRWHQYGWRVMPAWINCQSFNGMQWDNHRTPREPQSTCAIQGQRSNAM,0.1509365,0.1509365,3,6000,298
ISSPACAWKPYMHLWAYLSDSFYTGNLVVNPWIPWKAIAGQKELNEETQRKPAGSFLIQYPRSDNM,0.15028407,0.15028407,3,6000,298
ILSPHWTPWNPQKCWSYCDRWHTYGWWVGPALINHQSWSGMDVDCHRTPREKQWFCAIRGQRMFYM,0.15000226,0.15000226,3,6000,298
KFQPGRKRANNFHTWICNMQSASTCQEAEQPVQDLYKALQFIKECYAKHIKDHACVWRLDIHFVKE,0.14988187,0.14988187,3,6000,298
ILSPRWTPQNGQKCWSYCDRWHQYGWWVMPALINHQSWSGMDVDCHRTPREKQWFCAIRGQRMFYM,0.14876667,0.14876667,3,6000,298
KFQPGRKRANNFHTWICNMQSASTCQEAEQPVQDLYKALQFIVECYAKHAKDHARVHRLDVHFVKE,0.1485717,0.14859697,3,6000,298
KFQPGRKRANNFHTWICNMQSASTCQEAEQPVQDLYKALQFIKECYAKHAKDHACVHRLDCHFVKE,0.14750937,0.14750937,3,6000,298
ISSPPYTPQNGQFLWSYLPRWHQYGWWVMPAWINCQSFNGMDWDNHRTPRNPQSTCAIQGQRSNAM,0.14691356,0.14691356,3,6000,298
ISSPPYTPIEGQDLWSYLPRWHQYGWWVMPAPINCQSFNGMDWDNHRTPREPQWTCAIQGQRSNAM,0.14657366,0.14657366,3,6000,298
KFQPGRKRANNFHTWICHMQSASTCQEAEQPVQDLYKALQFIKECYAKHAKDHACVWRLDCHFVKE,0.14627762,0.14627762,3,6000,298
ISSPACAWKPYMHLWVYLSDSFYTGTLVVNPDIPHPAIAGQKELNEETQSKPAGSFNIQYCRSANM,0.14572473,0.14572473,3,6000,298
ISSPAYTPQNGCFLWEYLPRWHQYGWWVMPKPINCQSWNGMLEDNHRTPREPQSTFAIKGQRSNAM,0.14564425,0.14564425,3,6000,298
ILSPRCTPQNGQKCWSYCDRWHQYGWWVGPALINHQSWWGMDVDCHRTPREKQWFCAVRGQRVFYM,0.14543284,0.14543284,3,6000,298
ISSPVYTPQNGQKLWEYLPRWHQYGWWVMPALINCFSFNGMDWDNHRTPREPQSTCAIKGQRSNAM,0.14520325,0.14520325,3,6000,298
ISSPNYTPQNGQKLWSYLPRWHQYGWWVMPAPINCQSFNGMDWDNHRTAREPQSTCAIKGQRSNAM,0.14509779,0.14509779,3,6000,298
DEAGGFHADPTTRIACPYEPKRSRTPHFETRICFYRRGSCFAFTRTFARLAGSQELRAWEMVKIFV,0.14509048,0.14509048,3,6000,298
DFPRYDHNHHHFNYATQGRNFEYRYGPEAFEGPDLCDNHTITLMAGYVHPDANQYTNQEDGFAQLC,0.14494519,0.14494519,3,6000,298
KFQPGRKRANNFHTWICNMRSASTCQEAEQPVQDLYKALQFIKECYAKHAKDHACVHRLDCHFVKE,0.14370732,0.14368275,3,6000,298
EEQWMRQLHHSFSAATSIRQKRLREHFRYVDFPVYWLYVTITFTSKAKIFQANAYLRCIECGMHLE,0.14349107,0.14346656,3,6000,298
ISSPRYTPQNGQDLWSYLPRWHTTGWWVMPAPINCQSFNGMDWDNHRTPREPQSTFAIKGQRSNAM,0.14343688,0.14341232,3,6000,298
ISSPACAWKPYMHLWAYLSDQFYTGLLVVNPAIPWKAIAGQKELNEETQRKPAGSFLIQYQRSDNM,0.14311042,0.14308594,3,6000,298
ISSPACAWKPYMHLWAYLSDSFYTGGLVVNPAIPCKAIAGQKELNEETQRKPAGSFLIQYIRSDNM,0.14310321,0.14307871,3,6000,298
ISSPTYTPQNGCKLWAYLPRWHQYGWWVMPAPINCQSFNGMDWDNHRTPREPQSTCAIKGQRSNAM,0.14304397,0.14301948,3,6000,298
ISSPACAWKPYMHLWAYLSDSFYTGLLVVNPMIPHEAIAGQKELNEETQSKPAGSFLIQYYRSDNM,0.14255363,0.1425292,3,6000,298
ISSPPYTPINGQDLWSYLPRWHQYGWWVMPAPINCQSFNGMDWDNHRTPREPQSTCAIKGQRSNAM,0.1425201,0.14249569,3,6000,298
ISSPACAWKEYMHLWAYLSRSNYTGNLVVPPVIAHPAIFCQKELNEETDRKPQGSALIQYQRSANM,0.14233081,0.1423308,3,6000,298
IMQPWCVRGPYQELQWYTSDTFYVGLRAMNFPPACEGCPGWKWLNHETLMNFYWTANIQHMRMAWS,0.24624969,0.24624969,4,8000,397
YVDFMCCIPSSHANNKQQQNFDHVWSEKMCEYHLQVRWRHPNETGTHLGDQAGENPSCLCHFRQAE,0.24074076,0.24074076,4,8000,397
YVDFMPCIPSSHAGNKQQQNFDHVWSEKMCEYCLQVRWRHPNPTGTHLGDQAGENPSCLCHFRQAE,0.23554306,0.23554306,4,8000,397
IEQPFCVRGPYQELQWMTSDTFYVGYRAMNFPPACEGCPGWKWLVHETLMNFYQTANIQHMRMAWS,0.2284761,0.2284761,4,8000,397
IKQPGCVRGPYQELQWYTSDSFYVGVRAMNFPPACEGCPGWKWLVHETLMNFYQTANIQHMRMAWS,0.22029716,0.22029716,4,8000,397
IDQPFCVRGPYQELQWMTSDTFYVGDRAMNFPPACEGCPGWKWLVHETLMNFYQTANIQHMRMAWS,0.22012305,0.22012305,4,8000,397
YPQTISHLYPDFEVQWCTQPKFYVHPPNMQFGYDLEKCLEQHWENTDMHLRANWAPNYTITQMPCE,0.21907526,0.21907526,4,8000,397
ITQPNCVRGPYQELQWMTSDTFYVGHRAMNFPPACEGCPGWKWLVHETLMNHYQTANIQHMRMAWS,0.21899608,0.21899608,4,8000,397
STLPRFTVNKMFGCHICYDRPFWESPPVMLAGIDYEGWVFFKVYCTDRPASKHWTYIVNGMYMFKE,0.21898286,0.21898286,4,8000,397
STLPRFTVNKMFGCHICYDRPFWESPPVMLAGIDMEGWHFFKVYCTDRPASKHWYYIVNGFYMFNE,0.2164477,0.2164477,4,8000,397
IEPDYCVRYPYQHLQAMTSDLFYVGYREEPFQPACTACPVYKWGVEETLMNHYQYHNIQTMRSATS,0.21188036,0.21188036,4,8000,397
YVDFMPCIPSSHAGNKQQQNFDQVWSEKMCEYCLQVRWRHPNRTGTHLGDQAGENPSCLCHFRQAE,0.21144146,0.21144146,4,8000,397
ISQPNCVRGPYQELQWMTSDKFYVGTRAMNFPPACEGCPGWKWLVHETLSNFYQTANIQHMRMAWS,0.211373,0.211373,4,8000,397
INQPSCVRGPYQELQWMTSDTFYVGDRAMNFPPACEGCPGWKWLVHETLMNFYQTANIQHMRMAWS,0.20873186,0.20873186,4,8000,397
IKQPCCVRGPYQELQWMTSDTFYVGVRAMNFPPACEGCPGWKWLVHETLMNFYQTANIQHMRMAWS,0.20822147,0.20822147,4,8000,397
IPPDWCVRCPYQHLQAMTSDLFYVGCREEPFPPACQACPVYKWGVEETLMNHYQYHNIQTMRSATS,0.20715317,0.20715317,4,8000,397
YPQTISHLYPDFEVQWCTQPKFYVHPPNMQFGYDLEKCLEQHWENTDMHHRANWAPNYTITHMPCE,0.20383798,0.20383798,4,8000,397
YVDFMGCIPSSHAGNKQQQNFDHVWSEKMCEYNLQVRWRHPNRTGTHLGDQAGENPSCLCHFRQAE,0.20331165,0.20331165,4,8000,397
YVDFMNCIPSSHAGNKQQQNFDHVWSEKMCEYCLQVRWRHPNRTGTHLGDQAGENPSCLCHFRQAE,0.202899,0.202899,4,8000,397
IQQPQCVRGPYQELQWMTSDTFYVGQRAMNFPPACEVCPGWKWLVHETLMNFYQTANIQHMRMAWS,0.20013309,0.20013309,4,8000,397
IQQPNCVRGPYQELQWMTSDTFYVGDRAMNFPPACEGCPGWKWLVHETLSNFYQTANIQHMRMAWS,0.19993638,0.19993638,4,8000,397
STLPRFTVNKMFGCHICYDRPFWESPPVMLAGIDEEGWTFFKVYCTDRPASKHWTYIVNGWYMFYE,0.1994618,0.1994618,4,8000,397
ILPDYCVRIPYQHLQAMTSDLFYVGPREEPFHPACRGCPVYKWGVEETLMNHYQYHNIQTMRSATS,0.19890979,0.19890969,4,8000,397
IEQPMCVRGPYQELQWYTSDTFYVGLRAMNFPPACEGCPGWKWLVHETLMNFYQTANIQHMRMAWS,0.19880831,0.19880822,4,8000,397
INQPGCVRGPYQELQWMTSDTFYVGLRAMNFPPACEGCPGWKWLVHETLMNFYQTANIQHMRMAWS,0.19788264,0.19788253,4,8000,397
YVDFMGCIPSSHAGNKQQQNFDHVWSEKMCEYCLQVRWRHPNRTGTHLGDQAGENPSCLCHFRQAE,0.197223,0.19722289,4,8000,397
IPQPYCVRGPYQELQWMTSDDFYVGLRAMNFPPACEGCPGWKWLVHETLMNFYQTANIQHMRMAWS,0.19659095,0.19659084,4,8000,397
IPQPWCVRGPYQELQWMTSDTFYVGFRAMNFPPACEGCPGWKWLVHETLMNFYQTANIQHMRMAWS,0.19483231,0.1948322,4,8000,397
IEQPLCVRGPYQELQWMTSDLFYVGGRAMNFPPACEMCPGWKWLNHETLSNFYQTANIQHMRMAWS,0.19412777,0.19412766,4,8000,397
IGQPPCVRGPYQELQWMTSDTFYVGLRAMNFPPACEGCPGWKWLNHETLMNFYQTANIQHMRMAWS,0.19396226,0.19396214,4,8000,397
YVDFMHCIPSSHAGNKQQQNFDQVWSEKMCEYCLQVRWRHPNRTGTHLGDQAGENPSCLCHFRQAE,0.19333139,0.1933313,4,8000,397
YVDFMPCIPSSHAGNKQQQNFDRVWSEKMCEYNLQVRWRHPNRTGTHLGDQIGENPSCLCHFRQAE,0.19287948,0.19287936,4,8000,397
YVDFMSCIPSSHAGNKQQQNFDHVWSEKMCEYCLQVRWRHPNRTGTHLGDQAGENPSCLCHFRQAE,0.19203708,0.19203696,4,8000,397
IPQPACVRGPYQELQWMTSDTFYVGKRAMNFPPACEGCPGWKWLVHETLMNHYQTANIQHMRMAWS,0.19185206,0.19185194,4,8000,397
IPQPNCVRGPYQELQWMTSDTFYVGQRAMNFPPACEGCPGWKWLVHETLMNFYQTANIQHMRMAWS,0.19142196,0.19142184,4,8000,397
YVDFMQCIPSSHAGNKQQQNFDHVWSEKMCEYCLQVRWRHPNPTGTHLGDQAGENPSCLCHFRQAE,0.19106342,0.19106331,4,8000,397
IPQPGCVRGPYQELQWMTSDSFYVGRRAMNFPPACEGCPGWKWLNHETLMNFYQTALIQHMRMAWS,0.19016674,0.19016664,4,8000,397
ITQPPCVRGPYQELQWMTSDTFYVGGRAMNFPPACEGCPGWKWLVHETLMNFYQTANIQHMRMAWS,0.18994907,0.18994893,4,8000,397
IQQPPCVRGPYQELQWMTSDTFYVGMRAMNFPPACEGCPGWKWLVHETLSNFYQTANIQHMRMAWS,0.18987913,0.18987902,4,8000,397
IDQPACVRGPYQELQWMTSDDFYVGHRAMNFPPACEGCPGQKWLVHETLMNFYQTANIQHMRMAWS,0.18936233,0.18936223,4,8000,397
IPQPNCVRGPYQELQWMTSDTFYVGPRAMNFPPACEGCPGWKWLVHETLMNFYQTANIQHMRMAWS,0.18833236,0.18833224,4,8000,397
YVDFMGCIPSSHAGNKQQQNFDHVWSEKMCEYQLQVRWRHPNRTGTHLGDQAGENPSCLCHFRQAE,0.18827704,0.18827692,4,8000,397
YVDFMGCIPSSHAGNKQQQNFDHVWSEKMCEYCLQVRWRHPNPTGTHLGDQAGENPSCLCHFRQAE,0.18781923,0.18781912,4,8000,397
IPPDGCVRHPYQHLQAMTSDLFYVGEREEPFLPACDACPVYKWGVEETLMNHYQYHNIQHMRSATS,0.18754141,0.1875413,4,8000,397
YVDFMECIPSSHAGNKQQQNFDHVWSEKMCEYGLQVRWRHPNPTGTHLGDQAGENPSCLCHFRQAE,0.18664666,0.18664655,4,8000,397
STLPRFTVNKMFGCHICYDRPFWESPPVMLAGIDYEGWQFFKVYCTDRPASKHWLYIVNGHYMFYE,0.18619843,0.18619843,4,8000,397
IFQPICVRGPYQELQWMTSDPFYVGRRAMNFPPACEGCPGWKWLNHETLMNFYQTANIQHMRMAWS,0.1860172,0.1860172,4,8000,397
IPPDYCVRGPYQHLQAMTSDLFYVGTREEPFCPACKACPVYKWGVEETLSNHYQYHNIQTMRSATS,0.18562932,0.18562932,4,8000,397
IFQPWCVRGPYQELQWMTSDMFYVGYRAMNFPPACEQCPGWKWLVHETLMNHYQTANIQHMRMAWS,0.18526354,0.18526354,4,8000,397
STLPRFTVNKMFGCHICYDRPFWESPPVMLAGIDEEGWYFFKVYCTDRPASKHWTYIVNGIYMFYE,0.1845548,0.1845548,4,8000,397
IGQPHCVRGPYQELQWMTSDSFYVGVRAMNFPPACEGCPGWKWLVHETLMNFYQTANIQHMRMAWS,0.18442574,0.18442574,4,8000,397
IPQPNCVRGPYQELQWMTSDTFYVGERAMNFPPACEGCPGWKWLVHETLMNFYQTANIQHMRMAWS,0.18430892,0.18430892,4,8000,397
IPQPMCVRGPYQELQWMTSDSFYVGHRAMNFPPACEGCPGWKWLVHETLMNFYQTANIQHMRMAWS,0.18416646,0.18416646,4,8000,397
IPQPNCVRGPYQELQWMTSDTFYVGSRAMNFPPACEGCPGWKWLVHETLMNFYQTANIQHMRMAWS,0.18394925,0.18394925,4,8000,397
IHQPLCVRGPYQELQWMTSDDFYVGDRAMNFPPACEGCPGWKWLVHETLSNFYQTANIQHMRMAWS,0.18386485,0.18386485,4,8000,397
IPQPYCVRGPYQELQWMTSDTFYVGDRAMNFPPACEGCPGWKWLVHETLSNFYQTANIQHMRMAWS,0.18381573,0.18381573,4,8000,397
YVDFMPCIPSSHAGNKQQQNFDQVWSEKMCEYCLQVRWRHPNRTGTHLGDQIGENPSCLCHFRQAE,0.18354595,0.18354595,4,8000,397
STLPRFTVNKMFGCHICYDRPFWESPPVMLAGIDREGWSFFKVYCTDRPASKHWCYIVNGLYMFME,0.18300694,0.18300694,4,8000,397
YAQTISHLYWDFEVQKCTQPKLYVHPPNMQFGYDLEKCKEQHWENTDMHARANWAPNYTITQMVCE,0.18179455,0.18179455,4,8000,397
IEQPRCVRGPYQELQWMTSDTFYVGIRAMNFPPACEGCPGWKWLVHETLSNFYQTANIQHMRMAWS,0.18028627,0.18028627,4,8000,397
IRQPACVRGPYQELQWMTSDTFYVGGRAMNFPPACEQCPGWKWLVHETLSNFYQTANIQHMRMAWS,0.18009177,0.18009177,4,8000,397
IPQPQCVRGPYQELQWMTSDTFYVGDRAMNFPPACEGCPGWKWLVHETLMNFYQTANIQHMRMAWS,0.18005945,0.18005945,4,8000,397
IMQPDCVRGPYQELQWMTSDTFYVGDRAMNFPPACEGCPGWKWLVHETLMNFYQTANIQHMRMAWS,0.17988512,0.17988512,4,8000,397
IMQPNCVRGPYQELQWMTSDTFYVGYRAMNFPPACEGCPGWKWLVHETLMNFYQTANIQHMRMAWS,0.17981367,0.17981367,4,8000,397
IPPDHCVRGPYQHLQAMTSDLFYVGDREEPFDPACRACPVYKWGVEETLMNHYQYHNIQTMRSATS,0.17929155,0.17929204,4,8000,397
IPQPGCVRGPYQELQWMTSDTFYVGNRAMNFPPACEGCPGWKWLVHETLSNFYQTANIQHMRMAWS,0.1788444,0.1788444,4,8000,397
IPPDMCVRGPYQHLQAMTSDLFYVGQREEPFAPACQACPVYKWGVEETLMNHYQYHNIQHMRSATS,0.17857362,0.17857373,4,8000,397
IPQPGCVRGPYQELQWMTSDTFYVGARAMNFPPACEGCPGWKWLVHETLSNFYQTANIQHMRMAWS,0.17757396,0.17757396,4,8000,397
STLPRFTVNKMFGCHICYDRPFWESPPVMLAGIDNEGWAFFKVYCTDRPASKHWTYIVNGWYMFYE,0.17729582,0.17729582,4,8000,397
YVDFMPCIPSSHAVNKQQQNFDQVWSEKMCEYCLQVRWRHPNQTGTHLGDQAGENPSCLCHFRQAE,0.17690483,0.17690483,4,8000,397
IPQPRCVRGPYQELQWMTSDTFYVGERAMNFPPACEGCPGWKWLVHETLMNFYQTANIQHMRMAWS,0.17676567,0.17676567,4,8000,397
STLPRFTVNKMFGCHICYDRPFWESPPVMLAGIDYEGWCFFKVYCTDRPASKHWGYIVNGFYMFYE,0.17636494,0.17636494,4,8000,397
YVDFMDCIPSSHAGNKQQQNFDRVWSEKMCEYCLQVRWRHPNPTGTHLGDQAGENPSCLCHFRQAE,0.17624141,0.17624141,4,8000,397
IPPDYCVRGPYQHLQAMTSDLFYVGAREEPFQPACEACPVYKWGVEETLMNHYQYHNIQTMRSATS,0.17582354,0.17582354,4,8000,397
IPQPYCVRGPYQELQWMTSDQFYVGPRAMNFPPACEGCPGQKWLVHETLSNFYQTANIQHMRMAWS,0.17476286,0.17476286,4,8000,397
YPQTISHLYPDFEVQKCTQPKLYVHPPNMQFGYDLEKCLEQHWENTDMLARANWAPNYTITQMPCE,0.17445248,0.17445248,4,8000,397
IKQPNCVRGPYQELQWMTSDTFYVGTRAMNFPPACEGCPGPKWLVHETLSNFYQTANIQHMRMAWS,0.1743502,0.1743502,4,8000,397
IMQPMCVRGPYQELQWMTSDTFYVGERAMNFPPACEACPGWKWLVHETLMNFYQTANIQHMRMAWS,0.17371744,0.17371744,4,8000,397
IPQPHCVRGPYQELQWMTSDMFYVGRRAMNFPPACEGCPGWKWLVHETLMNFYQTANIQHMRMAWS,0.1728452,0.1728452,4,8000,397
IHQPNCVRGPYQELQWMTSDTFYVGYRAMNFPPACEGCPGWKWLVHETLSNFYQTANIQHMRMAWS,0.17235857,0.17235857,4,8000,397
YPQTISHLYWDFEVQKCTQPKIYVHPPNMQFGYDLEKCLEFHWENTDMHLRANWAPNYTITHMPCE,0.17234889,0.17234889,4,8000,397
STLPRFTVNKMFGCHICYDRPFWESPPVMLAGIDHEGWNFFKVYCTDRPASKHWGYIVNGGYMFYE,0.17190838,0.17190838,4,8000,397
ILPDSCVRYPYQHLQAMTSDLFYVGGREEPFRPACKGCPVYKWGVEETLMNHAQYHNIQTMRSATS,0.17156552,0.1715647,4,8000,397
IPQPNCVRGPYQELQWMTSDTFYVGMRAMNFPPACEGCPGWKWLVHETLMNFYQTANIQHMRMAWS,0.17101406,0.17101325,4,8000,397
YVDFMGCIPSSHAGNKQQQNFDHVWSEKMCEYCLQVRWRHPNRTGTHLGDQIGENPSCLCHFRQAE,0.17079705,0.17079625,4,8000,397
ISQPNCVRGPYQELQWMTSDTFYVGMRAMNFPPACEGCPGWKWLVHETLSNFYQTANIQHMRMAWS,0.1706563,0.1706555,4,8000,397
YVDFMPCIPSSHAVNKQQQNFDHVWSEKMCEYGLQVRWRHPNGTGTHLGDQAGENPSCLCHFRQAE,0.17036678,0.17036596,4,8000,397
IHQPACVRGPYQELQWMTSDTFYVGKRAMNFPPACEGCPGWKWLVHETLSNFYQTANIQHMRMAWS,0.17028315,0.17028233,4,8000,397
IAQPNCVRGPYQELQWYTSDTFYVGDRAMNFPPACEGCPGWKWLVHETLMNFYQTANIQHMRMAWS,0.17010252,0.17010172,4,8000,397
IPQPMCVRGPYQELQWMTSDTFYVGRRAMNFPPACEGCPGWKWLVHETLMNFYQTANIQHMRMAWS,0.16995658,0.16995578,4,8000,397
STLPRFTVNKMFGCHICYDRPFWESPPVMLAGIDQEGWWFFKVYCTDRPASKHWTYIVNGWYMFYE,0.16962832,0.16962832,4,8000,397
YVDFMDCIPSSHAGNKQQQNFDQVWSEKMCEYCLQVRWRHPNRTGTHLGDQAGENPSCLCHFRQAE,0.1695454,0.1695454,4,8000,397
IWQPNCVRGPYQELQWMTSDTFYVGMRAMNFPPACEPCPGWKWLVHETLMNFYQTANIQHMRMAWS,0.1686321,0.1686321,4,8000,397
STLPRFTVNKMFGCHICYDRPFWESPPVMLAGIDGEGWEFFKVYCTDRPASKHWTYIVNGGYMFYE,0.16817865,0.16817865,4,8000,397
STLPRFTVNKMFGCHICYDRPFWESPPVMLAGIDEEGWDFFKVYCTDRPASKHWTYIVNGGYMFYE,0.16787548,0.16787548,4,8000,397
IPQPNCVRGPYQELQWMTSDTFYVGCRAMNFPPACEGCPGWKWLVHETLMNFYQTANIQHMRMAWS,0.1665476,0.1665476,4,8000,397
YPGTISHLYWDFEVQWCTQPKFYVHPPNMQFGYDLEKCLEFHWENTDMHLRANWAPQYTITQMPCE,0.16648793,0.16648793,4,8000,397
STLPRFTVNKMFGCHICYDRPFWESPPVMLAGIDPEGWFFFKVYCTDRPASKHWPYIVNGWYMFYE,0.1664128,0.16641279,4,8000,397
STLPRFTVNKMFGCHICYDRPFWESPPVMLAGIDWEGWLFFKVYCTDRPASKHWMYIVNGVYMFYE,0.16637032,0.16637032,4,8000,397
YANDFPPMTCTQQLTWQHSKLFYCKMRDGVYMHEIRTCPAQWHWYAGKIWRWTYWFLVEYEGMANK,0.18030712,0.18030712,5,10000,496
YANDFPQMTCNQQLTWNHSKLFYCKMRDGVYMHEMRTCPAQWHWYASKIWRWTYWFLVEYEGMANN,0.17620651,0.17620651,5,10000,496
YANDFPHMTCNQHLTWNHSKLFLCKMRDGVYMHEMRTCPAQWHWYAGKIWRWTYWFLVEYEGMANK,0.1639071,0.1639071,5,10000,496
YANDFPNMTCTQQLTWNHSKLFYCKMRDGVYMHEMRTCPAQKHWYASKIWRWTYWFLVEYECMANN,0.1532698,0.1532698,5,10000,496
YANDFPGMKCTQQLTWNHSKLFYCKMRDGVYMHEGRTCPAQWHWYASKIIRWTYWFLVEYEGMANK,0.1515743,0.1515743,5,10000,496
ILNPNCVRLNYMHNTEMFPDILPVHPRTWFAKSRDGNWPVFGKDNWETAMNHAQSFYNGHTQCASS,0.1508491,0.1508491,5,10000,496
YANDFPWMTCTQQLTWNHSKLFYCKMRDGVYMHEMRTCPAQWHWYASKISRWTYWFLVEYEGMANK,0.15032452,0.15032452,5,10000,496
YANDFPYMTCNQHLTWNHSKLFYCKMRDGVYMHEMRTCPAQWHWYAGKINRWTPWFLVEYEGMANK,0.14892745,0.14892745,5,10000,496
YANDFPDMTCTQQLTWQHSKLFYCKMRDGVYMHEMRTCPAQIHWYASKIWRWTYWFLVEYEGMANK,0.14701416,0.14701416,5,10000,496
YANDFPYMTCTQQLTWNHSKLFYCKMRDGVYMHEMRTCPAQWHWYASKISRWTYWFLVEYEGMANK,0.14658672,0.14658672,5,10000,496
YANDFPLMCCTQQLTWQHSKLFYCKMRDGVYMHEIRTCPAQWHWYAHKIMRWTPWDLVEYEGMANK,0.14387064,0.14387064,5,10000,496
YANDFPRMTCTQQLTWNHSKLFSCKMRDGVYMHEMRTCPAQWHWYASKIWRWTYWFLVEYEGMANK,0.14288291,0.14288291,5,10000,496
YANDFPPMTCTQQLTWQHSKLFWCKMRDGVYMHEMRTCPAQWHWYAHKIIRWTYWDLVEYEGMANK,0.14217629,0.14217629,5,10000,496
YANDFPHMTCNQQLTWNHSKLFYCKMRDGVYMHEIRTCPAQWHWYAGKIRRWTYWDLVEYEGMANK,0.1414787,0.1414787,5,10000,496
YANDFPSMTCTQQLTWNHSKLFYCKMRDGVYMHEMRTCPAQWHWYASKISRWTYWFLVEYEGMANK,0.14050794,0.14050794,5,10000,496
YANDFPYMPCTQQLTWQHSKLFYCKMRDGVYMHEMRTCPAQWHWYASKIHRWTYWFLVEYECMANN,0.13815223,0.13815223,5,10000,496
YANDFPTMTCNQQLTWNHSKLFYCKMRDGVYMHEGRTCPAQWHWYASKIWRWTYWFLVEYECMANK,0.13621654,0.13621654,5,10000,496
YANDFPMMTCTQQLTWNHSKLFYCKMRDGVYMHEMRTCPAQSHWYAGKITRWTYWDLVEYEGMANK,0.13375968,0.13375968,5,10000,496
YANDFPNMTCTQQLTWNHSKLFYCKMRDGVYMHEMRTCPAQWHWYASKIWRWTYWFLVEYECMANK,0.13317664,0.13317664,5,10000,496
YANDFPTMTCTQQLTWQHSKLFYCKMRDGVYMHEMRTCPAQWHWYASKIWRWTYWFLVEYECMANK,0.13232113,0.13232113,5,10000,496
YANDFPWMRCTQQLTWQHSKLFYCKMRDGVYMHEIRTCPAQWHWYASKINRWTYWDLVEYEGMANK,0.12953584,0.12953584,5,10000,496
YANDFPSMTCTQQLTWNHSKLFYCKMRDGVYMHEIRTCPAQWHWYASKIWRWTYWFLVEYECMANK,0.12781024,0.12781024,5,10000,496
YANDFPEMTCTQQLTWQHSKLFYCKMRDGVYMHEMRTCPAQWHWYASKIWRWTYWFLVEYECMANK,0.1252993,0.1252993,5,10000,496
YANDFPNMTCTQQLTWNHSKLFYCKMRDGVYMHEMRTCPAQWHWYAHKIWRWTYWFLVEYECMANN,0.1245394,0.1245394,5,10000,496
YANDFPDMTCTQQLTWQHSKLFYCKMRDGVYMHEMRTCPAQWHWYASKIHRWTYWFLVEYECMANK,0.12421886,0.12421886,5,10000,496
ILNPNCVRLNYMHNTEMFPDILPVHERTWFAKSRDGTWPVWGKDNMETAMYHAQSFYNGHTQCAQS,0.12323447,0.12323447,5,10000,496
YANDFPEMTCTQQLTWQHSKLFYCKMRDGVYMHEMRTCPAQWHWYASKISRWTYWFLVEYEGMANN,0.12301313,0.12301313,5,10000,496
YANDFPWMKCTQHLTWVHSKLFYCKMRDGVYMHEMRTCPAQWHWYASKIWRWTYWFLVEYEGMANN,0.12284283,0.12284283,5,10000,496
YANDFPSMTCTQQLTWNHSKLFYCKMRDGVYMHEMRTCPAQWHWYAGKIFRWNYWFLVEYECMANK,0.121368244,0.121368244,5,10000,496
YANDFPNMTCTQQLTWNHSKLFYCKMRDGVYMHEIRTCPAQWHWYAGKIWRWTYWFLVEYECMANK,0.12060627,0.12060627,5,10000,496
YANDFPEMTCTQQLTWNHSKLFYCKMRDGVYMHEMRTCPAQWHWYASKISRWTYWFLVEYEGMANK,0.120367035,0.120367035,5,10000,496
YANDFPVMTCTQQLTWQHSKLFYCKMRDGVYMHEMRTCPAQWHWYASKIWRWTYWFLVEYECMANK,0.12012652,0.12012652,5,10000,496
YANDFPYMRCTQQLTWNHSKLFYCKMRDGVYMHEIRTCPAQYHWYAHKISRWTYWFLVEYEGMANK,0.11995927,0.11995927,5,10000,496
YANDFPRMTCNQQLTWNHSKLFYCKMRDGVYMHEMRTCPAQWHWYASKIWRWTYWFLVEYECMANK,0.11923574,0.11923574,5,10000,496
YANDFPLMTCLQQLTWNHSKLFYCKMRDGVYMHEGRTCPAQWHWYASKINRWTYWFLVEYEGMANK,0.11871733,0.11871733,5,10000,496
YANDFPIMRCTQQLTWNHSKLFYCKMRDGVYMHEMRTCPAQCHWYASKIWRWTYWFLVEYEGMANK,0.118167356,0.118167356,5,10000,496
YANDFPTMTCTQHLTWNHSKLFACKMRDGVYMHEMRTCPAQWHWYAHKIWRWTYWFLVEYEGMANK,0.11676559,0.11676559,5,10000,496
YANDFPVMTCTQQLTWNHSKLFYCKMRDGVYMHEMRTCPAQWHWYASKISRWTYWFLVEYEGMANK,0.115967005,0.115967005,5,10000,496
YANDFPGMTCTQQLTWVHSKLFCCKMRDGVYMHEMRTCPAQWHWYASKISRWTYWDLVEYEGMANN,0.11516278,0.11516278,5,10000,496
YANDFPMMTCTQQLTWNHSKLFYCKMRDGVYMHEIRTCPAQWHWYASKIWRWTYWFLVEYECMANK,0.11510464,0.11510464,5,10000,496
YANDFPCMKCTQQLTWNHSKLFYCKMRDGVYMHEIRTCPAQWHWYAGKISRWTYWFLVEYEGMANN,0.11469378,0.11469378,5,10000,496
ILNPNCVRLNYMHNTEMFPDILPVHERTWFAKSRDGTWPVYGKDNPETAMNHAQSFYNGHTQCAGS,0.11421951,0.11421951,5,10000,496
YANDFPKMTCTQQLTWNHSKLFYCKMRDGVYMHEIRTCPAQWHWYASKIIRWTPWFLVEYEGMANK,0.11306394,0.11306394,5,10000,496
YANDFPVMTCTQQLTWNHSKLFYCKMRDGVYMHEMRTCPAQWHWYASKIWRWTYWFLVEYECMANK,0.112883836,0.112883836,5,10000,496
YANDFPYMKCTQQLTWNHSKLFYCKMRDGVYMHEMRTCPAQWHWYASKIHRWTPWFLVEYECMANK,0.11278474,0.11278474,5,10000,496
YANDFPVMTCTQQLTWNHSKLFYCKMRDGVYMHEIRTCPAQWHWYASKISRWTYWFLVEYEGMANK,0.111669555,0.111669555,5,10000,496
YANDFPKMTCTQQLTWNHSKLFYCKMRDGVYMHEMRTCPAQWHWYASKISRWTYWFLVEYEGMANK,0.11126649,0.11126649,5,10000,496
YANPLPVYGCDQPNTWNHSILLYTHMRLSLEKHEDQQCPAPIWRYQAKLSRFATTFNVETDRSARK,0.11044035,0.11044035,5,10000,496
YANDFPRMTCTQQLTWNHSKLFYCKMRDGVYMHEMRTCPAQWHWYAGKIKRWTYWDLVEYEGMANK,0.110088415,0.110088415,5,10000,496
YANDFPWMTCTQQLTWNHSKLFYCKMRDGVYMHEMRTCPAQWHWYASKISRWTYWFLVEYECMANK,0.10986098,0.10986098,5,10000,496
YANDFPPMTCNQQLTWQHSKLFYCKMRDGVYMHEIRTCPAQIHWYASKIIRWTYWFLVEYEGMANK,0.10971886,0.10971886,5,10000,496
YANDFPVMTCTQQLTWNHSKLFYCKMRDGVYMHEIRTCPAQWSWYASKIWRWTYWFLVEYECMANK,0.10897968,0.10897968,5,10000,496
YANDFPSMFCTQQLTWQHSKLFYCKMRDGVYMHEMRTCPAQWHWYAHKISRWTYWFLVEYECMANK,0.10836029,0.10836029,5,10000,496
ILNPNCVRLNYMHNTEMFPDILPVHERTWFAKSRDGNWPVYGKDNHETAMYHAQSFYNGHTQCAWS,0.10811523,0.10811523,5,10000,496
YANDFPGMKCNQQLTWNHSKLFSCKMRDGVYMHEGRTCPAQWSWYASKIWRWTYWFLVEYECMANK,0.10745917,0.10745917,5,10000,496
YANDFPMMTCTQQLTWNHSKLFNCKMRDGVYMHEIRTCPAQWHWYASKIYRWTYWFLVEYEGMATK,0.10648737,0.10648737,5,10000,496
YANDFPGMTCTQQLTWQHSKLFYCKMRDGVYMHEMRTCPAQWHWYASKISRWTYWFLVEYECMANN,0.10596218,0.10596218,5,10000,496
YANDFPRMTCTQQLTWQHSKLFYCKMRDGVYMHEMRTCPAQWHWYASKIRRWTYWFLVEYECMANK,0.105384044,0.105384044,5,10000,496
YANDFPKMTCTQQLTWNHSKLFYCKMRDGVYMHEMRTCPAQWHWYASKIWRWTYWFLVEYECMANK,0.10498645,0.10498645,5,10000,496
YANDFPDMTCTQHLTWNHSKLFECKMRDGVYMHEMRTCPAQWHWYAHKIWRWTYWFLVEYEGMANK,0.10255391,0.10255391,5,10000,496
YANDFPSMTCTQQLTWNHSKLFYCKMRDGVYMHEMRTCPAQWHWYASKISRWTYWFLVEYECMANK,0.10236842,0.10236842,5,10000,496
YANDFPRMTCTQQLTWVHSKLFYCKMRDGVYMHEMRTCPAQWHWYASKISRWTYWFLVEYEGMANK,0.10078707,0.10078707,5,10000,496
YANDFPIMYCTQHLTWNHSKLFYCKMRDGVYMHEMRTCPAQWHWYAGKISRWTYWFLVEYEGMANK,0.100310676,0.100310676,5,10000,496
YANDFPTMTCTQHLTWQHSKLFYCKMRDGVYMHEIRTCPAQWHWYASKIWRWTYWDLVEYECMANN,0.099973455,0.099973455,5,10000,496
ILNPNCVRLNYMHVTEMFPDILPVHERTWFAKSRDGNWPVYGKDNIETAMNHAQSFYNGHTQCAES,0.09972833,0.09972833,5,10000,496
YANDFPLMRCTQQLTWNHSKLFYCKMRDGVYMHEMRTCPAQHHWYAGKIPRWTYWFLVEYECMANK,0.09953685,0.09953685,5,10000,496
YANDFPLMRCNQQLTWNHSKLFYCKMRDGVYMHEMRTCPAQAHWYASKIWRWTYWFLVEYECMANN,0.099482454,0.099482454,5,10000,496
YANDFPCMTCTQHLTWNHSKLFYCKMRDGVYMHEMRTCPAQWHWYAHKISRWTYWFLVEYECMANK,0.0990892,0.0990892,5,10000,496
YANDFPTMKCTQQLTWNHSKLFYCKMRDGVYMHEMRTCPAQWHWYASKIKRWTYWFLVEYEGMANK,0.09883098,0.09883098,5,10000,496
YANDFPPMTCTQQLTWNHSKLFYCKMRDGVYMHEMRTCPAQWHWYASKISRWTYWFLVEYECMANK,0.09842992,0.09842992,5,10000,496
YANDFPDMTCTQQLTWNHSKLFYCKMRDGVYMHEMRTCPAQWHWYAHKINRWTYWFLVEYECMANN,0.097055994,0.097055994,5,10000,496
YANDFPDMTCTQQLTWNHSKLFYCKMRDGVYMHEMRTCPAQWHWYASKIIRWTYWDLVEYECMANK,0.096689776,0.096689776,5,10000,496
ILNPNCVRLNYMHNTEMFPDILPVHERTWFAKSRDGNWPVPGKDNHETAMYHAQSFYNGHTQCAWS,0.096150756,0.096150756,5,10000,496
YANDFPSMTCTQQLTWQHSKLFYCFMRDGVYMHEGRTCPAQWHWYASKISRWTYWDLVEYEGMANN,0.09598946,0.09598946,5,10000,496
YANDFPVMTCTQQLTWQHSKLFYCKMRDGVYMHEMRTCPAQWHWYAHKICRWTYWFLVEYECMANN,0.09543705,0.09543705,5,10000,496
YANDFPHMRCTQQLTWNHSKLFYCKMRDGVYMHEIRTCPAQWHWYAHKISRWTYWFLVEYECMANK,0.095264085,0.095264085,5,10000,496
ILNPNCVRLNYMHNTEMFPDILPVHVRTWFAKSRDGNWPVYGKDNSETAMNHAQSFYNGHTQCAWS,0.09429021,0.09429021,5,10000,496
ILNPNCVRLNYMHNTEMFPDILPVHERTWFAKSRDGTWPVQGKDNSETAMYHAQSFYNGHTQCANS,0.093741424,0.093741424,5,10000,496
YANDFPKMTCTQQLTWNHSKLFYCKMRDGVYMHEGRTCPAQWHWYASKISRWTYWFLVEYECMANK,0.09354722,0.09354722,5,10000,496
YANDFPTMTCTQQLTWNHSKLFYCKMRDGVYMHEMRTCPAQWHWYASKISRWTYWFLVEYECMANK,0.09347701,0.09347701,5,10000,496
ILNPNCVRLNYMHNTEMFPDILPVHRRTWFAKSRDGNWPVYGKDNPETAMYHAQSFYNGHTQCAWS,0.09157836,0.09157836,5,10000,496
YANDFPYMTCLQQLTWNHSKLFYCKMRDGVYMHEIRTCPAQWHWYASKISRWTYWFLVEYECMANK,0.089301616,0.089301616,5,10000,496
YANDFPEMTCTQQLTWNHSKLFYCKMRDGVYMHEMRTCPAQWHWYASKISRWTYWFLVEYECMANK,0.08714029,0.08714029,5,10000,496
YANDFPPMTCTQQLTWNHSKLFYCKMRDGVYMHEMRTCPAQWHWYAGKISRWTYWDLVEYECMANK,0.087088965,0.087088965,5,10000,496
ILNPNCVRLNYMHVTEMFPDILPVHERTWFAKSRDGNWPVYGKDNHETAMYHAQSFYNGHTQCAWS,0.08611503,0.08611503,5,10000,496
YANDFPKMTCTQQLTWQHSKLFYCKMRDGVYMHEMRTCPAQWHWYASKISRWTYWFLVEYECMANK,0.0856778,0.0856778,5,10000,496
YINDFNTTHCAKPGTWNFSKLTRCKMDHWLYCHEMQTWPATIGRNAGKLMRWQAWFAVEYWGMASK,0.08540212,0.08540212,5,10000,496
ILNPNCVRLNYMHNTEMFPDILPVHVRTWFAKSRDGNWPVYGKDNIETAMYHAQSFYNGHTQCAQS,0.0848656,0.0848656,5,10000,496
YANDFPAMTCNQQLTWNHSKLFYCKMRDGVYMHEMRTCPAQWHWYAHKISRWTYWFLVEYECMANN,0.08470743,0.08470743,5,10000,496
YANDFPVMPCTQQLTWNHSKLFYCKMRDGVYMHEGRTCPAQWHWYAGKIDRWTYWFLVEYECMANK,0.084010154,0.084010154,5,10000,496
YANDFPVMTCTQQLTWNHSKLFYCKMRDGVYMHEMRTCPAQWHWYASKISRWTYWFLVEYECMANK,0.08383912,0.08383912,5,10000,496
YANDFPKMTCTQHLTWQHSKLFYCKMRDGVYMHEMRTCPAQWHWYAGKINRWTYWFLVEYECMANK,0.08348122,0.08348122,5,10000,496
YANDFPLMTCTQHLTWQHSKLFYCKMRDGVYMHEMRTCPAQWHWYASKISRWTYWFLVEYECMANK,0.08277947,0.08277947,5,10000,496
YANDFPKMTCGQHLTWNHSKLFRCKMRDGVYMHEIRTCPAQWHWYASKIWRWTYWFLVEYEGMANN,0.08222262,0.08222262,5,10000,496
YANDFPIMTCTQHLTWNHSKLFSCKMRDGVYMHEMRTCPAQWHWYAGKISRWTPWFLVEYEGMANK,0.081957184,0.081957184,5,10000,496
ILNPNCVRLNYMHVTEMFPDILPVHERTWFAKSRDGTWPVYGKDNYETAMNHAQSFYNGHTQCAFS,0.081769615,0.081769615,5,10000,496
YANDFPCMTCTQQLTWNHSKLFTCKMRDGVYMHEMRTCPAQWHWYAHKISRWTYWFLVEYECMANN,0.08158104,0.08158104,5,10000,496
ILNPNCVRLNYMHVTEMFPDILPVHVRTWFAKSRDGNWPVYGKDNHETAMYHAQSFYNGHTQCAAS,0.08111623,0.08111623,5,10000,496
YANDFPLMTCNQQLTWNHSKLFYCKMRDGVYMHEMRTCPAQWHWYASKISRWTYWFLVEYECMANK,0.08109035,0.08109035,5,10000,496
WMRDECSLQDSNKHHALACSLRWTHYAEGQYWVNKLWEEFPQMRFHHTDPRNGARSLCVYCCEKAN,0.20841596,0.20841596,6,12000,595
WMRDNCSLQDKNPHPALACSLRWTHYAEGQYWVNKLWMEFPQSRFHHTDPRNGARSLCVYCCEKAN,0.2028674,0.2028674,6,12000,595
WMRDNCSLQDRNPHEALACSLRWTHYAEGQYWVNKLWMEFPQMRFHHTDPRNGARSLCVYCCEKAN,0.20183301,0.20183301,6,12000,595
WMRDNCSLQDENPHSALACSLRWTHYAEGQYWVNKLWEEFPQMRFHHTDPRNGARSLCVYCCEKAN,0.20152041,0.20152041,6,12000,595
WMRDECSLQDKNPHSALACSLRWTHYAEGQYWVNKLWMEFPQMRFHHTDPRNGARSLCVYCCEKAN,0.20148484,0.20148484,6,12000,595
WMRDNCSLQDSNPHRALACSLRWTHYAEGQYWVNKLWMEFPQKRFHHTDPRNGARSLCVYCCEKAN,0.19898514,0.19898514,6,12000,595
WMRDNCSLQDRNKHQALACSLRWTHYAEGQYWVNILWMEFPQERFHHTDPRNGARSLCVYCCEKAN,0.19890578,0.19890578,6,12000,595
WMRDNCSLQDQNKHQALACSLRWTHYAEGQYWVNKLWMEFPQWRFHHTDPRNGARSLCVYCCEKAN,0.19843516,0.19843516,6,12000,595
WMRDNCSLQDDNPHHSLACSLRWTHYAEGQYWVNILWMEFPQMRFHHTDPRNGARSLCVYCCEKAN,0.19815578,0.19815578,6,12000,595
WMRDNCSLQDQNKHSALACSLRWTHYAEGQYWVNKLWEEFPQWRFHHTDPRNGARSLCVYCCEKAN,0.1877828,0.1877828,6,12000,595
WMRDNCSLQDPNPHSALACSLRWTHYAEGQYWVNKLWEEFPQMRFHHTDPRNGARSLCVYCCEKAN,0.1841473,0.1841473,6,12000,595
WMRDNCSLQDQNPHKALACSLRWTHYAEGQYWVNKLWMEFPQMRFHHTDPRNGARSLCVYCCEKAN,0.18280555,0.18280555,6,12000,595
WTRDNCSLQDRNPHSALACSLRWTHYAEGQYWVNKLWMEFPQMRFHHTDPRNGARSLCVYCCEKAN,0.18206081,0.18206081,6,12000,595
WMRDECSLQDSNKHMALACSLRWTHYAEGQYWVNKLWMEFPQNRFHHTDPRNGARSLCVYCCEKAN,0.18014136,0.18014136,6,12000,595
WMRDNCSLQDHNPHQALACSLRWTHYAEGQYWVNKLWMEFPQVRFHHTDPRNGARSLCVYCCEKAN,0.17929566,0.17929566,6,12000,595
WTRDNCSLQDQNKHSALACSLRWTHYAEGQYWVNKLWMEFPQWRFHHTDPRNGARSLCVYCCEKAN,0.175987,0.175987,6,12000,595
WMRDECSLQDDNPHFALACSLRWTHYAEGQYWVNKLWEEFPQSRFHHTDPRNGARSLCVYCCEKAN,0.1747478,0.1747478,6,12000,595
WMRDECSLQDKNKHYALACSLRWTHYAEGQYWVNKLWMEFPQWRFHHTDPRNGARSLCVYCCEKAN,0.17363338,0.17363338,6,12000,595
WMRDNCSLQDKNKHSALACSLRWTHYAEGQYWVNILWMEFPQMRFHHTDPRNGARSLCVYCCEKAN,0.1726947,0.1726947,6,12000,595
WTRDECSLQDTNKHNALACSLRWTHYAEGQYWVNKLWMEFPQMRFHHTDPRNGARSLCVYCCEKAN,0.17214128,0.17214128,6,12000,595
WMRDNCSLQDSNPHSALACSLRWTHYAEGQYWVNKLWMEFPQIRFHHTDPRNGARSLCVYCCEKAN,0.16968308,0.16968308,6,12000,595
WMRDNCSLQDSNKHVALACSLRWTHYAEGQYWVNKLWMEFPQRRFHHTDPRNGARSLCVYCCEKAN,0.16955513,0.16955513,6,12000,595
WMRDNCSLQDNNKHSALACSLRWTHYAEGQYWVNILWMEFPQGRFHHTDPRNGARSLCVYCCEKAN,0.16851364,0.16851364,6,12000,595
WMRDNCSLQDQNPHQALACSLRWTHYAEGQYWVNILWEEFPQNRFHHTDPRNGARSLCVYCCEKAN,0.16471046,0.16471046,6,12000,595
WMRDNCSLQDHNKHQALACSLRWTHYAEGQYWVNILWMEFPQTRFHHTDPRNGARSLCVYCCEKAN,0.16380437,0.16380437,6,12000,595
WMRDECSLQDKNKHHALACSLRWTHYAEGQYWVNILWEEFPQYRFHHTDPRNGARSLCVYCCEKAN,0.16146706,0.16146706,6,12000,595
WMRDNCSLQDTNPHSALACSLRWTHYAEGQYWVNKLWMEFPQWRFHHTDPRNGARSLCVYCCEKAN,0.16100374,0.16100374,6,12000,595
WMRDNCSLQDNNKHSALACSLRWTHYAEGQYWVNILWMEFPQWRFHHTDPRNGARSLCVYCCEKAN,0.15981866,0.15981866,6,12000,595
WMRDECSLQDHNKHHALACSLRWTHYAEGQYWVNILWEEFPQMRFHHTDPRNGARSLCVYCCEKAN,0.15389219,0.15389219,6,12000,595
WMRDNCSLQDPNPHVALACSLRWTHYAEGQYWVNKLWMEFPQDRFHHTDPRNGARSLCVYCCEKAN,0.1519041,0.1519041,6,12000,595
WMRDNCSLQDTNPHCALACSLRWTHYAEGQYWVNKLWMEFPQRRFHHTDPRNGARSLCVYCCEKAN,0.1510527,0.1510527,6,12000,595
WMRDNCSLQDSNPHSALACSLRWTHYAEGQYWVNILWEEFPQDRFHHTDPRNGARSLCVYCCEKAN,0.14913249,0.14913249,6,12000,595
WMRDECSLQDQNPHGALACSLRWTHYAEGQYWVNILWMEFPQPRFHHTDPRNGARSLCVYCCEKAN,0.14641055,0.14641055,6,12000,595
WMRDNCSLQDTNPHSALACSLRWTHYAEGQYWVNILWMEFPQPRFHHTDPRNGARSLCVYCCEKAN,0.14633979,0.14633979,6,12000,595
WMRDNCSLQDCNKHRALANSLRWTHYAEGQYWVNILWMEFPQGRFHHTDPRNGARSLCVYCCEKAN,0.14406507,0.14406507,6,12000,595
WMRDNCSLQDSNKHVALACSLRWTHYAEGQYWVNKLWMEFPQVRFHHTDPRNGARSLCVYCCEKAN,0.14266843,0.14266843,6,12000,595
WMRDNCSLQDSNKHPALACSLRWTHYAEGQYWVNKLWMEFPQGRFHHTDPRNGAESLCVYCCEKAN,0.14265609,0.14265609,6,12000,595
WTRDNCSLQDSNKHHALACSLRWTHYAEGQYWVNILWMEFPQWRFHHTDPRNGARSLCVYCCEKAN,0.14232965,0.14232965,6,12000,595
WMRDNCSLQDQNPHWALACSLRWTHYAEGQYWVNILWMEFPQQRFHHTDPRNGARSLCVYCCEKAN,0.13991211,0.13991211,6,12000,595
WMRDNCSLQDHNKHAALACSLRWTHYAEGQYWVNILWEEFPQMRFHHTDPRNGARSLCVYCCEKAN,0.13967238,0.13967238,6,12000,595
WMRDNCSLQDYNKHKALACSLRWTHYAEGQYWVNILWMEFPQERFHHTDPRNGARSLCVYCCEKAN,0.1396119,0.1396119,6,12000,595
WMRDNCSLQDSNPHSALACSLRWTHYAEGQYWVNILWMEFPQWRFHHTDPRNGARSLCVYCCEKAN,0.135088,0.135088,6,12000,595
WMRDECSLQDQNPHPALACSLRWTHYAEGQYWVNILWMEFPQARFHHTDPRNGARSLCVYCCEKAN,0.13403615,0.13403615,6,12000,595
WTRDNCSLQDHNPHYALACSLRWTHYAEGQYWVNKLWMEFPQWRFHHTDPRNGARSLCVYCCEKAN,0.13389376,0.13389376,6,12000,595
WMRDNCSLQDSNKHFALACSLRWTHYAEGQYWVNILWMEFPQNRFHHTDPRNGARSLCVYCCEKAN,0.13229588,0.13229588,6,12000,595
WMRDNCSLQDSNPHWALACSLRWTHYAEGQYWVNILWMEFPQPRFHHTDPRNGARSLCVYCCEKAN,0.13024653,0.13024653,6,12000,595
WMRDNCSLQDHNKHWALACSLRWTHYAEGQYWVNILWMEFPQLRFHHTDPRNGARSLCVYCCEKAN,0.1298639,0.1298639,6,12000,595
WMRDECSLQDVNPHSALACSLRWTHYAEGQYWVNKLWEEFPQNRFHHTDPRNGARSLCVYCCEKAN,0.12863995,0.12863995,6,12000,595
EVCQFSHMHCHNDVNLQFHWKRNPYHDPHTVVFFHHTTTEAFNAGAEHKTILQMDPDQSELSNFLA,0.12853082,0.12853082,6,12000,595
WMRDNCSLQDFNPHDALACSLRWTHYAEGQYWVNKLWMEFPQMRFHHTDPRNGARSLCVYCCEKAN,0.12837328,0.12837328,6,12000,595
WMRDECSLQDCNPHRALACSLRWTHYAEGQYWVNKLWMEFPQMRFHHTDPRNGARSLCVYCCEKAN,0.12759958,0.12759958,6,12000,595
WMRDNCSLQDLNKHEALACSLRWTHYAEGQYWVNKLWMEFPQMRFHHTDPRNGARSLCVYCCEKAN,0.12708062,0.12708062,6,12000,595
WMRDNCSLQDSNPHVALACSLRWTHYAEGQYWVNILWMEFPQERFHHTDPRNGARSLCVYCCEKAN,0.12591201,0.12591201,6,12000,595
WMRDNCSLQDANPHTALACSLRWTHYAEGQYWVNILWMEFPQRRFHHTDPRNGARSLCVYCCEKAN,0.1255183,0.1255183,6,12000,595
WMRDNCSLQDVNKHPALACSLRWTHYAEGQYWVNKLWMEFPQGRFHHTDPRNGARSLCVYCCEKAN,0.12545238,0.12545238,6,12000,595
WMRDNCSLQDSNPHSALACSLRWTHYAEGQYWVNILWMEFPQCRFHHTDPRNGARSLCVYCCEKAN,0.12517631,0.12517631,6,12000,595
WMRDNCSLQDRNKHVALACSLRWTHYAEGQYWVNILWMEFPQYRFHHTDPRNGARSLCVYCCEKAN,0.124555804,0.124555804,6,12000,595
WMRDNCSLQDNNPHCALACSLRWTHYAEGQYWVNILWEEFPQMRFHHTDPRNGARSLCVYCCEKAN,0.1212975,0.1212975,6,12000,595
EVCQFSHMHCHNDVNLQFHWHRNPYHDPHTVVFFGHTTTEAMNAGAEHKGILQMDPDQSELSNFLA,0.120602235,0.120602235,6,12000,595
WMRDNCSLQDYNKHNALACSLRWTHYAEGQYWVNILWMEFPQWRFHHTDPRNGARSLCVYCCEKAN,0.120051704,0.120051704,6,12000,595
WMRDNCSLQDWNKHHALACSLRWTHYAEGQYWVNILWMEFPQIRFHHTDPRNGARSLCVYCCEKAN,0.11941542,0.11941542,6,12000,595
WTRDECSLQDNNPTSALACSLRWTHYAEGQYWVNILWMEFPQMRFHHTDPRNGARSLCVYCCEKAN,0.118627705,0.118627705,6,12000,595
WMRDNCSLQDRNKHLALACSLRWTHYAEGQYWVNILWMEFPQWRFHHTDPRNGARSLCVYCCEKAN,0.11796211,0.11796211,6,12000,595
EVCQFSHMHCHNDVNLQFHWHRNPYHDPHTVVFFGHTTTMAMEAGAEHKGILQMDPDQSELSNFLA,0.117745146,0.117745146,6,12000,595
EVCQFSHMHCHNDVNLQFHWHRNPYHDPHTVVFFGHTTTHAMKAGAEHKGILQMDPDQSELSNFLA,0.11731382,0.11731382,6,12000,595
WTRDNCSLQDHNPHLALACSLRWTHYAEGQYWVNKLWMEFPQWRFHHTDPRNGARSLCVYCCEKAN,0.117100425,0.117100425,6,12000,595
WMRDNCSLQDANPHFALACSLRWTHYAEGQYWVNKLWEEFPQMRFHHTDPRNGARSLCVYCCEKAN,0.11671253,0.11671253,6,12000,595
WMRDNCSLQDWNPTPALACSLRWTHYAEGQYWVNKLWMEFPQWRFHHTDPRNGARSLCVYCCEKAN,0.11488394,0.11488394,6,12000,595
EVCQFSHMHCHNDVNLQFHWCRNPYHDPHTVVFFHHTTTTAMKAGAEHKYILQMDPDQSELSNFLA,0.11334241,0.11334241,6,12000,595
WMRDNCSLQDVNPHSALACSLRWTHYAEGQYWVNKLWMEFPQWRFHHTDPRNGARSLCVYCCEKAN,0.11216138,0.11216138,6,12000,595
EVCQFSHMHCHNDVNLQFHWHRNPYHDPHTVVFFGHTTTHAFEAGAEHKGILQMDPDQSELSNFLA,0.11156748,0.11156748,6,12000,595
WMRDNCSLQDFNKTKALACSLRWTHYAEGQYWVNKLWMEFPQMRFHHTDPRNGARSLCVYCCEKAN,0.11136169,0.11136169,6,12000,595
EVCQFSHMHCHNDVNLQFHWHRNPYHDPHTVVFFGHTTTYAMDAGAEHKRILQMDPDQSELSNFLA,0.1096139,0.1096139,6,12000,595
WMRDNCSLQDCNPHMALACSLRWTHYAEGQYWVNKLWEEFPQMRFHHTDPRNGARSLCVYCCEKAN,0.1088352,0.1088352,6,12000,595
EVCQFSHMHCHNDVNLQFHWQRNPYHDPHTVVFEGHTTTHAMDAGAEHKGILQMDPDQSELSNFLA,0.108188696,0.108188696,6,12000,595
WTRDECSLQDLNKHPALACSLRWTHYAEGQYWVNKLWEEFPQLRFHHTDPRNGARSLCVYCCEKAN,0.107925266,0.107925266,6,12000,595
EVCQFSHMHCHNDVNLQFHWHRNPYHDPHTVVFFGHTTTHAFKAGAEHKGILQMDPDQSELSNFLA,0.10741746,0.10741746,6,12000,595
EVCQFSHMHCHNDVNLQFHWHRNPYHDPHTVVFFGHTTMHAFNAGAEHKGILQMDPDQSELSNFAA,0.10730104,0.10730104,6,12000,595
WTRDNCSLQDGNPHWALACSLRWTHYAEGQYWVNILWEEFPQMRFHHTDPRNGARSLCVYCCEKAN,0.10686655,0.10686655,6,12000,595
WMRDNCSLQDTNPHFALACSLRWTHYAEGQYWVNILWMEFPQHRFHHTDPRNGARSLCVYCCEKAN,0.10660487,0.10660487,6,12000,595
WMRDECSLQDTNKHFALACSLRWTHYAEGQYWVNILWMEFPQMRFHHTDPRNGARSLCVYCCEKAN,0.10607477,0.10607477,6,12000,595
WMRDECSLQDGNPHYALACSLRWTHYAEGQYWVNILWMEFPQFRFHHTDPRNGARSLCVYCCEKAN,0.10580688,0.10580688,6,12000,595
EVCQFSHMHCHNDVNLQFHWHRNPYHDPHTVVFFGHTTTHAFHAGAEHKSILQMDPDQSELSNFLA,0.104061425,0.104061425,6,12000,595
EVCQFSHMHCHNDVNLQFEWHRNPYHDPHTVVFFGHTTTHAFRAGAEHKMILQMDPDQSELSNFLA,0.1038619,0.1038619,6,12000,595
EVCQFSHMHCHNDVNLQFHWHRNPYHDPHTVVFEGHTTTHAMDAGAEHKGILQMDPDQSELSNFLA,0.1038605,0.1038605,6,12000,595
WTRDECSLQDSNKHFALACSLRWTHYAEGQYWVNILWMEFPQMRFHHTDPRNGARSLCVYCCEKAN,0.1024628,0.1024628,6,12000,595
WMRDECSLQDGNPTVALAASLRWTHYAEGQYWVNILWMEFPQLRFHHTDPRNGARSLCVYCCEKAN,0.10191865,0.10191865,6,12000,595
EVCQFSHMHCHNDVNLQFHWHRNPYHDPHTVVFFHHTTTHAFTAGAEHKGILQMDPDQSELSNFLA,0.10185124,0.10185124,6,12000,595
EVCQFSHMHCHNDVNLQFHWHRNPYHDPHTVVFFGHTTTNAFHAGAEHKGILQMDPDQSELSNFLA,0.101831324,0.101831324,6,12000,595
EVCQFSHMHCHNDVNLQFHWWRNPYHDPHTVVFFGHTTRGAMQAGAEHKGILQMDPDQSELSNFLA,0.10159354,0.10159354,6,12000,595
EVCQFSHMHCHNDVNLQFHWHRNPYHDPHTVVFFGHTTTHAFSAGAEHKFILQMDPDQSELSNFLA,0.10152451,0.10152451,6,12000,595
EVCQFSHMHCHNDVNLQFHWHRNPYHDPHTVVFFGHTTTKAMTAGAEHKLILQMDPDQSELSNFLA,0.10077541,0.10077541,6,12000,595
WTRDECSLQDWNKHSALACSLRWTHYAEGQYWVNILWMEFPQMRFHHTDPRNGARSLCVYCCEKAN,0.100459605,0.100459605,6,12000,595
EVCQFSHMHCHNDVNLQFVWERNPYHDPHTVVFFGHTTTDAMSAGAEHKIILQMDPDQSELSNFLA,0.09910419,0.09910419,6,12000,595
WMRDNCSLQDQNPHIALACSLRWTHYAEGQYWVNILWMEFPQIRFHHTDPRNGARSLCVYCCEKAN,0.09859054,0.09859054,6,12000,595
WMRDNCSLQDMNPHTALACSLRWTHYAEGQYWVNILWEEFPQMRFHHTDPRNGARSLCVYCCEKAN,0.09826852,0.09826852,6,12000,595
EVCQFSHMHCHNDVNLQFAWNRNPYHDPHTVVFEGHTTTHAFEAGAEHKGILQMDPDQSELSNFLA,0.098186076,0.098186076,6,12000,595
WMRDNCSLQDVNKHGALACSLRWTHYAEGQYWVNILWEEFPQMRFHHTDPRNGARSLCVYCCEKAN,0.09781946,0.09781946,6,12000,595
EVCQFSHMHCHNDVNLQFHWHRNPYHDPHTVVFEGHTTTHAFHAGAEHKWILQMDPDQSELSNFLA,0.09775829,0.097758286,6,12000,595
EMFHFLHIRHFWQVNEQCKNCFFFVSHTDPVWQMAKDMIFCMVPGYETIYGLNDKSLLSPYKNVAY,0.2192454,0.2192454,7,14000,694
EMFHFLHIRHFWQVNEQCKNLFFFTSHTEPVWQMAKDMIFCMVSGYETIMGLNDKHLLSPYKEVAY,0.21861725,0.21861725,7,14000,694
EMFHFLHIRHFWDVNEQCKNCFFFVSHTKPVWQMAKDMIFCMVEGYETIMGLNDDSLLSPYKKVAY,0.20530349,0.20530349,7,14000,694
EMFHFLHIRHFWQVHEQCKNCFFFSSHTEPVWQMAKDMIFCMVHGYETIMGLNDAHLLSPYKQVAY,0.20105478,0.20105478,7,14000,694
EMFHFLHIRHFWQVNEQCKNLFPFQSHTEPHWQMAKDMIQCMVVGYETIMGLNDHSLLSPYKYVAY,0.19343348,0.19343348,7,14000,694
EMFHFLHIRHFWQVHEQCKNLFFFSSHTRPVWQMAKDMIFCMVDGYETIMGLNDGHLLSPYKQVAY,0.19331951,0.19331951,7,14000,694
EMFHFLHIRHFWQVHEQCKNCFFFSSHTRPVWQMAKDMIFCMVHGYETIMGLNDMSLLSPYKKVAY,0.1919847,0.1919847,7,14000,694
AMQRHFAIPRVHKTYSMCSSHGNTHYLGGQVRFDQLPNNKPHGMWGMDTHNICTGYCKPCQARCIK,0.19066091,0.19066091,7,14000,694
EMFHFLHIRHFWQVHEQCKNCFFFYSHTEPVWQMAKDMIFCMVGGYETIMGLNDHSLLSPYKPVAY,0.1870363,0.1870363,7,14000,694
EMFHFLHIRHFWQVHEQCKNCFFFDSHTEPVWQMAKDMIFCMVCGYETIMGLNDWHLLSPYKEVAY,0.18691973,0.18691973,7,14000,694
EMFHFLHIRHFWQVHEQCKNLFFFRSHTKPVWQMAKDMIFCMVQGYETIMGLNDDSLLSPYKQVAY,0.1867947,0.1867947,7,14000,694
EMFHFLHIRHFWDVNEQCKNCFPFQSHTEPMWQMAKDMIQCMVMGYETIMGLNDHSLLSPYKAVTY,0.18458486,0.18458486,7,14000,694
EMFHFLHIRHFWQVNEQCKNCFPFDSHTEPVWQMAKDMIQCMVMGYETIMGLNDHSLLSPYKYVAY,0.18405305,0.18405305,7,14000,694
EMFHFLHIRHFWQVHEQCKNLFFFWSHTEPVWQMAKDMIFCMVRGYETIMGLNDGHLLSPYKNVAY,0.18261312,0.18261312,7,14000,694
EMFHFLHIRHFWQVNEQCKNCFPFDSHTEPMWQMAKDMIQCMVNGYETIMGLNDPSLLSPYKYVAY,0.1807171,0.1807171,7,14000,694
EMFHFLHIRHFWDVNEQCKNLFFFDSHTEPVWQMAKDMIFCMVGGYETIMGLNDTSLLSPYKRVAY,0.18048821,0.18048821,7,14000,694
EMFHFLHIRHFWDVNEQCKNCFPFYSHTEPMWQMAKDMIQCMVGGYETIMGLNDDSLLSPYKRVTY,0.18027683,0.18027683,7,14000,694
EMWPFCHIVHGWDVNEQCKNCRPRYSHTGPEWIDMKTNIKCFVDGAETIMGLNCDSLFSIHRAVAA,0.1790102,0.1790102,7,14000,694
EMFHFLHIRHFWQVNEQCKNCFPFWSHTEPMWQMAKDMIQCMVVGYETIMGLNDDSLLSPYKQVTY,0.17885795,0.17885795,7,14000,694
EMWHFCHIVHGWDVNEQCKNCRPRYSHTGPEWIDMKTYIKCFVNGAETIWGLNCDSLFSIPNAVAA,0.17879808,0.17879808,7,14000,694
EMFHFLHIRHFWQVNEQCKNLFPFWSHTEPMWQMAKDMIQCMVIGYETIMGLNDHSLLSPYKYVTY,0.17673673,0.17673673,7,14000,694
EMFHFLHIRHFWQVNEQCKNLFPFDSHTEPMWQMAKDMIQCMVQGYETIMGLNDDSLLSPYKYVTY,0.17654896,0.17654896,7,14000,694
EMFHFLHIRHFWDVHEQCKNCFFFVSHTKPVWQMAKDMIFCMVYGYETIHGLNDYSLLSPYKSVAY,0.17644659,0.17644659,7,14000,694
EMWQFCHIVHGWQVNEQCKNCRPRYSHTGPEWIDMKTHIKCFVHGAETIMGLNCDSLFSIIDAVAA,0.1753474,0.1753474,7,14000,694
NMQRHFAIPRVHKTYRMCSHHGNRHYLGLQVRFDQLPHCKYQSTWGMDTHNICTWYCKPCQRRCIK,0.1752749,0.1752749,7,14000,694
PGQYSEIHVESTVIRLYGGYPYNMSEIYKPQYVQQTYYNKNENWDVMDTHNIAMPYRKETQMPFAR,0.17406417,0.17406417,7,14000,694
EMFHFLHIRHFWDVNEQCKNCFFFFSHTNPVWQMAKDMIFCMVCGYETIMGLNDRSLLSPYKQVAY,0.17300223,0.17300223,7,14000,694
EMFHFLHIRHFWDVHEQCKNLFFFMSHTEPVWQMAKDMIFCMVDGYETIMGLNDESLLSPYKRVAY,0.1720346,0.1720346,7,14000,694
EMFHFLHIRHFWQVHEQCKNCFFFYSHTPPVWQMAKDMIFCMVRGYETIMGLNDPSLLSPYKRVAY,0.17156272,0.17156272,7,14000,694
EMFHFLHIRHFWDVNEQCKNLFPFDSHTEPTWQMAKDMIQCMVMGYETIMGLNDSSLLSPYKPVTY,0.16972744,0.16972744,7,14000,694
EMFHFLHIRHFWQVNEQCKNCFPFQSHTEPVWQMAKDMIQCMVQGYETIMGLNDDSLLSPYKYVTY,0.16892749,0.16892749,7,14000,694
EMFHFLHIRHFWQVHEQCKNCFFFLSHTSPVWQMAKDMIFCMVWGYETIMGLNDLSLLSPYKDVAY,0.16762398,0.16762398,7,14000,694
EMFHFLHIRHFWQVNEQCKNCFPFLSHTEPGWQMAKDMIQCMVNGYETIMGLNDDSLLSPYKHVAY,0.16738711,0.16738711,7,14000,694
EMFHFLHIRHFWQVNEQCKNCFFFVSHTLPVWQMAKDMIFCMVPGYETIMGLNDFHLLSPYKPVAY,0.16714378,0.16714378,7,14000,694
RMQRHFAIPRVHKTYKMCSLHGNRHYLGAQVRFDELPGEKNQPQWGMDTHNIVTQYCKPCQQRCIK,0.16659579,0.16659579,7,14000,694
PGQYSEIHVESTVIRLYGGYPYNMSEIYKPQYVQQTYYNKNENWDVMDTHNIAMPYTKETQMPFAR,0.1662467,0.1662467,7,14000,694
EMFTFLHIRHFWQVNEQCKNLFFFRSHTSPVWQMAKDMIFCMVHGYETIMGLNDKSLLSPYKHVAY,0.16601321,0.16601321,7,14000,694
EMFHFLHIRHFWQVNAQCKNCFPFYSHTEPVWQMAKDMIQCMVAGYETIMGLNDDSLLSPYKKVAY,0.1654656,0.1654656,7,14000,694
EMFHFLHIRHFWDVNEQCKNCFFFHSHTEPVWQMAKDMIFCMVVGYETIMGLNDCSLLSPYKNVAY,0.16545296,0.16545296,7,14000,694
EMFHFLHIRHFWQVNEQCKNCFPFYSHTEPTWQMAKDMIQCMVPGYETIMGLNDPSLLSPYKCVAY,0.16515006,0.16515006,7,14000,694
PGQYSEIHVESTVIRLYGGYPYNMSEIYKPQYVQQTYYNKRENWAVMDTHNIAMPYEKETQMPFAR,0.16494161,0.16494161,7,14000,694
PGQYSEIHVESTVIRLYGGYPYNMSEIYKPQYVQQTYYNKHENWRVMDTHNIAMPYRKETQMPFAR,0.16328058,0.16328058,7,14000,694
RMQRHFAIPRVHKTYGMLSAHGNRHYLGGQVRFDQLPGSKPQDDWGMDTHNHCTYYCKPCQKRCIK,0.16324179,0.16324179,7,14000,694
PGQYSEIHVESTVIRLYGGYPYNMSEIYKPQYVQQTYYNKTENWEVMDTHNIAMPYRKETQMPFAR,0.16312388,0.16312388,7,14000,694
EMFHFLHIRHFWQVNEQCKNLFPFYSHTEPVWQMAKDMIQCMVCGYETIMGLNDYSLLSPYKYVTY,0.1628601,0.1628601,7,14000,694
EMFHFLHIRHFWQVNEQCKNLFPFMSHTEPSWQMAKDMIQCMVKGYETIMGLNDDSLLSPYKYVAY,0.16113575,0.16113575,7,14000,694
EMFHFLHIRHFWDVHEQCKNLFFFDSHTWPVWQMAKDMIFCMVPGYETIMGLNDHSLLSPYKSVAY,0.16083825,0.16083825,7,14000,694
EMFHFLHIRHFWQVNEQCKNCFPFVSHTEPCWQMAKDMIQCMVNGYETIMGLNDWSLLSPYKYVAY,0.16023968,0.16023968,7,14000,694
EMFHFLHIRHFWQVNEQCKNCFPFNSHTEPVWQMAKDMIQCMVHGYETIMGLNDDSLLSPYKYVTY,0.15992858,0.15992858,7,14000,694
EMWCFCHIVHGWDVNEQCKNCRPRYSHTGPEWIDMKTHIKCFVHGAETIYGLNCDSLFSIAKAVAA,0.15962572,0.15962572,7,14000,694
EMFHFLHIRHFWQVNAQCKNLFPFYSHTEPMWQMAKDMIQCMVMGYETIMGLNDGSLLSPYKYVTY,0.15929088,0.15929088,7,14000,694
EMFHFLHIRHFWQVNAQCKNLFPFYSHTEPMWQMAKDMIQCMVYGYETIMGLNDMSLLSPYKYVTY,0.15920077,0.15920077,7,14000,694
HMQRHFAIPRVHKTYLMDSHHGNRHYLGRQVRFDELPDTKENQYWGMDTHNIVTEYCKPCQERCIK,0.15901849,0.15901849,7,14000,694
EMFHFLHIRHFWQVNEQCKNCFPFNSHTEPMWQMAKDMIQCMVEGYETIMGLNDRSLLSPYKYVAY,0.1588355,0.1588355,7,14000,694
EMFHFLHIRHFWDVNEQCKNCFPFASHTEPVWQMAKDMIQCMVMGYETIMGLNDYSLLSPYKMVTY,0.15872493,0.15872493,7,14000,694
EMFHFLHIRHFWQVNEQCKNCFPFASHTEPMWQMAKDMIQCMVGGYETIMGLNDDSLLSPYKYVTY,0.15846689,0.15846689,7,14000,694
EMFQFLHIRHFWQVNEQCKNCFFFTSHTYPVWQMAKDMIFCMVLGYETICGLNDMHLLSPYKDVAY,0.15751137,0.15751137,7,14000,694
EMFHFLHIRHFWDVNEQCKNLFPFYSHTEPTWQMAKDMIQCMVYGYETIMGLNDDSLLSPYKNVAY,0.15698825,0.15698825,7,14000,694
EMFHFLHIRHFWQVHEQCKNLFFFCSHTGPVWQMAKDMIFCMVYGYETIMGLNDPHLLSPYKNVAY,0.15618059,0.15618059,7,14000,694
EMFHFLHIRHFWQVNEQCKNLFPFPSHTEPVWQMAKDMIQCMVCGYETIMGLNDDSLLSPYKYVAY,0.15600723,0.15600723,7,14000,694
EMFHFLHIRHFWQVNEQCKNLFPFISHTEPTWQMAKDMIQCMVHGYETIMGLNDCSLLSPYKYVAY,0.15434232,0.15434232,7,14000,694
EMFHFLHIRHFWDVNEQCKNLFPFESHTEPRWQMAKDMIQCMVEGYETIMGLNDDHLLSPYKYVTY,0.15430605,0.15430605,7,14000,694
EMFHFLHIRHFWQVNEQCKNCFPFYSHTEPVWQMAKDMIQCMVCGYETIMGLNDWSLLSPYKYVAY,0.15421008,0.15421008,7,14000,694
EMFHFLHIRHFWQVNEQCKNCFPFFSHTEPRWQMAKDMIQCMVRGYETIMGLNDGSLLSPYKYVAY,0.15367965,0.15367965,7,14000,694
EMFHFLHIRHFWDVNEQCKNCFPFWSHTEPVWQMAKDMIQCMVFGYETIMGLNDDSLLSPYKKVAY,0.15352587,0.15352587,7,14000,694
EMFHFLHIRHFWQVNEQCKNLFPFFSHTEPYWQMAKDMIQCMVSGYETIMGLNDDSLLSPYKYVTY,0.15345116,0.15345116,7,14000,694
EMWMFCHIVHGWQVNEQCKNCRPRYSHTGPEWIDMKTHIKCFVHGAETIMGLNCDSLFSILEAVAA,0.1532666,0.1532666,7,14000,694
EMFHFLHIRHFWQVNEQCKNLFPFYSHTEPHWQMAKDMIQCMVMGYETIMGLNDDSLLSPYKYVAY,0.15200445,0.15200445,7,14000,694
PGQYSEIHVESTVIRLYGGYPYNMSEIYKPQYVQQTYYNKRENWWVMDTHNIAMPYRKETQMPFAR,0.15168582,0.15168582,7,14000,694
NTWQFSVLCRHNPVYCQASENRNDSYRPGHEWINKHTTMKQFGGGHEGGTALVCQSDYSIRRNKAH,0.15164058,0.15164058,7,14000,694
EMFHFLHIRHFWQVNEQCKNCFPFYSHTEPTWQMAKDMIQCMVMGYETIMGLNDDSLLSPYKHVAY,0.15107816,0.15107816,7,14000,694
PGQYSEIHVESTVIRLYGGYPYNMSEIYKPQYVQQTYYNKGENWYVMDTHNIAMPYTKETQMPFAR,0.15104912,0.15104912,7,14000,694
EMWEFCHIVHGWQVNEQCKNCRPRYSHTGPEWIDMKTLIKCFVNGAETIMGLNCDSLFSIFKAVAA,0.15026225,0.15026225,7,14000,694
EMFHFLHIRHFWDVHEQCKNCFFFISHTAPVWQMAKDMIFCMVPGYETIMGLNDVSLLSPYKEVAY,0.15014407,0.15014407,7,14000,694
EMFHFLHIRHFWDVNEQCKNLFPFYSHTEPVWQMAKDMIQCMVEGYETIMGLNDPSLLSPYKYVAY,0.1500195,0.1500195,7,14000,694
EMFKFLHIRHFWQVHEQCKNCFFFMSHTEPVWQMAKDMIFCMVMGYETIMGLNDYSLLSPYKHVAY,0.14950985,0.14950985,7,14000,694
EMFHFLHIRHFWDVHEQCKNLFFFFSHTGPVWQMAKDMIFCMVVGYETIWGLNDTSLLSPYKNVAY,0.14906782,0.14906782,7,14000,694
EMFHFLHIRHFWDVNEQCKNCFPFSSHTEPTWQMAKDMIQCMVCGYETIMGLNDESLLSPYKYVTY,0.14895652,0.14895652,7,14000,694
EMFHFLHIRHFWDVNEQCKNCFFFPSHTYPVWQMAKDMIFCMVQGYETIMGLNDESLLSPYKGVAY,0.14811619,0.14811619,7,14000,694
EMFHFLHIRHFWQVNEQCKNCFPFYSHTEPFWQMAKDMIQCMVMGYETIMGLNDDSLLSPYKYVAY,0.1480836,0.1480836,7,14000,694
EMFHFLHIRHFWQVNEQCKNCFPFKSHTEPMWQMAKDMIQCMVPGYETIMGLNDASLLSPYKMVAY,0.14780855,0.14780855,7,14000,694
EMFHFLHIRHFWQVHEQCKNLFFFTSHTQPVWQMAKDMIFCMVQGYETIMGLNDDSLLSPYKMVAY,0.14780578,0.14780578,7,14000,694
EMFHFLHIRHFWDVNEQCKNCFFFGSHTEPVWQMAKDMIFCMVLGYETIQGLNDYSLLSPYKEVAY,0.14771135,0.14771135,7,14000,694
PGQYSEIHVESTVIRLYGGYPYNMSEIYKPQYVQQTYYNKTENWKVMDTHNIAMPYTKETQMPFAR,0.14748858,0.14748858,7,14000,694
PGQYSEIHVESTVIRLYGGYPYNMSEIYKPQYVQQTYYNKYENWDVMDTHNIAMPYTKETQMPFAR,0.14747335,0.14747335,7,14000,694
EMFHFLHIRHFWDVNAQCKNCFPFSSHTEPWWQMAKDMIQCMVMGYETIMGLNDDSLLSPYKYVAY,0.14703706,0.14703706,7,14000,694
EMFHFLHIRHFWDVNEQCKNCFPFYSHTEPLWQMAKDMIQCMVWGYETIMGLNDDHLLSPYKYVTY,0.14693771,0.14693771,7,14000,694
PGQYSEIHVESTVIRLYGGYPYNMSEIYKPQYVQQTYYNKQENWDVMDTHNIAMPYTKETQMPFAR,0.14680333,0.14680333,7,14000,694
EMWGFCHIVHGWDVNEQCKNCRPRYSHTGPEWIDMKTMIKCFVAGAETIVGLNCDSLFSILDAVAA,0.14664343,0.14664343,7,14000,694
EMFHFLHIRHFWQVNEQCKNCFPFISHTEPTWQMAKDMIQCMVVGYETIMGLNDDSLLSPYKYVTY,0.14655171,0.14655171,7,14000,694
PGQYSEIHVESTVIRLYGGYPYNMSEIYKPQYVGQTYYNKGENWKVMDTHNIAMPYTKETQMPFAR,0.14638779,0.14638779,7,14000,694
NMQRHFAIPRVHKTYMMCSAHGNTHYLGQQVRFDQLPPYKWQLHWGMDTHNIVTHYCKPCQARCIK,0.14546496,0.14546496,7,14000,694
EMFHFLHIRHFWDVHEQCKNLFFFSSHTGPVWQMAKDMIFCMVHGYETIMGLNDDSLLSPYKQVAY,0.14538081,0.14538081,7,14000,694
EMFHFLHIRHFWDVHAQCKNLFFFGSHTEPVWQMAKDMIFCMVGGYETIMGLNDHSLLSPYKMVAY,0.14530474,0.14530474,7,14000,694
EMFHFLHIRHFWQVHEQCKNLFFFLSHTQPVWQMAKDMIFCMVAGYETIAGLNDKSLLSPYKNVAY,0.14486164,0.14486164,7,14000,694
EMFHFLHIRHFWQVNEQCKNCFPFYSHTEPTWQMAKDMIQCMVAGYETIMGLNDDSLLSPYKYVTY,0.1446568,0.1446568,7,14000,694
NMQRHFAIPRVHKTYGMDSNHGNTHYLGKQVRFDQLPSLKQQLKWGMDTHNPCTWYCKPCQMRCIK,0.14436777,0.14436777,7,14000,694
EMWVFCHIVHGWDVNEQCKNCRPRYSHTGPEWIDMKTMIKCFVIGAETIMGLNCDSLFSILKAVAA,0.14340857,0.14340857,7,14000,694
EMFHFLHIRHFWQVHEQCKNCFFFYSHTQPVWQMAKDEIFCMVLGYETIMGLNDMSLLSPYKKVAY,0.14330077,0.14330076,7,14000,694
EMQMHFHRPISNKHTLKWGHLHSDWILKAPTRFNQYPEIKLARFDGMDTHNEVTWSNEPCQERCTK,0.4621221,0.4621221,8,16000,793
EMQMHFHRPISNKHTLKSGHLHSDWILKAPSRFNQYPEGKLARFKGMDTHNDVTWSNEPNQERCTK,0.4272021,0.4272021,8,16000,793
EMQEHFHRPISNKHTLKCGHLHSDWILKAPYRFNQYPEPKLARFRGMDTHNGVTWSNEPYQERCTK,0.42566714,0.42566714,8,16000,793
EMQWHFHRPISNKHTLKSGHLHSDWILKAPYRFNQYPEKKLARFEGMDTHNRVTWSNEPCQERCTK,0.42431307,0.42431307,8,16000,793
EMQFHFHRPISNKHTLKQGHLHSDWILKAPYRFNQYPEGKLARFNGMDTHNEVTWSNKPHQERCTK,0.41893065,0.41893065,8,16000,793
EMQIHFHRPISNKHTLKSGHLHSDWILKAPSRFNQYPETKLARFEGMDTHNTVTWSNEPDQERCTK,0.41659662,0.41659662,8,16000,793
EMQSHFHRPISNKHTLKYGHLHSDWILKAPGRFNQYPEWKLARFQGMDTHNKVTWSNEPGQERCTK,0.40298274,0.40298274,8,16000,793
EMQRHFHRPISNKHTLKGGHLHSDWILKAPYRFNQYPEMKLARFPGMDTHNHVTWSNKPRQERCTK,0.40024525,0.40024525,8,16000,793
EMQYHFHRPISNKHTLKSGHLHSDWILKAPGRFNQYPEWKLARFKGMDTHNRVTWSNKPHQERCTK,0.39852127,0.39852127,8,16000,793
EMQQHFHRPISNKHTLKSGHLHSDWILKAPSRFNQYPESKLARFPGMKTHNSVTWSNKPEQERCTK,0.39489114,0.39489114,8,16000,793
EMQSIFHRPIFTKHTHKSGRPHSMWPLGAPYRFEQYPYIKCARFDGMDTHNEVNHSNKECQCRCTK,0.39464945,0.39464945,8,16000,793
EMQYHFHRPISNKHTLKWGHLHSDWILKAPGRFNQYPETKLARFTGMKTHNKVTWSNKPTQERCTK,0.39344892,0.39344892,8,16000,793
EMQEHFHRPISNKHTLKPGHLHSDWILKAPGRFNQYPEKKLARFKGMDTHNGVTWSNEPDQERCTK,0.39084452,0.39084452,8,16000,793
EMQSIFHRPIQTKHTHKSGRLHSMWPLGAPYRFEQYPYIKDARFHGMDTHNEVNNSNKEYQCRCTK,0.38991895,0.38991895,8,16000,793
EMQVHFHRPISNKHTLKSGHLHSDWILKAPMRFNQYPEKKLARFEGMDTHNDVTWSNKPNQERCTK,0.3879396,0.3879396,8,16000,793
EMQWHFHRPISNKHTLKSGHLHSDWILKAPGRFNQYPENKLARFNGMDTHNKVTWSNKPNQERCTK,0.3838801,0.3838801,8,16000,793
EMQYHFHRPISNKHTLKSGHLHSDWILKAPGRFNQYPENKLARFKGMDTHNGVTWSNEPSQERCTK,0.38319516,0.38319516,8,16000,793
EMQKHFHRPISNKHTLKQGHLHSDWILKAPYRFNQYPEWKLARFNGMDTHNSVTWSNKPWQERCTK,0.38210118,0.38210118,8,16000,793
GGQYNEITPESNHNQLYHGIAQGMVPWAKPKNNNPNYGMKAENWRVMKEHEEDQLEPEYYNTPFER,0.37937978,0.37937978,8,16000,793
EMQNHFHRPISNKHTLKRGHLHSDWILKAPGRFNQYPEMKLARFNGMDTHNKVTWSNEPNQERCTK,0.37635753,0.37635753,8,16000,793
EMQSIFHRPIHTKHTHKSGRLHSMWPLGAPYRFEQYPYIKCARFYGMDTHNEVNESNKESQCRCTK,0.37413886,0.37413886,8,16000,793
EMQKHFHRPISNKHTLKSGHLHSDWILKAPYRFNGYPEWKLARFNGMDTHNCVTWSNEPHQERCTK,0.37046802,0.37046802,8,16000,793
EMQIHFHRPISNKHTLKSGHLHSDWILKAPYRFNQYPEWKLARFQGMDTHNTVTWSNKPHQERCTK,0.36780658,0.36780658,8,16000,793
EMQSIFHRPIDTKHTHKSGREHSMWPLGAPYRFEQYPYIKCARFLGMDTHNEVNNSNKENQCRCTK,0.3660278,0.3660278,8,16000,793
EMQTHFHRPISNKHTLKDGHLHSDWILKAPGRFNQYPESKLARFPGMDTHNPVTWSNEPCQERCTK,0.3634604,0.3634604,8,16000,793
EMQSIFHRPIDTKHTHKSGRLHSMWPLGAPYRFEQYPRIKCARFHGMDTHNEVNTSNKEMQCRCTK,0.36064783,0.36064783,8,16000,793
EMQGHFHRPISNKHTLKYGHLHSDWILKAPYRFNQYPEDKLARFPGMKTHNDVTWSNKPAQERCTK,0.3588758,0.3588758,8,16000,793
EMQEHFHRPISNKHTLKYGHLHSDWILKAPGRFNQYPEIKLARFRGMDTHNHVTWSNKPYQERCTK,0.35699558,0.35699558,8,16000,793
EMQSIFHRPIHTKHTHKSGRRHSMWPLGAPYRFEQYPTIKPARFPGMDTHNEVNYSNKEVQCRCTK,0.35266387,0.35266387,8,16000,793
EMQAHFHRPISNKHTLKAGHLHSDWILKAPGRFNQYPEDKLARFNGMDTHNRVTWSNKPDQERCTK,0.35132894,0.35132894,8,16000,793
EMQIHFHRPISNKHTLKHGHLHSDWILKAPYRFNQYPEIKLARFPGMKTHNEVTWSNEPRQERCTK,0.35081038,0.35081038,8,16000,793
EMQIHFHRPISNKHTLKSGHLHSDWILKAPGRFNQYPEHKLARFHGMKTHNTVTWSNEPCQERCTK,0.35033426,0.35033426,8,16000,793
EMQSIFHRPIHTKHTHKSGRKHSMWPLGAPYRFEQYPFIKDARFGGMDTHNEVNVSNKEQQCRCTK,0.3499952,0.3499952,8,16000,793
EMQSHFHRPISNKHTLKNGHLHSDWILKAPSRFNQYPESKLARFTGMDTHNRVTWSNKPGQERCTK,0.34977958,0.34977958,8,16000,793
EMQQHFHRPISNKHTLKKGHLHSDWILKAPYRFNQYPEDKLARFEGMDTHNHVTWSNKPKQERCTK,0.34873387,0.34873387,8,16000,793
EMQMHFHRPISNKHTLKPGHLHSDWILKAPGRFNQYPEGKLARFDGMDTHNMVTWSNEPDQERCTK,0.34741777,0.34741777,8,16000,793
EMQTHFHRPISNKHTLKQGHWHSDWILKAPYRFNQYPEKKLARFPGMDTHNWVTWSNEPQQERCTK,0.34508806,0.34508806,8,16000,793
EMQKHFHRPISNKHTLKSGHLHSDWILKAPGRFNQYPEIKLARFPGMDTHNMVTWSNKPHQERCTK,0.34411612,0.34411612,8,16000,793
EMQSIFHRPIHTKHTHKSGRLHSMVPLGAPTRFEQYPAIKQARFDGMDTHNEVNNSNEPGQCRCTK,0.34375843,0.34375843,8,16000,793
EMQSIFHRPIHTKHTHKSGRQHSMWPLGAPYRFEQYPYIKDARFHGMDTHNEVNISNKPGQCRCTK,0.3433933,0.3433933,8,16000,793
EMQPHFHRPISNKHTLKEGHLHSDWILKAPYRFNQYPEFKLARFPGMDTHNEVTWSNKPAQERCTK,0.3381673,0.3381673,8,16000,793
EMQSIFHRPIHTKHTHKSGRAHSMWPLGAPYRFEQYPGIKDARFFCMDTHNEVNQSNKEWQCRCTK,0.33674437,0.33674437,8,16000,793
EMQSIFHRPISTKHTHKSGRRHSMWPLGAPYRFEQYPMIKYARFGGMDTHNEVNESNKEYQCRCTK,0.3322918,0.3322918,8,16000,793
EMQKHFHRPISNKHTLKEGHLHSDWILKAPGRFNQYPEQKLARFGGMKTHNQVTWSNKPTQERCTK,0.33029023,0.33029023,8,16000,793
EMQGHFHRPISNKHTLKSGHLHSDWILKAPGRFNQYPEAKLARFPGMDTHNHVTWSNKPYQERCTK,0.32964942,0.32964942,8,16000,793
EMQHHFHRPISNKHTLKDGHLHSDWILKAPGRFNQYPERKLARFEGMDTHNAVTWSNKPEQERCTK,0.32816714,0.32816714,8,16000,793
EMQRHFHRPISNKHTLKSGHLHSDWILKAPYRFNQYPEIKLARFKGMDTHNHVTWSNKPEQERCTK,0.3260871,0.3260871,8,16000,793
EMQSHFHRPISNKHTLKSGHLHSDWILKAPGRFNQYPEVKLARFRGMDTHNQVTWSNEPEQERCTK,0.32598576,0.32598576,8,16000,793
EMQTHFHRPISNKHTLKHGHLHSDWILKAPYRFNQYPERKLARFMGMDTHNSVTWSNKPRQERCTK,0.3249232,0.3249232,8,16000,793
EMQCHFHRPISNKHTLKSGHDHSDWILKAPDRFNQYPEIKLARFTGMDTHNCVTWSNEPWQERCTK,0.32463253,0.32463253,8,16000,793
EMQSIFHRPIKTKHTHKSGRIHSMWPLGAPYRFEQYPKIKCARFWGMDTHNEVNSSNKEYQCRCTK,0.32445598,0.32445598,8,16000,793
EMQGHFHRPISNKHTLKSGHLHSDWILKAPSRFNGYPEVKLARFPGMDTHNWVTWSNEPYQERCTK,0.3228715,0.3228715,8,16000,793
EMQSIFHRPISTKHTHKSGRLHSMWPLGAPYRFEQYPWIKSARFDGMDTHNEVNCSNKEEQCRCTK,0.3222293,0.3222293,8,16000,793
EMQSIFHRPIQTKHTHKSGRGHSMWPLGAPYRFEQYPAIKFARFNGMDTHNEVNDSNKPHQCRCTK,0.32174417,0.32174417,8,16000,793
EMQSIFHRPIQTKHTHKSGRLHSMWPLGAPYRFEQYPDIKHARFEGMDTHNEVNASNKEAQCRCTK,0.32148317,0.32148317,8,16000,793
EMQSIFHRPIPTKHTHKSGRLHSMWPLGAPNRFEQYPNIKVARFDGMDTHNEVNFSNKECQCRCTK,0.32139638,0.32139635,8,16000,793
EMQFHFHRPISNKHTLKTGHLHSDWILKAPGRFNQYPERKLARFEGMDTHNNVTWSNKPFQERCTK,0.321379,0.321379,8,16000,793
EMQSIFHRPINTKHTHKSGRRHSMWPLGAPYRFEQYPHIKSARFVGMDTHNEVNGSNKETQCRCTK,0.32087108,0.32087108,8,16000,793
EMQSIFHRPIPTKHTHKSGRQHSMWPLGAPERFEQYPWIKAARFWGMDTHNEVNNSNKEPQCRCTK,0.31879333,0.31879333,8,16000,793
EMQSIFHRPIRTKHTHKSGRLHSMWPLGAPYRFEQYPTIKTARFDGMDTHNEVNRSNKEFQCRCTK,0.31653997,0.31653997,8,16000,793
EMQLHFHRPISNKHTLKPGHLHSDWILKAPYRFNQYPEWKLARFRGMDTHNAVTWSNEPYQERCTK,0.31647205,0.31647205,8,16000,793
EMQHHFHRPISNKHTLKMGHLHSDWILKAPGRFNQYPEWKLARFYGMDTHNAVTWSNEPDQERCTK,0.31617048,0.31617048,8,16000,793
EMQSIFHRPIHTKHTHKSGRQHSMWPLGAPYRFEQYPMIKIARFGGMDTHNEVNDSNKEYQCRCTK,0.31483844,0.31483844,8,16000,793
EMQMHFHRPISNKHTLKPGHLHSDWILKAPSRFNQYPEYKLARFNGMDTHNVVTWSNKPHQERCTK,0.31261474,0.31261474,8,16000,793
EMQLHFHRPISNKHTLKSGHLHSDWILKAPYRFNQYPECKLARFNGMDTHNRVTWSNKPPQERCTK,0.31235337,0.31235337,8,16000,793
EMQSIFHRPIDTKHTHKSGRLHSMWPLGAPHRFEQYPYIKDARFVGMDTHNEVNSSNKEHQCRCTK,0.31141683,0.31141683,8,16000,793
EMQGHFHRPISNKHTLKSGHLHSDWILKAPGRFNQYPEEKLARFSGMDTHNTVTWSNKPKQERCTK,0.31113648,0.31113648,8,16000,793
EMQSIFHRPIHTKHTHKSGRLHSMWPLGAPYRFEQYPNIKCARFQGMDTHNEVNQSNKPIQCRCTK,0.31104395,0.31104395,8,16000,793
EMQRHFHRPISNKHTLKSGHLHSDWILKAPYRFNQYPESKLARFPGMDTHNIVTWSNKPCQERCTK,0.30624083,0.30624083,8,16000,793
EMQSIFHRPIRTKHTHKSGREHSMVPLGAPYRFEQYPWIKPARFMGMDTHNEVNASNKECQCRCTK,0.30624065,0.30624065,8,16000,793
EMQLHFHRPISNKHTLKSGHLHSDWILKAPGRFNQYPEKKLARFQGMDTHNLVTWSNEPYQERCTK,0.3060567,0.3060567,8,16000,793
EMQIHFHRPISNKHTLKSGHLHSDWILKAPGRFNQYPELKLARFPGMDTHNSVTWSNEPEQERCTK,0.3041049,0.3041049,8,16000,793
EMQKHFHRPISNKHTLKSGHLHSDWILKAPGRFNGYPEHKLARFFGMDTHNMVTWSNEPDQERCTK,0.30310658,0.30310658,8,16000,793
EMQSIFHRPICTKHTHKSGREHSMWPLGAPYRFEQYPNIKAARFHGMDTHNEVNYSNEPNQCRCTK,0.3030003,0.3030003,8,16000,793
EMQSIFHRPIHTKHTHKSGRLHSMWPLGAPYRFEQYPNIKWARFYGMDTHNEVNMSNEECQCRCTK,0.30299017,0.30299017,8,16000,793
EMQSIFHRPIKTKHTHKSGRLHSMWPLGAPYRFEQYPKIKNARFTGMDTHNEVNASNKEYQCRCTK,0.30107114,0.30107114,8,16000,793
EMQEHFHRPISNKHTLKDGHLHSDWILKAPGRFNQYPEVKLARFDGMDTHNQVTWSNKPMQERCTK,0.29638037,0.29638037,8,16000,793
EMQMHFHRPISNKHTLKSGHLHSDWILKAPYRFNQYPECKLARFPGMDTHNAVTQSNEPDQERCTK,0.29528704,0.29528704,8,16000,793
EMQSIFHRPIQTKHTHKSGRLHSMWPLGAPYRFEQYPKIKEARFGGMDTHNEVNTSNKEWQCRCTK,0.29403806,0.29403806,8,16000,793
EMQSIFHRPIQTKHTHKSGRLHSMWPLGAPYRFEQYPKIKHARFGGMDTHNEVNPSNKEYQCRCTK,0.29305896,0.29305896,8,16000,793
EMQSIFHRPISTKHTHKSGRDHSMWPLGAPYRFEQYPMIKTARFWGMDTHNEVNRSNEEPQCRCTK,0.29234132,0.29234132,8,16000,793
EMQKHFHRPISNKHTLKSGHLHSDWILKAPGRFNQYPEEKLARFNGMDTHNIVTWSNKPKQERCTK,0.29223925,0.29223928,8,16000,793
EMQYHFHRPISNKHTLKVGHLHSDWILKAPYRFNQYPELKLARFPGMKTHNEVTWSNKPFQERCTK,0.29132617,0.29132617,8,16000,793
EMQCHFHRPISNKHTLKQGHRHSDWILKAPGRFNQYPECKLARFVGMDTHNNVTWSNEPYQERCTK,0.2897542,0.2897542,8,16000,793
EMQEHFHRPISNKHTLKSGHLHSDWILKAPVRFNQYPEQKLARFPGMDTHNYVTWSNKPGQERCTK,0.28850576,0.28850576,8,16000,793
EMQNHFHRPISNKHTLKSGHLHSDWILKAPSRFNQYPEHKLARFTGMKTHNFVTWSNEPFQERCTK,0.28803518,0.28803518,8,16000,793
EMQEHFHRPISNKHTLKFGHLHSDWILKAPGRFNQYPEIKLARFTGMDTHNGVTWSNKPFQERCTK,0.2877103,0.2877103,8,16000,793
EMQGHFHRPISNKHTLKSGHLHSDWILKAPYRFNQYPEYKLARFDGMDTHNYVTWSNEPAQERCTK,0.28720388,0.28720388,8,16000,793
EMQCHFHRPISNKHTLKLGHLHSDWILKAPGRFNQYPEWKLARFPGMDTHNRVTWSNKPYQERCTK,0.28670818,0.28670818,8,16000,793
GGYYNEITPESNHNQLYHGIAQGMVPWAKPKNKNPNYGMKAENWNVMKEHEEDQLEEEYYNTPFHR,0.2811972,0.2811972,8,16000,793
EMQIHFHRPISNKHTLKPGHLHSDWILKAPYRFNQYPECKLARFPGMDTHNRVTWSNKPEQERCTK,0.28100055,0.28100055,8,16000,793
EMQSHFHRPISNKHTLKSGHLHSDWILKAPGRFNQYPEIKLARFHGMDTHNYVTWSNKPSQERCTK,0.28080836,0.28080836,8,16000,793
PVQHQFIRPIHTKHRHEGHGKHNMWELGYPQRGYQTLYKKCANFPGMDCHNEVANSDEPTQCMFIK,0.28026694,0.28026694,8,16000,793
EMQSIFHRPINTKHTHKSGRLHSMWPLGAPYRFEQYPSIKYARFKGMDTHNEVNLSNKEHQCRCTK,0.27997336,0.27997336,8,16000,793
EMQHHFHRPISNKHTLKSGHLHSDWILKAPGRFNQYPECKLARFVGMDTHNSVTWSNEPRQERCTK,0.27951512,0.27951512,8,16000,793
GGEYNEITPESNHNQLYHGIAQGMVPWAKPKNNNPNYGMKAENWQVMKEHEEDQLEEEYYNTPFQL,0.2789864,0.2789864,8,16000,793
EMQNHFHRPISNKHTLKSGHLHSDWILKAPGRFNQYPEWKLARFHGMDTHNIVTWSNEPEQERCTK,0.27829176,0.27829176,8,16000,793
EMQYHFHRPISNKHTLKSGHLHSDWILKAPGRFNQYPEIKLARFNGMDTHNMVTWSNKPYQERCTK,0.277199,0.277199,8,16000,793
EMQSIFHRPIHTKHTHKSGRNHSMWPLGAPYRFEQYPAIKEARFLGMDTHNEVNYSNKESQCRCTK,0.27632678,0.27632678,8,16000,793
ILRMYEFCNISSNFLHHGQRFHKDAKGDKERPGTIHYPTENSTPWGNPTNQIAMNYHENDRTEKGQ,0.29336587,0.29336587,9,18000,892
ILRMYEFCNISSNFLHHAQRFHKDAKYDKERPGTIHYPTDEVTPWGNRTNQIAMNYHENDRTEKGQ,0.22753748,0.22753748,9,18000,892
VCRYIEMFHNHNDENKWSMAPQNMMPLSNERNKHMPWGPQITKNPCHDWGTIEGLAEYEYRPDNSM,0.21427348,0.21427348,9,18000,892
VCRYIEMFHNHNDEDKWSMAPQNMMKLSNERNKHMPWGPQITKNPCHDWGTIEGLAEYEYRPSNSM,0.21121015,0.21121015,9,18000,892
ILRMYEFCNISSNFLHHAQRFHKDAKTGKERPGTIHYPTDWSTPCGNVTNQIAMNYHENDRTEKGQ,0.21044096,0.21044096,9,18000,892
VCRYIEMFHNHNDEQKWSMAPQNMMELSNERNKHMPWGPQITENPCHDWGTIEGLAEYEYRPSNSM,0.20115605,0.20115605,9,18000,892
ILRMYEFCNISSNFLHHAQRFHKDAKYDKERPGTIHYPTEQSTPWGNVTNQIAMNYHENDRTEKGQ,0.19075684,0.19075684,9,18000,892
ILRMYEFCNISSNFLHHACRQHKDAKYDKERPGTIHYPTSESTPWGNITNQIAMNYHENDRTEKGQ,0.19072056,0.19072057,9,18000,892
WCQRNEAKHDHNDENKKSWAFQNMVLLGKPRNDNAPPKEQHHKKHGQVWETIFQLAFYDNNKDKWG,0.1827635,0.1827635,9,18000,892
ILRMYEFCNISSNGLHHACRFHKDAKGDKERPGTIHYPTNQSTPWGNVTNQIAMNYHENDRTEKGQ,0.18076296,0.18076296,9,18000,892
ILRMYEFCNISSNFLHHAQRFHKDAKFDKERPNTIHYPTYFSTPFGNNTNQIAMNYHENDRTEKGQ,0.18075387,0.18075387,9,18000,892
IRQEMPVHNNRCDFFDYGPAKGIYGSLGGGRAFGRHSNECLHPCCGNCDNESAMCLNTRDCPEPCS,0.1789428,0.1789428,9,18000,892
VCMYIEMFHNHNDEDKWSMAPQNMMELSNERNKHMPWGPQITKNPCHDWGTIEGLAEYEYRPDNSM,0.17890517,0.17890517,9,18000,892
IGHFSPNHFLSNDMTKYSQGAHIYVKLGGGRAFGEHSCEGLIDDDGDRTEEDADDENDEFCKTQNR,0.17688674,0.17688674,9,18000,892
ILRMYEFCNISSNFLVHAQRDHKDAKYDKGRPGTIHYPTFDSTPWGNSTNQIAMNYHENDRTEKGQ,0.1749389,0.1749389,9,18000,892
WCPRNEFKHDHNDEQKKSWARQNMVLLGKFRNDWAPPNEQHHKKHGQVWETIFQLAFYDNNKEIWG,0.1749138,0.1749138,9,18000,892
VCRYIEMFHNHNDEHKWSMAPQNMMELSNERNKHMPWGPQITGNPCHDWGTIEGLANYENRPSNSM,0.17242284,0.17242284,9,18000,892
VCRYIEMFHNHNDERKWSMAPQNMMMLSNERNKHMPWGPQITQNPCHDWGTIEGLAEYEYRPSNSM,0.17179473,0.17179473,9,18000,892
WCGRNEAKHDHNDEHKKSWAEQNVVLLGKCRNKNAPPNEQHHEKHGQVWGTIFQLAFYDNNKHWWG,0.17144929,0.17144929,9,18000,892
VCRYIEMFHNHNDEEKWSMAPQNMMELSNERNKHMPWGPQITGNPCHDWGTIEGLAEYEYRPSNSM,0.16910578,0.16910578,9,18000,892
ILRMYEFCNISSNFLLHACRYHKDAKYGKERPGTIHYPTKGSTPWGNETNQIAMNYHENDRTEKGQ,0.16849847,0.16849847,9,18000,892
VCRYIEMFHNHNDEGKWSMAPQNMMMLSNERNKHMPWGPQITQNPCHDWGTIEGLAEYEYRPSNSM,0.16650487,0.16650486,9,18000,892
VCRYIEMFHNHNDENKWSMAPQNMMELSNERNKHMPWGPQITGNPCHDWGTIEGLAEYEYRPSNSM,0.1648235,0.1648235,9,18000,892
VCRYIEMFHNHNDESKWSMAPQNMMELSNERNKHMPWGPQITANPCHDWGTIEGLAEYEYRPNNSM,0.16205312,0.16205312,9,18000,892
ILRMYEFCNISSNFLQHAQRGHKDAKYDKERPGTIHYPTQHVTPWGNVTNQIAMNYHENDRTEKGQ,0.16158274,0.16158274,9,18000,892
VCRYIEMFHNHNDERKWSMAPQNMMELSNERNKHMPWGPQITSNPCHDWGTIEGLAEYEYRPSNSM,0.16135344,0.16135344,9,18000,892
VCRYIEMFHNHNDEQKWSMAPQNMMKLSNERNKHMPWGPQITKKPCHDWGTIEGLANYEYRPGNSM,0.15955941,0.15955941,9,18000,892
ILRMYEFCNISSNFLHHYQRPHKDAKYDKERPGTIHYPTIFSTPWGNLTNQIAMNYHENDRTEKGQ,0.15818673,0.15818673,9,18000,892
VCRYIEMFHNHNDEQKWSMAPQNMMELSNERNKHMPWGPQITMNPCHDWGTIEGLANYEYRPPNSM,0.15806243,0.15806243,9,18000,892
WCPRNEAKHDHNDEDKKSWASQNVVLLGKVRNSDAPPNEQHHNKHGQVWKTIFQLAFYDNNKRPWG,0.15742189,0.15742189,9,18000,892
ILRMYEFCNISSNFLYHAQRDHKDAKYDKERPGTIHYPTVHSTPWGNVTNQIAMNYHENDRTEKGQ,0.15630317,0.15630317,9,18000,892
VCRYIEMFHNHNDENKWSMAPQNMMELSNERNKHMPWGPQITGKPCHDWGTIEGLAEYEYRPDNSM,0.15553121,0.15553121,9,18000,892
VCRYIEMFHNHNDEGKWSMAPQNMMMLSNERNKHMPWGPQITTNPCHDWGTIEGLANYEYRPQNSM,0.15513377,0.15513377,9,18000,892
VCRYIEMFHNHNDERKWSMAPQNMMKLSNERNKHMPWGPQITMNPCHDWGTIEGLAEYEYRPSNSM,0.15448268,0.15448268,9,18000,892
ILRMYEFCNISSNFLHHTQRFHKDAKYGKERPGTIHYPTNVSTPWGNFTNQIAMNYHENDRTEKGQ,0.15426818,0.15426818,9,18000,892
ILRMYEFCNISSNFLFHACRCHKDAKTDKERPHTIHYPTSWSTPWGNVTNQIAMNYHENDRTEKGQ,0.15318999,0.15318999,9,18000,892
VCRYIEMFHNHNDETKWSQAPQNMMELSNERNKHMPWGPQITVNPCHDWGTIEGLAEYEYRPSNSM,0.15257233,0.15257233,9,18000,892
VCRYIEMFHNHNDESKWSPAPQNMMELSNERNKHMPWGPQITQKPCHDWGTIEGLAEYEYRPYNSM,0.15065986,0.15065986,9,18000,892
VCRYIEMFHNHNDEKKWSMAPQNMMELSNERNKHMPWGPQITKNPCHDWGTIEGLAEYEYRPANSM,0.15003376,0.15003376,9,18000,892
IGGISPNHFLSNDMTKYYQGAHIYVKLYGGRAFGHHSCMGLIQDDGDKTEEDADDENDEFCSEQNR,0.14967783,0.14967783,9,18000,892
ILRMYEFCNISSEFLHHACRGHKDAKYGKERPSTIHYPTTRVTPWGNQTNQIAMNYHENDRTEKGQ,0.14918141,0.14918141,9,18000,892
VCRYIEMFHNHNDECKWSMAPQNMMELSNERNKHMPWGPQITDNPCHDWGTIEGLANYEYRPKNSM,0.14915618,0.14915618,9,18000,892
VCRYIEMFHNHNDEDKWSMAPQNMMELSNERNKHMPWGPQITQNPCHDWGTIEGLAEYEYRPFNSM,0.14901894,0.14901894,9,18000,892
ILRMYEFCNISSNFLHHACRFHKDAKYDKERPGTIHYPTKNSTPWGNVTNQIAMNYHENDRTEKGQ,0.14841248,0.14841248,9,18000,892
IARYPPCFNNSMHQKQKSQRPVIDIMMSNEVAVCKAWPKQSMKQMIHNDVEQADYDQWNQNPTQSC,0.1463866,0.1463866,9,18000,892
WCRRNEAKHDHNDEDKKSWAMQNMVLLGKHRNKSAPPNEQHHKKHGQVWATIFQLAFYDNNKRDWG,0.14580338,0.14580338,9,18000,892
VCRYIEMFHNHNDEPKWSMAPQNMMMLSNERNKHMPWGPQITYNPCHDWGTIEGLAEYEYRPSNSM,0.1453092,0.1453092,9,18000,892
ILRMYEFCNISSDFLDHACRFHKDAKTDKERPGTIHYPTDNSTPCGNVTNQIAMNYHENDRTEKGQ,0.1430411,0.1430411,9,18000,892
VCRYIEMFHNHNDEKKWSMAPQNMMKLSNERNKHMPWGPQITLNPCHDWGTIEGLANYEYRPSNSM,0.14294077,0.14294077,9,18000,892
ILRMYEFCNISSNFLHHACRFHKDAKTDKERPGTIHYPTGYSTPWGNVTNQIAMNYHENDRTEKGQ,0.14244583,0.14244583,9,18000,892
IADYPPCFNNSLHPKQNSQRPVIDIMMSNEVAVCKGWPKQNMKQMIHNGVEDADYDQRNQNPTQSC,0.14176801,0.14176801,9,18000,892
VCRYIEMFHNHNDEVKWSMANQNMMELSNERNKHMPWGPQITRNPCHDWGTIEGLAGYEYRPQNSM,0.14144737,0.14144737,9,18000,892
EGNYTPMCPLSNDIKKYGCGVNYYVSLGGGRAGGIHSPENCHDQMGHKTEEIAMCDNLCLCWPNNK,0.14053646,0.14053646,9,18000,892
ILRMYEFCNISSNFLDHAQRLHKDAKGDKERPGTIHYPTVHSTPWGNVTNQIAMNYHENDRTEKGQ,0.13942319,0.13942319,9,18000,892
ILRMYEFCNISSNFLTHAQRKHKDAKYGKERPGTIHYPTSTVTPFGNVTNQIAMNYHENDRTEKGQ,0.13940176,0.13940176,9,18000,892
IGQWSPNHFLSNDMTKYHQGAHIYVKLYGGRAFGSHSCMYLIDDDGDHTEEDADDENDEFCQKQNR,0.13898613,0.13898613,9,18000,892
WCYRNEWKHDHNDEPKKSWAQQNMVLLGKDRNPSAPPNEQHHWKHGQVWGTIFQLAFYDNNKKDWG,0.13885164,0.13885164,9,18000,892
VCRYIEMFHNHNDEMKWSMAPQNMMVLSNERNKHMPWGPQITQNPCHDWGTIEGLAEYEYRPPNSM,0.13792656,0.13792656,9,18000,892
ILRMYEFCNISSNFLHHAQRFHKDAKYDGERPNTIHYPTADVTPWGNVTNQIAMNYHENDRTEKGQ,0.1377595,0.1377595,9,18000,892
IGCKSPNHFLSNDMTKYTQGAHIYVKLGGGRAFGDHSYKGLIDDDGDQTEEDADDENDEFCDTQNR,0.13701783,0.13701783,9,18000,892
VCRYIEMFHNHNDEMKWSMAPQNMMMLSNERNKHMPWGPQITPNPCHDWGTIEGLAEYEYRPSNSM,0.13648115,0.13648115,9,18000,892
WCKRNEAKHDHNDENKKSWAKQNVVLLGKPRNGQAPPNEQHHHKHGQVWGTIFQLAFYDNNKKLWG,0.13647687,0.13647687,9,18000,892
ILRMYEFCNISSNFLHHACRFHKDAKQGKERPWTIHYPTHSSTPWGNVTNQIAMNYHENDRTEKGQ,0.13544592,0.13544592,9,18000,892
ILRMYEFCNISSNFLMHACRKHKDAKTDKERPGTIHYPTDYVTPFGNVTNQIAMNYHENDRTEKGQ,0.13515662,0.13515662,9,18000,892
WCMRNEAKHDHNDESKKSWADQNMVLLGKYRNNSAPPKEQHHDKHGQVWETIFQLAFYDNNKWGWG,0.13499631,0.13499631,9,18000,892
IAQYPPCFNNSLHRKQNSQRPVIDIMMSNEVAVCKGWPKQMMTQMIHNDVESADYDQYNQNPTQSC,0.13378707,0.13378707,9,18000,892
VCRYIEMFHNHNDEKKWSMAPQNMMMLSNERNKHMPWGPQITMNPCHDWGTIEGLAHYEYRPQNSM,0.133465,0.133465,9,18000,892
VCRYIEMFHNHNDEIKWSMAPQNMMELSNERNKHMPWGPQITDNPCHDWGTIEGLAEYEYRPNNSM,0.13326904,0.13326904,9,18000,892
ILRMYEFCNISSNFLHHACRFHKDAKYDKERPGTIHYPTGHSTPWGNVTNQIAMNYHENDRTEKGQ,0.13277206,0.13277206,9,18000,892
VCRYIEMFHNHNDERKWSMAPQNMMELSNERNKHMPWGPQITWNPCHDWGTIEGLANYEYRPGNSM,0.13209933,0.13209933,9,18000,892
ILRMYEFCNISSNFLHHAQRFHKDAKYDKERPRTIHYPTWFSTPWGNVTNQIAMNYHENDRTEKGQ,0.13113469,0.13113469,9,18000,892
IAEYPPCFNNSSHNKQNSQAPVIDIMMSNEVAVCKPWPKQTMRQMIHNDVEWADYDQYNWNPTQSC,0.12991701,0.12991701,9,18000,892
ILRMYEFCNISSEFLHHACRAHKDAKYDGERPGTIHYPTEFSTPWGNVTNQIAMNYHENDRTEKGQ,0.12977107,0.12977107,9,18000,892
IGHMSPNHFLSNDMTKYKQGAHIYVKLGGGRAFYVHSCMGLIDDDGDSTEEDVDDENDEFCQQQNR,0.12974885,0.12974885,9,18000,892
ILRMYEFCNISSNFLQHACRKHKDAKYGKERPGTIHYPTAVSTPWGNVTNQIAMNYHENDRTEKGQ,0.12899297,0.12899297,9,18000,892
VCRYIEMFHNHNDESKWSMAPQNMMMLSNERNKHMPWGPQITVNPCHDWGTIEGLANYEYRPSNSM,0.12823823,0.12823823,9,18000,892
VCRYIEMFHNHNDEFKWSMAPQNMMELSNERNKHMPWGPQITHNPCHDWGTIEGLANYEYRPDNSM,0.12788224,0.12788224,9,18000,892
WLPYNEPFHNHNDQRKNSQAPQIVTSYSNPGNKHMPNGEQITDMHCQVWITIDTLPHYAYRFGNSS,0.12735124,0.12735124,9,18000,892
VCRYIEMFHNHNDEHKWSMAPQNMMELSNERNKHMPWGPQITQLPCHDWGTIEGLAEYEYRPENSM,0.12668517,0.12668517,9,18000,892
ILRMYEFCNISSNFLHHACRFHKDAKTDKERPGTIHYPTRFSTPWGNVTNQIAMNYHENDRTEKGQ,0.12622678,0.12622678,9,18000,892
VCRYIEMFHNHNDERKWSMAPQNMMELSNERNKHMPWGPQITINPCHDWGTIEGLANYEYRPSNSM,0.12603453,0.12603453,9,18000,892
WCHYNESFHNHNDQRKNSQAPQIVTSYSNPGNKHMPNGEQITEMHCQVWITIDTLPHYAYRFHNSS,0.12579621,0.12579621,9,18000,892
WCPRNEAKHDHNDEFKKSWADQNVVLLGKQRNDLAPPKEQHHKKHGQVWETIFQLAFYDNNKEKWG,0.12500608,0.12500608,9,18000,892
ILRMYEFCNISSNFLHHACRFHKDAKYDKERPGTIHYPTDFSTPWGNVTNQIAMNYHENDRTEKGQ,0.124626815,0.124626815,9,18000,892
VCRYIEMFHNHNDEWKWSMAPQNMMELSNERNKHMPWGPQITDTPCHDWGTIEGLAEYEYRPHNSM,0.123806916,0.123806916,9,18000,892
IGMESPNHFLSNDMTKYLQGAHIYVKLYGGRAFYQHSYKGLIDDDGDETEEDADDENDEFCTDQNR,0.12270953,0.12270953,9,18000,892
VCRYIEMFHNHNDECKWSMAPQNMMELSNERNKHMPWGPQITSNPCHDWGTIEGLAEYEYRPHNSM,0.12268096,0.12268096,9,18000,892
ILRMYEFCNISSNFLHHACRFHKDAKYDKERPGTIHYPTAYSTPWGNVTNQIAMNYHENDRTEKGQ,0.1225342,0.1225342,9,18000,892
ILRMYEFCNISSNFLHHACRFHKDAKYDKERPGTIHYPTQFSTPWGNVTNQIAMNYHENDRTEKGQ,0.12244421,0.12244421,9,18000,892
ILRMYEFCNISSNFLAHACRKHKDAKYGKERPATIHYPTIWSTPWGNVTNQIAMNYHENDRTEKGQ,0.12234242,0.12234242,9,18000,892
VCRYIEMFHNHNDEPKWSMAPQNMMELSNERNKHMPWGPQITSNPCHDWGTIEGLAEYEYRPLNSM,0.12158942,0.12158942,9,18000,892
IGILSPNHFLSNDMTKYGQGAHIYVKLGGGRAFGVHSYEYLIDDDGDSTEEDVDDENDEFCRSQNR,0.12138319,0.12138319,9,18000,892
IGHSSPNHFLSNDMTKYWQGAHIYVKLGGGRAFIFHSCKGLIDDDGDMTEEDADDENDEFCNTQNR,0.12135925,0.12135925,9,18000,892
VCRYIEMFHNHNDEEKWSMAPQNMMELSNERNKHMPWGPQITVSPCHDWGTIEGLAEYEYRPSNSM,0.12086809,0.12086809,9,18000,892
WCKRNEEKHDHNDETKKSWASQNVVLLGKSRNEEAPPNEQHHTKHGQVWETIFQLAFYDNNKETWG,0.120245844,0.120245844,9,18000,892
WCQRNEAKHDHNDEPKKSWADQNVVLLGKRRNCHAPPNEQHHKKHGQVWYTIFQLAFYDNNKMGWG,0.120235175,0.120235175,9,18000,892
VCRYIEMFHNHNDEFKWSMAPQNMMKLSNERNKHMPWGPQITEKPCHDWGTIEGLAEYEYRPSNSM,0.119896285,0.119896285,9,18000,892
VCRYIEMFHNHNDEKKWSMAPQNMMELSNERNKHMPWGPQITAKPCHDWGTIEGLAEYEYRPKNSM,0.11950072,0.11950072,9,18000,892
VCRYIEMFHNHNDENKWSMAPQNMMWLSNERNKHMPWGPQITVNPCHDWGTIEGLAEYEYRPWNSM,0.11926633,0.11926633,9,18000,892
IGNSTFFLWSSLDHKSNFNRFCMDDPFQHNRKGNAYHWKAYDDPCWDKGHEIYQDINYNTCWMIGS,0.42084825,0.42084825,10,20000,991
IGNSTFFLWSSLDHKSHFNRFCMDDPFQHTRKGNAYHWSAIDDPCWQQDHEIYQDINYNTCWMIGS,0.41460347,0.41460347,10,20000,991
IGNPTEFLWSSLDHKSHFNRHCMDDPFQHRRKGNGYHPKADDDPCWHQGHEIYQDINYNTCWWIGS,0.38060486,0.38060486,10,20000,991
IGNHTFFLHSSLDHKNHFNRFCMDDPFQHARKGNAYHPKAIDDPCWHKGHEIYQDINYNTCWMIGS,0.36657098,0.36657098,10,20000,991
IGNSTFFLWSSLDHKENFNRFCMDDPFQHKRKGNAYHWKAIDDPCWEVGHEIYQDINYNTCWMIGS,0.36596942,0.36596942,10,20000,991
IGNSTFFLWSSHDHKSMFNRFCMDDPFQHRRKGNAYHWKAMDDPCWKKEHEIYQDINYNTCWMIGS,0.35881954,0.35881954,10,20000,991
IGNRTFFLWSSLDHKHHFNRFCMDDPFQHERKGNAYHWKADDDPCWDKGHEIYQDINYNTCWRIGS,0.34869352,0.34869352,10,20000,991
IGNHTFFLWSSLDHKHHFNRFCMDDPFQHSRKGNGYHWKATDDPCWDAGHEIYQDINYNTCWPIGS,0.33649123,0.33649123,10,20000,991
IGNHTFFLWSSLDHKNNFNRFCMDDPFQHQRKGNGYHWHADDDPCWDKDHEIYQDINYNTCWMIGS,0.3191936,0.3191936,10,20000,991
IGNHTFFLWSSLDHKLHFNRFCMDDPFQHYRKGNGYHWKAIDDPCWDVGHEIYQDINYNTCWKIGS,0.31428578,0.31428578,10,20000,991
IGNHTFFLWSSLDHKFNFNRFCMDDPFQHDRKGNAYHWKAWDDPCWDVDHEIYQDINYNTCWMIGS,0.3125863,0.3125863,10,20000,991
IGNSTEFLWSSLDHKSNFNRFCMDDPFQHSRKGNAYHWKAIDDPCWHVDHEIYQDINYNTCWMIGS,0.293455,0.293455,10,20000,991
ILPRIPGFMLTSDEDSWNYASQSYIKLSNERCYPAPIHPQDMEQPCHMWGMIGRYPRCENRPTTQS,0.26933908,0.26933908,10,20000,991
IGNSTFFLWSSLDHKNDFNRFCMDDPFQHSRKGNGYHWKADDDPCWAKGHEIYQDINYNTCWEIGS,0.26876503,0.26876503,10,20000,991
IGNSTFFLWSSLDHKSHFNRFCMDDPFQHSRKGNGYHWKADDDPCWDSDHEIYQDINYNTCWLIGS,0.26279315,0.26279315,10,20000,991
IGNHTFFLWSSLDHKNHFNRFCMDDPFQHCRKGNAYHPKAIDDPCWHKGHEIYQDINYNTCWLIGS,0.25636816,0.25636816,10,20000,991
IGNHTFFLWSSLDHKSHFNRFCMDDPFQHARKGNGYHWYAIDDPCWHVGHEIYQDINYNTCWMIGS,0.25363442,0.25363442,10,20000,991
IGNHTFFLWSSLDHKHNFNRFCMDDPFQHNRKGNGYHWKADDDPCWRVDHEIYQDINYNTCWMIGS,0.23958668,0.23958668,10,20000,991
IGNSTEFLWSSLDHKNHFNRFCMDDPFQHGRKGNAYHPKADDDPCWEKGHEIYQDINYNTCWMIGS,0.23702054,0.23702054,10,20000,991
IGNHTKFLWSSLDHKRHFNRFCMDDPFQHSRKGNAYHWKADDDPCWHKGHEIYQDINYNTCWMIGS,0.2345644,0.2345644,10,20000,991
IGNSTFFLWSSLDHKNDFNRFCMDDPFQHDRKGNAYHPKADDDPCWHQDHEIYQDINYNTCWMIGS,0.23402044,0.23402044,10,20000,991
IGNSTFFLWSSLDHKHHFNRVCMDDPFQHERKGNAYHWKADDDPCWLKEHEIYQDINYNTCWPIGS,0.23300801,0.23300801,10,20000,991
IGNSTFFLWSSLDHKSMFNRVCMDDPFQHDRKGNAYHWKAVDDPCWMAGHEIYQDINYNTCWMIGS,0.23105907,0.23105907,10,20000,991
IGNSTFFLWSSLDHKCHFNRFCMDDPFQHSRKGNAYHWKADDDPCWDKGHEIYQDINYNTCWMIGS,0.22850628,0.22850628,10,20000,991
IGNSTFFLWSSLDHKHMFNRFCMDDPFQHERKGNGYHWKADDDPCWDMDHEIYQDINYNTCWMIGS,0.21899068,0.21899068,10,20000,991
IGNSTFFLWSSLDHKHWFNRFCMDDPFQHYRKGNGYHPKADDDPCWDKGHEIYQDINYNTCWPIGS,0.21761936,0.21761936,10,20000,991
IGNWTFFLWSSHDHKSQFNRFCMDDPFQHARKGNAYHWKADDDPCWHKEHEIYQDINYNTCWRIGS,0.21525571,0.21525571,10,20000,991
IGNSTFFLWSSLDHKCFFNRFCMDDPFQHERKGNAYHPKATDDPCWDQGHEIYQDINYNTCWMIGS,0.21230188,0.21230188,10,20000,991
IGNSTEFLWSSLDHKNHFNRFCMDDPFQHRRKGNAYHWKADDDPCWDVEHEIYQDINYNTCWMIGS,0.2122428,0.2122428,10,20000,991
ILPRIPDFQLTSDEESWNWAYQTYIKLSNERCCHAPIHPQDMFQPCHMWGMIGRYPRCENRPTTQS,0.20842928,0.20842928,10,20000,991
IGNHTFFLWSSLDHKAHFNRFCMDDPFQHSRKGNAYHPKAHDDPCWDVEHEIYQDINYNTCWMIGS,0.2074063,0.2074063,10,20000,991
IGNSTFFLWSSHDHKNHFNRFCMDDPFQHTRKGNGYHPKADDDPCWWKGHEIYQDINYNTCWPIGS,0.20411132,0.20411132,10,20000,991
IGNGTFFLWSSHDHKLHFNRFCMDDPFQHPRKGNAYHPKADDDPCWHKEHEIYQDINYNTCWPIGS,0.20325534,0.20325534,10,20000,991
IGNSTEFLWSSHDHKHHFNRFCMDDPFQHHRKGNAYHWRADDDPCWLKEHEIYQDINYNTCWMIGS,0.20299344,0.20299344,10,20000,991
IGNSTFFLWSSHDHKNMFNRFCMDDPFQHGRKGNAYHPKADDDPCWHQDHEIYQDINYNTCWPIGS,0.20262827,0.20262827,10,20000,991
IGNSTSFLWSSLDHKFHFNRVCMDDPFQHERKGNAYHWKAFVDPCWKVGHEIYQDINYNTCWMIGS,0.20000544,0.20000544,10,20000,991
IGNHTFFLWSSLDHKVHFNRFCMDDPFQHSRKGNAYHPKADDDPCWDKEHEIYQDINYNTCWMIGS,0.19539686,0.19539686,10,20000,991
IGNHTFFLWSSHDHKNNFNRFCMDDPFQHERKGNAYHWEADDDPCWWVEHEIYQDINYNTCWNIGS,0.19257066,0.19257066,10,20000,991
IGNSTFFLHSSLDHKSHFNRFCMDDPFQHSRKGNAYHWEADDDPCWHVGHEIYQDINYNTCWMIGS,0.19091128,0.19091128,10,20000,991
IGNSTFFLHSSLDHKSHFNRFCMDDPFQHRRKGNAYHPWADDDPCWHVDHEIYQDINYNTCWMIGS,0.1839329,0.1839329,10,20000,991
IGNSTFFLWSSLDHKSHFNRFCMDDPFQHCRKGNAYHWKADDDPCWKKDHEIYQDINYNTCWMIGS,0.18376896,0.18376896,10,20000,991
IGNSTFFLWSSLDHKGHFNRFCMDDPFQHKRKGNAYHPKADDDPCWHVEHEIYQDINYNTCWMIGS,0.18284552,0.18284552,10,20000,991
IGNHTFFLWSSLDHKWSFNRFCMDDPFQHHRKGNAYHPKATDDPCWDVEHEIYQDINYNTCWMIGS,0.1822991,0.1822991,10,20000,991
ILPRIPTFHLTSDEPSWNLADQYYIKLSNERCQVAPIHPQDMYQPCHMWGMIGRYPKCENRPTTQS,0.17801328,0.17801328,10,20000,991
IGNHTFFLWSSLDHKFHFNRFCMDDPFQHYRKGNAYHWKADDDPCWHKGHEIYQDINYNTCWMIGS,0.17545624,0.17545624,10,20000,991
IGNHTFFLWSSLDHKNHFNRFCMDDPFQHSRKGNAYHWKADDDPCWDVGHEIYQDINYNTCWMIGS,0.17060035,0.17060035,10,20000,991
ILPRIPMFILTSDEKSWNGAKQCYIKLSNERCCNAPIHPQDMYQQCHMWGEIGRYPHCENRPTTQS,0.16832797,0.16832797,10,20000,991
IGNHTFFLWSSLDHKFHFNRFCMDDPFQHSRKGNAYHWKAEDDPCWDFEHEIYQDINYNTCWMIGS,0.16822156,0.16822156,10,20000,991
IGNSTFFLWSSLDHKSHFNRFCMDDPFQHERKGNAYHWFANDDPCWGVGHEIYQDINYNTCWMIGS,0.16736494,0.16736494,10,20000,991
IGNHTFFLWSSLDHKSHFNRFCMDDPFQHSRKGNAYHPKADDDPCWWKGHEIYQDINYNTCWMIGS,0.16727795,0.16727795,10,20000,991
IGNSTFFLWSSLDHKNHFNRFCMDDPFQHSRKGNAYHWKADDDPCWDVGHEIYQDINYNTCWMIGS,0.16685496,0.16685496,10,20000,991
ILPRIPGFMLTSDEYSWNDAAQPYIKLSNERCNPAPIHPQDMMQKCHMWGMIGRYPHCENRPTTQS,0.16571666,0.16571666,10,20000,991
ILPRIPMFELTSDEESWNEACQTYIKLSNERCTDAPIHPQDMPQPCHMWGMIGRYPHCENRPTTQS,0.16569836,0.16569836,10,20000,991
IGNSTFFLWSSLDHKSHFNRFCMDDPFQHSRKGNAYHWKADDDPCWDVGHEIYQDINYNTCWMIGS,0.1653793,0.1653793,10,20000,991
ILPRIPRFGLTSDEASWNAARQWYIKLSNERCNKAPIHPQDMKQNCHMWGMIGRYPSCENRPTTQS,0.16484493,0.16484493,10,20000,991
IGNHTFFLWSSLDHKCHFNRFCMDDPFQHARKGNAYHWKADDDPCWHVGHEIYQDINYNTCWNIGS,0.16378114,0.16378114,10,20000,991
IGNHTFFLWSSLDHKHDFNRFCMDDPFQHERKGNAYHPKADDDPCWDVGHEIYQDINYNTCWMIGS,0.16329594,0.16329594,10,20000,991
IGNMTEFLWSSLDHKQHFNRFCMDDPFQHMRKGNAYHPKADDDPCWSKGHEIYQDINYNTCWPIGS,0.16316801,0.16316801,10,20000,991
IGNHTFFLWSSLDHKSHFNRFCMDDPFQHQRKGNAYHPKADDDPCWDVGHEIYQDINYNTCWMIGS,0.16196002,0.16196002,10,20000,991
IGNHTFFLWSSLDHKNHFNRFCMDDPFQHSRKGNAYHWKADDDPCWHVGHEIYQDINYNTCWMIGS,0.16105016,0.16105016,10,20000,991
ILPRIPDFVLTSDEESWNVAIQNYIKLSNERCKRAPIHPQDMEQQCHMWGMIGRYPACENRPTTQS,0.15967397,0.15967397,10,20000,991
IGNWTFFLWSSLDHKSHFNRFCMDDPFQHDRKGNGYHWKADDDPCWNVGHEIYQDINYNTCWMIGS,0.15889992,0.15889992,10,20000,991
ILPRIPSFKLTSDENSWNDAVQTYIKLSNERCIQAPIHPQDMQQPCHMWGMIGRYPYCENRPTTQS,0.15876515,0.15876515,10,20000,991
ICHEQMTRKKFSSHYIWNNKTYRYSPGSHPRCGQRCKGAWLMWPCQKKWETEEDCCNYENFWYIGK,0.15860176,0.15860176,10,20000,991
ILPRIPFFNLTSDEESWNGAYQPYIKLSNERCNLANIHPQDMFQPCHMWGMIGRYPGCENRPTTQS,0.15755203,0.15755203,10,20000,991
IGNSTFFLWSSLDHKNHFNRFCMDDPFQHSRKGNAYHWKADDDPCWHVGHEIYQDINYNTCWMIGS,0.1574746,0.1574746,10,20000,991
IGNHTEFLWSSLDHKGFFNRFCMDDPFQHRRKGNAYHWKADDDPCWDVGHEIYQDINYNTCWMIGS,0.15695505,0.15695505,10,20000,991
ILPRIPRFTLTSDEDSWNMATQSYIKLSNERCKVAPIHPQDMNQPCHMWGDIGRYPGCENRPTTQS,0.15655228,0.15655228,10,20000,991
IGNSTFFLWSSLDHKSHFNRFCMDDPFQHSRKGNAYHWKADDDPCWHVGHEIYQDINYNTCWMIGS,0.1561519,0.1561519,10,20000,991
IGNSTFFLWSSLDHKHHFNRFCMDDPFQHSRKGNAYHPKADDDPCWQVGHEIYQDINYNTCWMIGS,0.15282394,0.15282394,10,20000,991
IGPAPLCFILSLDMKTWNNRQVIYISTNNERLWQAKWWFGDMTQFYHMWGEIGRYANYNYRPCPSN,0.15094924,0.15094924,10,20000,991
IVPRTVTTHNTSDEKSWNHADRHQISLLQPRCKQAEIHPCDMLQPCHMWGEIGRYPRCENFPSTQC,0.15022863,0.15022863,10,20000,991
ILPRIPWFGLTSDETSWNEATQIYIKLSNERCPFAPIHPQDMGQPCHMWGMIGRYPQCENRPTTQS,0.15018938,0.15018938,10,20000,991
ILPRIPQTYLTSDEKSWNHAIQHYIKLSNERCNGAPIHPQDMAQHCHMWGMIGRYPYCENRPTTQS,0.14954995,0.14954995,10,20000,991
ILPRIPHFNLTSDENSWNLARQFYIKLSNERCNSAPIHPQDMAQSCHMWGMIGRYPTCENRPTTQS,0.14939238,0.14939238,10,20000,991
IGNSTFFLWSSLDHKNHFNRFCMDDPFQHSRKGNAYHPKADDDPCWDVGHEIYQDINYNTCWMIGS,0.1484628,0.1484628,10,20000,991
ILPRIPEFALTSDEDSWNGAGQQYIKLSNERCQYAPIHPQDMYQWCHMWGGIGRYPSCENRPTTQS,0.14841653,0.14841653,10,20000,991
ILPRIPQFDLTSDEASWNHAMQSYIKLSNERCQEAPIHPQDMPQHCHMWGMIGRYPHCENRPTTQS,0.14781503,0.14781503,10,20000,991
IGNPTFFLWSSLDHKSHFNRFCMDDPFQHDRKGNAYHPKADDDPCWWVDHEIYQDINYNTCWMIGS,0.14714994,0.14714994,10,20000,991
IGNHTFFLWSSHDHKEHFNRFCMDDPFQHCRKGNAYHWKAIDDPCWCVGHEIYQDINYNTCWMIGS,0.14645335,0.14645335,10,20000,991
ILPRIPVTKLTSDEKSWNEAMQMYIKLSNERCVTAPIHPQDMEQQCHMWGMIGRYPTCENRPTTQS,0.14638004,0.14638004,10,20000,991
ILPRIPPFELTSDEHSWNHARQNYIKLSNERCKKAPIHPQDMTQRCHMWGMIGRYPVCENRPTTQS,0.14625156,0.14625156,10,20000,991
IGNGTFFLWSSLDHKHHFNRFCMDDPFQHIRKGNAYHPKADDDPCWDKGHEIYQDINYNTCWMIGS,0.14550444,0.14550444,10,20000,991
IGNSTFFLWSSLDHKSHFNRFCMDDPFQHLRKGNAYHPKADDDPCWDKGHEIYQDINYNTCWMIGS,0.14510845,0.14510845,10,20000,991
IVPWTVTTHNTSDEKSWNHANRWQISLLMPRCKQAQIHPCDMQQPCHMWGEIGRYPSCENFPTTQC,0.14437082,0.14437082,10,20000,991
ILPRIPYFYLTSDEDSWNVASQLYIKLSNERCSDAPIHPQDMVQPCHMWGMIGRYPTCENRPTTQS,0.14405577,0.14405577,10,20000,991
IGNHTFFLWSSLDHKHCFNRFCMDDPFQHERKGNAYHPFADDDPCWFKGHEIYQDINYNTCWMIGS,0.14400345,0.14400345,10,20000,991
IGNSTFFLWSSLDHKHHFNRFCMDDPFQHARKGNAYHPKADDDPCWDVDHEIYQDINYNTCWMIGS,0.14391734,0.14391734,10,20000,991
IVPPTVPTHNTSDEKSWNHASRYQISLSKPRCKQAPIHPCDMHQPCHMWGNIGRYPMCENFPTTQC,0.1429166,0.1429166,10,20000,991
IGQMMPFNHSRFHHKQNMYRVCSDIMLSASRAGQGGSPYRCSDNWGNFDFEIVRDTQDCNLWEQQS,0.14244263,0.14244263,10,20000,991
ICGAQMTTDKFSSHGIWYDKSYRYLPCSHPRCWQEDKGSWLMWFYMTDWETHEDCCSYENFWYIGK,0.14233561,0.14233561,10,20000,991
IGNSTFFLWSSLDHKSHFNRFCMDDPFQHSRKGNAYHPMADDDPCWLKGHEIYQDINYNTCWMIGS,0.14188349,0.14188349,10,20000,991
IGNHTFFLWSSLDHKNHFNRFCMDDPFQHSRKGNAYHPKADDDPCWHVGHEIYQDINYNTCWMIGS,0.14113912,0.14113912,10,20000,991
IVPVTVGTHNTSDEKSWNHAKREQISLSPPRCKQAVIHPCDMQQPCHMWGEIGRYPTCENFPSTQC,0.140855,0.140855,10,20000,991
IGPAPLCFLLSLDMKNWNNRRVIYISTNNERLGQAGWWFSDMDQFYHMWGEIGRYANYNYRPCPSN,0.14080949,0.14080949,10,20000,991
ILPRIPMFNLTSDERSWNNANQHYIKLSNERCKSAPIHPQDMWQPCHMWGMIGRYPHCENRPTTQS,0.14068925,0.14068925,10,20000,991
IGNHTFFLWSSLDHKSHFNRFCMDDPFQHSRKGNAYHPKADDDPCWHVGHEIYQDINYNTCWMIGS,0.13993083,0.13993083,10,20000,991
IGNHTFFLWSSLDHKNFFNRFCMDDPFQHGRKGNAYHWKASDDPCWHVGHEIYQDINYNTCWMIGS,0.1395646,0.1395646,10,20000,991
IGNSTFFLWSSHDHKNSFNRFCMDDPFQHSRKGNAYHPKADDDPCWHVEHEIYQDINYNTCWMIGS,0.13915813,0.13915811,10,20000,991
